method,collocate,obs_local,p_value,record_id,unit_id,title,author,orig_sentence,counted_orig_segment,counted_segment_tokens,target_orig_char,target_orig_offset_in_record,target_simp_offset_in_unit,collocate_orig_text,collocate_orig_start_in_record,collocate_orig_end_in_record,collocate_simp_start_in_unit,collocate_simp_end_in_unit,token_distance,orig_sentence_contains_excluded_quote,note
window5,公干,4,0.0003554211022376297,weijin__caopi_wuzhi,weijin__caopi_wuzhi__part01,與吳質書（二月三日）,曹丕,公幹有逸氣，但未遒耳，至其五言詩，妙絕當時。,公幹有逸氣，但未遒耳，至其五言詩，妙絕當時。,公干 有逸 气 但 未 遒 耳 至 其 五言诗 妙绝 当时,氣,363,363,公幹,359,361,359,361,2,0,
window5,不可,4,0.0071029065626274646,weijin__caopi_lunwen,weijin__caopi_lunwen__part01,典論·論文,曹丕,氣之清濁有體，不可力強而致。,氣之清濁有體，不可力強而致。,气 之 清浊 有体 不可 力强 而致,氣,450,450,不可,457,459,457,459,4,0,
window5,孔融,3,0.0006846034742011842,weijin__caopi_lunwen,weijin__caopi_lunwen__part01,典論·論文,曹丕,孔融體氣高妙，有過人者；,孔融體氣高妙，有過人者；,孔融 体 气 高妙 有 过人 者,氣,327,327,孔融,324,326,324,326,2,0,
window5,高妙,2,0.0004316581094319523,weijin__caopi_lunwen,weijin__caopi_lunwen__part01,典論·論文,曹丕,孔融體氣高妙，有過人者；,孔融體氣高妙，有過人者；,孔融 体 气 高妙 有 过人 者,氣,327,327,高妙,328,330,328,330,1,0,
window5,文以,2,0.006125106767748911,weijin__caopi_lunwen,weijin__caopi_lunwen__part01,典論·論文,曹丕,文以氣為主；,文以氣為主；,文以 气 为主,氣,446,446,文以,444,446,444,446,1,0,
window5,为主,2,0.00414033921036161,weijin__caopi_lunwen,weijin__caopi_lunwen__part01,典論·論文,曹丕,文以氣為主；,文以氣為主；,文以 气 为主,氣,446,446,為主,447,449,447,449,1,0,
window5,清浊,2,0.011122062312616587,weijin__caopi_lunwen,weijin__caopi_lunwen__part01,典論·論文,曹丕,氣之清濁有體，不可力強而致。,氣之清濁有體，不可力強而致。,气 之 清浊 有体 不可 力强 而致,氣,450,450,清濁,452,454,452,454,2,0,
window5,有体,2,0.001277073654980174,weijin__caopi_lunwen,weijin__caopi_lunwen__part01,典論·論文,曹丕,氣之清濁有體，不可力強而致。,氣之清濁有體，不可力強而致。,气 之 清浊 有体 不可 力强 而致,氣,450,450,有體,454,456,454,456,3,0,
window5,力强,2,0.001277073654980174,weijin__caopi_lunwen,weijin__caopi_lunwen__part01,典論·論文,曹丕,氣之清濁有體，不可力強而致。,氣之清濁有體，不可力強而致。,气 之 清浊 有体 不可 力强 而致,氣,450,450,力強,459,461,459,461,5,0,
window5,宫商,2,0.03789412404776227,liuxie_shipin__liuxie_33,liuxie_shipin__liuxie_33__part01,文心雕龍·聲律,劉勰,聲合宮商，肇自血氣，先王因之以制樂歌。,聲合宮商，肇自血氣，先王因之以制樂歌。,声合 宫商 肇自血 气 先王 因 之 以制 乐歌,氣,21,21,宮商,15,17,15,17,2,0,
window5,刚柔,2,0.006125106767748911,liuxie_shipin__liuxie_27,liuxie_shipin__liuxie_27__part01,文心雕龍·體性,劉勰,然才有庸俊，氣有剛柔，學有淺深，習有雅鄭，並情性所鑠，陶染所凝，是以筆區雲譎，文苑波詭者矣。,然才有庸俊，氣有剛柔，學有淺深，習有雅鄭，並情性所鑠，陶染所凝，是以筆區雲譎，文苑波詭者矣。,然才 有庸俊 气 有 刚柔 学有 浅深 习有 雅郑 并 情性 所铄 陶染 所 凝 是 以 笔区 云谲 文苑 波诡 者 矣,氣,34,34,剛柔,36,38,36,38,2,0,
window5,以任,2,0.0004316581094319523,liuxie_shipin__liuxie_06,liuxie_shipin__liuxie_06__part01,文心雕龍·明詩,劉勰,並憐風月，狎池苑，述恩榮，敘酣宴，慷慨以任氣，磊落以使才；,並憐風月，狎池苑，述恩榮，敘酣宴，慷慨以任氣，磊落以使才；,并怜 风月 狎 池苑 述 恩荣 叙酣宴 慷慨 以任 气 磊落 以使 才,氣,584,584,以任,582,584,582,584,1,0,
window5,大略,2,0.00414033921036161,liuxie_shipin__liuxie_17,liuxie_shipin__liuxie_17__part01,文心雕龍·諸子,劉勰,呂氏鑒遠而體周，淮南汎採而文麗，斯則得百氏之華采，而辭氣文之大略也。,呂氏鑒遠而體周，淮南汎採而文麗，斯則得百氏之華采，而辭氣文之大略也。,吕氏 鉴远 而 体周 淮南 泛采 而 文丽 斯则 得 百氏 之 华采 而辞 气 文之 大略 也,氣,860,860,大略,863,865,863,865,2,0,
window5,祢衡,2,0.002518901967777651,liuxie_shipin__liuxie_22,liuxie_shipin__liuxie_22__part01,文心雕龍·章表,劉勰,至於文舉之薦禰衡，氣揚采飛；,至於文舉之薦禰衡，氣揚采飛；,至于 文举 之荐 祢衡 气 扬 采飞,氣,507,507,禰衡,504,506,504,506,1,0,
window5,王充,2,0.0004316581094319523,liuxie_shipin__liuxie_26,liuxie_shipin__liuxie_26__part01,文心雕龍·神思,劉勰,人之稟才，遲速異分，文之制體，大小殊功，相如含筆而腐毫，揚雄輟翰而驚夢，桓譚疾感於苦思，王充氣竭於思慮，張衡研京以十年，左思練都以一紀，雖有巨文，亦思之緩也。,人之稟才，遲速異分，文之制體，大小殊功，相如含筆而腐毫，揚雄輟翰而驚夢，桓譚疾感於苦思，王充氣竭於思慮，張衡研京以十年，左思練都以一紀，雖有巨文，亦思之緩也。,人 之 禀才 迟速 异分 文之制体 大小 殊功 相如 含笔 而 腐毫 扬雄 辍翰 而 惊梦 桓 谭疾 感于 苦思 王充 气 竭于 思虑 张衡 研京以 十年 左思 练 都 以 一纪 虽有 巨文 亦 思之缓 也,氣,441,441,王充,439,441,439,441,1,0,
window5,肇自血,2,0.0004316581094319523,liuxie_shipin__liuxie_27,liuxie_shipin__liuxie_27__part01,文心雕龍·體性,劉勰,若夫八體屢遷，功以學成，才力居中，肇自血氣；,若夫八體屢遷，功以學成，才力居中，肇自血氣；,若夫 八体 屡迁 功以 学成 才力 居中 肇自血 气,氣,367,367,肇自血,364,367,364,367,1,0,
window5,思锐,2,0.0004316581094319523,liuxie_shipin__liuxie_42,liuxie_shipin__liuxie_42__part01,文心雕龍·養氣,劉勰,凡童少鑒淺而志盛，長艾識堅而氣衰，志盛者思銳以勝勞，氣衰者慮密以傷神，斯實中人之常資，歲時之大較也。,凡童少鑒淺而志盛，長艾識堅而氣衰，志盛者思銳以勝勞，氣衰者慮密以傷神，斯實中人之常資，歲時之大較也。,凡童 少鉴 浅 而志盛 长艾 识坚 而 气 衰 志 盛者 思锐 以胜劳 气 衰者虑 密以 伤神 斯实 中人 之常资 岁时 之 大较 也,氣,223,223,思銳,217,219,217,219,2,0,
window5,干时,1,0.020790256338152187,weijin__caopi_lunwen,weijin__caopi_lunwen__part01,典論·論文,曹丕,王粲長於辭賦，徐幹時有齊氣，然粲之匹也。,王粲長於辭賦，徐幹時有齊氣，然粲之匹也。,王 粲 长于 辞赋 徐 干时 有齐 气 然 粲 之匹 也,氣,241,241,幹時,237,239,237,239,2,0,
window5,有齐,1,0.020790256338152187,weijin__caopi_lunwen,weijin__caopi_lunwen__part01,典論·論文,曹丕,王粲長於辭賦，徐幹時有齊氣，然粲之匹也。,王粲長於辭賦，徐幹時有齊氣，然粲之匹也。,王 粲 长于 辞赋 徐 干时 有齐 气 然 粲 之匹 也,氣,241,241,有齊,239,241,239,241,1,0,
window5,之匹,1,0.041148854563009644,weijin__caopi_lunwen,weijin__caopi_lunwen__part01,典論·論文,曹丕,王粲長於辭賦，徐幹時有齊氣，然粲之匹也。,王粲長於辭賦，徐幹時有齊氣，然粲之匹也。,王 粲 长于 辞赋 徐 干时 有齐 气 然 粲 之匹 也,氣,241,241,之匹,245,247,245,247,3,0,
window5,过人,1,0.020790256338152187,weijin__caopi_lunwen,weijin__caopi_lunwen__part01,典論·論文,曹丕,孔融體氣高妙，有過人者；,孔融體氣高妙，有過人者；,孔融 体 气 高妙 有 过人 者,氣,327,327,過人,332,334,332,334,3,0,
window5,不齐,1,0.020790256338152187,weijin__caopi_lunwen,weijin__caopi_lunwen__part01,典論·論文,曹丕,至於引氣不齊，巧拙有素，雖在父兄，不能以移子弟。,至於引氣不齊，巧拙有素，雖在父兄，不能以移子弟。,至于 引 气 不齐 巧拙 有素 虽 在 父兄 不能 以移 子弟,氣,482,482,不齊,483,485,483,485,1,0,
window5,巧拙,1,0.041148854563009644,weijin__caopi_lunwen,weijin__caopi_lunwen__part01,典論·論文,曹丕,至於引氣不齊，巧拙有素，雖在父兄，不能以移子弟。,至於引氣不齊，巧拙有素，雖在父兄，不能以移子弟。,至于 引 气 不齐 巧拙 有素 虽 在 父兄 不能 以移 子弟,氣,482,482,巧拙,486,488,486,488,2,0,
window5,有素,1,0.020790256338152187,weijin__caopi_lunwen,weijin__caopi_lunwen__part01,典論·論文,曹丕,至於引氣不齊，巧拙有素，雖在父兄，不能以移子弟。,至於引氣不齊，巧拙有素，雖在父兄，不能以移子弟。,至于 引 气 不齐 巧拙 有素 虽 在 父兄 不能 以移 子弟,氣,482,482,有素,488,490,488,490,3,0,
window5,有逸,1,0.020790256338152187,weijin__caopi_wuzhi,weijin__caopi_wuzhi__part01,與吳質書（二月三日）,曹丕,公幹有逸氣，但未遒耳，至其五言詩，妙絕當時。,公幹有逸氣，但未遒耳，至其五言詩，妙絕當時。,公干 有逸 气 但 未 遒 耳 至 其 五言诗 妙绝 当时,氣,363,363,有逸,361,363,361,363,1,0,
window5,含毫,1,0.041148854563009644,southnorth__xiaozixian_wenxue,southnorth__xiaozixian_wenxue__part01,南齊書·文學傳論及贊,蕭子顯,蘊思含毫，遊心內運，放言落紙，氣韻天成。,蘊思含毫，遊心內運，放言落紙，氣韻天成。,蕴思 含毫 游心 内运 放言 落纸 气 韵 天成,氣,33,33,含毫,20,22,20,22,5,0,
window5,寥廓,1,0.041148854563009644,liuxie_shipin__liuxie_14,liuxie_shipin__liuxie_14__part01,文心雕龍·雜文,劉勰,宋玉含才，頗亦負俗，始造對問，以申其志，放懷寥廓，氣實使文。,宋玉含才，頗亦負俗，始造對問，以申其志，放懷寥廓，氣實使文。,宋玉含 才 颇 亦 负俗 始造 对问 以申 其志 放怀 寥廓 气 实使 文,氣,58,58,寥廓,55,57,55,57,1,0,
window5,优文,1,0.041148854563009644,liuxie_shipin__liuxie_19,liuxie_shipin__liuxie_19__part01,文心雕龍·詔策,劉勰,優文封策，則氣含風雨之潤；,優文封策，則氣含風雨之潤；,优文 封策 则 气 含 风雨 之润,氣,708,708,優文,702,704,702,704,3,0,
window5,芬馥,1,0.020790256338152187,weijin__gehong_辭義,weijin__gehong_辭義__part01,抱朴子外篇·辭義,葛洪,茝蕙芬馥，非容氣所假。,茝蕙芬馥，非容氣所假。,茝 蕙 芬馥 非容 气 所假,氣,44,44,芬馥,39,41,39,41,2,0,
window5,非容,1,0.020790256338152187,weijin__gehong_辭義,weijin__gehong_辭義__part01,抱朴子外篇·辭義,葛洪,茝蕙芬馥，非容氣所假。,茝蕙芬馥，非容氣所假。,茝 蕙 芬馥 非容 气 所假,氣,44,44,非容,42,44,42,44,1,0,
window5,所假,1,0.020790256338152187,weijin__gehong_辭義,weijin__gehong_辭義__part01,抱朴子外篇·辭義,葛洪,茝蕙芬馥，非容氣所假。,茝蕙芬馥，非容氣所假。,茝 蕙 芬馥 非容 气 所假,氣,44,44,所假,45,47,45,47,1,0,
window5,有生,1,0.041148854563009644,liuxie_shipin__shipin_04,liuxie_shipin__shipin_04__part01,詩品·卷下,鍾嶸,嘗語徐太尉云：“我詩有生氣，須人捉著。,嘗語徐太尉云：“我詩有生氣，須人捉著。,尝语 徐 太尉 云 我 诗 有生 气 须 人 捉 著,氣,1233,1233,有生,1231,1233,1231,1233,1,0,
window5,之三,1,0.041148854563009644,liuxie_shipin__liuxie_07,liuxie_shipin__liuxie_07__part01,文心雕龍·樂府,劉勰,至於魏之三祖，氣爽才麗，宰割辭調，音靡節平。,至於魏之三祖，氣爽才麗，宰割辭調，音靡節平。,至于 魏 之三 祖 气 爽 才丽 宰割 辞调 音靡 节平,氣,432,432,之三,428,430,428,430,2,0,
window5,怀灵,1,0.020790256338152187,southnorth__shenyue_xielingyunlun,southnorth__shenyue_xielingyunlun__part01,宋書·謝靈運傳論,沈約,雖虞夏以前，遺文不覩，稟氣懷靈，理無或異。,雖虞夏以前，遺文不覩，稟氣懷靈，理無或異。,虽虞夏 以前 遗文 不 覩 禀 气 怀灵 理 无或 异,氣,67,67,懷靈,68,70,68,70,1,0,
window5,发乎,1,0.041148854563009644,southnorth__shenyue_xielingyunlun,southnorth__shenyue_xielingyunlun__part01,宋書·謝靈運傳論,沈約,雖清辭麗曲，時發乎篇，而蕪音累氣，固亦多矣。,雖清辭麗曲，時發乎篇，而蕪音累氣，固亦多矣。,虽 清辞丽曲 时 发乎 篇 而 芜音 累 气 固亦多 矣,氣,187,187,發乎,179,181,179,181,5,0,
window5,芜音,1,0.020790256338152187,southnorth__shenyue_xielingyunlun,southnorth__shenyue_xielingyunlun__part01,宋書·謝靈運傳論,沈約,雖清辭麗曲，時發乎篇，而蕪音累氣，固亦多矣。,雖清辭麗曲，時發乎篇，而蕪音累氣，固亦多矣。,虽 清辞丽曲 时 发乎 篇 而 芜音 累 气 固亦多 矣,氣,187,187,蕪音,184,186,184,186,2,0,
window5,固亦多,1,0.020790256338152187,southnorth__shenyue_xielingyunlun,southnorth__shenyue_xielingyunlun__part01,宋書·謝靈運傳論,沈約,雖清辭麗曲，時發乎篇，而蕪音累氣，固亦多矣。,雖清辭麗曲，時發乎篇，而蕪音累氣，固亦多矣。,虽 清辞丽曲 时 发乎 篇 而 芜音 累 气 固亦多 矣,氣,187,187,固亦多,189,192,189,192,1,0,
window5,仲宣以,1,0.020790256338152187,southnorth__shenyue_xielingyunlun,southnorth__shenyue_xielingyunlun__part01,宋書·謝靈運傳論,沈約,相如巧為形似之言，班固長於情理之說，子建、仲宣以氣質為體，並標能擅美，獨映當時。,相如巧為形似之言，班固長於情理之說，子建、仲宣以氣質為體，並標能擅美，獨映當時。,相如巧 为 形似 之 言 班固 长于 情理 之 说 子建 仲宣以 气 质为体 并 标能 擅美 独映 当时,氣,292,292,仲宣以,289,292,289,292,1,0,
window5,质为体,1,0.020790256338152187,southnorth__shenyue_xielingyunlun,southnorth__shenyue_xielingyunlun__part01,宋書·謝靈運傳論,沈約,相如巧為形似之言，班固長於情理之說，子建、仲宣以氣質為體，並標能擅美，獨映當時。,相如巧為形似之言，班固長於情理之說，子建、仲宣以氣質為體，並標能擅美，獨映當時。,相如巧 为 形似 之 言 班固 长于 情理 之 说 子建 仲宣以 气 质为体 并 标能 擅美 独映 当时,氣,292,292,質為體,293,296,293,296,1,0,
window5,标能,1,0.020790256338152187,southnorth__shenyue_xielingyunlun,southnorth__shenyue_xielingyunlun__part01,宋書·謝靈運傳論,沈約,相如巧為形似之言，班固長於情理之說，子建、仲宣以氣質為體，並標能擅美，獨映當時。,相如巧為形似之言，班固長於情理之說，子建、仲宣以氣質為體，並標能擅美，獨映當時。,相如巧 为 形似 之 言 班固 长于 情理 之 说 子建 仲宣以 气 质为体 并 标能 擅美 独映 当时,氣,292,292,標能,298,300,298,300,3,0,
window5,独映,1,0.020790256338152187,southnorth__shenyue_xielingyunlun,southnorth__shenyue_xielingyunlun__part01,宋書·謝靈運傳論,沈約,相如巧為形似之言，班固長於情理之說，子建、仲宣以氣質為體，並標能擅美，獨映當時。,相如巧為形似之言，班固長於情理之說，子建、仲宣以氣質為體，並標能擅美，獨映當時。,相如巧 为 形似 之 言 班固 长于 情理 之 说 子建 仲宣以 气 质为体 并 标能 擅美 独映 当时,氣,292,292,獨映,303,305,303,305,5,0,
window5,许之风,1,0.020790256338152187,southnorth__shenyue_xielingyunlun,southnorth__shenyue_xielingyunlun__part01,宋書·謝靈運傳論,沈約,仲文始革孫、許之風，叔源大變太元之氣。,仲文始革孫、許之風，叔源大變太元之氣。,仲文始 革孙 许之风 叔源 大变 太元 之 气,氣,502,502,許之風,491,494,491,494,5,0,
window5,大变,1,0.020790256338152187,southnorth__shenyue_xielingyunlun,southnorth__shenyue_xielingyunlun__part01,宋書·謝靈運傳論,沈約,仲文始革孫、許之風，叔源大變太元之氣。,仲文始革孫、許之風，叔源大變太元之氣。,仲文始 革孙 许之风 叔源 大变 太元 之 气,氣,502,502,大變,497,499,497,499,3,0,
window5,太元,1,0.020790256338152187,southnorth__shenyue_xielingyunlun,southnorth__shenyue_xielingyunlun__part01,宋書·謝靈運傳論,沈約,仲文始革孫、許之風，叔源大變太元之氣。,仲文始革孫、許之風，叔源大變太元之氣。,仲文始 革孙 许之风 叔源 大变 太元 之 气,氣,502,502,太元,499,501,499,501,2,0,
window5,延年,1,0.041148854563009644,liuxie_shipin__liuxie_07,liuxie_shipin__liuxie_07__part01,文心雕龍·樂府,劉勰,暨武帝崇禮，始立樂府，總趙代之音，撮齊楚之氣，延年以曼聲協律，朱馬以騷體製歌，《桂華》雜曲，麗而不經，《赤雁》群篇，靡而非典，河間薦雅而罕御，故汲黯致譏於天馬也。,暨武帝崇禮，始立樂府，總趙代之音，撮齊楚之氣，延年以曼聲協律，朱馬以騷體製歌，《桂華》雜曲，麗而不經，《赤雁》群篇，靡而非典，河間薦雅而罕御，故汲黯致譏於天馬也。,暨 武帝 崇礼 始立 乐府 总 赵代之音 撮 齐楚 之 气 延年 以 曼声 协律 朱马 以骚 体制 歌 桂华 杂曲 丽而 不经 赤雁 群篇 靡 而 非典 河间 荐雅 而 罕御 故 汲 黯致 讥于 天马 也,氣,310,310,延年,312,314,312,314,1,0,
window5,内运,1,0.020790256338152187,southnorth__xiaozixian_wenxue,southnorth__xiaozixian_wenxue__part01,南齊書·文學傳論及贊,蕭子顯,蘊思含毫，遊心內運，放言落紙，氣韻天成。,蘊思含毫，遊心內運，放言落紙，氣韻天成。,蕴思 含毫 游心 内运 放言 落纸 气 韵 天成,氣,33,33,內運,25,27,25,27,3,0,
window5,放言,1,0.041148854563009644,southnorth__xiaozixian_wenxue,southnorth__xiaozixian_wenxue__part01,南齊書·文學傳論及贊,蕭子顯,蘊思含毫，遊心內運，放言落紙，氣韻天成。,蘊思含毫，遊心內運，放言落紙，氣韻天成。,蕴思 含毫 游心 内运 放言 落纸 气 韵 天成,氣,33,33,放言,28,30,28,30,2,0,
window5,落纸,1,0.020790256338152187,southnorth__xiaozixian_wenxue,southnorth__xiaozixian_wenxue__part01,南齊書·文學傳論及贊,蕭子顯,蘊思含毫，遊心內運，放言落紙，氣韻天成。,蘊思含毫，遊心內運，放言落紙，氣韻天成。,蕴思 含毫 游心 内运 放言 落纸 气 韵 天成,氣,33,33,落紙,30,32,30,32,1,0,
window5,灵变,1,0.020790256338152187,southnorth__xiaozixian_wenxue,southnorth__xiaozixian_wenxue__part01,南齊書·文學傳論及贊,蕭子顯,江左風味，盛道家之言，郭璞舉其靈變，許詢極其名理，仲文玄氣，猶不盡除，謝混情新，得名未盛。,江左風味，盛道家之言，郭璞舉其靈變，許詢極其名理，仲文玄氣，猶不盡除，謝混情新，得名未盛。,江左 风味 盛 道家 之 言 郭璞举 其 灵变 许询 极其 名理 仲文玄 气 犹 不尽 除 谢混情 新 得名 未盛,氣,501,501,靈變,488,490,488,490,5,0,
window5,许询,1,0.041148854563009644,southnorth__xiaozixian_wenxue,southnorth__xiaozixian_wenxue__part01,南齊書·文學傳論及贊,蕭子顯,江左風味，盛道家之言，郭璞舉其靈變，許詢極其名理，仲文玄氣，猶不盡除，謝混情新，得名未盛。,江左風味，盛道家之言，郭璞舉其靈變，許詢極其名理，仲文玄氣，猶不盡除，謝混情新，得名未盛。,江左 风味 盛 道家 之 言 郭璞举 其 灵变 许询 极其 名理 仲文玄 气 犹 不尽 除 谢混情 新 得名 未盛,氣,501,501,許詢,491,493,491,493,4,0,
window5,极其,1,0.020790256338152187,southnorth__xiaozixian_wenxue,southnorth__xiaozixian_wenxue__part01,南齊書·文學傳論及贊,蕭子顯,江左風味，盛道家之言，郭璞舉其靈變，許詢極其名理，仲文玄氣，猶不盡除，謝混情新，得名未盛。,江左風味，盛道家之言，郭璞舉其靈變，許詢極其名理，仲文玄氣，猶不盡除，謝混情新，得名未盛。,江左 风味 盛 道家 之 言 郭璞举 其 灵变 许询 极其 名理 仲文玄 气 犹 不尽 除 谢混情 新 得名 未盛,氣,501,501,極其,493,495,493,495,3,0,
window5,仲文玄,1,0.020790256338152187,southnorth__xiaozixian_wenxue,southnorth__xiaozixian_wenxue__part01,南齊書·文學傳論及贊,蕭子顯,江左風味，盛道家之言，郭璞舉其靈變，許詢極其名理，仲文玄氣，猶不盡除，謝混情新，得名未盛。,江左風味，盛道家之言，郭璞舉其靈變，許詢極其名理，仲文玄氣，猶不盡除，謝混情新，得名未盛。,江左 风味 盛 道家 之 言 郭璞举 其 灵变 许询 极其 名理 仲文玄 气 犹 不尽 除 谢混情 新 得名 未盛,氣,501,501,仲文玄,498,501,498,501,1,0,
window5,谢混情,1,0.020790256338152187,southnorth__xiaozixian_wenxue,southnorth__xiaozixian_wenxue__part01,南齊書·文學傳論及贊,蕭子顯,江左風味，盛道家之言，郭璞舉其靈變，許詢極其名理，仲文玄氣，猶不盡除，謝混情新，得名未盛。,江左風味，盛道家之言，郭璞舉其靈變，許詢極其名理，仲文玄氣，猶不盡除，謝混情新，得名未盛。,江左 风味 盛 道家 之 言 郭璞举 其 灵变 许询 极其 名理 仲文玄 气 犹 不尽 除 谢混情 新 得名 未盛,氣,501,501,謝混情,508,511,508,511,4,0,
window5,同貌,1,0.020790256338152187,southnorth__jiangyan_zati,southnorth__jiangyan_zati__part01,雜體詩序,江淹,故蛾眉詎同貌，而俱動於魄，芳草寧其氣，而皆悅於魂，不其然與？,故蛾眉詎同貌，而俱動於魄，芳草寧其氣，而皆悅於魂，不其然與？,故 蛾眉 讵 同貌 而俱动 于魄 芳草 宁其 气 而皆悦 于 魂 不其然 与,氣,64,64,同貌,51,53,51,53,5,0,
window5,而俱动,1,0.020790256338152187,southnorth__jiangyan_zati,southnorth__jiangyan_zati__part01,雜體詩序,江淹,故蛾眉詎同貌，而俱動於魄，芳草寧其氣，而皆悅於魂，不其然與？,故蛾眉詎同貌，而俱動於魄，芳草寧其氣，而皆悅於魂，不其然與？,故 蛾眉 讵 同貌 而俱动 于魄 芳草 宁其 气 而皆悦 于 魂 不其然 与,氣,64,64,而俱動,54,57,54,57,4,0,
window5,于魄,1,0.020790256338152187,southnorth__jiangyan_zati,southnorth__jiangyan_zati__part01,雜體詩序,江淹,故蛾眉詎同貌，而俱動於魄，芳草寧其氣，而皆悅於魂，不其然與？,故蛾眉詎同貌，而俱動於魄，芳草寧其氣，而皆悅於魂，不其然與？,故 蛾眉 讵 同貌 而俱动 于魄 芳草 宁其 气 而皆悦 于 魂 不其然 与,氣,64,64,於魄,57,59,57,59,3,0,
window5,芳草,1,0.020790256338152187,southnorth__jiangyan_zati,southnorth__jiangyan_zati__part01,雜體詩序,江淹,故蛾眉詎同貌，而俱動於魄，芳草寧其氣，而皆悅於魂，不其然與？,故蛾眉詎同貌，而俱動於魄，芳草寧其氣，而皆悅於魂，不其然與？,故 蛾眉 讵 同貌 而俱动 于魄 芳草 宁其 气 而皆悦 于 魂 不其然 与,氣,64,64,芳草,60,62,60,62,2,0,
window5,宁其,1,0.020790256338152187,southnorth__jiangyan_zati,southnorth__jiangyan_zati__part01,雜體詩序,江淹,故蛾眉詎同貌，而俱動於魄，芳草寧其氣，而皆悅於魂，不其然與？,故蛾眉詎同貌，而俱動於魄，芳草寧其氣，而皆悅於魂，不其然與？,故 蛾眉 讵 同貌 而俱动 于魄 芳草 宁其 气 而皆悦 于 魂 不其然 与,氣,64,64,寧其,62,64,62,64,1,0,
window5,而皆悦,1,0.020790256338152187,southnorth__jiangyan_zati,southnorth__jiangyan_zati__part01,雜體詩序,江淹,故蛾眉詎同貌，而俱動於魄，芳草寧其氣，而皆悅於魂，不其然與？,故蛾眉詎同貌，而俱動於魄，芳草寧其氣，而皆悅於魂，不其然與？,故 蛾眉 讵 同貌 而俱动 于魄 芳草 宁其 气 而皆悦 于 魂 不其然 与,氣,64,64,而皆悅,66,69,66,69,1,0,
window5,不其然,1,0.020790256338152187,southnorth__jiangyan_zati,southnorth__jiangyan_zati__part01,雜體詩序,江淹,故蛾眉詎同貌，而俱動於魄，芳草寧其氣，而皆悅於魂，不其然與？,故蛾眉詎同貌，而俱動於魄，芳草寧其氣，而皆悅於魂，不其然與？,故 蛾眉 讵 同貌 而俱动 于魄 芳草 宁其 气 而皆悦 于 魂 不其然 与,氣,64,64,不其然,72,75,72,75,4,0,
window5,品藻,1,0.041148854563009644,liuxie_shipin__liuxie_43,liuxie_shipin__liuxie_43__part01,文心雕龍·附會,劉勰,夫才量學文，宜正體製，必以情志為神明，事義為骨髓，辭采為肌膚，宮商為聲氣，然後品藻元黃，摛振金玉，獻可替否，以裁厥中。,夫才量學文，宜正體製，必以情志為神明，事義為骨髓，辭采為肌膚，宮商為聲氣，然後品藻元黃，摛振金玉，獻可替否，以裁厥中。,夫才量 学文 宜正 体制 必以 情志 为 神明 事义 为 骨髓 辞采 为 肌肤 宫商 为声 气 然后 品藻 元 黄 摛 振 金玉 献可替否 以裁厥 中,氣,86,86,品藻,90,92,90,92,2,0,
window5,风采,1,0.041148854563009644,liuxie_shipin__liuxie_25,liuxie_shipin__liuxie_25__part01,文心雕龍·書記,劉勰,詳總書體，本在盡言，言以散鬱陶，託風采，故宜滌暢以任氣，優柔以懌懷。,詳總書體，本在盡言，言以散鬱陶，託風采，故宜滌暢以任氣，優柔以懌懷。,详 总 书体 本 在 尽言 言以 散 郁陶 托 风采 故宜 涤畅 以任 气 优柔 以怿怀,氣,388,388,風采,379,381,379,381,4,0,
window5,精理,1,0.041148854563009644,liuxie_shipin__liuxie_02,liuxie_shipin__liuxie_02__part01,文心雕龍·徵聖,劉勰,精理為文，秀氣成采。,精理為文，秀氣成采。,精理 为文 秀 气 成采,氣,613,613,精理,607,609,607,609,3,0,
window5,成采,1,0.020790256338152187,liuxie_shipin__liuxie_02,liuxie_shipin__liuxie_02__part01,文心雕龍·徵聖,劉勰,精理為文，秀氣成采。,精理為文，秀氣成采。,精理 为文 秀 气 成采,氣,613,613,成采,614,616,614,616,1,0,
window5,山海,1,0.041148854563009644,liuxie_shipin__liuxie_37,liuxie_shipin__liuxie_37__part01,文心雕龍·夸飾,劉勰,至如氣貌山海，體勢宮殿，嵯峨揭業，熠燿焜煌之狀，光采煒煒而欲然，聲貌岌岌其將動矣。,至如氣貌山海，體勢宮殿，嵯峨揭業，熠燿焜煌之狀，光采煒煒而欲然，聲貌岌岌其將動矣。,至 如 气 貌 山海 体势 宫殿 嵯峨 揭业 熠燿 焜 煌 之状 光采 炜炜 而欲然 声貌 岌岌 其将动 矣,氣,424,424,山海,426,428,426,428,2,0,
window5,腾跃,1,0.041148854563009644,liuxie_shipin__liuxie_44,liuxie_shipin__liuxie_44__part01,文心雕龍·總術,劉勰,數逢其極，機入其巧，則義味騰躍而生，辭氣叢雜而至，視之則錦繪，聽之則絲簧，味之則甘腴，佩之則芬芳，斷章之功，於斯盛矣。,數逢其極，機入其巧，則義味騰躍而生，辭氣叢雜而至，視之則錦繪，聽之則絲簧，味之則甘腴，佩之則芬芳，斷章之功，於斯盛矣。,数逢 其极 机入 其巧 则 义味 腾跃 而生 辞 气 丛杂 而 至 视之则 锦绘 听 之 则 丝簧 味之则 甘腴 佩之则 芬芳 断章 之功 于斯 盛 矣,氣,569,569,騰躍,563,565,563,565,3,0,
window5,云蜺,1,0.041148854563009644,liuxie_shipin__liuxie_10,liuxie_shipin__liuxie_10__part01,文心雕龍·祝盟,劉勰,若夫臧洪歃辭，氣截雲蜺；,若夫臧洪歃辭，氣截雲蜺；,若夫 臧洪 歃辞 气 截 云蜺,氣,777,777,雲蜺,779,781,779,781,2,0,
window5,肌肤,1,0.041148854563009644,liuxie_shipin__liuxie_43,liuxie_shipin__liuxie_43__part01,文心雕龍·附會,劉勰,夫才量學文，宜正體製，必以情志為神明，事義為骨髓，辭采為肌膚，宮商為聲氣，然後品藻元黃，摛振金玉，獻可替否，以裁厥中。,夫才量學文，宜正體製，必以情志為神明，事義為骨髓，辭采為肌膚，宮商為聲氣，然後品藻元黃，摛振金玉，獻可替否，以裁厥中。,夫才量 学文 宜正 体制 必以 情志 为 神明 事义 为 骨髓 辞采 为 肌肤 宫商 为声 气 然后 品藻 元 黄 摛 振 金玉 献可替否 以裁厥 中,氣,86,86,肌膚,79,81,79,81,3,0,
window5,轹古,1,0.020790256338152187,liuxie_shipin__liuxie_05,liuxie_shipin__liuxie_05__part01,文心雕龍·辨騷,劉勰,故能氣往轢古，辭來切今，驚采絕豔，難與並能矣。,故能氣往轢古，辭來切今，驚采絕豔，難與並能矣。,故能 气 往 轹古 辞来切 今 惊采绝艳 难 与 并 能 矣,氣,742,742,轢古,744,746,744,746,2,0,
window5,辞来切,1,0.020790256338152187,liuxie_shipin__liuxie_05,liuxie_shipin__liuxie_05__part01,文心雕龍·辨騷,劉勰,故能氣往轢古，辭來切今，驚采絕豔，難與並能矣。,故能氣往轢古，辭來切今，驚采絕豔，難與並能矣。,故能 气 往 轹古 辞来切 今 惊采绝艳 难 与 并 能 矣,氣,742,742,辭來切,747,750,747,750,3,0,
window5,惊采绝艳,1,0.020790256338152187,liuxie_shipin__liuxie_05,liuxie_shipin__liuxie_05__part01,文心雕龍·辨騷,劉勰,故能氣往轢古，辭來切今，驚采絕豔，難與並能矣。,故能氣往轢古，辭來切今，驚采絕豔，難與並能矣。,故能 气 往 轹古 辞来切 今 惊采绝艳 难 与 并 能 矣,氣,742,742,驚采絕豔,752,756,752,756,5,0,
window5,恩荣,1,0.020790256338152187,liuxie_shipin__liuxie_06,liuxie_shipin__liuxie_06__part01,文心雕龍·明詩,劉勰,並憐風月，狎池苑，述恩榮，敘酣宴，慷慨以任氣，磊落以使才；,並憐風月，狎池苑，述恩榮，敘酣宴，慷慨以任氣，磊落以使才；,并怜 风月 狎 池苑 述 恩荣 叙酣宴 慷慨 以任 气 磊落 以使 才,氣,584,584,恩榮,573,575,573,575,4,0,
window5,叙酣宴,1,0.020790256338152187,liuxie_shipin__liuxie_06,liuxie_shipin__liuxie_06__part01,文心雕龍·明詩,劉勰,並憐風月，狎池苑，述恩榮，敘酣宴，慷慨以任氣，磊落以使才；,並憐風月，狎池苑，述恩榮，敘酣宴，慷慨以任氣，磊落以使才；,并怜 风月 狎 池苑 述 恩荣 叙酣宴 慷慨 以任 气 磊落 以使 才,氣,584,584,敘酣宴,576,579,576,579,3,0,
window5,以使,1,0.020790256338152187,liuxie_shipin__liuxie_06,liuxie_shipin__liuxie_06__part01,文心雕龍·明詩,劉勰,並憐風月，狎池苑，述恩榮，敘酣宴，慷慨以任氣，磊落以使才；,並憐風月，狎池苑，述恩榮，敘酣宴，慷慨以任氣，磊落以使才；,并怜 风月 狎 池苑 述 恩荣 叙酣宴 慷慨 以任 气 磊落 以使 才,氣,584,584,以使,588,590,588,590,2,0,
window5,而志,1,0.041148854563009644,liuxie_shipin__liuxie_26,liuxie_shipin__liuxie_26__part01,文心雕龍·神思,劉勰,神居胸臆，而志氣統其關鍵；,神居胸臆，而志氣統其關鍵；,神居 胸臆 而志 气 统其 关键,氣,106,106,而志,104,106,104,106,1,0,
window5,采言,1,0.020790256338152187,liuxie_shipin__liuxie_07,liuxie_shipin__liuxie_07__part01,文心雕龍·樂府,劉勰,匹夫庶婦，謳吟土風，詩官採言，樂盲被律，志感絲篁，氣變金石。,匹夫庶婦，謳吟土風，詩官採言，樂盲被律，志感絲篁，氣變金石。,匹夫庶妇 讴吟 土风 诗官 采言 乐盲 被律 志感 丝篁 气 变 金石,氣,132,132,採言,119,121,119,121,5,0,
window5,乐盲,1,0.020790256338152187,liuxie_shipin__liuxie_07,liuxie_shipin__liuxie_07__part01,文心雕龍·樂府,劉勰,匹夫庶婦，謳吟土風，詩官採言，樂盲被律，志感絲篁，氣變金石。,匹夫庶婦，謳吟土風，詩官採言，樂盲被律，志感絲篁，氣變金石。,匹夫庶妇 讴吟 土风 诗官 采言 乐盲 被律 志感 丝篁 气 变 金石,氣,132,132,樂盲,122,124,122,124,4,0,
window5,被律,1,0.020790256338152187,liuxie_shipin__liuxie_07,liuxie_shipin__liuxie_07__part01,文心雕龍·樂府,劉勰,匹夫庶婦，謳吟土風，詩官採言，樂盲被律，志感絲篁，氣變金石。,匹夫庶婦，謳吟土風，詩官採言，樂盲被律，志感絲篁，氣變金石。,匹夫庶妇 讴吟 土风 诗官 采言 乐盲 被律 志感 丝篁 气 变 金石,氣,132,132,被律,124,126,124,126,3,0,
window5,志感,1,0.020790256338152187,liuxie_shipin__liuxie_07,liuxie_shipin__liuxie_07__part01,文心雕龍·樂府,劉勰,匹夫庶婦，謳吟土風，詩官採言，樂盲被律，志感絲篁，氣變金石。,匹夫庶婦，謳吟土風，詩官採言，樂盲被律，志感絲篁，氣變金石。,匹夫庶妇 讴吟 土风 诗官 采言 乐盲 被律 志感 丝篁 气 变 金石,氣,132,132,志感,127,129,127,129,2,0,
window5,丝篁,1,0.020790256338152187,liuxie_shipin__liuxie_07,liuxie_shipin__liuxie_07__part01,文心雕龍·樂府,劉勰,匹夫庶婦，謳吟土風，詩官採言，樂盲被律，志感絲篁，氣變金石。,匹夫庶婦，謳吟土風，詩官採言，樂盲被律，志感絲篁，氣變金石。,匹夫庶妇 讴吟 土风 诗官 采言 乐盲 被律 志感 丝篁 气 变 金石,氣,132,132,絲篁,129,131,129,131,1,0,
window5,赵代之音,1,0.020790256338152187,liuxie_shipin__liuxie_07,liuxie_shipin__liuxie_07__part01,文心雕龍·樂府,劉勰,暨武帝崇禮，始立樂府，總趙代之音，撮齊楚之氣，延年以曼聲協律，朱馬以騷體製歌，《桂華》雜曲，麗而不經，《赤雁》群篇，靡而非典，河間薦雅而罕御，故汲黯致譏於天馬也。,暨武帝崇禮，始立樂府，總趙代之音，撮齊楚之氣，延年以曼聲協律，朱馬以騷體製歌，《桂華》雜曲，麗而不經，《赤雁》群篇，靡而非典，河間薦雅而罕御，故汲黯致譏於天馬也。,暨 武帝 崇礼 始立 乐府 总 赵代之音 撮 齐楚 之 气 延年 以 曼声 协律 朱马 以骚 体制 歌 桂华 杂曲 丽而 不经 赤雁 群篇 靡 而 非典 河间 荐雅 而 罕御 故 汲 黯致 讥于 天马 也,氣,310,310,趙代之音,301,305,301,305,4,0,
window5,齐楚,1,0.041148854563009644,liuxie_shipin__liuxie_07,liuxie_shipin__liuxie_07__part01,文心雕龍·樂府,劉勰,暨武帝崇禮，始立樂府，總趙代之音，撮齊楚之氣，延年以曼聲協律，朱馬以騷體製歌，《桂華》雜曲，麗而不經，《赤雁》群篇，靡而非典，河間薦雅而罕御，故汲黯致譏於天馬也。,暨武帝崇禮，始立樂府，總趙代之音，撮齊楚之氣，延年以曼聲協律，朱馬以騷體製歌，《桂華》雜曲，麗而不經，《赤雁》群篇，靡而非典，河間薦雅而罕御，故汲黯致譏於天馬也。,暨 武帝 崇礼 始立 乐府 总 赵代之音 撮 齐楚 之 气 延年 以 曼声 协律 朱马 以骚 体制 歌 桂华 杂曲 丽而 不经 赤雁 群篇 靡 而 非典 河间 荐雅 而 罕御 故 汲 黯致 讥于 天马 也,氣,310,310,齊楚,307,309,307,309,2,0,
window5,曼声,1,0.020790256338152187,liuxie_shipin__liuxie_07,liuxie_shipin__liuxie_07__part01,文心雕龍·樂府,劉勰,暨武帝崇禮，始立樂府，總趙代之音，撮齊楚之氣，延年以曼聲協律，朱馬以騷體製歌，《桂華》雜曲，麗而不經，《赤雁》群篇，靡而非典，河間薦雅而罕御，故汲黯致譏於天馬也。,暨武帝崇禮，始立樂府，總趙代之音，撮齊楚之氣，延年以曼聲協律，朱馬以騷體製歌，《桂華》雜曲，麗而不經，《赤雁》群篇，靡而非典，河間薦雅而罕御，故汲黯致譏於天馬也。,暨 武帝 崇礼 始立 乐府 总 赵代之音 撮 齐楚 之 气 延年 以 曼声 协律 朱马 以骚 体制 歌 桂华 杂曲 丽而 不经 赤雁 群篇 靡 而 非典 河间 荐雅 而 罕御 故 汲 黯致 讥于 天马 也,氣,310,310,曼聲,315,317,315,317,3,0,
window5,协律,1,0.020790256338152187,liuxie_shipin__liuxie_07,liuxie_shipin__liuxie_07__part01,文心雕龍·樂府,劉勰,暨武帝崇禮，始立樂府，總趙代之音，撮齊楚之氣，延年以曼聲協律，朱馬以騷體製歌，《桂華》雜曲，麗而不經，《赤雁》群篇，靡而非典，河間薦雅而罕御，故汲黯致譏於天馬也。,暨武帝崇禮，始立樂府，總趙代之音，撮齊楚之氣，延年以曼聲協律，朱馬以騷體製歌，《桂華》雜曲，麗而不經，《赤雁》群篇，靡而非典，河間薦雅而罕御，故汲黯致譏於天馬也。,暨 武帝 崇礼 始立 乐府 总 赵代之音 撮 齐楚 之 气 延年 以 曼声 协律 朱马 以骚 体制 歌 桂华 杂曲 丽而 不经 赤雁 群篇 靡 而 非典 河间 荐雅 而 罕御 故 汲 黯致 讥于 天马 也,氣,310,310,協律,317,319,317,319,4,0,
window5,朱马,1,0.020790256338152187,liuxie_shipin__liuxie_07,liuxie_shipin__liuxie_07__part01,文心雕龍·樂府,劉勰,暨武帝崇禮，始立樂府，總趙代之音，撮齊楚之氣，延年以曼聲協律，朱馬以騷體製歌，《桂華》雜曲，麗而不經，《赤雁》群篇，靡而非典，河間薦雅而罕御，故汲黯致譏於天馬也。,暨武帝崇禮，始立樂府，總趙代之音，撮齊楚之氣，延年以曼聲協律，朱馬以騷體製歌，《桂華》雜曲，麗而不經，《赤雁》群篇，靡而非典，河間薦雅而罕御，故汲黯致譏於天馬也。,暨 武帝 崇礼 始立 乐府 总 赵代之音 撮 齐楚 之 气 延年 以 曼声 协律 朱马 以骚 体制 歌 桂华 杂曲 丽而 不经 赤雁 群篇 靡 而 非典 河间 荐雅 而 罕御 故 汲 黯致 讥于 天马 也,氣,310,310,朱馬,320,322,320,322,5,0,
window5,才丽,1,0.020790256338152187,liuxie_shipin__liuxie_07,liuxie_shipin__liuxie_07__part01,文心雕龍·樂府,劉勰,至於魏之三祖，氣爽才麗，宰割辭調，音靡節平。,至於魏之三祖，氣爽才麗，宰割辭調，音靡節平。,至于 魏 之三 祖 气 爽 才丽 宰割 辞调 音靡 节平,氣,432,432,才麗,434,436,434,436,2,0,
window5,宰割,1,0.020790256338152187,liuxie_shipin__liuxie_07,liuxie_shipin__liuxie_07__part01,文心雕龍·樂府,劉勰,至於魏之三祖，氣爽才麗，宰割辭調，音靡節平。,至於魏之三祖，氣爽才麗，宰割辭調，音靡節平。,至于 魏 之三 祖 气 爽 才丽 宰割 辞调 音靡 节平,氣,432,432,宰割,437,439,437,439,3,0,
window5,辞调,1,0.020790256338152187,liuxie_shipin__liuxie_07,liuxie_shipin__liuxie_07__part01,文心雕龍·樂府,劉勰,至於魏之三祖，氣爽才麗，宰割辭調，音靡節平。,至於魏之三祖，氣爽才麗，宰割辭調，音靡節平。,至于 魏 之三 祖 气 爽 才丽 宰割 辞调 音靡 节平,氣,432,432,辭調,439,441,439,441,4,0,
window5,音靡,1,0.020790256338152187,liuxie_shipin__liuxie_07,liuxie_shipin__liuxie_07__part01,文心雕龍·樂府,劉勰,至於魏之三祖，氣爽才麗，宰割辭調，音靡節平。,至於魏之三祖，氣爽才麗，宰割辭調，音靡節平。,至于 魏 之三 祖 气 爽 才丽 宰割 辞调 音靡 节平,氣,432,432,音靡,442,444,442,444,5,0,
window5,梗概,1,0.041148854563009644,liuxie_shipin__liuxie_45,liuxie_shipin__liuxie_45__part01,文心雕龍·時序,劉勰,偉長從宦於青土，公幹徇質於海隅，德璉綜其斐然之思，元瑜展其翩翩之樂，文蔚休伯之儔，于俶德祖之侶，俊雅觴豆之前，雍容袵席之上，灑筆以成酣歌，和墨以藉談笑，觀其時文，雅好慷慨，良由世積亂離，風衰俗怨，並志深而筆長，故梗概而多氣也，至明帝纂戎，制詩度曲，徵篇章之士，置崇文之觀，何劉群才，迭相照耀。,偉長從宦於青土，公幹徇質於海隅，德璉綜其斐然之思，元瑜展其翩翩之樂，文蔚休伯之儔，于俶德祖之侶，俊雅觴豆之前，雍容袵席之上，灑筆以成酣歌，和墨以藉談笑，觀其時文，雅好慷慨，良由世積亂離，風衰俗怨，並志深而筆長，故梗概而多氣也，至明帝纂戎，制詩度曲，徵篇章之士，置崇文之觀，何劉群才，迭相照耀。,伟长 从宦 于 青土 公干 徇质 于 海隅 德琏 综其 斐然 之思 元瑜展 其 翩翩 之 乐 文蔚 休伯 之 俦 于 俶 德祖 之侣 俊雅 觞豆 之前 雍容 袵 席 之上 洒笔 以成 酣歌 和 墨以 藉 谈笑 观 其时 文 雅好 慷慨 良由世积 乱离 风衰俗 怨 并志深 而 笔长 故 梗概 而 多 气 也 至明 帝纂 戎 制诗 度曲 征 篇章 之士 置 崇文 之观 何刘 群才 迭 相 照耀,氣,1128,1128,梗概,1124,1126,1124,1126,3,0,
window5,图貌,1,0.041148854563009644,liuxie_shipin__liuxie_46,liuxie_shipin__liuxie_46__part01,文心雕龍·物色,劉勰,寫氣圖貌，既隨物以宛轉；,寫氣圖貌，既隨物以宛轉；,写 气 图貌 既 随物 以 宛转,氣,205,205,圖貌,206,208,206,208,1,0,
window5,臧洪,1,0.020790256338152187,liuxie_shipin__liuxie_10,liuxie_shipin__liuxie_10__part01,文心雕龍·祝盟,劉勰,若夫臧洪歃辭，氣截雲蜺；,若夫臧洪歃辭，氣截雲蜺；,若夫 臧洪 歃辞 气 截 云蜺,氣,777,777,臧洪,772,774,772,774,2,0,
window5,歃辞,1,0.020790256338152187,liuxie_shipin__liuxie_10,liuxie_shipin__liuxie_10__part01,文心雕龍·祝盟,劉勰,若夫臧洪歃辭，氣截雲蜺；,若夫臧洪歃辭，氣截雲蜺；,若夫 臧洪 歃辞 气 截 云蜺,氣,777,777,歃辭,774,776,774,776,1,0,
window5,盛于,1,0.041148854563009644,liuxie_shipin__liuxie_47,liuxie_shipin__liuxie_47__part01,文心雕龍·才略,劉勰,孔融氣盛於為筆，禰衡思銳於為文，有篇美焉。,孔融氣盛於為筆，禰衡思銳於為文，有篇美焉。,孔融 气 盛于 为 笔 祢衡 思锐 于 为 文 有篇美 焉,氣,798,798,盛於,799,801,799,801,1,0,
window5,弘润,1,0.041148854563009644,liuxie_shipin__liuxie_21,liuxie_shipin__liuxie_21__part01,文心雕龍·封禪,劉勰,秦皇銘岱，文自李斯，法家辭氣，體乏弘潤。,秦皇銘岱，文自李斯，法家辭氣，體乏弘潤。,秦皇 铭 岱 文自 李斯 法家 辞 气 体乏 弘润,氣,258,258,弘潤,262,264,262,264,2,0,
window5,藻溢于,1,0.020790256338152187,liuxie_shipin__liuxie_14,liuxie_shipin__liuxie_14__part01,文心雕龍·雜文,劉勰,智術之子，博雅之人，藻溢於辭，辭盈乎氣。,智術之子，博雅之人，藻溢於辭，辭盈乎氣。,智术 之子 博雅 之 人 藻溢于 辞 辞盈乎 气,氣,18,18,藻溢於,10,13,10,13,3,0,
window5,辞盈乎,1,0.020790256338152187,liuxie_shipin__liuxie_14,liuxie_shipin__liuxie_14__part01,文心雕龍·雜文,劉勰,智術之子，博雅之人，藻溢於辭，辭盈乎氣。,智術之子，博雅之人，藻溢於辭，辭盈乎氣。,智术 之子 博雅 之 人 藻溢于 辞 辞盈乎 气,氣,18,18,辭盈乎,15,18,15,18,1,0,
window5,对问,1,0.041148854563009644,liuxie_shipin__liuxie_14,liuxie_shipin__liuxie_14__part01,文心雕龍·雜文,劉勰,宋玉含才，頗亦負俗，始造對問，以申其志，放懷寥廓，氣實使文。,宋玉含才，頗亦負俗，始造對問，以申其志，放懷寥廓，氣實使文。,宋玉含 才 颇 亦 负俗 始造 对问 以申 其志 放怀 寥廓 气 实使 文,氣,58,58,對問,45,47,45,47,5,0,
window5,以申,1,0.020790256338152187,liuxie_shipin__liuxie_14,liuxie_shipin__liuxie_14__part01,文心雕龍·雜文,劉勰,宋玉含才，頗亦負俗，始造對問，以申其志，放懷寥廓，氣實使文。,宋玉含才，頗亦負俗，始造對問，以申其志，放懷寥廓，氣實使文。,宋玉含 才 颇 亦 负俗 始造 对问 以申 其志 放怀 寥廓 气 实使 文,氣,58,58,以申,48,50,48,50,4,0,
window5,放怀,1,0.020790256338152187,liuxie_shipin__liuxie_14,liuxie_shipin__liuxie_14__part01,文心雕龍·雜文,劉勰,宋玉含才，頗亦負俗，始造對問，以申其志，放懷寥廓，氣實使文。,宋玉含才，頗亦負俗，始造對問，以申其志，放懷寥廓，氣實使文。,宋玉含 才 颇 亦 负俗 始造 对问 以申 其志 放怀 寥廓 气 实使 文,氣,58,58,放懷,53,55,53,55,2,0,
window5,实使,1,0.020790256338152187,liuxie_shipin__liuxie_14,liuxie_shipin__liuxie_14__part01,文心雕龍·雜文,劉勰,宋玉含才，頗亦負俗，始造對問，以申其志，放懷寥廓，氣實使文。,宋玉含才，頗亦負俗，始造對問，以申其志，放懷寥廓，氣實使文。,宋玉含 才 颇 亦 负俗 始造 对问 以申 其志 放怀 寥廓 气 实使 文,氣,58,58,實使,59,61,59,61,1,0,
window5,百氏,1,0.041148854563009644,liuxie_shipin__liuxie_17,liuxie_shipin__liuxie_17__part01,文心雕龍·諸子,劉勰,呂氏鑒遠而體周，淮南汎採而文麗，斯則得百氏之華采，而辭氣文之大略也。,呂氏鑒遠而體周，淮南汎採而文麗，斯則得百氏之華采，而辭氣文之大略也。,吕氏 鉴远 而 体周 淮南 泛采 而 文丽 斯则 得 百氏 之 华采 而辞 气 文之 大略 也,氣,860,860,百氏,852,854,852,854,4,0,
window5,御寇,1,0.020790256338152187,liuxie_shipin__liuxie_17,liuxie_shipin__liuxie_17__part01,文心雕龍·諸子,劉勰,列御寇之書，氣偉而采奇；,列御寇之書，氣偉而采奇；,列 御寇 之 书 气 伟而 采奇,氣,736,736,御寇,731,733,731,733,3,0,
window5,伟而,1,0.020790256338152187,liuxie_shipin__liuxie_17,liuxie_shipin__liuxie_17__part01,文心雕龍·諸子,劉勰,列御寇之書，氣偉而采奇；,列御寇之書，氣偉而采奇；,列 御寇 之 书 气 伟而 采奇,氣,736,736,偉而,737,739,737,739,1,0,
window5,采奇,1,0.020790256338152187,liuxie_shipin__liuxie_17,liuxie_shipin__liuxie_17__part01,文心雕龍·諸子,劉勰,列御寇之書，氣偉而采奇；,列御寇之書，氣偉而采奇；,列 御寇 之 书 气 伟而 采奇,氣,736,736,采奇,739,741,739,741,2,0,
window5,华采,1,0.041148854563009644,liuxie_shipin__liuxie_17,liuxie_shipin__liuxie_17__part01,文心雕龍·諸子,劉勰,呂氏鑒遠而體周，淮南汎採而文麗，斯則得百氏之華采，而辭氣文之大略也。,呂氏鑒遠而體周，淮南汎採而文麗，斯則得百氏之華采，而辭氣文之大略也。,吕氏 鉴远 而 体周 淮南 泛采 而 文丽 斯则 得 百氏 之 华采 而辞 气 文之 大略 也,氣,860,860,華采,855,857,855,857,2,0,
window5,而辞,1,0.041148854563009644,liuxie_shipin__liuxie_17,liuxie_shipin__liuxie_17__part01,文心雕龍·諸子,劉勰,呂氏鑒遠而體周，淮南汎採而文麗，斯則得百氏之華采，而辭氣文之大略也。,呂氏鑒遠而體周，淮南汎採而文麗，斯則得百氏之華采，而辭氣文之大略也。,吕氏 鉴远 而 体周 淮南 泛采 而 文丽 斯则 得 百氏 之 华采 而辞 气 文之 大略 也,氣,860,860,而辭,858,860,858,860,1,0,
window5,师心,1,0.041148854563009644,liuxie_shipin__liuxie_47,liuxie_shipin__liuxie_47__part01,文心雕龍·才略,劉勰,嵇康師心以遣論，阮籍使氣以命詩，殊聲而合響，異翮而同飛。,嵇康師心以遣論，阮籍使氣以命詩，殊聲而合響，異翮而同飛。,嵇康 师心 以遣论 阮籍 使 气 以命 诗 殊声 而 合响 异翮 而 同飞,氣,1161,1161,師心,1152,1154,1152,1154,4,0,
window5,邹阳,1,0.041148854563009644,liuxie_shipin__liuxie_47,liuxie_shipin__liuxie_47__part01,文心雕龍·才略,劉勰,枚乘之《七發》，鄒陽之上書，膏潤於筆，氣形於言矣。,枚乘之《七發》，鄒陽之上書，膏潤於筆，氣形於言矣。,枚 乘 之 七发 邹阳 之 上书 膏润 于笔 气 形于 言 矣,氣,345,345,鄒陽,334,336,334,336,5,0,
window5,封策,1,0.020790256338152187,liuxie_shipin__liuxie_19,liuxie_shipin__liuxie_19__part01,文心雕龍·詔策,劉勰,優文封策，則氣含風雨之潤；,優文封策，則氣含風雨之潤；,优文 封策 则 气 含 风雨 之润,氣,708,708,封策,704,706,704,706,2,0,
window5,风雨,1,0.020790256338152187,liuxie_shipin__liuxie_19,liuxie_shipin__liuxie_19__part01,文心雕龍·詔策,劉勰,優文封策，則氣含風雨之潤；,優文封策，則氣含風雨之潤；,优文 封策 则 气 含 风雨 之润,氣,708,708,風雨,710,712,710,712,2,0,
window5,之润,1,0.020790256338152187,liuxie_shipin__liuxie_19,liuxie_shipin__liuxie_19__part01,文心雕龍·詔策,劉勰,優文封策，則氣含風雨之潤；,優文封策，則氣含風雨之潤；,优文 封策 则 气 含 风雨 之润,氣,708,708,之潤,712,714,712,714,3,0,
window5,使声,1,0.020790256338152187,liuxie_shipin__liuxie_20,liuxie_shipin__liuxie_20__part01,文心雕龍·檄移,劉勰,故分閫推轂，奉辭伐罪，非唯致果為毅，亦且厲辭為武，使聲如衝風所擊，氣似欃槍所掃，奮其武怒，總其罪人，懲其惡稔之時，顯其貫盈之數，搖奸宄之膽，訂信慎之心，使百尺之衝，摧折於咫書，萬雉之城，顛墜於一檄者也。,故分閫推轂，奉辭伐罪，非唯致果為毅，亦且厲辭為武，使聲如衝風所擊，氣似欃槍所掃，奮其武怒，總其罪人，懲其惡稔之時，顯其貫盈之數，搖奸宄之膽，訂信慎之心，使百尺之衝，摧折於咫書，萬雉之城，顛墜於一檄者也。,故 分阃 推毂 奉辞伐罪 非唯致果 为毅 亦且 厉辞 为 武 使声 如 冲风 所击 气 似 欃枪 所扫 奋其 武怒 总其 罪人 惩其 恶稔 之 时 显其 贯盈 之数 摇 奸宄 之胆 订信慎 之心 使 百尺 之冲 摧折 于 咫书 万雉 之 城 颠坠 于 一 檄者 也,氣,343,343,使聲,335,337,335,337,4,0,
window5,冲风,1,0.020790256338152187,liuxie_shipin__liuxie_20,liuxie_shipin__liuxie_20__part01,文心雕龍·檄移,劉勰,故分閫推轂，奉辭伐罪，非唯致果為毅，亦且厲辭為武，使聲如衝風所擊，氣似欃槍所掃，奮其武怒，總其罪人，懲其惡稔之時，顯其貫盈之數，搖奸宄之膽，訂信慎之心，使百尺之衝，摧折於咫書，萬雉之城，顛墜於一檄者也。,故分閫推轂，奉辭伐罪，非唯致果為毅，亦且厲辭為武，使聲如衝風所擊，氣似欃槍所掃，奮其武怒，總其罪人，懲其惡稔之時，顯其貫盈之數，搖奸宄之膽，訂信慎之心，使百尺之衝，摧折於咫書，萬雉之城，顛墜於一檄者也。,故 分阃 推毂 奉辞伐罪 非唯致果 为毅 亦且 厉辞 为 武 使声 如 冲风 所击 气 似 欃枪 所扫 奋其 武怒 总其 罪人 惩其 恶稔 之 时 显其 贯盈 之数 摇 奸宄 之胆 订信慎 之心 使 百尺 之冲 摧折 于 咫书 万雉 之 城 颠坠 于 一 檄者 也,氣,343,343,衝風,338,340,338,340,2,0,
window5,所击,1,0.020790256338152187,liuxie_shipin__liuxie_20,liuxie_shipin__liuxie_20__part01,文心雕龍·檄移,劉勰,故分閫推轂，奉辭伐罪，非唯致果為毅，亦且厲辭為武，使聲如衝風所擊，氣似欃槍所掃，奮其武怒，總其罪人，懲其惡稔之時，顯其貫盈之數，搖奸宄之膽，訂信慎之心，使百尺之衝，摧折於咫書，萬雉之城，顛墜於一檄者也。,故分閫推轂，奉辭伐罪，非唯致果為毅，亦且厲辭為武，使聲如衝風所擊，氣似欃槍所掃，奮其武怒，總其罪人，懲其惡稔之時，顯其貫盈之數，搖奸宄之膽，訂信慎之心，使百尺之衝，摧折於咫書，萬雉之城，顛墜於一檄者也。,故 分阃 推毂 奉辞伐罪 非唯致果 为毅 亦且 厉辞 为 武 使声 如 冲风 所击 气 似 欃枪 所扫 奋其 武怒 总其 罪人 惩其 恶稔 之 时 显其 贯盈 之数 摇 奸宄 之胆 订信慎 之心 使 百尺 之冲 摧折 于 咫书 万雉 之 城 颠坠 于 一 檄者 也,氣,343,343,所擊,340,342,340,342,1,0,
window5,欃枪,1,0.020790256338152187,liuxie_shipin__liuxie_20,liuxie_shipin__liuxie_20__part01,文心雕龍·檄移,劉勰,故分閫推轂，奉辭伐罪，非唯致果為毅，亦且厲辭為武，使聲如衝風所擊，氣似欃槍所掃，奮其武怒，總其罪人，懲其惡稔之時，顯其貫盈之數，搖奸宄之膽，訂信慎之心，使百尺之衝，摧折於咫書，萬雉之城，顛墜於一檄者也。,故分閫推轂，奉辭伐罪，非唯致果為毅，亦且厲辭為武，使聲如衝風所擊，氣似欃槍所掃，奮其武怒，總其罪人，懲其惡稔之時，顯其貫盈之數，搖奸宄之膽，訂信慎之心，使百尺之衝，摧折於咫書，萬雉之城，顛墜於一檄者也。,故 分阃 推毂 奉辞伐罪 非唯致果 为毅 亦且 厉辞 为 武 使声 如 冲风 所击 气 似 欃枪 所扫 奋其 武怒 总其 罪人 惩其 恶稔 之 时 显其 贯盈 之数 摇 奸宄 之胆 订信慎 之心 使 百尺 之冲 摧折 于 咫书 万雉 之 城 颠坠 于 一 檄者 也,氣,343,343,欃槍,345,347,345,347,2,0,
window5,所扫,1,0.020790256338152187,liuxie_shipin__liuxie_20,liuxie_shipin__liuxie_20__part01,文心雕龍·檄移,劉勰,故分閫推轂，奉辭伐罪，非唯致果為毅，亦且厲辭為武，使聲如衝風所擊，氣似欃槍所掃，奮其武怒，總其罪人，懲其惡稔之時，顯其貫盈之數，搖奸宄之膽，訂信慎之心，使百尺之衝，摧折於咫書，萬雉之城，顛墜於一檄者也。,故分閫推轂，奉辭伐罪，非唯致果為毅，亦且厲辭為武，使聲如衝風所擊，氣似欃槍所掃，奮其武怒，總其罪人，懲其惡稔之時，顯其貫盈之數，搖奸宄之膽，訂信慎之心，使百尺之衝，摧折於咫書，萬雉之城，顛墜於一檄者也。,故 分阃 推毂 奉辞伐罪 非唯致果 为毅 亦且 厉辞 为 武 使声 如 冲风 所击 气 似 欃枪 所扫 奋其 武怒 总其 罪人 惩其 恶稔 之 时 显其 贯盈 之数 摇 奸宄 之胆 订信慎 之心 使 百尺 之冲 摧折 于 咫书 万雉 之 城 颠坠 于 一 檄者 也,氣,343,343,所掃,347,349,347,349,3,0,
window5,奋其,1,0.020790256338152187,liuxie_shipin__liuxie_20,liuxie_shipin__liuxie_20__part01,文心雕龍·檄移,劉勰,故分閫推轂，奉辭伐罪，非唯致果為毅，亦且厲辭為武，使聲如衝風所擊，氣似欃槍所掃，奮其武怒，總其罪人，懲其惡稔之時，顯其貫盈之數，搖奸宄之膽，訂信慎之心，使百尺之衝，摧折於咫書，萬雉之城，顛墜於一檄者也。,故分閫推轂，奉辭伐罪，非唯致果為毅，亦且厲辭為武，使聲如衝風所擊，氣似欃槍所掃，奮其武怒，總其罪人，懲其惡稔之時，顯其貫盈之數，搖奸宄之膽，訂信慎之心，使百尺之衝，摧折於咫書，萬雉之城，顛墜於一檄者也。,故 分阃 推毂 奉辞伐罪 非唯致果 为毅 亦且 厉辞 为 武 使声 如 冲风 所击 气 似 欃枪 所扫 奋其 武怒 总其 罪人 惩其 恶稔 之 时 显其 贯盈 之数 摇 奸宄 之胆 订信慎 之心 使 百尺 之冲 摧折 于 咫书 万雉 之 城 颠坠 于 一 檄者 也,氣,343,343,奮其,350,352,350,352,4,0,
window5,武怒,1,0.020790256338152187,liuxie_shipin__liuxie_20,liuxie_shipin__liuxie_20__part01,文心雕龍·檄移,劉勰,故分閫推轂，奉辭伐罪，非唯致果為毅，亦且厲辭為武，使聲如衝風所擊，氣似欃槍所掃，奮其武怒，總其罪人，懲其惡稔之時，顯其貫盈之數，搖奸宄之膽，訂信慎之心，使百尺之衝，摧折於咫書，萬雉之城，顛墜於一檄者也。,故分閫推轂，奉辭伐罪，非唯致果為毅，亦且厲辭為武，使聲如衝風所擊，氣似欃槍所掃，奮其武怒，總其罪人，懲其惡稔之時，顯其貫盈之數，搖奸宄之膽，訂信慎之心，使百尺之衝，摧折於咫書，萬雉之城，顛墜於一檄者也。,故 分阃 推毂 奉辞伐罪 非唯致果 为毅 亦且 厉辞 为 武 使声 如 冲风 所击 气 似 欃枪 所扫 奋其 武怒 总其 罪人 惩其 恶稔 之 时 显其 贯盈 之数 摇 奸宄 之胆 订信慎 之心 使 百尺 之冲 摧折 于 咫书 万雉 之 城 颠坠 于 一 檄者 也,氣,343,343,武怒,352,354,352,354,5,0,
window5,刚健,1,0.041148854563009644,liuxie_shipin__liuxie_28,liuxie_shipin__liuxie_28__part01,文心雕龍·風骨,劉勰,是以綴慮裁篇，務盈守氣，剛健既實，輝光乃新，其為文用，譬征鳥之使翼也。,是以綴慮裁篇，務盈守氣，剛健既實，輝光乃新，其為文用，譬征鳥之使翼也。,是 以 缀虑 裁篇 务盈守 气 刚健 既实 辉光 乃新 其为 文用 譬 征鸟 之 使翼 也,氣,126,126,剛健,128,130,128,130,1,0,
window5,使义,1,0.020790256338152187,liuxie_shipin__liuxie_20,liuxie_shipin__liuxie_20__part01,文心雕龍·檄移,劉勰,故其植義颺辭，務在剛健，插羽以示迅，不可使辭緩，露板以宣眾，不可使義隱，必事昭而理辨，氣盛而辭斷，此其要也。,故其植義颺辭，務在剛健，插羽以示迅，不可使辭緩，露板以宣眾，不可使義隱，必事昭而理辨，氣盛而辭斷，此其要也。,故其 植义 飏 辞 务 在 刚健 插羽 以示 迅 不可 使 辞缓 露板 以 宣众 不可 使义 隐 必事昭而理 辨 气 盛而 辞断 此其要 也,氣,661,661,使義,650,652,650,652,4,0,
window5,必事昭而理,1,0.020790256338152187,liuxie_shipin__liuxie_20,liuxie_shipin__liuxie_20__part01,文心雕龍·檄移,劉勰,故其植義颺辭，務在剛健，插羽以示迅，不可使辭緩，露板以宣眾，不可使義隱，必事昭而理辨，氣盛而辭斷，此其要也。,故其植義颺辭，務在剛健，插羽以示迅，不可使辭緩，露板以宣眾，不可使義隱，必事昭而理辨，氣盛而辭斷，此其要也。,故其 植义 飏 辞 务 在 刚健 插羽 以示 迅 不可 使 辞缓 露板 以 宣众 不可 使义 隐 必事昭而理 辨 气 盛而 辞断 此其要 也,氣,661,661,必事昭而理,654,659,654,659,2,0,
window5,盛而,1,0.020790256338152187,liuxie_shipin__liuxie_20,liuxie_shipin__liuxie_20__part01,文心雕龍·檄移,劉勰,故其植義颺辭，務在剛健，插羽以示迅，不可使辭緩，露板以宣眾，不可使義隱，必事昭而理辨，氣盛而辭斷，此其要也。,故其植義颺辭，務在剛健，插羽以示迅，不可使辭緩，露板以宣眾，不可使義隱，必事昭而理辨，氣盛而辭斷，此其要也。,故其 植义 飏 辞 务 在 刚健 插羽 以示 迅 不可 使 辞缓 露板 以 宣众 不可 使义 隐 必事昭而理 辨 气 盛而 辞断 此其要 也,氣,661,661,盛而,662,664,662,664,1,0,
window5,辞断,1,0.020790256338152187,liuxie_shipin__liuxie_20,liuxie_shipin__liuxie_20__part01,文心雕龍·檄移,劉勰,故其植義颺辭，務在剛健，插羽以示迅，不可使辭緩，露板以宣眾，不可使義隱，必事昭而理辨，氣盛而辭斷，此其要也。,故其植義颺辭，務在剛健，插羽以示迅，不可使辭緩，露板以宣眾，不可使義隱，必事昭而理辨，氣盛而辭斷，此其要也。,故其 植义 飏 辞 务 在 刚健 插羽 以示 迅 不可 使 辞缓 露板 以 宣众 不可 使义 隐 必事昭而理 辨 气 盛而 辞断 此其要 也,氣,661,661,辭斷,664,666,664,666,2,0,
window5,此其要,1,0.020790256338152187,liuxie_shipin__liuxie_20,liuxie_shipin__liuxie_20__part01,文心雕龍·檄移,劉勰,故其植義颺辭，務在剛健，插羽以示迅，不可使辭緩，露板以宣眾，不可使義隱，必事昭而理辨，氣盛而辭斷，此其要也。,故其植義颺辭，務在剛健，插羽以示迅，不可使辭緩，露板以宣眾，不可使義隱，必事昭而理辨，氣盛而辭斷，此其要也。,故其 植义 飏 辞 务 在 刚健 插羽 以示 迅 不可 使 辞缓 露板 以 宣众 不可 使义 隐 必事昭而理 辨 气 盛而 辞断 此其要 也,氣,661,661,此其要,667,670,667,670,3,0,
window5,文自,1,0.041148854563009644,liuxie_shipin__liuxie_21,liuxie_shipin__liuxie_21__part01,文心雕龍·封禪,劉勰,秦皇銘岱，文自李斯，法家辭氣，體乏弘潤。,秦皇銘岱，文自李斯，法家辭氣，體乏弘潤。,秦皇 铭 岱 文自 李斯 法家 辞 气 体乏 弘润,氣,258,258,文自,250,252,250,252,4,0,
window5,体乏,1,0.020790256338152187,liuxie_shipin__liuxie_21,liuxie_shipin__liuxie_21__part01,文心雕龍·封禪,劉勰,秦皇銘岱，文自李斯，法家辭氣，體乏弘潤。,秦皇銘岱，文自李斯，法家辭氣，體乏弘潤。,秦皇 铭 岱 文自 李斯 法家 辞 气 体乏 弘润,氣,258,258,體乏,260,262,260,262,1,0,
window5,之荐,1,0.020790256338152187,liuxie_shipin__liuxie_22,liuxie_shipin__liuxie_22__part01,文心雕龍·章表,劉勰,至於文舉之薦禰衡，氣揚采飛；,至於文舉之薦禰衡，氣揚采飛；,至于 文举 之荐 祢衡 气 扬 采飞,氣,507,507,之薦,502,504,502,504,2,0,
window5,采飞,1,0.020790256338152187,liuxie_shipin__liuxie_22,liuxie_shipin__liuxie_22__part01,文心雕龍·章表,劉勰,至於文舉之薦禰衡，氣揚采飛；,至於文舉之薦禰衡，氣揚采飛；,至于 文举 之荐 祢衡 气 扬 采飞,氣,507,507,采飛,509,511,509,511,2,0,
window5,言必,1,0.041148854563009644,liuxie_shipin__liuxie_37,liuxie_shipin__liuxie_37__part01,文心雕龍·夸飾,劉勰,言必鵬運，氣靡鴻漸。,言必鵬運，氣靡鴻漸。,言必 鹏运 气 靡 鸿渐,氣,647,647,言必,642,644,642,644,2,0,
window5,膏润,1,0.041148854563009644,liuxie_shipin__liuxie_47,liuxie_shipin__liuxie_47__part01,文心雕龍·才略,劉勰,枚乘之《七發》，鄒陽之上書，膏潤於筆，氣形於言矣。,枚乘之《七發》，鄒陽之上書，膏潤於筆，氣形於言矣。,枚 乘 之 七发 邹阳 之 上书 膏润 于笔 气 形于 言 矣,氣,345,345,膏潤,340,342,340,342,2,0,
window5,故位,1,0.020790256338152187,liuxie_shipin__liuxie_23,liuxie_shipin__liuxie_23__part01,文心雕龍·奏啟,劉勰,故位在鷙擊，砥礪其氣，必使筆端振風，簡上凝霜者也。,故位在鷙擊，砥礪其氣，必使筆端振風，簡上凝霜者也。,故位 在 鸷击 砥砺 其 气 必使 笔端 振风 简上 凝霜 者 也,氣,422,422,故位,413,415,413,415,5,0,
window5,鸷击,1,0.020790256338152187,liuxie_shipin__liuxie_23,liuxie_shipin__liuxie_23__part01,文心雕龍·奏啟,劉勰,故位在鷙擊，砥礪其氣，必使筆端振風，簡上凝霜者也。,故位在鷙擊，砥礪其氣，必使筆端振風，簡上凝霜者也。,故位 在 鸷击 砥砺 其 气 必使 笔端 振风 简上 凝霜 者 也,氣,422,422,鷙擊,416,418,416,418,3,0,
window5,砥砺,1,0.020790256338152187,liuxie_shipin__liuxie_23,liuxie_shipin__liuxie_23__part01,文心雕龍·奏啟,劉勰,故位在鷙擊，砥礪其氣，必使筆端振風，簡上凝霜者也。,故位在鷙擊，砥礪其氣，必使筆端振風，簡上凝霜者也。,故位 在 鸷击 砥砺 其 气 必使 笔端 振风 简上 凝霜 者 也,氣,422,422,砥礪,419,421,419,421,2,0,
window5,振风,1,0.020790256338152187,liuxie_shipin__liuxie_23,liuxie_shipin__liuxie_23__part01,文心雕龍·奏啟,劉勰,故位在鷙擊，砥礪其氣，必使筆端振風，簡上凝霜者也。,故位在鷙擊，砥礪其氣，必使筆端振風，簡上凝霜者也。,故位 在 鸷击 砥砺 其 气 必使 笔端 振风 简上 凝霜 者 也,氣,422,422,振風,428,430,428,430,3,0,
window5,简上,1,0.020790256338152187,liuxie_shipin__liuxie_23,liuxie_shipin__liuxie_23__part01,文心雕龍·奏啟,劉勰,故位在鷙擊，砥礪其氣，必使筆端振風，簡上凝霜者也。,故位在鷙擊，砥礪其氣，必使筆端振風，簡上凝霜者也。,故位 在 鸷击 砥砺 其 气 必使 笔端 振风 简上 凝霜 者 也,氣,422,422,簡上,431,433,431,433,4,0,
window5,凝霜,1,0.020790256338152187,liuxie_shipin__liuxie_23,liuxie_shipin__liuxie_23__part01,文心雕龍·奏啟,劉勰,故位在鷙擊，砥礪其氣，必使筆端振風，簡上凝霜者也。,故位在鷙擊，砥礪其氣，必使筆端振風，簡上凝霜者也。,故位 在 鸷击 砥砺 其 气 必使 笔端 振风 简上 凝霜 者 也,氣,422,422,凝霜,433,435,433,435,5,0,
window5,儒家,1,0.020790256338152187,liuxie_shipin__liuxie_23,liuxie_shipin__liuxie_23__part01,文心雕龍·奏啟,劉勰,必使理有典刑，辭有風軌，總法家之式，秉儒家之文，不畏彊禦，氣流墨中，無縱詭隨，聲動簡外，乃稱絕席之雄，直方之舉耳。,必使理有典刑，辭有風軌，總法家之式，秉儒家之文，不畏彊禦，氣流墨中，無縱詭隨，聲動簡外，乃稱絕席之雄，直方之舉耳。,必使 理有 典刑 辞有 风轨 总 法家 之式 秉 儒家 之文 不畏 彊 御 气 流墨 中 无纵 诡随 声动 简外 乃称 绝席 之雄 直方 之举 耳,氣,734,734,儒家,724,726,724,726,5,0,
window5,不畏,1,0.020790256338152187,liuxie_shipin__liuxie_23,liuxie_shipin__liuxie_23__part01,文心雕龍·奏啟,劉勰,必使理有典刑，辭有風軌，總法家之式，秉儒家之文，不畏彊禦，氣流墨中，無縱詭隨，聲動簡外，乃稱絕席之雄，直方之舉耳。,必使理有典刑，辭有風軌，總法家之式，秉儒家之文，不畏彊禦，氣流墨中，無縱詭隨，聲動簡外，乃稱絕席之雄，直方之舉耳。,必使 理有 典刑 辞有 风轨 总 法家 之式 秉 儒家 之文 不畏 彊 御 气 流墨 中 无纵 诡随 声动 简外 乃称 绝席 之雄 直方 之举 耳,氣,734,734,不畏,729,731,729,731,3,0,
window5,流墨,1,0.020790256338152187,liuxie_shipin__liuxie_23,liuxie_shipin__liuxie_23__part01,文心雕龍·奏啟,劉勰,必使理有典刑，辭有風軌，總法家之式，秉儒家之文，不畏彊禦，氣流墨中，無縱詭隨，聲動簡外，乃稱絕席之雄，直方之舉耳。,必使理有典刑，辭有風軌，總法家之式，秉儒家之文，不畏彊禦，氣流墨中，無縱詭隨，聲動簡外，乃稱絕席之雄，直方之舉耳。,必使 理有 典刑 辞有 风轨 总 法家 之式 秉 儒家 之文 不畏 彊 御 气 流墨 中 无纵 诡随 声动 简外 乃称 绝席 之雄 直方 之举 耳,氣,734,734,流墨,735,737,735,737,1,0,
window5,无纵,1,0.020790256338152187,liuxie_shipin__liuxie_23,liuxie_shipin__liuxie_23__part01,文心雕龍·奏啟,劉勰,必使理有典刑，辭有風軌，總法家之式，秉儒家之文，不畏彊禦，氣流墨中，無縱詭隨，聲動簡外，乃稱絕席之雄，直方之舉耳。,必使理有典刑，辭有風軌，總法家之式，秉儒家之文，不畏彊禦，氣流墨中，無縱詭隨，聲動簡外，乃稱絕席之雄，直方之舉耳。,必使 理有 典刑 辞有 风轨 总 法家 之式 秉 儒家 之文 不畏 彊 御 气 流墨 中 无纵 诡随 声动 简外 乃称 绝席 之雄 直方 之举 耳,氣,734,734,無縱,739,741,739,741,3,0,
window5,诡随,1,0.020790256338152187,liuxie_shipin__liuxie_23,liuxie_shipin__liuxie_23__part01,文心雕龍·奏啟,劉勰,必使理有典刑，辭有風軌，總法家之式，秉儒家之文，不畏彊禦，氣流墨中，無縱詭隨，聲動簡外，乃稱絕席之雄，直方之舉耳。,必使理有典刑，辭有風軌，總法家之式，秉儒家之文，不畏彊禦，氣流墨中，無縱詭隨，聲動簡外，乃稱絕席之雄，直方之舉耳。,必使 理有 典刑 辞有 风轨 总 法家 之式 秉 儒家 之文 不畏 彊 御 气 流墨 中 无纵 诡随 声动 简外 乃称 绝席 之雄 直方 之举 耳,氣,734,734,詭隨,741,743,741,743,4,0,
window5,声动,1,0.020790256338152187,liuxie_shipin__liuxie_23,liuxie_shipin__liuxie_23__part01,文心雕龍·奏啟,劉勰,必使理有典刑，辭有風軌，總法家之式，秉儒家之文，不畏彊禦，氣流墨中，無縱詭隨，聲動簡外，乃稱絕席之雄，直方之舉耳。,必使理有典刑，辭有風軌，總法家之式，秉儒家之文，不畏彊禦，氣流墨中，無縱詭隨，聲動簡外，乃稱絕席之雄，直方之舉耳。,必使 理有 典刑 辞有 风轨 总 法家 之式 秉 儒家 之文 不畏 彊 御 气 流墨 中 无纵 诡随 声动 简外 乃称 绝席 之雄 直方 之举 耳,氣,734,734,聲動,744,746,744,746,5,0,
window5,鲁丕,1,0.020790256338152187,liuxie_shipin__liuxie_24,liuxie_shipin__liuxie_24__part01,文心雕龍·議對,劉勰,及後漢魯丕，辭氣質素，以儒雅中策，獨入高第。,及後漢魯丕，辭氣質素，以儒雅中策，獨入高第。,及 后汉 鲁丕 辞 气 质素 以 儒雅 中策 独入 高 第,氣,905,905,魯丕,901,903,901,903,2,0,
window5,中策,1,0.020790256338152187,liuxie_shipin__liuxie_24,liuxie_shipin__liuxie_24__part01,文心雕龍·議對,劉勰,及後漢魯丕，辭氣質素，以儒雅中策，獨入高第。,及後漢魯丕，辭氣質素，以儒雅中策，獨入高第。,及 后汉 鲁丕 辞 气 质素 以 儒雅 中策 独入 高 第,氣,905,905,中策,912,914,912,914,4,0,
window5,独入,1,0.020790256338152187,liuxie_shipin__liuxie_24,liuxie_shipin__liuxie_24__part01,文心雕龍·議對,劉勰,及後漢魯丕，辭氣質素，以儒雅中策，獨入高第。,及後漢魯丕，辭氣質素，以儒雅中策，獨入高第。,及 后汉 鲁丕 辞 气 质素 以 儒雅 中策 独入 高 第,氣,905,905,獨入,915,917,915,917,5,0,
window5,汉来,1,0.020790256338152187,liuxie_shipin__liuxie_25,liuxie_shipin__liuxie_25__part01,文心雕龍·書記,劉勰,漢來筆札，辭氣紛紜。,漢來筆札，辭氣紛紜。,汉来 笔札 辞 气 纷纭,氣,197,197,漢來,191,193,191,193,3,0,
window5,之酬,1,0.020790256338152187,liuxie_shipin__liuxie_25,liuxie_shipin__liuxie_25__part01,文心雕龍·書記,劉勰,觀史遷之報任安，東方朔之難公孫，楊惲之酬會宗，子雲之答劉歆，志氣槃桓，各含殊采；,觀史遷之報任安，東方朔之難公孫，楊惲之酬會宗，子雲之答劉歆，志氣槃桓，各含殊采；,观 史迁 之报 任安 东方朔 之难 公孙 杨恽 之酬 会宗 子云之答 刘歆 志 气 槃 桓 各 含殊 采,氣,232,232,之酬,219,221,219,221,5,0,
window5,会宗,1,0.020790256338152187,liuxie_shipin__liuxie_25,liuxie_shipin__liuxie_25__part01,文心雕龍·書記,劉勰,觀史遷之報任安，東方朔之難公孫，楊惲之酬會宗，子雲之答劉歆，志氣槃桓，各含殊采；,觀史遷之報任安，東方朔之難公孫，楊惲之酬會宗，子雲之答劉歆，志氣槃桓，各含殊采；,观 史迁 之报 任安 东方朔 之难 公孙 杨恽 之酬 会宗 子云之答 刘歆 志 气 槃 桓 各 含殊 采,氣,232,232,會宗,221,223,221,223,4,0,
window5,子云之答,1,0.020790256338152187,liuxie_shipin__liuxie_25,liuxie_shipin__liuxie_25__part01,文心雕龍·書記,劉勰,觀史遷之報任安，東方朔之難公孫，楊惲之酬會宗，子雲之答劉歆，志氣槃桓，各含殊采；,觀史遷之報任安，東方朔之難公孫，楊惲之酬會宗，子雲之答劉歆，志氣槃桓，各含殊采；,观 史迁 之报 任安 东方朔 之难 公孙 杨恽 之酬 会宗 子云之答 刘歆 志 气 槃 桓 各 含殊 采,氣,232,232,子雲之答,224,228,224,228,3,0,
window5,含殊,1,0.020790256338152187,liuxie_shipin__liuxie_25,liuxie_shipin__liuxie_25__part01,文心雕龍·書記,劉勰,觀史遷之報任安，東方朔之難公孫，楊惲之酬會宗，子雲之答劉歆，志氣槃桓，各含殊采；,觀史遷之報任安，東方朔之難公孫，楊惲之酬會宗，子雲之答劉歆，志氣槃桓，各含殊采；,观 史迁 之报 任安 东方朔 之难 公孙 杨恽 之酬 会宗 子云之答 刘歆 志 气 槃 桓 各 含殊 采,氣,232,232,含殊,237,239,237,239,4,0,
window5,实志,1,0.041148854563009644,liuxie_shipin__liuxie_27,liuxie_shipin__liuxie_27__part01,文心雕龍·體性,劉勰,氣以實志，志以定言，吐納英華，莫非情性。,氣以實志，志以定言，吐納英華，莫非情性。,气 以 实志 志以 定言 吐纳 英华 莫非 情性,氣,369,369,實志,371,373,371,373,2,0,
window5,涤畅,1,0.020790256338152187,liuxie_shipin__liuxie_25,liuxie_shipin__liuxie_25__part01,文心雕龍·書記,劉勰,詳總書體，本在盡言，言以散鬱陶，託風采，故宜滌暢以任氣，優柔以懌懷。,詳總書體，本在盡言，言以散鬱陶，託風采，故宜滌暢以任氣，優柔以懌懷。,详 总 书体 本 在 尽言 言以 散 郁陶 托 风采 故宜 涤畅 以任 气 优柔 以怿怀,氣,388,388,滌暢,384,386,384,386,2,0,
window5,优柔,1,0.041148854563009644,liuxie_shipin__liuxie_25,liuxie_shipin__liuxie_25__part01,文心雕龍·書記,劉勰,詳總書體，本在盡言，言以散鬱陶，託風采，故宜滌暢以任氣，優柔以懌懷。,詳總書體，本在盡言，言以散鬱陶，託風采，故宜滌暢以任氣，優柔以懌懷。,详 总 书体 本 在 尽言 言以 散 郁陶 托 风采 故宜 涤畅 以任 气 优柔 以怿怀,氣,388,388,優柔,390,392,390,392,1,0,
window5,以怿怀,1,0.020790256338152187,liuxie_shipin__liuxie_25,liuxie_shipin__liuxie_25__part01,文心雕龍·書記,劉勰,詳總書體，本在盡言，言以散鬱陶，託風采，故宜滌暢以任氣，優柔以懌懷。,詳總書體，本在盡言，言以散鬱陶，託風采，故宜滌暢以任氣，優柔以懌懷。,详 总 书体 本 在 尽言 言以 散 郁陶 托 风采 故宜 涤畅 以任 气 优柔 以怿怀,氣,388,388,以懌懷,392,395,392,395,2,0,
window5,然才,1,0.041148854563009644,liuxie_shipin__liuxie_27,liuxie_shipin__liuxie_27__part01,文心雕龍·體性,劉勰,然才有庸俊，氣有剛柔，學有淺深，習有雅鄭，並情性所鑠，陶染所凝，是以筆區雲譎，文苑波詭者矣。,然才有庸俊，氣有剛柔，學有淺深，習有雅鄭，並情性所鑠，陶染所凝，是以筆區雲譎，文苑波詭者矣。,然才 有庸俊 气 有 刚柔 学有 浅深 习有 雅郑 并 情性 所铄 陶染 所 凝 是 以 笔区 云谲 文苑 波诡 者 矣,氣,34,34,然才,28,30,28,30,2,0,
window5,神居,1,0.020790256338152187,liuxie_shipin__liuxie_26,liuxie_shipin__liuxie_26__part01,文心雕龍·神思,劉勰,神居胸臆，而志氣統其關鍵；,神居胸臆，而志氣統其關鍵；,神居 胸臆 而志 气 统其 关键,氣,106,106,神居,99,101,99,101,3,0,
window5,统其,1,0.020790256338152187,liuxie_shipin__liuxie_26,liuxie_shipin__liuxie_26__part01,文心雕龍·神思,劉勰,神居胸臆，而志氣統其關鍵；,神居胸臆，而志氣統其關鍵；,神居 胸臆 而志 气 统其 关键,氣,106,106,統其,107,109,107,109,1,0,
window5,辞前,1,0.020790256338152187,liuxie_shipin__liuxie_26,liuxie_shipin__liuxie_26__part01,文心雕龍·神思,劉勰,方其搦翰，氣倍辭前，暨乎篇成，半折心始，何則，意翻空而易奇，言徵實而難巧也。,方其搦翰，氣倍辭前，暨乎篇成，半折心始，何則，意翻空而易奇，言徵實而難巧也。,方其 搦 翰 气 倍 辞前 暨乎 篇 成 半折 心始 何则 意翻 空而易奇 言 征实 而 难巧 也,氣,293,293,辭前,295,297,295,297,2,0,
window5,谭疾,1,0.020790256338152187,liuxie_shipin__liuxie_26,liuxie_shipin__liuxie_26__part01,文心雕龍·神思,劉勰,人之稟才，遲速異分，文之制體，大小殊功，相如含筆而腐毫，揚雄輟翰而驚夢，桓譚疾感於苦思，王充氣竭於思慮，張衡研京以十年，左思練都以一紀，雖有巨文，亦思之緩也。,人之稟才，遲速異分，文之制體，大小殊功，相如含筆而腐毫，揚雄輟翰而驚夢，桓譚疾感於苦思，王充氣竭於思慮，張衡研京以十年，左思練都以一紀，雖有巨文，亦思之緩也。,人 之 禀才 迟速 异分 文之制体 大小 殊功 相如 含笔 而 腐毫 扬雄 辍翰 而 惊梦 桓 谭疾 感于 苦思 王充 气 竭于 思虑 张衡 研京以 十年 左思 练 都 以 一纪 虽有 巨文 亦 思之缓 也,氣,441,441,譚疾,432,434,432,434,4,0,
window5,感于,1,0.020790256338152187,liuxie_shipin__liuxie_26,liuxie_shipin__liuxie_26__part01,文心雕龍·神思,劉勰,人之稟才，遲速異分，文之制體，大小殊功，相如含筆而腐毫，揚雄輟翰而驚夢，桓譚疾感於苦思，王充氣竭於思慮，張衡研京以十年，左思練都以一紀，雖有巨文，亦思之緩也。,人之稟才，遲速異分，文之制體，大小殊功，相如含筆而腐毫，揚雄輟翰而驚夢，桓譚疾感於苦思，王充氣竭於思慮，張衡研京以十年，左思練都以一紀，雖有巨文，亦思之緩也。,人 之 禀才 迟速 异分 文之制体 大小 殊功 相如 含笔 而 腐毫 扬雄 辍翰 而 惊梦 桓 谭疾 感于 苦思 王充 气 竭于 思虑 张衡 研京以 十年 左思 练 都 以 一纪 虽有 巨文 亦 思之缓 也,氣,441,441,感於,434,436,434,436,3,0,
window5,苦思,1,0.020790256338152187,liuxie_shipin__liuxie_26,liuxie_shipin__liuxie_26__part01,文心雕龍·神思,劉勰,人之稟才，遲速異分，文之制體，大小殊功，相如含筆而腐毫，揚雄輟翰而驚夢，桓譚疾感於苦思，王充氣竭於思慮，張衡研京以十年，左思練都以一紀，雖有巨文，亦思之緩也。,人之稟才，遲速異分，文之制體，大小殊功，相如含筆而腐毫，揚雄輟翰而驚夢，桓譚疾感於苦思，王充氣竭於思慮，張衡研京以十年，左思練都以一紀，雖有巨文，亦思之緩也。,人 之 禀才 迟速 异分 文之制体 大小 殊功 相如 含笔 而 腐毫 扬雄 辍翰 而 惊梦 桓 谭疾 感于 苦思 王充 气 竭于 思虑 张衡 研京以 十年 左思 练 都 以 一纪 虽有 巨文 亦 思之缓 也,氣,441,441,苦思,436,438,436,438,2,0,
window5,竭于,1,0.020790256338152187,liuxie_shipin__liuxie_26,liuxie_shipin__liuxie_26__part01,文心雕龍·神思,劉勰,人之稟才，遲速異分，文之制體，大小殊功，相如含筆而腐毫，揚雄輟翰而驚夢，桓譚疾感於苦思，王充氣竭於思慮，張衡研京以十年，左思練都以一紀，雖有巨文，亦思之緩也。,人之稟才，遲速異分，文之制體，大小殊功，相如含筆而腐毫，揚雄輟翰而驚夢，桓譚疾感於苦思，王充氣竭於思慮，張衡研京以十年，左思練都以一紀，雖有巨文，亦思之緩也。,人 之 禀才 迟速 异分 文之制体 大小 殊功 相如 含笔 而 腐毫 扬雄 辍翰 而 惊梦 桓 谭疾 感于 苦思 王充 气 竭于 思虑 张衡 研京以 十年 左思 练 都 以 一纪 虽有 巨文 亦 思之缓 也,氣,441,441,竭於,442,444,442,444,1,0,
window5,研京以,1,0.020790256338152187,liuxie_shipin__liuxie_26,liuxie_shipin__liuxie_26__part01,文心雕龍·神思,劉勰,人之稟才，遲速異分，文之制體，大小殊功，相如含筆而腐毫，揚雄輟翰而驚夢，桓譚疾感於苦思，王充氣竭於思慮，張衡研京以十年，左思練都以一紀，雖有巨文，亦思之緩也。,人之稟才，遲速異分，文之制體，大小殊功，相如含筆而腐毫，揚雄輟翰而驚夢，桓譚疾感於苦思，王充氣竭於思慮，張衡研京以十年，左思練都以一紀，雖有巨文，亦思之緩也。,人 之 禀才 迟速 异分 文之制体 大小 殊功 相如 含笔 而 腐毫 扬雄 辍翰 而 惊梦 桓 谭疾 感于 苦思 王充 气 竭于 思虑 张衡 研京以 十年 左思 练 都 以 一纪 虽有 巨文 亦 思之缓 也,氣,441,441,研京以,449,452,449,452,4,0,
window5,十年,1,0.020790256338152187,liuxie_shipin__liuxie_26,liuxie_shipin__liuxie_26__part01,文心雕龍·神思,劉勰,人之稟才，遲速異分，文之制體，大小殊功，相如含筆而腐毫，揚雄輟翰而驚夢，桓譚疾感於苦思，王充氣竭於思慮，張衡研京以十年，左思練都以一紀，雖有巨文，亦思之緩也。,人之稟才，遲速異分，文之制體，大小殊功，相如含筆而腐毫，揚雄輟翰而驚夢，桓譚疾感於苦思，王充氣竭於思慮，張衡研京以十年，左思練都以一紀，雖有巨文，亦思之緩也。,人 之 禀才 迟速 异分 文之制体 大小 殊功 相如 含笔 而 腐毫 扬雄 辍翰 而 惊梦 桓 谭疾 感于 苦思 王充 气 竭于 思虑 张衡 研京以 十年 左思 练 都 以 一纪 虽有 巨文 亦 思之缓 也,氣,441,441,十年,452,454,452,454,5,0,
window5,缀虑,1,0.041148854563009644,liuxie_shipin__liuxie_28,liuxie_shipin__liuxie_28__part01,文心雕龍·風骨,劉勰,是以綴慮裁篇，務盈守氣，剛健既實，輝光乃新，其為文用，譬征鳥之使翼也。,是以綴慮裁篇，務盈守氣，剛健既實，輝光乃新，其為文用，譬征鳥之使翼也。,是 以 缀虑 裁篇 务盈守 气 刚健 既实 辉光 乃新 其为 文用 譬 征鸟 之 使翼 也,氣,126,126,綴慮,118,120,118,120,3,0,
window5,有庸俊,1,0.020790256338152187,liuxie_shipin__liuxie_27,liuxie_shipin__liuxie_27__part01,文心雕龍·體性,劉勰,然才有庸俊，氣有剛柔，學有淺深，習有雅鄭，並情性所鑠，陶染所凝，是以筆區雲譎，文苑波詭者矣。,然才有庸俊，氣有剛柔，學有淺深，習有雅鄭，並情性所鑠，陶染所凝，是以筆區雲譎，文苑波詭者矣。,然才 有庸俊 气 有 刚柔 学有 浅深 习有 雅郑 并 情性 所铄 陶染 所 凝 是 以 笔区 云谲 文苑 波诡 者 矣,氣,34,34,有庸俊,30,33,30,33,1,0,
window5,学有,1,0.020790256338152187,liuxie_shipin__liuxie_27,liuxie_shipin__liuxie_27__part01,文心雕龍·體性,劉勰,然才有庸俊，氣有剛柔，學有淺深，習有雅鄭，並情性所鑠，陶染所凝，是以筆區雲譎，文苑波詭者矣。,然才有庸俊，氣有剛柔，學有淺深，習有雅鄭，並情性所鑠，陶染所凝，是以筆區雲譎，文苑波詭者矣。,然才 有庸俊 气 有 刚柔 学有 浅深 习有 雅郑 并 情性 所铄 陶染 所 凝 是 以 笔区 云谲 文苑 波诡 者 矣,氣,34,34,學有,39,41,39,41,3,0,
window5,习有,1,0.020790256338152187,liuxie_shipin__liuxie_27,liuxie_shipin__liuxie_27__part01,文心雕龍·體性,劉勰,然才有庸俊，氣有剛柔，學有淺深，習有雅鄭，並情性所鑠，陶染所凝，是以筆區雲譎，文苑波詭者矣。,然才有庸俊，氣有剛柔，學有淺深，習有雅鄭，並情性所鑠，陶染所凝，是以筆區雲譎，文苑波詭者矣。,然才 有庸俊 气 有 刚柔 学有 浅深 习有 雅郑 并 情性 所铄 陶染 所 凝 是 以 笔区 云谲 文苑 波诡 者 矣,氣,34,34,習有,44,46,44,46,5,0,
window5,风趣,1,0.020790256338152187,liuxie_shipin__liuxie_27,liuxie_shipin__liuxie_27__part01,文心雕龍·體性,劉勰,風趣剛柔，寧或改其氣；,風趣剛柔，寧或改其氣；,风趣 刚柔 宁 或 改其 气,氣,97,97,風趣,88,90,88,90,5,0,
window5,改其,1,0.020790256338152187,liuxie_shipin__liuxie_27,liuxie_shipin__liuxie_27__part01,文心雕龍·體性,劉勰,風趣剛柔，寧或改其氣；,風趣剛柔，寧或改其氣；,风趣 刚柔 宁 或 改其 气,氣,97,97,改其,95,97,95,97,1,0,
window5,竞今,1,0.041148854563009644,liuxie_shipin__liuxie_29,liuxie_shipin__liuxie_29__part01,文心雕龍·通變,劉勰,競今疎古，風昧氣衰也。,競今疎古，風昧氣衰也。,竞今 疎 古 风昧 气 衰 也,氣,332,332,競今,325,327,325,327,4,0,
window5,功以,1,0.020790256338152187,liuxie_shipin__liuxie_27,liuxie_shipin__liuxie_27__part01,文心雕龍·體性,劉勰,若夫八體屢遷，功以學成，才力居中，肇自血氣；,若夫八體屢遷，功以學成，才力居中，肇自血氣；,若夫 八体 屡迁 功以 学成 才力 居中 肇自血 气,氣,367,367,功以,354,356,354,356,5,0,
window5,学成,1,0.020790256338152187,liuxie_shipin__liuxie_27,liuxie_shipin__liuxie_27__part01,文心雕龍·體性,劉勰,若夫八體屢遷，功以學成，才力居中，肇自血氣；,若夫八體屢遷，功以學成，才力居中，肇自血氣；,若夫 八体 屡迁 功以 学成 才力 居中 肇自血 气,氣,367,367,學成,356,358,356,358,4,0,
window5,志以,1,0.020790256338152187,liuxie_shipin__liuxie_27,liuxie_shipin__liuxie_27__part01,文心雕龍·體性,劉勰,氣以實志，志以定言，吐納英華，莫非情性。,氣以實志，志以定言，吐納英華，莫非情性。,气 以 实志 志以 定言 吐纳 英华 莫非 情性,氣,369,369,志以,374,376,374,376,3,0,
window5,定言,1,0.020790256338152187,liuxie_shipin__liuxie_27,liuxie_shipin__liuxie_27__part01,文心雕龍·體性,劉勰,氣以實志，志以定言，吐納英華，莫非情性。,氣以實志，志以定言，吐納英華，莫非情性。,气 以 实志 志以 定言 吐纳 英华 莫非 情性,氣,369,369,定言,376,378,376,378,4,0,
window5,故言壮,1,0.020790256338152187,liuxie_shipin__liuxie_27,liuxie_shipin__liuxie_27__part01,文心雕龍·體性,劉勰,公幹氣褊，故言壯而情駭；,公幹氣褊，故言壯而情駭；,公干 气 褊 故言壮 而 情骇,氣,477,477,故言壯,480,483,480,483,2,0,
window5,情骇,1,0.020790256338152187,liuxie_shipin__liuxie_27,liuxie_shipin__liuxie_27__part01,文心雕龍·體性,劉勰,公幹氣褊，故言壯而情駭；,公幹氣褊，故言壯而情駭；,公干 气 褊 故言壮 而 情骇,氣,477,477,情駭,484,486,484,486,4,0,
window5,恒资,1,0.020790256338152187,liuxie_shipin__liuxie_27,liuxie_shipin__liuxie_27__part01,文心雕龍·體性,劉勰,豈非自然之恆資，才氣之大略哉！,豈非自然之恆資，才氣之大略哉！,岂非 自然 之 恒资 才 气 之 大略 哉,氣,554,554,恆資,550,552,550,552,2,0,
window5,斯乃化,1,0.020790256338152187,liuxie_shipin__liuxie_28,liuxie_shipin__liuxie_28__part01,文心雕龍·風骨,劉勰,《詩》總六義，風冠其首，斯乃化感之本源，志氣之符契也。,《詩》總六義，風冠其首，斯乃化感之本源，志氣之符契也。,诗 总 六义 风冠 其首 斯乃化 感 之 本源 志 气 之 符契 也,氣,21,21,斯乃化,12,15,12,15,5,0,
window5,树骸,1,0.020790256338152187,liuxie_shipin__liuxie_28,liuxie_shipin__liuxie_28__part01,文心雕龍·風骨,劉勰,故辭之待骨，如體之樹骸，情之含風，猶形之包氣。,故辭之待骨，如體之樹骸，情之含風，猶形之包氣。,故辞 之待骨 如体 之 树骸 情之 含风 犹形 之包 气,氣,70,70,樹骸,58,60,58,60,5,0,
window5,情之,1,0.020790256338152187,liuxie_shipin__liuxie_28,liuxie_shipin__liuxie_28__part01,文心雕龍·風骨,劉勰,故辭之待骨，如體之樹骸，情之含風，猶形之包氣。,故辭之待骨，如體之樹骸，情之含風，猶形之包氣。,故辞 之待骨 如体 之 树骸 情之 含风 犹形 之包 气,氣,70,70,情之,61,63,61,63,4,0,
window5,含风,1,0.020790256338152187,liuxie_shipin__liuxie_28,liuxie_shipin__liuxie_28__part01,文心雕龍·風骨,劉勰,故辭之待骨，如體之樹骸，情之含風，猶形之包氣。,故辭之待骨，如體之樹骸，情之含風，猶形之包氣。,故辞 之待骨 如体 之 树骸 情之 含风 犹形 之包 气,氣,70,70,含風,63,65,63,65,3,0,
window5,犹形,1,0.020790256338152187,liuxie_shipin__liuxie_28,liuxie_shipin__liuxie_28__part01,文心雕龍·風骨,劉勰,故辭之待骨，如體之樹骸，情之含風，猶形之包氣。,故辭之待骨，如體之樹骸，情之含風，猶形之包氣。,故辞 之待骨 如体 之 树骸 情之 含风 犹形 之包 气,氣,70,70,猶形,66,68,66,68,2,0,
window5,之包,1,0.020790256338152187,liuxie_shipin__liuxie_28,liuxie_shipin__liuxie_28__part01,文心雕龍·風骨,劉勰,故辭之待骨，如體之樹骸，情之含風，猶形之包氣。,故辭之待骨，如體之樹骸，情之含風，猶形之包氣。,故辞 之待骨 如体 之 树骸 情之 含风 犹形 之包 气,氣,70,70,之包,68,70,68,70,1,0,
window5,骏爽,1,0.020790256338152187,liuxie_shipin__liuxie_28,liuxie_shipin__liuxie_28__part01,文心雕龍·風骨,劉勰,意氣駿爽，則文風清焉。,意氣駿爽，則文風清焉。,意 气 骏爽 则 文风 清焉,氣,84,84,駿爽,85,87,85,87,1,0,
window5,文风,1,0.020790256338152187,liuxie_shipin__liuxie_28,liuxie_shipin__liuxie_28__part01,文心雕龍·風骨,劉勰,意氣駿爽，則文風清焉。,意氣駿爽，則文風清焉。,意 气 骏爽 则 文风 清焉,氣,84,84,文風,89,91,89,91,3,0,
window5,清焉,1,0.020790256338152187,liuxie_shipin__liuxie_28,liuxie_shipin__liuxie_28__part01,文心雕龍·風骨,劉勰,意氣駿爽，則文風清焉。,意氣駿爽，則文風清焉。,意 气 骏爽 则 文风 清焉,氣,84,84,清焉,91,93,91,93,4,0,
window5,裁篇,1,0.020790256338152187,liuxie_shipin__liuxie_28,liuxie_shipin__liuxie_28__part01,文心雕龍·風骨,劉勰,是以綴慮裁篇，務盈守氣，剛健既實，輝光乃新，其為文用，譬征鳥之使翼也。,是以綴慮裁篇，務盈守氣，剛健既實，輝光乃新，其為文用，譬征鳥之使翼也。,是 以 缀虑 裁篇 务盈守 气 刚健 既实 辉光 乃新 其为 文用 譬 征鸟 之 使翼 也,氣,126,126,裁篇,120,122,120,122,2,0,
window5,务盈守,1,0.020790256338152187,liuxie_shipin__liuxie_28,liuxie_shipin__liuxie_28__part01,文心雕龍·風骨,劉勰,是以綴慮裁篇，務盈守氣，剛健既實，輝光乃新，其為文用，譬征鳥之使翼也。,是以綴慮裁篇，務盈守氣，剛健既實，輝光乃新，其為文用，譬征鳥之使翼也。,是 以 缀虑 裁篇 务盈守 气 刚健 既实 辉光 乃新 其为 文用 譬 征鸟 之 使翼 也,氣,126,126,務盈守,123,126,123,126,1,0,
window5,既实,1,0.020790256338152187,liuxie_shipin__liuxie_28,liuxie_shipin__liuxie_28__part01,文心雕龍·風骨,劉勰,是以綴慮裁篇，務盈守氣，剛健既實，輝光乃新，其為文用，譬征鳥之使翼也。,是以綴慮裁篇，務盈守氣，剛健既實，輝光乃新，其為文用，譬征鳥之使翼也。,是 以 缀虑 裁篇 务盈守 气 刚健 既实 辉光 乃新 其为 文用 譬 征鸟 之 使翼 也,氣,126,126,既實,130,132,130,132,2,0,
window5,乃新,1,0.020790256338152187,liuxie_shipin__liuxie_28,liuxie_shipin__liuxie_28__part01,文心雕龍·風骨,劉勰,是以綴慮裁篇，務盈守氣，剛健既實，輝光乃新，其為文用，譬征鳥之使翼也。,是以綴慮裁篇，務盈守氣，剛健既實，輝光乃新，其為文用，譬征鳥之使翼也。,是 以 缀虑 裁篇 务盈守 气 刚健 既实 辉光 乃新 其为 文用 譬 征鸟 之 使翼 也,氣,126,126,乃新,135,137,135,137,4,0,
window5,凝而,1,0.041148854563009644,liuxie_shipin__liuxie_46,liuxie_shipin__liuxie_46__part01,文心雕龍·物色,劉勰,蓋陽氣萌而玄駒步，陰律凝而丹鳥羞，微蟲猶或入感，四時之動物深矣。,蓋陽氣萌而玄駒步，陰律凝而丹鳥羞，微蟲猶或入感，四時之動物深矣。,盖阳 气 萌而 玄驹 步 阴律 凝而 丹鸟 羞 微虫 犹 或 入感 四时 之 动物 深 矣,氣,22,22,凝而,31,33,31,33,5,0,
window5,思不,1,0.020790256338152187,liuxie_shipin__liuxie_28,liuxie_shipin__liuxie_28__part01,文心雕龍·風骨,劉勰,思不環周，索莫乏氣，則無風之驗也。,思不環周，索莫乏氣，則無風之驗也。,思不 环周 索莫乏 气 则 无风 之验 也,氣,221,221,思不,213,215,213,215,3,0,
window5,环周,1,0.020790256338152187,liuxie_shipin__liuxie_28,liuxie_shipin__liuxie_28__part01,文心雕龍·風骨,劉勰,思不環周，索莫乏氣，則無風之驗也。,思不環周，索莫乏氣，則無風之驗也。,思不 环周 索莫乏 气 则 无风 之验 也,氣,221,221,環周,215,217,215,217,2,0,
window5,索莫乏,1,0.020790256338152187,liuxie_shipin__liuxie_28,liuxie_shipin__liuxie_28__part01,文心雕龍·風骨,劉勰,思不環周，索莫乏氣，則無風之驗也。,思不環周，索莫乏氣，則無風之驗也。,思不 环周 索莫乏 气 则 无风 之验 也,氣,221,221,索莫乏,218,221,218,221,1,0,
window5,无风,1,0.020790256338152187,liuxie_shipin__liuxie_28,liuxie_shipin__liuxie_28__part01,文心雕龍·風骨,劉勰,思不環周，索莫乏氣，則無風之驗也。,思不環周，索莫乏氣，則無風之驗也。,思不 环周 索莫乏 气 则 无风 之验 也,氣,221,221,無風,224,226,224,226,2,0,
window5,之验,1,0.041148854563009644,liuxie_shipin__liuxie_28,liuxie_shipin__liuxie_28__part01,文心雕龍·風骨,劉勰,思不環周，索莫乏氣，則無風之驗也。,思不環周，索莫乏氣，則無風之驗也。,思不 环周 索莫乏 气 则 无风 之验 也,氣,221,221,之驗,226,228,226,228,3,0,
window5,赋仙,1,0.020790256338152187,liuxie_shipin__liuxie_28,liuxie_shipin__liuxie_28__part01,文心雕龍·風骨,劉勰,相如賦仙，氣號凌雲，蔚為辭宗，迺其風力遒也。,相如賦仙，氣號凌雲，蔚為辭宗，迺其風力遒也。,相如 赋仙 气 号 凌云 蔚为 辞宗 迺 其 风力 遒 也,氣,258,258,賦仙,255,257,255,257,1,0,
window5,文称,1,0.041148854563009644,liuxie_shipin__liuxie_28,liuxie_shipin__liuxie_28__part01,文心雕龍·風骨,劉勰,故魏文稱文以氣為主，氣之清濁有體，不可力強而致；,故魏文稱文以氣為主，氣之清濁有體，不可力強而致；,故魏 文称 文以 气 为主 气 之 清浊 有体 不可 力强 而致,氣,303,303,文稱,299,301,299,301,2,0,
window5,故其论,1,0.020790256338152187,liuxie_shipin__liuxie_28,liuxie_shipin__liuxie_28__part01,文心雕龍·風骨,劉勰,故其論孔融，則云體氣高妙；,故其論孔融，則云體氣高妙；,故其论 孔融 则 云体 气 高妙,氣,330,330,故其論,321,324,321,324,4,0,
window5,云体,1,0.020790256338152187,liuxie_shipin__liuxie_28,liuxie_shipin__liuxie_28__part01,文心雕龍·風骨,劉勰,故其論孔融，則云體氣高妙；,故其論孔融，則云體氣高妙；,故其论 孔融 则 云体 气 高妙,氣,330,330,云體,328,330,328,330,1,0,
window5,云时,1,0.020790256338152187,liuxie_shipin__liuxie_28,liuxie_shipin__liuxie_28__part01,文心雕龍·風骨,劉勰,論徐幹，則云時有齊氣；,論徐幹，則云時有齊氣；,论 徐干 则 云时 有 齐 气,氣,343,343,云時,339,341,339,341,3,0,
window5,卓卓,1,0.041148854563009644,liuxie_shipin__liuxie_28,liuxie_shipin__liuxie_28__part01,文心雕龍·風骨,劉勰,公幹亦云，孔氏卓卓，信含異氣，筆墨之性，殆不可勝，並重氣之旨也。,公幹亦云，孔氏卓卓，信含異氣，筆墨之性，殆不可勝，並重氣之旨也。,公干 亦 云 孔氏 卓卓 信含 异 气 笔墨 之性 殆 不可 胜 并重 气 之旨 也,氣,368,368,卓卓,362,364,362,364,3,0,
window5,信含,1,0.020790256338152187,liuxie_shipin__liuxie_28,liuxie_shipin__liuxie_28__part01,文心雕龍·風骨,劉勰,公幹亦云，孔氏卓卓，信含異氣，筆墨之性，殆不可勝，並重氣之旨也。,公幹亦云，孔氏卓卓，信含異氣，筆墨之性，殆不可勝，並重氣之旨也。,公干 亦 云 孔氏 卓卓 信含 异 气 笔墨 之性 殆 不可 胜 并重 气 之旨 也,氣,368,368,信含,365,367,365,367,2,0,
window5,笔墨,1,0.020790256338152187,liuxie_shipin__liuxie_28,liuxie_shipin__liuxie_28__part01,文心雕龍·風骨,劉勰,公幹亦云，孔氏卓卓，信含異氣，筆墨之性，殆不可勝，並重氣之旨也。,公幹亦云，孔氏卓卓，信含異氣，筆墨之性，殆不可勝，並重氣之旨也。,公干 亦 云 孔氏 卓卓 信含 异 气 笔墨 之性 殆 不可 胜 并重 气 之旨 也,氣,368,368,筆墨,370,372,370,372,1,0,
window5,之性,1,0.020790256338152187,liuxie_shipin__liuxie_28,liuxie_shipin__liuxie_28__part01,文心雕龍·風骨,劉勰,公幹亦云，孔氏卓卓，信含異氣，筆墨之性，殆不可勝，並重氣之旨也。,公幹亦云，孔氏卓卓，信含異氣，筆墨之性，殆不可勝，並重氣之旨也。,公干 亦 云 孔氏 卓卓 信含 异 气 笔墨 之性 殆 不可 胜 并重 气 之旨 也,氣,368,368,之性,372,374,372,374,2,0,
window5,并重,1,0.020790256338152187,liuxie_shipin__liuxie_28,liuxie_shipin__liuxie_28__part01,文心雕龍·風骨,劉勰,公幹亦云，孔氏卓卓，信含異氣，筆墨之性，殆不可勝，並重氣之旨也。,公幹亦云，孔氏卓卓，信含異氣，筆墨之性，殆不可勝，並重氣之旨也。,公干 亦 云 孔氏 卓卓 信含 异 气 笔墨 之性 殆 不可 胜 并重 气 之旨 也,氣,382,382,並重,380,382,380,382,1,0,
window5,翰飞,1,0.020790256338152187,liuxie_shipin__liuxie_28,liuxie_shipin__liuxie_28__part01,文心雕龍·風骨,劉勰,鷹隼乏采而翰飛戾天，骨勁而氣猛也；,鷹隼乏采而翰飛戾天，骨勁而氣猛也；,鹰隼 乏采 而 翰飞 戾 天 骨劲 而 气 猛 也,氣,418,418,翰飛,410,412,410,412,5,0,
window5,骨劲,1,0.020790256338152187,liuxie_shipin__liuxie_28,liuxie_shipin__liuxie_28__part01,文心雕龍·風骨,劉勰,鷹隼乏采而翰飛戾天，骨勁而氣猛也；,鷹隼乏采而翰飛戾天，骨勁而氣猛也；,鹰隼 乏采 而 翰飞 戾 天 骨劲 而 气 猛 也,氣,418,418,骨勁,415,417,415,417,2,0,
window5,辞共体,1,0.020790256338152187,liuxie_shipin__liuxie_28,liuxie_shipin__liuxie_28__part01,文心雕龍·風骨,劉勰,情與氣偕，辭共體並。,情與氣偕，辭共體並。,情 与 气 偕 辞共体 并,氣,673,673,辭共體,676,679,676,679,2,0,
window5,风昧,1,0.020790256338152187,liuxie_shipin__liuxie_29,liuxie_shipin__liuxie_29__part01,文心雕龍·通變,劉勰,競今疎古，風昧氣衰也。,競今疎古，風昧氣衰也。,竞今 疎 古 风昧 气 衰 也,氣,332,332,風昧,330,332,330,332,1,0,
window5,按节,1,0.020790256338152187,liuxie_shipin__liuxie_29,liuxie_shipin__liuxie_29__part01,文心雕龍·通變,劉勰,是以規略文統，宜宏大體，先博覽以精閱，總綱紀而攝契，然後拓衢路，置關鍵，長轡遠馭，從容按節，憑情以會通，負氣以適變，采如宛虹之奮鬐，光若長離之振翼，迺穎脫之文矣。,是以規略文統，宜宏大體，先博覽以精閱，總綱紀而攝契，然後拓衢路，置關鍵，長轡遠馭，從容按節，憑情以會通，負氣以適變，采如宛虹之奮鬐，光若長離之振翼，迺穎脫之文矣。,是 以 规略 文统 宜 宏大 体 先 博览 以 精阅 总 纲纪 而 摄契 然后 拓衢 路 置 关键 长辔远驭 从容 按节 凭情 以 会通 负 气 以 适变 采如 宛虹 之奋 鬐 光若 长离 之 振翼 迺 颖脱 之文 矣,氣,716,716,按節,706,708,706,708,5,0,
window5,凭情,1,0.020790256338152187,liuxie_shipin__liuxie_29,liuxie_shipin__liuxie_29__part01,文心雕龍·通變,劉勰,是以規略文統，宜宏大體，先博覽以精閱，總綱紀而攝契，然後拓衢路，置關鍵，長轡遠馭，從容按節，憑情以會通，負氣以適變，采如宛虹之奮鬐，光若長離之振翼，迺穎脫之文矣。,是以規略文統，宜宏大體，先博覽以精閱，總綱紀而攝契，然後拓衢路，置關鍵，長轡遠馭，從容按節，憑情以會通，負氣以適變，采如宛虹之奮鬐，光若長離之振翼，迺穎脫之文矣。,是 以 规略 文统 宜 宏大 体 先 博览 以 精阅 总 纲纪 而 摄契 然后 拓衢 路 置 关键 长辔远驭 从容 按节 凭情 以 会通 负 气 以 适变 采如 宛虹 之奋 鬐 光若 长离 之 振翼 迺 颖脱 之文 矣,氣,716,716,憑情,709,711,709,711,4,0,
window5,适变,1,0.041148854563009644,liuxie_shipin__liuxie_29,liuxie_shipin__liuxie_29__part01,文心雕龍·通變,劉勰,是以規略文統，宜宏大體，先博覽以精閱，總綱紀而攝契，然後拓衢路，置關鍵，長轡遠馭，從容按節，憑情以會通，負氣以適變，采如宛虹之奮鬐，光若長離之振翼，迺穎脫之文矣。,是以規略文統，宜宏大體，先博覽以精閱，總綱紀而攝契，然後拓衢路，置關鍵，長轡遠馭，從容按節，憑情以會通，負氣以適變，采如宛虹之奮鬐，光若長離之振翼，迺穎脫之文矣。,是 以 规略 文统 宜 宏大 体 先 博览 以 精阅 总 纲纪 而 摄契 然后 拓衢 路 置 关键 长辔远驭 从容 按节 凭情 以 会通 负 气 以 适变 采如 宛虹 之奋 鬐 光若 长离 之 振翼 迺 颖脱 之文 矣,氣,716,716,適變,718,720,718,720,2,0,
window5,采如,1,0.020790256338152187,liuxie_shipin__liuxie_29,liuxie_shipin__liuxie_29__part01,文心雕龍·通變,劉勰,是以規略文統，宜宏大體，先博覽以精閱，總綱紀而攝契，然後拓衢路，置關鍵，長轡遠馭，從容按節，憑情以會通，負氣以適變，采如宛虹之奮鬐，光若長離之振翼，迺穎脫之文矣。,是以規略文統，宜宏大體，先博覽以精閱，總綱紀而攝契，然後拓衢路，置關鍵，長轡遠馭，從容按節，憑情以會通，負氣以適變，采如宛虹之奮鬐，光若長離之振翼，迺穎脫之文矣。,是 以 规略 文统 宜 宏大 体 先 博览 以 精阅 总 纲纪 而 摄契 然后 拓衢 路 置 关键 长辔远驭 从容 按节 凭情 以 会通 负 气 以 适变 采如 宛虹 之奋 鬐 光若 长离 之 振翼 迺 颖脱 之文 矣,氣,716,716,采如,721,723,721,723,3,0,
window5,宛虹,1,0.041148854563009644,liuxie_shipin__liuxie_29,liuxie_shipin__liuxie_29__part01,文心雕龍·通變,劉勰,是以規略文統，宜宏大體，先博覽以精閱，總綱紀而攝契，然後拓衢路，置關鍵，長轡遠馭，從容按節，憑情以會通，負氣以適變，采如宛虹之奮鬐，光若長離之振翼，迺穎脫之文矣。,是以規略文統，宜宏大體，先博覽以精閱，總綱紀而攝契，然後拓衢路，置關鍵，長轡遠馭，從容按節，憑情以會通，負氣以適變，采如宛虹之奮鬐，光若長離之振翼，迺穎脫之文矣。,是 以 规略 文统 宜 宏大 体 先 博览 以 精阅 总 纲纪 而 摄契 然后 拓衢 路 置 关键 长辔远驭 从容 按节 凭情 以 会通 负 气 以 适变 采如 宛虹 之奋 鬐 光若 长离 之 振翼 迺 颖脱 之文 矣,氣,716,716,宛虹,723,725,723,725,4,0,
window5,之奋,1,0.020790256338152187,liuxie_shipin__liuxie_29,liuxie_shipin__liuxie_29__part01,文心雕龍·通變,劉勰,是以規略文統，宜宏大體，先博覽以精閱，總綱紀而攝契，然後拓衢路，置關鍵，長轡遠馭，從容按節，憑情以會通，負氣以適變，采如宛虹之奮鬐，光若長離之振翼，迺穎脫之文矣。,是以規略文統，宜宏大體，先博覽以精閱，總綱紀而攝契，然後拓衢路，置關鍵，長轡遠馭，從容按節，憑情以會通，負氣以適變，采如宛虹之奮鬐，光若長離之振翼，迺穎脫之文矣。,是 以 规略 文统 宜 宏大 体 先 博览 以 精阅 总 纲纪 而 摄契 然后 拓衢 路 置 关键 长辔远驭 从容 按节 凭情 以 会通 负 气 以 适变 采如 宛虹 之奋 鬐 光若 长离 之 振翼 迺 颖脱 之文 矣,氣,716,716,之奮,725,727,725,727,5,0,
window5,所谈,1,0.020790256338152187,liuxie_shipin__liuxie_30,liuxie_shipin__liuxie_30__part01,文心雕龍·定勢,劉勰,公幹所談，頗亦兼氣。,公幹所談，頗亦兼氣。,公干 所谈 颇 亦 兼 气,氣,556,556,所談,550,552,550,552,4,0,
window5,声合,1,0.020790256338152187,liuxie_shipin__liuxie_33,liuxie_shipin__liuxie_33__part01,文心雕龍·聲律,劉勰,聲合宮商，肇自血氣，先王因之以制樂歌。,聲合宮商，肇自血氣，先王因之以制樂歌。,声合 宫商 肇自血 气 先王 因 之 以制 乐歌,氣,21,21,聲合,13,15,13,15,3,0,
window5,乐歌,1,0.020790256338152187,liuxie_shipin__liuxie_33,liuxie_shipin__liuxie_33__part01,文心雕龍·聲律,劉勰,聲合宮商，肇自血氣，先王因之以制樂歌。,聲合宮商，肇自血氣，先王因之以制樂歌。,声合 宫商 肇自血 气 先王 因 之 以制 乐歌,氣,21,21,樂歌,29,31,29,31,5,0,
window5,力穷于,1,0.020790256338152187,liuxie_shipin__liuxie_33,liuxie_shipin__liuxie_33__part01,文心雕龍·聲律,劉勰,氣力窮於和韻。,氣力窮於和韻。,气 力穷于 和韵,氣,382,382,力窮於,383,386,383,386,1,0,
window5,和韵,1,0.020790256338152187,liuxie_shipin__liuxie_33,liuxie_shipin__liuxie_33__part01,文心雕龍·聲律,劉勰,氣力窮於和韻。,氣力窮於和韻。,气 力穷于 和韵,氣,382,382,和韻,386,388,386,388,2,0,
window5,一定,1,0.020790256338152187,liuxie_shipin__liuxie_33,liuxie_shipin__liuxie_33__part01,文心雕龍·聲律,劉勰,韻氣一定，故餘聲易遣；,韻氣一定，故餘聲易遣；,韵 气 一定 故 余声 易遣,氣,406,406,一定,407,409,407,409,1,0,
window5,余声,1,0.041148854563009644,liuxie_shipin__liuxie_33,liuxie_shipin__liuxie_33__part01,文心雕龍·聲律,劉勰,韻氣一定，故餘聲易遣；,韻氣一定，故餘聲易遣；,韵 气 一定 故 余声 易遣,氣,406,406,餘聲,411,413,411,413,3,0,
window5,易遣,1,0.020790256338152187,liuxie_shipin__liuxie_33,liuxie_shipin__liuxie_33__part01,文心雕龍·聲律,劉勰,韻氣一定，故餘聲易遣；,韻氣一定，故餘聲易遣；,韵 气 一定 故 余声 易遣,氣,406,406,易遣,413,415,413,415,4,0,
window5,两韵辄易,1,0.020790256338152187,liuxie_shipin__liuxie_34,liuxie_shipin__liuxie_34__part01,文心雕龍·章句,劉勰,若乃改韻從調，所以節文辭氣，賈誼枚乘，兩韻輒易；,若乃改韻從調，所以節文辭氣，賈誼枚乘，兩韻輒易；,若 乃 改韵 从 调 所以 节 文辞 气 贾谊 枚 乘 两韵辄易,氣,548,548,兩韻輒易,555,559,555,559,4,0,
window5,无奇,1,0.020790256338152187,liuxie_shipin__liuxie_35,liuxie_shipin__liuxie_35__part01,文心雕龍·麗辭,劉勰,若氣無奇類，文乏異采，碌碌麗辭，則昏睡耳目。,若氣無奇類，文乏異采，碌碌麗辭，則昏睡耳目。,若 气 无奇 类 文乏 异采 碌碌 丽辞 则 昏睡 耳目,氣,654,654,無奇,655,657,655,657,1,0,
window5,文乏,1,0.020790256338152187,liuxie_shipin__liuxie_35,liuxie_shipin__liuxie_35__part01,文心雕龍·麗辭,劉勰,若氣無奇類，文乏異采，碌碌麗辭，則昏睡耳目。,若氣無奇類，文乏異采，碌碌麗辭，則昏睡耳目。,若 气 无奇 类 文乏 异采 碌碌 丽辞 则 昏睡 耳目,氣,654,654,文乏,659,661,659,661,3,0,
window5,碌碌,1,0.041148854563009644,liuxie_shipin__liuxie_35,liuxie_shipin__liuxie_35__part01,文心雕龍·麗辭,劉勰,若氣無奇類，文乏異采，碌碌麗辭，則昏睡耳目。,若氣無奇類，文乏異采，碌碌麗辭，則昏睡耳目。,若 气 无奇 类 文乏 异采 碌碌 丽辞 则 昏睡 耳目,氣,654,654,碌碌,664,666,664,666,5,0,
window5,宫殿,1,0.020790256338152187,liuxie_shipin__liuxie_37,liuxie_shipin__liuxie_37__part01,文心雕龍·夸飾,劉勰,至如氣貌山海，體勢宮殿，嵯峨揭業，熠燿焜煌之狀，光采煒煒而欲然，聲貌岌岌其將動矣。,至如氣貌山海，體勢宮殿，嵯峨揭業，熠燿焜煌之狀，光采煒煒而欲然，聲貌岌岌其將動矣。,至 如 气 貌 山海 体势 宫殿 嵯峨 揭业 熠燿 焜 煌 之状 光采 炜炜 而欲然 声貌 岌岌 其将动 矣,氣,424,424,宮殿,431,433,431,433,4,0,
window5,嵯峨,1,0.041148854563009644,liuxie_shipin__liuxie_37,liuxie_shipin__liuxie_37__part01,文心雕龍·夸飾,劉勰,至如氣貌山海，體勢宮殿，嵯峨揭業，熠燿焜煌之狀，光采煒煒而欲然，聲貌岌岌其將動矣。,至如氣貌山海，體勢宮殿，嵯峨揭業，熠燿焜煌之狀，光采煒煒而欲然，聲貌岌岌其將動矣。,至 如 气 貌 山海 体势 宫殿 嵯峨 揭业 熠燿 焜 煌 之状 光采 炜炜 而欲然 声貌 岌岌 其将动 矣,氣,424,424,嵯峨,434,436,434,436,5,0,
window5,挟声,1,0.020790256338152187,liuxie_shipin__liuxie_37,liuxie_shipin__liuxie_37__part01,文心雕龍·夸飾,劉勰,於是後進之才，獎氣挾聲，軒翥而欲奮飛，騰擲而羞跼步，辭入煒燁，春藻不能程其豔；,於是後進之才，獎氣挾聲，軒翥而欲奮飛，騰擲而羞跼步，辭入煒燁，春藻不能程其豔；,于是 后进 之才 奖 气 挟声 轩翥 而 欲 奋飞 腾掷 而 羞 跼 步 辞入 炜烨 春藻 不能 程其艳,氣,486,486,挾聲,487,489,487,489,1,0,
window5,鹏运,1,0.020790256338152187,liuxie_shipin__liuxie_37,liuxie_shipin__liuxie_37__part01,文心雕龍·夸飾,劉勰,言必鵬運，氣靡鴻漸。,言必鵬運，氣靡鴻漸。,言必 鹏运 气 靡 鸿渐,氣,647,647,鵬運,644,646,644,646,1,0,
window5,鸿渐,1,0.020790256338152187,liuxie_shipin__liuxie_37,liuxie_shipin__liuxie_37__part01,文心雕龍·夸飾,劉勰,言必鵬運，氣靡鴻漸。,言必鵬運，氣靡鴻漸。,言必 鹏运 气 靡 鸿渐,氣,647,647,鴻漸,649,651,649,651,2,0,
window5,寒而事伤,1,0.020790256338152187,liuxie_shipin__liuxie_40,liuxie_shipin__liuxie_40__part01,文心雕龍·隱秀,劉勰,「凉飈動秋草，邊馬有歸心」，氣寒而事傷，此覉旅之怨曲也。,，氣寒而事傷，此覉旅之怨曲也。,气 寒而事伤 此 覉 旅 之 怨曲 也,氣,705,705,寒而事傷,706,710,706,710,1,1,原文句內被排除引詩未參與計數
window5,制养,1,0.020790256338152187,liuxie_shipin__liuxie_42,liuxie_shipin__liuxie_42__part01,文心雕龍·養氣,劉勰,昔王充著述，制養氣之篇，驗己而作，豈虛造哉！,昔王充著述，制養氣之篇，驗己而作，豈虛造哉！,昔 王充 著述 制养 气 之篇 验己 而作 岂 虚造 哉,氣,8,8,制養,6,8,6,8,1,0,
window5,验己,1,0.020790256338152187,liuxie_shipin__liuxie_42,liuxie_shipin__liuxie_42__part01,文心雕龍·養氣,劉勰,昔王充著述，制養氣之篇，驗己而作，豈虛造哉！,昔王充著述，制養氣之篇，驗己而作，豈虛造哉！,昔 王充 著述 制养 气 之篇 验己 而作 岂 虚造 哉,氣,8,8,驗己,12,14,12,14,2,0,
window5,虚造,1,0.020790256338152187,liuxie_shipin__liuxie_42,liuxie_shipin__liuxie_42__part01,文心雕龍·養氣,劉勰,昔王充著述，制養氣之篇，驗己而作，豈虛造哉！,昔王充著述，制養氣之篇，驗己而作，豈虛造哉！,昔 王充 著述 制养 气 之篇 验己 而作 岂 虚造 哉,氣,8,8,虛造,18,20,18,20,5,0,
window5,钻砺,1,0.020790256338152187,liuxie_shipin__liuxie_42,liuxie_shipin__liuxie_42__part01,文心雕龍·養氣,劉勰,鑽礪過分，則神疲而氣衰；,鑽礪過分，則神疲而氣衰；,钻砺 过分 则 神疲而 气 衰,氣,64,64,鑽礪,55,57,55,57,4,0,
window5,过分,1,0.020790256338152187,liuxie_shipin__liuxie_42,liuxie_shipin__liuxie_42__part01,文心雕龍·養氣,劉勰,鑽礪過分，則神疲而氣衰；,鑽礪過分，則神疲而氣衰；,钻砺 过分 则 神疲而 气 衰,氣,64,64,過分,57,59,57,59,3,0,
window5,神疲而,1,0.020790256338152187,liuxie_shipin__liuxie_42,liuxie_shipin__liuxie_42__part01,文心雕龍·養氣,劉勰,鑽礪過分，則神疲而氣衰；,鑽礪過分，則神疲而氣衰；,钻砺 过分 则 神疲而 气 衰,氣,64,64,神疲而,61,64,61,64,1,0,
window5,而志盛,1,0.020790256338152187,liuxie_shipin__liuxie_42,liuxie_shipin__liuxie_42__part01,文心雕龍·養氣,劉勰,凡童少鑒淺而志盛，長艾識堅而氣衰，志盛者思銳以勝勞，氣衰者慮密以傷神，斯實中人之常資，歲時之大較也。,凡童少鑒淺而志盛，長艾識堅而氣衰，志盛者思銳以勝勞，氣衰者慮密以傷神，斯實中人之常資，歲時之大較也。,凡童 少鉴 浅 而志盛 长艾 识坚 而 气 衰 志 盛者 思锐 以胜劳 气 衰者虑 密以 伤神 斯实 中人 之常资 岁时 之 大较 也,氣,211,211,而志盛,202,205,202,205,4,0,
window5,长艾,1,0.020790256338152187,liuxie_shipin__liuxie_42,liuxie_shipin__liuxie_42__part01,文心雕龍·養氣,劉勰,凡童少鑒淺而志盛，長艾識堅而氣衰，志盛者思銳以勝勞，氣衰者慮密以傷神，斯實中人之常資，歲時之大較也。,凡童少鑒淺而志盛，長艾識堅而氣衰，志盛者思銳以勝勞，氣衰者慮密以傷神，斯實中人之常資，歲時之大較也。,凡童 少鉴 浅 而志盛 长艾 识坚 而 气 衰 志 盛者 思锐 以胜劳 气 衰者虑 密以 伤神 斯实 中人 之常资 岁时 之 大较 也,氣,211,211,長艾,206,208,206,208,3,0,
window5,识坚,1,0.020790256338152187,liuxie_shipin__liuxie_42,liuxie_shipin__liuxie_42__part01,文心雕龍·養氣,劉勰,凡童少鑒淺而志盛，長艾識堅而氣衰，志盛者思銳以勝勞，氣衰者慮密以傷神，斯實中人之常資，歲時之大較也。,凡童少鑒淺而志盛，長艾識堅而氣衰，志盛者思銳以勝勞，氣衰者慮密以傷神，斯實中人之常資，歲時之大較也。,凡童 少鉴 浅 而志盛 长艾 识坚 而 气 衰 志 盛者 思锐 以胜劳 气 衰者虑 密以 伤神 斯实 中人 之常资 岁时 之 大较 也,氣,211,211,識堅,208,210,208,210,2,0,
window5,盛者,1,0.020790256338152187,liuxie_shipin__liuxie_42,liuxie_shipin__liuxie_42__part01,文心雕龍·養氣,劉勰,凡童少鑒淺而志盛，長艾識堅而氣衰，志盛者思銳以勝勞，氣衰者慮密以傷神，斯實中人之常資，歲時之大較也。,凡童少鑒淺而志盛，長艾識堅而氣衰，志盛者思銳以勝勞，氣衰者慮密以傷神，斯實中人之常資，歲時之大較也。,凡童 少鉴 浅 而志盛 长艾 识坚 而 气 衰 志 盛者 思锐 以胜劳 气 衰者虑 密以 伤神 斯实 中人 之常资 岁时 之 大较 也,氣,211,211,盛者,215,217,215,217,3,0,
window5,以胜劳,1,0.020790256338152187,liuxie_shipin__liuxie_42,liuxie_shipin__liuxie_42__part01,文心雕龍·養氣,劉勰,凡童少鑒淺而志盛，長艾識堅而氣衰，志盛者思銳以勝勞，氣衰者慮密以傷神，斯實中人之常資，歲時之大較也。,凡童少鑒淺而志盛，長艾識堅而氣衰，志盛者思銳以勝勞，氣衰者慮密以傷神，斯實中人之常資，歲時之大較也。,凡童 少鉴 浅 而志盛 长艾 识坚 而 气 衰 志 盛者 思锐 以胜劳 气 衰者虑 密以 伤神 斯实 中人 之常资 岁时 之 大较 也,氣,223,223,以勝勞,219,222,219,222,1,0,
window5,衰者虑,1,0.020790256338152187,liuxie_shipin__liuxie_42,liuxie_shipin__liuxie_42__part01,文心雕龍·養氣,劉勰,凡童少鑒淺而志盛，長艾識堅而氣衰，志盛者思銳以勝勞，氣衰者慮密以傷神，斯實中人之常資，歲時之大較也。,凡童少鑒淺而志盛，長艾識堅而氣衰，志盛者思銳以勝勞，氣衰者慮密以傷神，斯實中人之常資，歲時之大較也。,凡童 少鉴 浅 而志盛 长艾 识坚 而 气 衰 志 盛者 思锐 以胜劳 气 衰者虑 密以 伤神 斯实 中人 之常资 岁时 之 大较 也,氣,223,223,衰者慮,224,227,224,227,1,0,
window5,密以,1,0.041148854563009644,liuxie_shipin__liuxie_42,liuxie_shipin__liuxie_42__part01,文心雕龍·養氣,劉勰,凡童少鑒淺而志盛，長艾識堅而氣衰，志盛者思銳以勝勞，氣衰者慮密以傷神，斯實中人之常資，歲時之大較也。,凡童少鑒淺而志盛，長艾識堅而氣衰，志盛者思銳以勝勞，氣衰者慮密以傷神，斯實中人之常資，歲時之大較也。,凡童 少鉴 浅 而志盛 长艾 识坚 而 气 衰 志 盛者 思锐 以胜劳 气 衰者虑 密以 伤神 斯实 中人 之常资 岁时 之 大较 也,氣,223,223,密以,227,229,227,229,2,0,
window5,伤神,1,0.020790256338152187,liuxie_shipin__liuxie_42,liuxie_shipin__liuxie_42__part01,文心雕龍·養氣,劉勰,凡童少鑒淺而志盛，長艾識堅而氣衰，志盛者思銳以勝勞，氣衰者慮密以傷神，斯實中人之常資，歲時之大較也。,凡童少鑒淺而志盛，長艾識堅而氣衰，志盛者思銳以勝勞，氣衰者慮密以傷神，斯實中人之常資，歲時之大較也。,凡童 少鉴 浅 而志盛 长艾 识坚 而 气 衰 志 盛者 思锐 以胜劳 气 衰者虑 密以 伤神 斯实 中人 之常资 岁时 之 大较 也,氣,223,223,傷神,229,231,229,231,3,0,
window5,斯实,1,0.020790256338152187,liuxie_shipin__liuxie_42,liuxie_shipin__liuxie_42__part01,文心雕龍·養氣,劉勰,凡童少鑒淺而志盛，長艾識堅而氣衰，志盛者思銳以勝勞，氣衰者慮密以傷神，斯實中人之常資，歲時之大較也。,凡童少鑒淺而志盛，長艾識堅而氣衰，志盛者思銳以勝勞，氣衰者慮密以傷神，斯實中人之常資，歲時之大較也。,凡童 少鉴 浅 而志盛 长艾 识坚 而 气 衰 志 盛者 思锐 以胜劳 气 衰者虑 密以 伤神 斯实 中人 之常资 岁时 之 大较 也,氣,223,223,斯實,232,234,232,234,4,0,
window5,中人,1,0.020790256338152187,liuxie_shipin__liuxie_42,liuxie_shipin__liuxie_42__part01,文心雕龍·養氣,劉勰,凡童少鑒淺而志盛，長艾識堅而氣衰，志盛者思銳以勝勞，氣衰者慮密以傷神，斯實中人之常資，歲時之大較也。,凡童少鑒淺而志盛，長艾識堅而氣衰，志盛者思銳以勝勞，氣衰者慮密以傷神，斯實中人之常資，歲時之大較也。,凡童 少鉴 浅 而志盛 长艾 识坚 而 气 衰 志 盛者 思锐 以胜劳 气 衰者虑 密以 伤神 斯实 中人 之常资 岁时 之 大较 也,氣,223,223,中人,234,236,234,236,5,0,
window5,惭凫企鹤,1,0.020790256338152187,liuxie_shipin__liuxie_42,liuxie_shipin__liuxie_42__part01,文心雕龍·養氣,劉勰,若夫器分有限，智用無涯，或慚鳧企鶴，瀝辭鐫思，於是精氣內銷，有似尾閭之波，神志外傷，同乎牛山之木；,若夫器分有限，智用無涯，或慚鳧企鶴，瀝辭鐫思，於是精氣內銷，有似尾閭之波，神志外傷，同乎牛山之木；,若夫 器分 有限 智用 无涯 或 惭凫企鹤 沥辞 镌思 于是 精 气 内销 有似 尾闾 之波 神志 外伤 同乎 牛山 之木,氣,273,273,慚鳧企鶴,260,264,260,264,5,0,
window5,沥辞,1,0.020790256338152187,liuxie_shipin__liuxie_42,liuxie_shipin__liuxie_42__part01,文心雕龍·養氣,劉勰,若夫器分有限，智用無涯，或慚鳧企鶴，瀝辭鐫思，於是精氣內銷，有似尾閭之波，神志外傷，同乎牛山之木；,若夫器分有限，智用無涯，或慚鳧企鶴，瀝辭鐫思，於是精氣內銷，有似尾閭之波，神志外傷，同乎牛山之木；,若夫 器分 有限 智用 无涯 或 惭凫企鹤 沥辞 镌思 于是 精 气 内销 有似 尾闾 之波 神志 外伤 同乎 牛山 之木,氣,273,273,瀝辭,265,267,265,267,4,0,
window5,镌思,1,0.020790256338152187,liuxie_shipin__liuxie_42,liuxie_shipin__liuxie_42__part01,文心雕龍·養氣,劉勰,若夫器分有限，智用無涯，或慚鳧企鶴，瀝辭鐫思，於是精氣內銷，有似尾閭之波，神志外傷，同乎牛山之木；,若夫器分有限，智用無涯，或慚鳧企鶴，瀝辭鐫思，於是精氣內銷，有似尾閭之波，神志外傷，同乎牛山之木；,若夫 器分 有限 智用 无涯 或 惭凫企鹤 沥辞 镌思 于是 精 气 内销 有似 尾闾 之波 神志 外伤 同乎 牛山 之木,氣,273,273,鐫思,267,269,267,269,3,0,
window5,内销,1,0.020790256338152187,liuxie_shipin__liuxie_42,liuxie_shipin__liuxie_42__part01,文心雕龍·養氣,劉勰,若夫器分有限，智用無涯，或慚鳧企鶴，瀝辭鐫思，於是精氣內銷，有似尾閭之波，神志外傷，同乎牛山之木；,若夫器分有限，智用無涯，或慚鳧企鶴，瀝辭鐫思，於是精氣內銷，有似尾閭之波，神志外傷，同乎牛山之木；,若夫 器分 有限 智用 无涯 或 惭凫企鹤 沥辞 镌思 于是 精 气 内销 有似 尾闾 之波 神志 外伤 同乎 牛山 之木,氣,273,273,內銷,274,276,274,276,1,0,
window5,尾闾,1,0.020790256338152187,liuxie_shipin__liuxie_42,liuxie_shipin__liuxie_42__part01,文心雕龍·養氣,劉勰,若夫器分有限，智用無涯，或慚鳧企鶴，瀝辭鐫思，於是精氣內銷，有似尾閭之波，神志外傷，同乎牛山之木；,若夫器分有限，智用無涯，或慚鳧企鶴，瀝辭鐫思，於是精氣內銷，有似尾閭之波，神志外傷，同乎牛山之木；,若夫 器分 有限 智用 无涯 或 惭凫企鹤 沥辞 镌思 于是 精 气 内销 有似 尾闾 之波 神志 外伤 同乎 牛山 之木,氣,273,273,尾閭,279,281,279,281,3,0,
window5,之波,1,0.020790256338152187,liuxie_shipin__liuxie_42,liuxie_shipin__liuxie_42__part01,文心雕龍·養氣,劉勰,若夫器分有限，智用無涯，或慚鳧企鶴，瀝辭鐫思，於是精氣內銷，有似尾閭之波，神志外傷，同乎牛山之木；,若夫器分有限，智用無涯，或慚鳧企鶴，瀝辭鐫思，於是精氣內銷，有似尾閭之波，神志外傷，同乎牛山之木；,若夫 器分 有限 智用 无涯 或 惭凫企鹤 沥辞 镌思 于是 精 气 内销 有似 尾闾 之波 神志 外伤 同乎 牛山 之木,氣,273,273,之波,281,283,281,283,4,0,
window5,神志,1,0.020790256338152187,liuxie_shipin__liuxie_42,liuxie_shipin__liuxie_42__part01,文心雕龍·養氣,劉勰,若夫器分有限，智用無涯，或慚鳧企鶴，瀝辭鐫思，於是精氣內銷，有似尾閭之波，神志外傷，同乎牛山之木；,若夫器分有限，智用無涯，或慚鳧企鶴，瀝辭鐫思，於是精氣內銷，有似尾閭之波，神志外傷，同乎牛山之木；,若夫 器分 有限 智用 无涯 或 惭凫企鹤 沥辞 镌思 于是 精 气 内销 有似 尾闾 之波 神志 外伤 同乎 牛山 之木,氣,273,273,神志,284,286,284,286,5,0,
window5,销铄,1,0.020790256338152187,liuxie_shipin__liuxie_42,liuxie_shipin__liuxie_42__part01,文心雕龍·養氣,劉勰,若銷鑠精膽，蹙迫和氣，秉牘以驅齡，灑翰以伐性，豈聖賢之素心，會文之直理哉！,若銷鑠精膽，蹙迫和氣，秉牘以驅齡，灑翰以伐性，豈聖賢之素心，會文之直理哉！,若 销铄 精胆 蹙迫 和 气 秉牍 以 驱龄 洒翰 以伐性 岂 圣贤 之 素心 会文 之 直理 哉,氣,423,423,銷鑠,415,417,415,417,4,0,
window5,精胆,1,0.020790256338152187,liuxie_shipin__liuxie_42,liuxie_shipin__liuxie_42__part01,文心雕龍·養氣,劉勰,若銷鑠精膽，蹙迫和氣，秉牘以驅齡，灑翰以伐性，豈聖賢之素心，會文之直理哉！,若銷鑠精膽，蹙迫和氣，秉牘以驅齡，灑翰以伐性，豈聖賢之素心，會文之直理哉！,若 销铄 精胆 蹙迫 和 气 秉牍 以 驱龄 洒翰 以伐性 岂 圣贤 之 素心 会文 之 直理 哉,氣,423,423,精膽,417,419,417,419,3,0,
window5,蹙迫,1,0.020790256338152187,liuxie_shipin__liuxie_42,liuxie_shipin__liuxie_42__part01,文心雕龍·養氣,劉勰,若銷鑠精膽，蹙迫和氣，秉牘以驅齡，灑翰以伐性，豈聖賢之素心，會文之直理哉！,若銷鑠精膽，蹙迫和氣，秉牘以驅齡，灑翰以伐性，豈聖賢之素心，會文之直理哉！,若 销铄 精胆 蹙迫 和 气 秉牍 以 驱龄 洒翰 以伐性 岂 圣贤 之 素心 会文 之 直理 哉,氣,423,423,蹙迫,420,422,420,422,2,0,
window5,秉牍,1,0.020790256338152187,liuxie_shipin__liuxie_42,liuxie_shipin__liuxie_42__part01,文心雕龍·養氣,劉勰,若銷鑠精膽，蹙迫和氣，秉牘以驅齡，灑翰以伐性，豈聖賢之素心，會文之直理哉！,若銷鑠精膽，蹙迫和氣，秉牘以驅齡，灑翰以伐性，豈聖賢之素心，會文之直理哉！,若 销铄 精胆 蹙迫 和 气 秉牍 以 驱龄 洒翰 以伐性 岂 圣贤 之 素心 会文 之 直理 哉,氣,423,423,秉牘,425,427,425,427,1,0,
window5,驱龄,1,0.020790256338152187,liuxie_shipin__liuxie_42,liuxie_shipin__liuxie_42__part01,文心雕龍·養氣,劉勰,若銷鑠精膽，蹙迫和氣，秉牘以驅齡，灑翰以伐性，豈聖賢之素心，會文之直理哉！,若銷鑠精膽，蹙迫和氣，秉牘以驅齡，灑翰以伐性，豈聖賢之素心，會文之直理哉！,若 销铄 精胆 蹙迫 和 气 秉牍 以 驱龄 洒翰 以伐性 岂 圣贤 之 素心 会文 之 直理 哉,氣,423,423,驅齡,428,430,428,430,3,0,
window5,洒翰,1,0.020790256338152187,liuxie_shipin__liuxie_42,liuxie_shipin__liuxie_42__part01,文心雕龍·養氣,劉勰,若銷鑠精膽，蹙迫和氣，秉牘以驅齡，灑翰以伐性，豈聖賢之素心，會文之直理哉！,若銷鑠精膽，蹙迫和氣，秉牘以驅齡，灑翰以伐性，豈聖賢之素心，會文之直理哉！,若 销铄 精胆 蹙迫 和 气 秉牍 以 驱龄 洒翰 以伐性 岂 圣贤 之 素心 会文 之 直理 哉,氣,423,423,灑翰,431,433,431,433,4,0,
window5,以伐性,1,0.020790256338152187,liuxie_shipin__liuxie_42,liuxie_shipin__liuxie_42__part01,文心雕龍·養氣,劉勰,若銷鑠精膽，蹙迫和氣，秉牘以驅齡，灑翰以伐性，豈聖賢之素心，會文之直理哉！,若銷鑠精膽，蹙迫和氣，秉牘以驅齡，灑翰以伐性，豈聖賢之素心，會文之直理哉！,若 销铄 精胆 蹙迫 和 气 秉牍 以 驱龄 洒翰 以伐性 岂 圣贤 之 素心 会文 之 直理 哉,氣,423,423,以伐性,433,436,433,436,5,0,
window5,条畅,1,0.020790256338152187,liuxie_shipin__liuxie_42,liuxie_shipin__liuxie_42__part01,文心雕龍·養氣,劉勰,是以吐納文蓺，務在節宣，清和其心，條暢其氣，煩而即捨，勿使壅滯，意得則舒懷以命筆，理伏則投筆以卷懷，逍遙以針勞，談笑以藥勌，常弄閑於才鋒，賈餘於文勇，使刃發如新，湊理無滯，雖非胎息之邁術，斯亦衛氣之一方也。,是以吐納文蓺，務在節宣，清和其心，條暢其氣，煩而即捨，勿使壅滯，意得則舒懷以命筆，理伏則投筆以卷懷，逍遙以針勞，談笑以藥勌，常弄閑於才鋒，賈餘於文勇，使刃發如新，湊理無滯，雖非胎息之邁術，斯亦衛氣之一方也。,是 以 吐纳 文 蓺 务 在 节宣 清 和 其心 条畅 其 气 烦而 即舍 勿 使 壅滞 意得 则 舒怀 以 命笔 理伏 则 投笔 以 卷怀 逍遥 以 针劳 谈笑 以药 勌 常弄 闲于 才锋 贾余 于 文勇 使刃 发如新 凑理 无滞 虽非 胎息 之 迈术 斯亦卫 气 之 一方 也,氣,505,505,條暢,502,504,502,504,2,0,
window5,烦而,1,0.020790256338152187,liuxie_shipin__liuxie_42,liuxie_shipin__liuxie_42__part01,文心雕龍·養氣,劉勰,是以吐納文蓺，務在節宣，清和其心，條暢其氣，煩而即捨，勿使壅滯，意得則舒懷以命筆，理伏則投筆以卷懷，逍遙以針勞，談笑以藥勌，常弄閑於才鋒，賈餘於文勇，使刃發如新，湊理無滯，雖非胎息之邁術，斯亦衛氣之一方也。,是以吐納文蓺，務在節宣，清和其心，條暢其氣，煩而即捨，勿使壅滯，意得則舒懷以命筆，理伏則投筆以卷懷，逍遙以針勞，談笑以藥勌，常弄閑於才鋒，賈餘於文勇，使刃發如新，湊理無滯，雖非胎息之邁術，斯亦衛氣之一方也。,是 以 吐纳 文 蓺 务 在 节宣 清 和 其心 条畅 其 气 烦而 即舍 勿 使 壅滞 意得 则 舒怀 以 命笔 理伏 则 投笔 以 卷怀 逍遥 以 针劳 谈笑 以药 勌 常弄 闲于 才锋 贾余 于 文勇 使刃 发如新 凑理 无滞 虽非 胎息 之 迈术 斯亦卫 气 之 一方 也,氣,505,505,煩而,507,509,507,509,1,0,
window5,即舍,1,0.020790256338152187,liuxie_shipin__liuxie_42,liuxie_shipin__liuxie_42__part01,文心雕龍·養氣,劉勰,是以吐納文蓺，務在節宣，清和其心，條暢其氣，煩而即捨，勿使壅滯，意得則舒懷以命筆，理伏則投筆以卷懷，逍遙以針勞，談笑以藥勌，常弄閑於才鋒，賈餘於文勇，使刃發如新，湊理無滯，雖非胎息之邁術，斯亦衛氣之一方也。,是以吐納文蓺，務在節宣，清和其心，條暢其氣，煩而即捨，勿使壅滯，意得則舒懷以命筆，理伏則投筆以卷懷，逍遙以針勞，談笑以藥勌，常弄閑於才鋒，賈餘於文勇，使刃發如新，湊理無滯，雖非胎息之邁術，斯亦衛氣之一方也。,是 以 吐纳 文 蓺 务 在 节宣 清 和 其心 条畅 其 气 烦而 即舍 勿 使 壅滞 意得 则 舒怀 以 命笔 理伏 则 投笔 以 卷怀 逍遥 以 针劳 谈笑 以药 勌 常弄 闲于 才锋 贾余 于 文勇 使刃 发如新 凑理 无滞 虽非 胎息 之 迈术 斯亦卫 气 之 一方 也,氣,505,505,即捨,509,511,509,511,2,0,
window5,壅滞,1,0.020790256338152187,liuxie_shipin__liuxie_42,liuxie_shipin__liuxie_42__part01,文心雕龍·養氣,劉勰,是以吐納文蓺，務在節宣，清和其心，條暢其氣，煩而即捨，勿使壅滯，意得則舒懷以命筆，理伏則投筆以卷懷，逍遙以針勞，談笑以藥勌，常弄閑於才鋒，賈餘於文勇，使刃發如新，湊理無滯，雖非胎息之邁術，斯亦衛氣之一方也。,是以吐納文蓺，務在節宣，清和其心，條暢其氣，煩而即捨，勿使壅滯，意得則舒懷以命筆，理伏則投筆以卷懷，逍遙以針勞，談笑以藥勌，常弄閑於才鋒，賈餘於文勇，使刃發如新，湊理無滯，雖非胎息之邁術，斯亦衛氣之一方也。,是 以 吐纳 文 蓺 务 在 节宣 清 和 其心 条畅 其 气 烦而 即舍 勿 使 壅滞 意得 则 舒怀 以 命笔 理伏 则 投笔 以 卷怀 逍遥 以 针劳 谈笑 以药 勌 常弄 闲于 才锋 贾余 于 文勇 使刃 发如新 凑理 无滞 虽非 胎息 之 迈术 斯亦卫 气 之 一方 也,氣,505,505,壅滯,514,516,514,516,5,0,
window5,胎息,1,0.020790256338152187,liuxie_shipin__liuxie_42,liuxie_shipin__liuxie_42__part01,文心雕龍·養氣,劉勰,是以吐納文蓺，務在節宣，清和其心，條暢其氣，煩而即捨，勿使壅滯，意得則舒懷以命筆，理伏則投筆以卷懷，逍遙以針勞，談笑以藥勌，常弄閑於才鋒，賈餘於文勇，使刃發如新，湊理無滯，雖非胎息之邁術，斯亦衛氣之一方也。,是以吐納文蓺，務在節宣，清和其心，條暢其氣，煩而即捨，勿使壅滯，意得則舒懷以命筆，理伏則投筆以卷懷，逍遙以針勞，談笑以藥勌，常弄閑於才鋒，賈餘於文勇，使刃發如新，湊理無滯，雖非胎息之邁術，斯亦衛氣之一方也。,是 以 吐纳 文 蓺 务 在 节宣 清 和 其心 条畅 其 气 烦而 即舍 勿 使 壅滞 意得 则 舒怀 以 命笔 理伏 则 投笔 以 卷怀 逍遥 以 针劳 谈笑 以药 勌 常弄 闲于 才锋 贾余 于 文勇 使刃 发如新 凑理 无滞 虽非 胎息 之 迈术 斯亦卫 气 之 一方 也,氣,582,582,胎息,573,575,573,575,4,0,
window5,迈术,1,0.020790256338152187,liuxie_shipin__liuxie_42,liuxie_shipin__liuxie_42__part01,文心雕龍·養氣,劉勰,是以吐納文蓺，務在節宣，清和其心，條暢其氣，煩而即捨，勿使壅滯，意得則舒懷以命筆，理伏則投筆以卷懷，逍遙以針勞，談笑以藥勌，常弄閑於才鋒，賈餘於文勇，使刃發如新，湊理無滯，雖非胎息之邁術，斯亦衛氣之一方也。,是以吐納文蓺，務在節宣，清和其心，條暢其氣，煩而即捨，勿使壅滯，意得則舒懷以命筆，理伏則投筆以卷懷，逍遙以針勞，談笑以藥勌，常弄閑於才鋒，賈餘於文勇，使刃發如新，湊理無滯，雖非胎息之邁術，斯亦衛氣之一方也。,是 以 吐纳 文 蓺 务 在 节宣 清 和 其心 条畅 其 气 烦而 即舍 勿 使 壅滞 意得 则 舒怀 以 命笔 理伏 则 投笔 以 卷怀 逍遥 以 针劳 谈笑 以药 勌 常弄 闲于 才锋 贾余 于 文勇 使刃 发如新 凑理 无滞 虽非 胎息 之 迈术 斯亦卫 气 之 一方 也,氣,582,582,邁術,576,578,576,578,2,0,
window5,斯亦卫,1,0.020790256338152187,liuxie_shipin__liuxie_42,liuxie_shipin__liuxie_42__part01,文心雕龍·養氣,劉勰,是以吐納文蓺，務在節宣，清和其心，條暢其氣，煩而即捨，勿使壅滯，意得則舒懷以命筆，理伏則投筆以卷懷，逍遙以針勞，談笑以藥勌，常弄閑於才鋒，賈餘於文勇，使刃發如新，湊理無滯，雖非胎息之邁術，斯亦衛氣之一方也。,是以吐納文蓺，務在節宣，清和其心，條暢其氣，煩而即捨，勿使壅滯，意得則舒懷以命筆，理伏則投筆以卷懷，逍遙以針勞，談笑以藥勌，常弄閑於才鋒，賈餘於文勇，使刃發如新，湊理無滯，雖非胎息之邁術，斯亦衛氣之一方也。,是 以 吐纳 文 蓺 务 在 节宣 清 和 其心 条畅 其 气 烦而 即舍 勿 使 壅滞 意得 则 舒怀 以 命笔 理伏 则 投笔 以 卷怀 逍遥 以 针劳 谈笑 以药 勌 常弄 闲于 才锋 贾余 于 文勇 使刃 发如新 凑理 无滞 虽非 胎息 之 迈术 斯亦卫 气 之 一方 也,氣,582,582,斯亦衛,579,582,579,582,1,0,
window5,一方,1,0.020790256338152187,liuxie_shipin__liuxie_42,liuxie_shipin__liuxie_42__part01,文心雕龍·養氣,劉勰,是以吐納文蓺，務在節宣，清和其心，條暢其氣，煩而即捨，勿使壅滯，意得則舒懷以命筆，理伏則投筆以卷懷，逍遙以針勞，談笑以藥勌，常弄閑於才鋒，賈餘於文勇，使刃發如新，湊理無滯，雖非胎息之邁術，斯亦衛氣之一方也。,是以吐納文蓺，務在節宣，清和其心，條暢其氣，煩而即捨，勿使壅滯，意得則舒懷以命筆，理伏則投筆以卷懷，逍遙以針勞，談笑以藥勌，常弄閑於才鋒，賈餘於文勇，使刃發如新，湊理無滯，雖非胎息之邁術，斯亦衛氣之一方也。,是 以 吐纳 文 蓺 务 在 节宣 清 和 其心 条畅 其 气 烦而 即舍 勿 使 壅滞 意得 则 舒怀 以 命笔 理伏 则 投笔 以 卷怀 逍遥 以 针劳 谈笑 以药 勌 常弄 闲于 才锋 贾余 于 文勇 使刃 发如新 凑理 无滞 虽非 胎息 之 迈术 斯亦卫 气 之 一方 也,氣,582,582,一方,584,586,584,586,2,0,
window5,元神,1,0.020790256338152187,liuxie_shipin__liuxie_42,liuxie_shipin__liuxie_42__part01,文心雕龍·養氣,劉勰,元神宜寶，素氣資養。,元神宜寶，素氣資養。,元神 宜宝 素 气 资养,氣,611,611,元神,605,607,605,607,3,0,
window5,宜宝,1,0.020790256338152187,liuxie_shipin__liuxie_42,liuxie_shipin__liuxie_42__part01,文心雕龍·養氣,劉勰,元神宜寶，素氣資養。,元神宜寶，素氣資養。,元神 宜宝 素 气 资养,氣,611,611,宜寶,607,609,607,609,2,0,
window5,资养,1,0.020790256338152187,liuxie_shipin__liuxie_42,liuxie_shipin__liuxie_42__part01,文心雕龍·養氣,劉勰,元神宜寶，素氣資養。,元神宜寶，素氣資養。,元神 宜宝 素 气 资养,氣,611,611,資養,612,614,612,614,1,0,
window5,为声,1,0.020790256338152187,liuxie_shipin__liuxie_43,liuxie_shipin__liuxie_43__part01,文心雕龍·附會,劉勰,夫才量學文，宜正體製，必以情志為神明，事義為骨髓，辭采為肌膚，宮商為聲氣，然後品藻元黃，摛振金玉，獻可替否，以裁厥中。,夫才量學文，宜正體製，必以情志為神明，事義為骨髓，辭采為肌膚，宮商為聲氣，然後品藻元黃，摛振金玉，獻可替否，以裁厥中。,夫才量 学文 宜正 体制 必以 情志 为 神明 事义 为 骨髓 辞采 为 肌肤 宫商 为声 气 然后 品藻 元 黄 摛 振 金玉 献可替否 以裁厥 中,氣,86,86,為聲,84,86,84,86,1,0,
window5,义味,1,0.020790256338152187,liuxie_shipin__liuxie_44,liuxie_shipin__liuxie_44__part01,文心雕龍·總術,劉勰,數逢其極，機入其巧，則義味騰躍而生，辭氣叢雜而至，視之則錦繪，聽之則絲簧，味之則甘腴，佩之則芬芳，斷章之功，於斯盛矣。,數逢其極，機入其巧，則義味騰躍而生，辭氣叢雜而至，視之則錦繪，聽之則絲簧，味之則甘腴，佩之則芬芳，斷章之功，於斯盛矣。,数逢 其极 机入 其巧 则 义味 腾跃 而生 辞 气 丛杂 而 至 视之则 锦绘 听 之 则 丝簧 味之则 甘腴 佩之则 芬芳 断章 之功 于斯 盛 矣,氣,569,569,義味,561,563,561,563,4,0,
window5,而生,1,0.020790256338152187,liuxie_shipin__liuxie_44,liuxie_shipin__liuxie_44__part01,文心雕龍·總術,劉勰,數逢其極，機入其巧，則義味騰躍而生，辭氣叢雜而至，視之則錦繪，聽之則絲簧，味之則甘腴，佩之則芬芳，斷章之功，於斯盛矣。,數逢其極，機入其巧，則義味騰躍而生，辭氣叢雜而至，視之則錦繪，聽之則絲簧，味之則甘腴，佩之則芬芳，斷章之功，於斯盛矣。,数逢 其极 机入 其巧 则 义味 腾跃 而生 辞 气 丛杂 而 至 视之则 锦绘 听 之 则 丝簧 味之则 甘腴 佩之则 芬芳 断章 之功 于斯 盛 矣,氣,569,569,而生,565,567,565,567,2,0,
window5,丛杂,1,0.020790256338152187,liuxie_shipin__liuxie_44,liuxie_shipin__liuxie_44__part01,文心雕龍·總術,劉勰,數逢其極，機入其巧，則義味騰躍而生，辭氣叢雜而至，視之則錦繪，聽之則絲簧，味之則甘腴，佩之則芬芳，斷章之功，於斯盛矣。,數逢其極，機入其巧，則義味騰躍而生，辭氣叢雜而至，視之則錦繪，聽之則絲簧，味之則甘腴，佩之則芬芳，斷章之功，於斯盛矣。,数逢 其极 机入 其巧 则 义味 腾跃 而生 辞 气 丛杂 而 至 视之则 锦绘 听 之 则 丝簧 味之则 甘腴 佩之则 芬芳 断章 之功 于斯 盛 矣,氣,569,569,叢雜,570,572,570,572,1,0,
window5,视之则,1,0.020790256338152187,liuxie_shipin__liuxie_44,liuxie_shipin__liuxie_44__part01,文心雕龍·總術,劉勰,數逢其極，機入其巧，則義味騰躍而生，辭氣叢雜而至，視之則錦繪，聽之則絲簧，味之則甘腴，佩之則芬芳，斷章之功，於斯盛矣。,數逢其極，機入其巧，則義味騰躍而生，辭氣叢雜而至，視之則錦繪，聽之則絲簧，味之則甘腴，佩之則芬芳，斷章之功，於斯盛矣。,数逢 其极 机入 其巧 则 义味 腾跃 而生 辞 气 丛杂 而 至 视之则 锦绘 听 之 则 丝簧 味之则 甘腴 佩之则 芬芳 断章 之功 于斯 盛 矣,氣,569,569,視之則,575,578,575,578,4,0,
window5,锦绘,1,0.020790256338152187,liuxie_shipin__liuxie_44,liuxie_shipin__liuxie_44__part01,文心雕龍·總術,劉勰,數逢其極，機入其巧，則義味騰躍而生，辭氣叢雜而至，視之則錦繪，聽之則絲簧，味之則甘腴，佩之則芬芳，斷章之功，於斯盛矣。,數逢其極，機入其巧，則義味騰躍而生，辭氣叢雜而至，視之則錦繪，聽之則絲簧，味之則甘腴，佩之則芬芳，斷章之功，於斯盛矣。,数逢 其极 机入 其巧 则 义味 腾跃 而生 辞 气 丛杂 而 至 视之则 锦绘 听 之 则 丝簧 味之则 甘腴 佩之则 芬芳 断章 之功 于斯 盛 矣,氣,569,569,錦繪,578,580,578,580,5,0,
window5,笔长,1,0.020790256338152187,liuxie_shipin__liuxie_45,liuxie_shipin__liuxie_45__part01,文心雕龍·時序,劉勰,偉長從宦於青土，公幹徇質於海隅，德璉綜其斐然之思，元瑜展其翩翩之樂，文蔚休伯之儔，于俶德祖之侶，俊雅觴豆之前，雍容袵席之上，灑筆以成酣歌，和墨以藉談笑，觀其時文，雅好慷慨，良由世積亂離，風衰俗怨，並志深而筆長，故梗概而多氣也，至明帝纂戎，制詩度曲，徵篇章之士，置崇文之觀，何劉群才，迭相照耀。,偉長從宦於青土，公幹徇質於海隅，德璉綜其斐然之思，元瑜展其翩翩之樂，文蔚休伯之儔，于俶德祖之侶，俊雅觴豆之前，雍容袵席之上，灑筆以成酣歌，和墨以藉談笑，觀其時文，雅好慷慨，良由世積亂離，風衰俗怨，並志深而筆長，故梗概而多氣也，至明帝纂戎，制詩度曲，徵篇章之士，置崇文之觀，何劉群才，迭相照耀。,伟长 从宦 于 青土 公干 徇质 于 海隅 德琏 综其 斐然 之思 元瑜展 其 翩翩 之 乐 文蔚 休伯 之 俦 于 俶 德祖 之侣 俊雅 觞豆 之前 雍容 袵 席 之上 洒笔 以成 酣歌 和 墨以 藉 谈笑 观 其时 文 雅好 慷慨 良由世积 乱离 风衰俗 怨 并志深 而 笔长 故 梗概 而 多 气 也 至明 帝纂 戎 制诗 度曲 征 篇章 之士 置 崇文 之观 何刘 群才 迭 相 照耀,氣,1128,1128,筆長,1120,1122,1120,1122,5,0,
window5,至明,1,0.020790256338152187,liuxie_shipin__liuxie_45,liuxie_shipin__liuxie_45__part01,文心雕龍·時序,劉勰,偉長從宦於青土，公幹徇質於海隅，德璉綜其斐然之思，元瑜展其翩翩之樂，文蔚休伯之儔，于俶德祖之侶，俊雅觴豆之前，雍容袵席之上，灑筆以成酣歌，和墨以藉談笑，觀其時文，雅好慷慨，良由世積亂離，風衰俗怨，並志深而筆長，故梗概而多氣也，至明帝纂戎，制詩度曲，徵篇章之士，置崇文之觀，何劉群才，迭相照耀。,偉長從宦於青土，公幹徇質於海隅，德璉綜其斐然之思，元瑜展其翩翩之樂，文蔚休伯之儔，于俶德祖之侶，俊雅觴豆之前，雍容袵席之上，灑筆以成酣歌，和墨以藉談笑，觀其時文，雅好慷慨，良由世積亂離，風衰俗怨，並志深而筆長，故梗概而多氣也，至明帝纂戎，制詩度曲，徵篇章之士，置崇文之觀，何劉群才，迭相照耀。,伟长 从宦 于 青土 公干 徇质 于 海隅 德琏 综其 斐然 之思 元瑜展 其 翩翩 之 乐 文蔚 休伯 之 俦 于 俶 德祖 之侣 俊雅 觞豆 之前 雍容 袵 席 之上 洒笔 以成 酣歌 和 墨以 藉 谈笑 观 其时 文 雅好 慷慨 良由世积 乱离 风衰俗 怨 并志深 而 笔长 故 梗概 而 多 气 也 至明 帝纂 戎 制诗 度曲 征 篇章 之士 置 崇文 之观 何刘 群才 迭 相 照耀,氣,1128,1128,至明,1131,1133,1131,1133,2,0,
window5,帝纂,1,0.020790256338152187,liuxie_shipin__liuxie_45,liuxie_shipin__liuxie_45__part01,文心雕龍·時序,劉勰,偉長從宦於青土，公幹徇質於海隅，德璉綜其斐然之思，元瑜展其翩翩之樂，文蔚休伯之儔，于俶德祖之侶，俊雅觴豆之前，雍容袵席之上，灑筆以成酣歌，和墨以藉談笑，觀其時文，雅好慷慨，良由世積亂離，風衰俗怨，並志深而筆長，故梗概而多氣也，至明帝纂戎，制詩度曲，徵篇章之士，置崇文之觀，何劉群才，迭相照耀。,偉長從宦於青土，公幹徇質於海隅，德璉綜其斐然之思，元瑜展其翩翩之樂，文蔚休伯之儔，于俶德祖之侶，俊雅觴豆之前，雍容袵席之上，灑筆以成酣歌，和墨以藉談笑，觀其時文，雅好慷慨，良由世積亂離，風衰俗怨，並志深而筆長，故梗概而多氣也，至明帝纂戎，制詩度曲，徵篇章之士，置崇文之觀，何劉群才，迭相照耀。,伟长 从宦 于 青土 公干 徇质 于 海隅 德琏 综其 斐然 之思 元瑜展 其 翩翩 之 乐 文蔚 休伯 之 俦 于 俶 德祖 之侣 俊雅 觞豆 之前 雍容 袵 席 之上 洒笔 以成 酣歌 和 墨以 藉 谈笑 观 其时 文 雅好 慷慨 良由世积 乱离 风衰俗 怨 并志深 而 笔长 故 梗概 而 多 气 也 至明 帝纂 戎 制诗 度曲 征 篇章 之士 置 崇文 之观 何刘 群才 迭 相 照耀,氣,1128,1128,帝纂,1133,1135,1133,1135,3,0,
window5,制诗,1,0.020790256338152187,liuxie_shipin__liuxie_45,liuxie_shipin__liuxie_45__part01,文心雕龍·時序,劉勰,偉長從宦於青土，公幹徇質於海隅，德璉綜其斐然之思，元瑜展其翩翩之樂，文蔚休伯之儔，于俶德祖之侶，俊雅觴豆之前，雍容袵席之上，灑筆以成酣歌，和墨以藉談笑，觀其時文，雅好慷慨，良由世積亂離，風衰俗怨，並志深而筆長，故梗概而多氣也，至明帝纂戎，制詩度曲，徵篇章之士，置崇文之觀，何劉群才，迭相照耀。,偉長從宦於青土，公幹徇質於海隅，德璉綜其斐然之思，元瑜展其翩翩之樂，文蔚休伯之儔，于俶德祖之侶，俊雅觴豆之前，雍容袵席之上，灑筆以成酣歌，和墨以藉談笑，觀其時文，雅好慷慨，良由世積亂離，風衰俗怨，並志深而筆長，故梗概而多氣也，至明帝纂戎，制詩度曲，徵篇章之士，置崇文之觀，何劉群才，迭相照耀。,伟长 从宦 于 青土 公干 徇质 于 海隅 德琏 综其 斐然 之思 元瑜展 其 翩翩 之 乐 文蔚 休伯 之 俦 于 俶 德祖 之侣 俊雅 觞豆 之前 雍容 袵 席 之上 洒笔 以成 酣歌 和 墨以 藉 谈笑 观 其时 文 雅好 慷慨 良由世积 乱离 风衰俗 怨 并志深 而 笔长 故 梗概 而 多 气 也 至明 帝纂 戎 制诗 度曲 征 篇章 之士 置 崇文 之观 何刘 群才 迭 相 照耀,氣,1128,1128,制詩,1137,1139,1137,1139,5,0,
window5,朝贵,1,0.020790256338152187,liuxie_shipin__liuxie_45,liuxie_shipin__liuxie_45__part01,文心雕龍·時序,劉勰,自中朝貴元，江左稱盛，因談餘氣，流成文體。,自中朝貴元，江左稱盛，因談餘氣，流成文體。,自中 朝贵 元 江左 称盛 因谈余 气 流成 文体,氣,1538,1538,朝貴,1526,1528,1526,1528,5,0,
window5,称盛,1,0.020790256338152187,liuxie_shipin__liuxie_45,liuxie_shipin__liuxie_45__part01,文心雕龍·時序,劉勰,自中朝貴元，江左稱盛，因談餘氣，流成文體。,自中朝貴元，江左稱盛，因談餘氣，流成文體。,自中 朝贵 元 江左 称盛 因谈余 气 流成 文体,氣,1538,1538,稱盛,1532,1534,1532,1534,2,0,
window5,因谈余,1,0.020790256338152187,liuxie_shipin__liuxie_45,liuxie_shipin__liuxie_45__part01,文心雕龍·時序,劉勰,自中朝貴元，江左稱盛，因談餘氣，流成文體。,自中朝貴元，江左稱盛，因談餘氣，流成文體。,自中 朝贵 元 江左 称盛 因谈余 气 流成 文体,氣,1538,1538,因談餘,1535,1538,1535,1538,1,0,
window5,流成,1,0.020790256338152187,liuxie_shipin__liuxie_45,liuxie_shipin__liuxie_45__part01,文心雕龍·時序,劉勰,自中朝貴元，江左稱盛，因談餘氣，流成文體。,自中朝貴元，江左稱盛，因談餘氣，流成文體。,自中 朝贵 元 江左 称盛 因谈余 气 流成 文体,氣,1538,1538,流成,1540,1542,1540,1542,1,0,
window5,盖阳,1,0.020790256338152187,liuxie_shipin__liuxie_46,liuxie_shipin__liuxie_46__part01,文心雕龍·物色,劉勰,蓋陽氣萌而玄駒步，陰律凝而丹鳥羞，微蟲猶或入感，四時之動物深矣。,蓋陽氣萌而玄駒步，陰律凝而丹鳥羞，微蟲猶或入感，四時之動物深矣。,盖阳 气 萌而 玄驹 步 阴律 凝而 丹鸟 羞 微虫 犹 或 入感 四时 之 动物 深 矣,氣,22,22,蓋陽,20,22,20,22,1,0,
window5,萌而,1,0.020790256338152187,liuxie_shipin__liuxie_46,liuxie_shipin__liuxie_46__part01,文心雕龍·物色,劉勰,蓋陽氣萌而玄駒步，陰律凝而丹鳥羞，微蟲猶或入感，四時之動物深矣。,蓋陽氣萌而玄駒步，陰律凝而丹鳥羞，微蟲猶或入感，四時之動物深矣。,盖阳 气 萌而 玄驹 步 阴律 凝而 丹鸟 羞 微虫 犹 或 入感 四时 之 动物 深 矣,氣,22,22,萌而,23,25,23,25,1,0,
window5,玄驹,1,0.020790256338152187,liuxie_shipin__liuxie_46,liuxie_shipin__liuxie_46__part01,文心雕龍·物色,劉勰,蓋陽氣萌而玄駒步，陰律凝而丹鳥羞，微蟲猶或入感，四時之動物深矣。,蓋陽氣萌而玄駒步，陰律凝而丹鳥羞，微蟲猶或入感，四時之動物深矣。,盖阳 气 萌而 玄驹 步 阴律 凝而 丹鸟 羞 微虫 犹 或 入感 四时 之 动物 深 矣,氣,22,22,玄駒,25,27,25,27,2,0,
window5,阴律,1,0.020790256338152187,liuxie_shipin__liuxie_46,liuxie_shipin__liuxie_46__part01,文心雕龍·物色,劉勰,蓋陽氣萌而玄駒步，陰律凝而丹鳥羞，微蟲猶或入感，四時之動物深矣。,蓋陽氣萌而玄駒步，陰律凝而丹鳥羞，微蟲猶或入感，四時之動物深矣。,盖阳 气 萌而 玄驹 步 阴律 凝而 丹鸟 羞 微虫 犹 或 入感 四时 之 动物 深 矣,氣,22,22,陰律,29,31,29,31,4,0,
window5,动物,1,0.041148854563009644,liuxie_shipin__shipin_01,liuxie_shipin__shipin_01__part01,詩品·序,鍾嶸,氣之動物，物之感人，故搖盪性情，行諸舞詠。,氣之動物，物之感人，故搖盪性情，行諸舞詠。,气 之 动物 物 之 感人 故 摇荡 性情 行诸 舞咏,氣,0,0,動物,2,4,2,4,2,0,
window5,其惠心,1,0.020790256338152187,liuxie_shipin__liuxie_46,liuxie_shipin__liuxie_46__part01,文心雕龍·物色,劉勰,若夫珪璋挺其惠心，英華秀其清氣，物色相召，人誰獲安！,若夫珪璋挺其惠心，英華秀其清氣，物色相召，人誰獲安！,若夫 珪 璋 挺 其惠心 英华 秀其清 气 物色 相召 人 谁 获安,氣,66,66,其惠心,57,60,57,60,3,0,
window5,秀其清,1,0.020790256338152187,liuxie_shipin__liuxie_46,liuxie_shipin__liuxie_46__part01,文心雕龍·物色,劉勰,若夫珪璋挺其惠心，英華秀其清氣，物色相召，人誰獲安！,若夫珪璋挺其惠心，英華秀其清氣，物色相召，人誰獲安！,若夫 珪 璋 挺 其惠心 英华 秀其清 气 物色 相召 人 谁 获安,氣,66,66,秀其清,63,66,63,66,1,0,
window5,相召,1,0.020790256338152187,liuxie_shipin__liuxie_46,liuxie_shipin__liuxie_46__part01,文心雕龍·物色,劉勰,若夫珪璋挺其惠心，英華秀其清氣，物色相召，人誰獲安！,若夫珪璋挺其惠心，英華秀其清氣，物色相召，人誰獲安！,若夫 珪 璋 挺 其惠心 英华 秀其清 气 物色 相召 人 谁 获安,氣,66,66,相召,70,72,70,72,2,0,
window5,获安,1,0.020790256338152187,liuxie_shipin__liuxie_46,liuxie_shipin__liuxie_46__part01,文心雕龍·物色,劉勰,若夫珪璋挺其惠心，英華秀其清氣，物色相召，人誰獲安！,若夫珪璋挺其惠心，英華秀其清氣，物色相召，人誰獲安！,若夫 珪 璋 挺 其惠心 英华 秀其清 气 物色 相召 人 谁 获安,氣,66,66,獲安,75,77,75,77,5,0,
window5,天高,1,0.020790256338152187,liuxie_shipin__liuxie_46,liuxie_shipin__liuxie_46__part01,文心雕龍·物色,劉勰,天高氣清，陰沈之志遠；,天高氣清，陰沈之志遠；,天高 气 清 阴沈 之 志远,氣,104,104,天高,102,104,102,104,1,0,
window5,阴沈,1,0.020790256338152187,liuxie_shipin__liuxie_46,liuxie_shipin__liuxie_46__part01,文心雕龍·物色,劉勰,天高氣清，陰沈之志遠；,天高氣清，陰沈之志遠；,天高 气 清 阴沈 之 志远,氣,104,104,陰沈,107,109,107,109,2,0,
window5,志远,1,0.020790256338152187,liuxie_shipin__liuxie_46,liuxie_shipin__liuxie_46__part01,文心雕龍·物色,劉勰,天高氣清，陰沈之志遠；,天高氣清，陰沈之志遠；,天高 气 清 阴沈 之 志远,氣,104,104,志遠,110,112,110,112,4,0,
window5,随物,1,0.020790256338152187,liuxie_shipin__liuxie_46,liuxie_shipin__liuxie_46__part01,文心雕龍·物色,劉勰,寫氣圖貌，既隨物以宛轉；,寫氣圖貌，既隨物以宛轉；,写 气 图貌 既 随物 以 宛转,氣,205,205,隨物,210,212,210,212,3,0,
window5,于笔,1,0.020790256338152187,liuxie_shipin__liuxie_47,liuxie_shipin__liuxie_47__part01,文心雕龍·才略,劉勰,枚乘之《七發》，鄒陽之上書，膏潤於筆，氣形於言矣。,枚乘之《七發》，鄒陽之上書，膏潤於筆，氣形於言矣。,枚 乘 之 七发 邹阳 之 上书 膏润 于笔 气 形于 言 矣,氣,345,345,於筆,342,344,342,344,1,0,
window5,以遣论,1,0.020790256338152187,liuxie_shipin__liuxie_47,liuxie_shipin__liuxie_47__part01,文心雕龍·才略,劉勰,嵇康師心以遣論，阮籍使氣以命詩，殊聲而合響，異翮而同飛。,嵇康師心以遣論，阮籍使氣以命詩，殊聲而合響，異翮而同飛。,嵇康 师心 以遣论 阮籍 使 气 以命 诗 殊声 而 合响 异翮 而 同飞,氣,1161,1161,以遣論,1154,1157,1154,1157,3,0,
window5,阮籍,1,0.041148854563009644,liuxie_shipin__liuxie_47,liuxie_shipin__liuxie_47__part01,文心雕龍·才略,劉勰,嵇康師心以遣論，阮籍使氣以命詩，殊聲而合響，異翮而同飛。,嵇康師心以遣論，阮籍使氣以命詩，殊聲而合響，異翮而同飛。,嵇康 师心 以遣论 阮籍 使 气 以命 诗 殊声 而 合响 异翮 而 同飞,氣,1161,1161,阮籍,1158,1160,1158,1160,2,0,
window5,以命,1,0.020790256338152187,liuxie_shipin__liuxie_47,liuxie_shipin__liuxie_47__part01,文心雕龍·才略,劉勰,嵇康師心以遣論，阮籍使氣以命詩，殊聲而合響，異翮而同飛。,嵇康師心以遣論，阮籍使氣以命詩，殊聲而合響，異翮而同飛。,嵇康 师心 以遣论 阮籍 使 气 以命 诗 殊声 而 合响 异翮 而 同飞,氣,1161,1161,以命,1162,1164,1162,1164,1,0,
window5,殊声,1,0.020790256338152187,liuxie_shipin__liuxie_47,liuxie_shipin__liuxie_47__part01,文心雕龍·才略,劉勰,嵇康師心以遣論，阮籍使氣以命詩，殊聲而合響，異翮而同飛。,嵇康師心以遣論，阮籍使氣以命詩，殊聲而合響，異翮而同飛。,嵇康 师心 以遣论 阮籍 使 气 以命 诗 殊声 而 合响 异翮 而 同飞,氣,1161,1161,殊聲,1166,1168,1166,1168,3,0,
window5,合响,1,0.020790256338152187,liuxie_shipin__liuxie_47,liuxie_shipin__liuxie_47__part01,文心雕龍·才略,劉勰,嵇康師心以遣論，阮籍使氣以命詩，殊聲而合響，異翮而同飛。,嵇康師心以遣論，阮籍使氣以命詩，殊聲而合響，異翮而同飛。,嵇康 师心 以遣论 阮籍 使 气 以命 诗 殊声 而 合响 异翮 而 同飞,氣,1161,1161,合響,1169,1171,1169,1171,5,0,
window5,方声,1,0.020790256338152187,liuxie_shipin__liuxie_50,liuxie_shipin__liuxie_50__part01,文心雕龍·序志,劉勰,夫有肖貌天地，稟性五才，擬耳目於日月，方聲氣乎風雷，其超出萬物亦已靈矣。,夫有肖貌天地，稟性五才，擬耳目於日月，方聲氣乎風雷，其超出萬物亦已靈矣。,夫有 肖貌 天地 禀性 五才 拟 耳目 于 日月 方声 气 乎 风雷 其 超出 万物 亦 已灵 矣,氣,123,123,方聲,121,123,121,123,1,0,
window5,风雷,1,0.020790256338152187,liuxie_shipin__liuxie_50,liuxie_shipin__liuxie_50__part01,文心雕龍·序志,劉勰,夫有肖貌天地，稟性五才，擬耳目於日月，方聲氣乎風雷，其超出萬物亦已靈矣。,夫有肖貌天地，稟性五才，擬耳目於日月，方聲氣乎風雷，其超出萬物亦已靈矣。,夫有 肖貌 天地 禀性 五才 拟 耳目 于 日月 方声 气 乎 风雷 其 超出 万物 亦 已灵 矣,氣,123,123,風雷,125,127,125,127,2,0,
window5,超出,1,0.020790256338152187,liuxie_shipin__liuxie_50,liuxie_shipin__liuxie_50__part01,文心雕龍·序志,劉勰,夫有肖貌天地，稟性五才，擬耳目於日月，方聲氣乎風雷，其超出萬物亦已靈矣。,夫有肖貌天地，稟性五才，擬耳目於日月，方聲氣乎風雷，其超出萬物亦已靈矣。,夫有 肖貌 天地 禀性 五才 拟 耳目 于 日月 方声 气 乎 风雷 其 超出 万物 亦 已灵 矣,氣,123,123,超出,129,131,129,131,4,0,
window5,感人,1,0.020790256338152187,liuxie_shipin__shipin_01,liuxie_shipin__shipin_01__part01,詩品·序,鍾嶸,氣之動物，物之感人，故搖盪性情，行諸舞詠。,氣之動物，物之感人，故搖盪性情，行諸舞詠。,气 之 动物 物 之 感人 故 摇荡 性情 行诸 舞咏,氣,0,0,感人,7,9,7,9,5,0,
window5,刘越,1,0.020790256338152187,liuxie_shipin__shipin_01,liuxie_shipin__shipin_01__part01,詩品·序,鍾嶸,劉越石仗清剛之氣，贊成厥美。,劉越石仗清剛之氣，贊成厥美。,刘越 石仗 清刚 之 气 赞成 厥 美,氣,443,443,劉越,436,438,436,438,4,0,
window5,石仗,1,0.020790256338152187,liuxie_shipin__shipin_01,liuxie_shipin__shipin_01__part01,詩品·序,鍾嶸,劉越石仗清剛之氣，贊成厥美。,劉越石仗清剛之氣，贊成厥美。,刘越 石仗 清刚 之 气 赞成 厥 美,氣,443,443,石仗,438,440,438,440,3,0,
window5,清刚,1,0.020790256338152187,liuxie_shipin__shipin_01,liuxie_shipin__shipin_01__part01,詩品·序,鍾嶸,劉越石仗清剛之氣，贊成厥美。,劉越石仗清剛之氣，贊成厥美。,刘越 石仗 清刚 之 气 赞成 厥 美,氣,443,443,清剛,440,442,440,442,2,0,
window5,赞成,1,0.020790256338152187,liuxie_shipin__shipin_01,liuxie_shipin__shipin_01__part01,詩品·序,鍾嶸,劉越石仗清剛之氣，贊成厥美。,劉越石仗清剛之氣，贊成厥美。,刘越 石仗 清刚 之 气 赞成 厥 美,氣,443,443,贊成,445,447,445,447,1,0,
window5,负戈外,1,0.020790256338152187,liuxie_shipin__shipin_01,liuxie_shipin__shipin_01__part01,詩品·序,鍾嶸,或負戈外戍，殺氣雄邊；,或負戈外戍，殺氣雄邊；,或 负戈外 戍 杀 气 雄边,氣,873,873,負戈外,867,870,867,870,3,0,
window5,雄边,1,0.020790256338152187,liuxie_shipin__shipin_01,liuxie_shipin__shipin_01__part01,詩品·序,鍾嶸,或負戈外戍，殺氣雄邊；,或負戈外戍，殺氣雄邊；,或 负戈外 戍 杀 气 雄边,氣,873,873,雄邊,874,876,874,876,1,0,
window5,奇高,1,0.020790256338152187,liuxie_shipin__shipin_02,liuxie_shipin__shipin_02__part01,詩品·卷上,鍾嶸,骨氣奇高，詞采華茂，情兼雅怨，體被文質，粲溢今古，卓爾不群。,骨氣奇高，詞采華茂，情兼雅怨，體被文質，粲溢今古，卓爾不群。,骨 气 奇高 词采 华茂 情兼雅怨 体 被 文质 粲溢 今古 卓尔不群,氣,226,226,奇高,227,229,227,229,1,0,
window5,词采,1,0.041148854563009644,liuxie_shipin__shipin_02,liuxie_shipin__shipin_02__part01,詩品·卷上,鍾嶸,骨氣奇高，詞采華茂，情兼雅怨，體被文質，粲溢今古，卓爾不群。,骨氣奇高，詞采華茂，情兼雅怨，體被文質，粲溢今古，卓爾不群。,骨 气 奇高 词采 华茂 情兼雅怨 体 被 文质 粲溢 今古 卓尔不群,氣,226,226,詞采,230,232,230,232,2,0,
window5,华茂,1,0.020790256338152187,liuxie_shipin__shipin_02,liuxie_shipin__shipin_02__part01,詩品·卷上,鍾嶸,骨氣奇高，詞采華茂，情兼雅怨，體被文質，粲溢今古，卓爾不群。,骨氣奇高，詞采華茂，情兼雅怨，體被文質，粲溢今古，卓爾不群。,骨 气 奇高 词采 华茂 情兼雅怨 体 被 文质 粲溢 今古 卓尔不群,氣,226,226,華茂,232,234,232,234,3,0,
window5,情兼雅怨,1,0.020790256338152187,liuxie_shipin__shipin_02,liuxie_shipin__shipin_02__part01,詩品·卷上,鍾嶸,骨氣奇高，詞采華茂，情兼雅怨，體被文質，粲溢今古，卓爾不群。,骨氣奇高，詞采華茂，情兼雅怨，體被文質，粲溢今古，卓爾不群。,骨 气 奇高 词采 华茂 情兼雅怨 体 被 文质 粲溢 今古 卓尔不群,氣,226,226,情兼雅怨,235,239,235,239,4,0,
window5,动多振绝,1,0.020790256338152187,liuxie_shipin__shipin_02,liuxie_shipin__shipin_02__part01,詩品·卷上,鍾嶸,仗氣愛奇，動多振絕。,仗氣愛奇，動多振絕。,仗 气 爱奇 动多振绝,氣,367,367,動多振絕,371,375,371,375,2,0,
window5,过其文,1,0.041148854563009644,liuxie_shipin__shipin_02,liuxie_shipin__shipin_02__part01,詩品·卷上,鍾嶸,但氣過其文，雕潤恨少。,但氣過其文，雕潤恨少。,但 气 过其文 雕润 恨少,氣,387,387,過其文,388,391,388,391,1,0,
window5,雕润,1,0.020790256338152187,liuxie_shipin__shipin_02,liuxie_shipin__shipin_02__part01,詩品·卷上,鍾嶸,但氣過其文，雕潤恨少。,但氣過其文，雕潤恨少。,但 气 过其文 雕润 恨少,氣,387,387,雕潤,392,394,392,394,2,0,
window5,恨少,1,0.041148854563009644,liuxie_shipin__shipin_02,liuxie_shipin__shipin_02__part01,詩品·卷上,鍾嶸,但氣過其文，雕潤恨少。,但氣過其文，雕潤恨少。,但 气 过其文 雕润 恨少,氣,387,387,恨少,394,396,394,396,3,0,
window5,少于,1,0.020790256338152187,liuxie_shipin__shipin_02,liuxie_shipin__shipin_02__part01,詩品·卷上,鍾嶸,氣少於公幹，文劣於仲宣。,氣少於公幹，文劣於仲宣。,气 少于 公干 文 劣于 仲宣,氣,574,574,少於,575,577,575,577,1,0,
window5,劣于,1,0.020790256338152187,liuxie_shipin__shipin_02,liuxie_shipin__shipin_02__part01,詩品·卷上,鍾嶸,氣少於公幹，文劣於仲宣。,氣少於公幹，文劣於仲宣。,气 少于 公干 文 劣于 仲宣,氣,574,574,劣於,581,583,581,583,4,0,
window5,犹恨,1,0.020790256338152187,liuxie_shipin__shipin_03,liuxie_shipin__shipin_03__part01,詩品·卷中,鍾嶸,雖名高曩代，而疏亮之士，猶恨其兒女情多，風雲氣少。,雖名高曩代，而疏亮之士，猶恨其兒女情多，風雲氣少。,虽名 高 曩 代 而 疏亮 之士 犹恨 其 儿女情 多 风云 气 少,氣,207,207,猶恨,197,199,197,199,5,0,
window5,儿女情,1,0.020790256338152187,liuxie_shipin__shipin_03,liuxie_shipin__shipin_03__part01,詩品·卷中,鍾嶸,雖名高曩代，而疏亮之士，猶恨其兒女情多，風雲氣少。,雖名高曩代，而疏亮之士，猶恨其兒女情多，風雲氣少。,虽名 高 曩 代 而 疏亮 之士 犹恨 其 儿女情 多 风云 气 少,氣,207,207,兒女情,200,203,200,203,3,0,
window5,凄戾,1,0.020790256338152187,liuxie_shipin__shipin_03,liuxie_shipin__shipin_03__part01,詩品·卷中,鍾嶸,善為淒戾之詞，自有清拔之氣。,善為淒戾之詞，自有清拔之氣。,善为 凄戾 之词 自有 清拔 之 气,氣,453,453,淒戾,443,445,443,445,5,0,
window5,清拔,1,0.041148854563009644,liuxie_shipin__shipin_03,liuxie_shipin__shipin_03__part01,詩品·卷中,鍾嶸,善為淒戾之詞，自有清拔之氣。,善為淒戾之詞，自有清拔之氣。,善为 凄戾 之词 自有 清拔 之 气,氣,453,453,清拔,450,452,450,452,2,0,
window5,调警拔,1,0.020790256338152187,liuxie_shipin__shipin_03,liuxie_shipin__shipin_03__part01,詩品·卷中,鍾嶸,觀此五子，文雖不多，氣調警拔，吾許其進，則鮑照、江淹未足逮止。,觀此五子，文雖不多，氣調警拔，吾許其進，則鮑照、江淹未足逮止。,观此 五子 文 虽 不 多 气 调警拔 吾许 其进 则 鲍照 江淹 未足 逮止,氣,671,671,調警拔,672,675,672,675,1,0,
window5,吾许,1,0.020790256338152187,liuxie_shipin__shipin_03,liuxie_shipin__shipin_03__part01,詩品·卷中,鍾嶸,觀此五子，文雖不多，氣調警拔，吾許其進，則鮑照、江淹未足逮止。,觀此五子，文雖不多，氣調警拔，吾許其進，則鮑照、江淹未足逮止。,观此 五子 文 虽 不 多 气 调警拔 吾许 其进 则 鲍照 江淹 未足 逮止,氣,671,671,吾許,676,678,676,678,2,0,
window5,其进,1,0.020790256338152187,liuxie_shipin__shipin_03,liuxie_shipin__shipin_03__part01,詩品·卷中,鍾嶸,觀此五子，文雖不多，氣調警拔，吾許其進，則鮑照、江淹未足逮止。,觀此五子，文雖不多，氣調警拔，吾許其進，則鮑照、江淹未足逮止。,观此 五子 文 虽 不 多 气 调警拔 吾许 其进 则 鲍照 江淹 未足 逮止,氣,671,671,其進,678,680,678,680,3,0,
window5,太尉,1,0.041148854563009644,liuxie_shipin__shipin_04,liuxie_shipin__shipin_04__part01,詩品·卷下,鍾嶸,嘗語徐太尉云：“我詩有生氣，須人捉著。,嘗語徐太尉云：“我詩有生氣，須人捉著。,尝语 徐 太尉 云 我 诗 有生 气 须 人 捉 著,氣,1233,1233,太尉,1224,1226,1224,1226,5,0,
window5,清雅,1,0.041148854563009644,liuxie_shipin__shipin_04,liuxie_shipin__shipin_04__part01,詩品·卷下,鍾嶸,希逸詩，氣候清雅，不逮於范、袁。,希逸詩，氣候清雅，不逮於范、袁。,希 逸诗 气 候 清雅 不 逮于 范 袁,氣,450,450,清雅,452,454,452,454,2,0,
window5,逸诗,1,0.020790256338152187,liuxie_shipin__shipin_04,liuxie_shipin__shipin_04__part01,詩品·卷下,鍾嶸,希逸詩，氣候清雅，不逮於范、袁。,希逸詩，氣候清雅，不逮於范、袁。,希 逸诗 气 候 清雅 不 逮于 范 袁,氣,450,450,逸詩,447,449,447,449,1,0,
window10,公干,5,0.00010442015062195331,weijin__caopi_wuzhi,weijin__caopi_wuzhi__part01,與吳質書（二月三日）,曹丕,公幹有逸氣，但未遒耳，至其五言詩，妙絕當時。,公幹有逸氣，但未遒耳，至其五言詩，妙絕當時。,公干 有逸 气 但 未 遒 耳 至 其 五言诗 妙绝 当时,氣,363,363,公幹,359,361,359,361,2,0,
window10,不可,4,0.023378697902566192,weijin__caopi_lunwen,weijin__caopi_lunwen__part01,典論·論文,曹丕,氣之清濁有體，不可力強而致。,氣之清濁有體，不可力強而致。,气 之 清浊 有体 不可 力强 而致,氣,450,450,不可,457,459,457,459,4,0,
window10,孔融,3,0.0019106327286809721,weijin__caopi_lunwen,weijin__caopi_lunwen__part01,典論·論文,曹丕,孔融體氣高妙，有過人者；,孔融體氣高妙，有過人者；,孔融 体 气 高妙 有 过人 者,氣,327,327,孔融,324,326,324,326,2,0,
window10,长于,2,0.01217353295397472,weijin__caopi_lunwen,weijin__caopi_lunwen__part01,典論·論文,曹丕,王粲長於辭賦，徐幹時有齊氣，然粲之匹也。,王粲長於辭賦，徐幹時有齊氣，然粲之匹也。,王 粲 长于 辞赋 徐 干时 有齐 气 然 粲 之匹 也,氣,241,241,長於,231,233,231,233,5,0,
window10,高妙,2,0.0008786546990140112,weijin__caopi_lunwen,weijin__caopi_lunwen__part01,典論·論文,曹丕,孔融體氣高妙，有過人者；,孔融體氣高妙，有過人者；,孔融 体 气 高妙 有 过人 者,氣,327,327,高妙,328,330,328,330,1,0,
window10,文以,2,0.01217353295397472,weijin__caopi_lunwen,weijin__caopi_lunwen__part01,典論·論文,曹丕,文以氣為主；,文以氣為主；,文以 气 为主,氣,446,446,文以,444,446,444,446,1,0,
window10,为主,2,0.008277814675474837,weijin__caopi_lunwen,weijin__caopi_lunwen__part01,典論·論文,曹丕,文以氣為主；,文以氣為主；,文以 气 为主,氣,446,446,為主,447,449,447,449,1,0,
window10,清浊,2,0.02184585727102628,weijin__caopi_lunwen,weijin__caopi_lunwen__part01,典論·論文,曹丕,氣之清濁有體，不可力強而致。,氣之清濁有體，不可力強而致。,气 之 清浊 有体 不可 力强 而致,氣,450,450,清濁,452,454,452,454,2,0,
window10,有体,2,0.002583946185682524,weijin__caopi_lunwen,weijin__caopi_lunwen__part01,典論·論文,曹丕,氣之清濁有體，不可力強而致。,氣之清濁有體，不可力強而致。,气 之 清浊 有体 不可 力强 而致,氣,450,450,有體,454,456,454,456,3,0,
window10,力强,2,0.002583946185682524,weijin__caopi_lunwen,weijin__caopi_lunwen__part01,典論·論文,曹丕,氣之清濁有體，不可力強而致。,氣之清濁有體，不可力強而致。,气 之 清浊 有体 不可 力强 而致,氣,450,450,力強,459,461,459,461,5,0,
window10,而致,2,0.002583946185682524,weijin__caopi_lunwen,weijin__caopi_lunwen__part01,典論·論文,曹丕,氣之清濁有體，不可力強而致。,氣之清濁有體，不可力強而致。,气 之 清浊 有体 不可 力强 而致,氣,450,450,而致,461,463,461,463,6,0,
window10,当时,2,0.01217353295397472,weijin__caopi_wuzhi,weijin__caopi_wuzhi__part01,與吳質書（二月三日）,曹丕,公幹有逸氣，但未遒耳，至其五言詩，妙絕當時。,公幹有逸氣，但未遒耳，至其五言詩，妙絕當時。,公干 有逸 气 但 未 遒 耳 至 其 五言诗 妙绝 当时,氣,363,363,當時,378,380,378,380,9,0,
window10,刚柔,2,0.01217353295397472,liuxie_shipin__liuxie_27,liuxie_shipin__liuxie_27__part01,文心雕龍·體性,劉勰,然才有庸俊，氣有剛柔，學有淺深，習有雅鄭，並情性所鑠，陶染所凝，是以筆區雲譎，文苑波詭者矣。,然才有庸俊，氣有剛柔，學有淺深，習有雅鄭，並情性所鑠，陶染所凝，是以筆區雲譎，文苑波詭者矣。,然才 有庸俊 气 有 刚柔 学有 浅深 习有 雅郑 并 情性 所铄 陶染 所 凝 是 以 笔区 云谲 文苑 波诡 者 矣,氣,34,34,剛柔,36,38,36,38,2,0,
window10,情性,2,0.02184585727102628,liuxie_shipin__liuxie_27,liuxie_shipin__liuxie_27__part01,文心雕龍·體性,劉勰,然才有庸俊，氣有剛柔，學有淺深，習有雅鄭，並情性所鑠，陶染所凝，是以筆區雲譎，文苑波詭者矣。,然才有庸俊，氣有剛柔，學有淺深，習有雅鄭，並情性所鑠，陶染所凝，是以筆區雲譎，文苑波詭者矣。,然才 有庸俊 气 有 刚柔 学有 浅深 习有 雅郑 并 情性 所铄 陶染 所 凝 是 以 笔区 云谲 文苑 波诡 者 矣,氣,34,34,情性,50,52,50,52,8,0,
window10,英华,2,0.01217353295397472,liuxie_shipin__liuxie_27,liuxie_shipin__liuxie_27__part01,文心雕龍·體性,劉勰,氣以實志，志以定言，吐納英華，莫非情性。,氣以實志，志以定言，吐納英華，莫非情性。,气 以 实志 志以 定言 吐纳 英华 莫非 情性,氣,369,369,英華,381,383,381,383,6,0,
window10,耳目,2,0.01217353295397472,liuxie_shipin__liuxie_35,liuxie_shipin__liuxie_35__part01,文心雕龍·麗辭,劉勰,若氣無奇類，文乏異采，碌碌麗辭，則昏睡耳目。,若氣無奇類，文乏異采，碌碌麗辭，則昏睡耳目。,若 气 无奇 类 文乏 异采 碌碌 丽辞 则 昏睡 耳目,氣,654,654,耳目,672,674,672,674,9,0,
window10,以任,2,0.0008786546990140112,liuxie_shipin__liuxie_06,liuxie_shipin__liuxie_06__part01,文心雕龍·明詩,劉勰,並憐風月，狎池苑，述恩榮，敘酣宴，慷慨以任氣，磊落以使才；,並憐風月，狎池苑，述恩榮，敘酣宴，慷慨以任氣，磊落以使才；,并怜 风月 狎 池苑 述 恩荣 叙酣宴 慷慨 以任 气 磊落 以使 才,氣,584,584,以任,582,584,582,584,1,0,
window10,大略,2,0.008277814675474837,liuxie_shipin__liuxie_17,liuxie_shipin__liuxie_17__part01,文心雕龍·諸子,劉勰,呂氏鑒遠而體周，淮南汎採而文麗，斯則得百氏之華采，而辭氣文之大略也。,呂氏鑒遠而體周，淮南汎採而文麗，斯則得百氏之華采，而辭氣文之大略也。,吕氏 鉴远 而 体周 淮南 泛采 而 文丽 斯则 得 百氏 之 华采 而辞 气 文之 大略 也,氣,860,860,大略,863,865,863,865,2,0,
window10,法家,2,0.002583946185682524,liuxie_shipin__liuxie_21,liuxie_shipin__liuxie_21__part01,文心雕龍·封禪,劉勰,秦皇銘岱，文自李斯，法家辭氣，體乏弘潤。,秦皇銘岱，文自李斯，法家辭氣，體乏弘潤。,秦皇 铭 岱 文自 李斯 法家 辞 气 体乏 弘润,氣,258,258,法家,255,257,255,257,2,0,
window10,祢衡,2,0.005066164067968132,liuxie_shipin__liuxie_22,liuxie_shipin__liuxie_22__part01,文心雕龍·章表,劉勰,至於文舉之薦禰衡，氣揚采飛；,至於文舉之薦禰衡，氣揚采飛；,至于 文举 之荐 祢衡 气 扬 采飞,氣,507,507,禰衡,504,506,504,506,1,0,
window10,关键,2,0.002583946185682524,liuxie_shipin__liuxie_26,liuxie_shipin__liuxie_26__part01,文心雕龍·神思,劉勰,神居胸臆，而志氣統其關鍵；,神居胸臆，而志氣統其關鍵；,神居 胸臆 而志 气 统其 关键,氣,106,106,關鍵,109,111,109,111,2,0,
window10,王充,2,0.0008786546990140112,liuxie_shipin__liuxie_26,liuxie_shipin__liuxie_26__part01,文心雕龍·神思,劉勰,人之稟才，遲速異分，文之制體，大小殊功，相如含筆而腐毫，揚雄輟翰而驚夢，桓譚疾感於苦思，王充氣竭於思慮，張衡研京以十年，左思練都以一紀，雖有巨文，亦思之緩也。,人之稟才，遲速異分，文之制體，大小殊功，相如含筆而腐毫，揚雄輟翰而驚夢，桓譚疾感於苦思，王充氣竭於思慮，張衡研京以十年，左思練都以一紀，雖有巨文，亦思之緩也。,人 之 禀才 迟速 异分 文之制体 大小 殊功 相如 含笔 而 腐毫 扬雄 辍翰 而 惊梦 桓 谭疾 感于 苦思 王充 气 竭于 思虑 张衡 研京以 十年 左思 练 都 以 一纪 虽有 巨文 亦 思之缓 也,氣,441,441,王充,439,441,439,441,1,0,
window10,肇自血,2,0.0008786546990140112,liuxie_shipin__liuxie_27,liuxie_shipin__liuxie_27__part01,文心雕龍·體性,劉勰,若夫八體屢遷，功以學成，才力居中，肇自血氣；,若夫八體屢遷，功以學成，才力居中，肇自血氣；,若夫 八体 屡迁 功以 学成 才力 居中 肇自血 气,氣,367,367,肇自血,364,367,364,367,1,0,
window10,思锐,2,0.0008786546990140112,liuxie_shipin__liuxie_42,liuxie_shipin__liuxie_42__part01,文心雕龍·養氣,劉勰,凡童少鑒淺而志盛，長艾識堅而氣衰，志盛者思銳以勝勞，氣衰者慮密以傷神，斯實中人之常資，歲時之大較也。,凡童少鑒淺而志盛，長艾識堅而氣衰，志盛者思銳以勝勞，氣衰者慮密以傷神，斯實中人之常資，歲時之大較也。,凡童 少鉴 浅 而志盛 长艾 识坚 而 气 衰 志 盛者 思锐 以胜劳 气 衰者虑 密以 伤神 斯实 中人 之常资 岁时 之 大较 也,氣,223,223,思銳,217,219,217,219,2,0,
window10,干时,1,0.02965585610908241,weijin__caopi_lunwen,weijin__caopi_lunwen__part01,典論·論文,曹丕,王粲長於辭賦，徐幹時有齊氣，然粲之匹也。,王粲長於辭賦，徐幹時有齊氣，然粲之匹也。,王 粲 长于 辞赋 徐 干时 有齐 气 然 粲 之匹 也,氣,241,241,幹時,237,239,237,239,2,0,
window10,有齐,1,0.02965585610908241,weijin__caopi_lunwen,weijin__caopi_lunwen__part01,典論·論文,曹丕,王粲長於辭賦，徐幹時有齊氣，然粲之匹也。,王粲長於辭賦，徐幹時有齊氣，然粲之匹也。,王 粲 长于 辞赋 徐 干时 有齐 气 然 粲 之匹 也,氣,241,241,有齊,239,241,239,241,1,0,
window10,过人,1,0.02965585610908241,weijin__caopi_lunwen,weijin__caopi_lunwen__part01,典論·論文,曹丕,孔融體氣高妙，有過人者；,孔融體氣高妙，有過人者；,孔融 体 气 高妙 有 过人 者,氣,327,327,過人,332,334,332,334,3,0,
window10,不齐,1,0.02965585610908241,weijin__caopi_lunwen,weijin__caopi_lunwen__part01,典論·論文,曹丕,至於引氣不齊，巧拙有素，雖在父兄，不能以移子弟。,至於引氣不齊，巧拙有素，雖在父兄，不能以移子弟。,至于 引 气 不齐 巧拙 有素 虽 在 父兄 不能 以移 子弟,氣,482,482,不齊,483,485,483,485,1,0,
window10,有素,1,0.02965585610908241,weijin__caopi_lunwen,weijin__caopi_lunwen__part01,典論·論文,曹丕,至於引氣不齊，巧拙有素，雖在父兄，不能以移子弟。,至於引氣不齊，巧拙有素，雖在父兄，不能以移子弟。,至于 引 气 不齐 巧拙 有素 虽 在 父兄 不能 以移 子弟,氣,482,482,有素,488,490,488,490,3,0,
window10,父兄,1,0.02965585610908241,weijin__caopi_lunwen,weijin__caopi_lunwen__part01,典論·論文,曹丕,至於引氣不齊，巧拙有素，雖在父兄，不能以移子弟。,至於引氣不齊，巧拙有素，雖在父兄，不能以移子弟。,至于 引 气 不齐 巧拙 有素 虽 在 父兄 不能 以移 子弟,氣,482,482,父兄,493,495,493,495,6,0,
window10,以移,1,0.02965585610908241,weijin__caopi_lunwen,weijin__caopi_lunwen__part01,典論·論文,曹丕,至於引氣不齊，巧拙有素，雖在父兄，不能以移子弟。,至於引氣不齊，巧拙有素，雖在父兄，不能以移子弟。,至于 引 气 不齐 巧拙 有素 虽 在 父兄 不能 以移 子弟,氣,482,482,以移,498,500,498,500,8,0,
window10,子弟,1,0.02965585610908241,weijin__caopi_lunwen,weijin__caopi_lunwen__part01,典論·論文,曹丕,至於引氣不齊，巧拙有素，雖在父兄，不能以移子弟。,至於引氣不齊，巧拙有素，雖在父兄，不能以移子弟。,至于 引 气 不齐 巧拙 有素 虽 在 父兄 不能 以移 子弟,氣,482,482,子弟,500,502,500,502,9,0,
window10,有逸,1,0.02965585610908241,weijin__caopi_wuzhi,weijin__caopi_wuzhi__part01,與吳質書（二月三日）,曹丕,公幹有逸氣，但未遒耳，至其五言詩，妙絕當時。,公幹有逸氣，但未遒耳，至其五言詩，妙絕當時。,公干 有逸 气 但 未 遒 耳 至 其 五言诗 妙绝 当时,氣,363,363,有逸,361,363,361,363,1,0,
window10,妙绝,1,0.02965585610908241,weijin__caopi_wuzhi,weijin__caopi_wuzhi__part01,與吳質書（二月三日）,曹丕,公幹有逸氣，但未遒耳，至其五言詩，妙絕當時。,公幹有逸氣，但未遒耳，至其五言詩，妙絕當時。,公干 有逸 气 但 未 遒 耳 至 其 五言诗 妙绝 当时,氣,363,363,妙絕,376,378,376,378,8,0,
window10,芬馥,1,0.02965585610908241,weijin__gehong_辭義,weijin__gehong_辭義__part01,抱朴子外篇·辭義,葛洪,茝蕙芬馥，非容氣所假。,茝蕙芬馥，非容氣所假。,茝 蕙 芬馥 非容 气 所假,氣,44,44,芬馥,39,41,39,41,2,0,
window10,非容,1,0.02965585610908241,weijin__gehong_辭義,weijin__gehong_辭義__part01,抱朴子外篇·辭義,葛洪,茝蕙芬馥，非容氣所假。,茝蕙芬馥，非容氣所假。,茝 蕙 芬馥 非容 气 所假,氣,44,44,非容,42,44,42,44,1,0,
window10,所假,1,0.02965585610908241,weijin__gehong_辭義,weijin__gehong_辭義__part01,抱朴子外篇·辭義,葛洪,茝蕙芬馥，非容氣所假。,茝蕙芬馥，非容氣所假。,茝 蕙 芬馥 非容 气 所假,氣,44,44,所假,45,47,45,47,1,0,
window10,虽虞夏,1,0.02965585610908241,southnorth__shenyue_xielingyunlun,southnorth__shenyue_xielingyunlun__part01,宋書·謝靈運傳論,沈約,雖虞夏以前，遺文不覩，稟氣懷靈，理無或異。,雖虞夏以前，遺文不覩，稟氣懷靈，理無或異。,虽虞夏 以前 遗文 不 覩 禀 气 怀灵 理 无或 异,氣,67,67,雖虞夏,55,58,55,58,6,0,
window10,怀灵,1,0.02965585610908241,southnorth__shenyue_xielingyunlun,southnorth__shenyue_xielingyunlun__part01,宋書·謝靈運傳論,沈約,雖虞夏以前，遺文不覩，稟氣懷靈，理無或異。,雖虞夏以前，遺文不覩，稟氣懷靈，理無或異。,虽虞夏 以前 遗文 不 覩 禀 气 怀灵 理 无或 异,氣,67,67,懷靈,68,70,68,70,1,0,
window10,清辞丽曲,1,0.02965585610908241,southnorth__shenyue_xielingyunlun,southnorth__shenyue_xielingyunlun__part01,宋書·謝靈運傳論,沈約,雖清辭麗曲，時發乎篇，而蕪音累氣，固亦多矣。,雖清辭麗曲，時發乎篇，而蕪音累氣，固亦多矣。,虽 清辞丽曲 时 发乎 篇 而 芜音 累 气 固亦多 矣,氣,187,187,清辭麗曲,173,177,173,177,7,0,
window10,芜音,1,0.02965585610908241,southnorth__shenyue_xielingyunlun,southnorth__shenyue_xielingyunlun__part01,宋書·謝靈運傳論,沈約,雖清辭麗曲，時發乎篇，而蕪音累氣，固亦多矣。,雖清辭麗曲，時發乎篇，而蕪音累氣，固亦多矣。,虽 清辞丽曲 时 发乎 篇 而 芜音 累 气 固亦多 矣,氣,187,187,蕪音,184,186,184,186,2,0,
window10,固亦多,1,0.02965585610908241,southnorth__shenyue_xielingyunlun,southnorth__shenyue_xielingyunlun__part01,宋書·謝靈運傳論,沈約,雖清辭麗曲，時發乎篇，而蕪音累氣，固亦多矣。,雖清辭麗曲，時發乎篇，而蕪音累氣，固亦多矣。,虽 清辞丽曲 时 发乎 篇 而 芜音 累 气 固亦多 矣,氣,187,187,固亦多,189,192,189,192,1,0,
window10,仲宣以,1,0.02965585610908241,southnorth__shenyue_xielingyunlun,southnorth__shenyue_xielingyunlun__part01,宋書·謝靈運傳論,沈約,相如巧為形似之言，班固長於情理之說，子建、仲宣以氣質為體，並標能擅美，獨映當時。,相如巧為形似之言，班固長於情理之說，子建、仲宣以氣質為體，並標能擅美，獨映當時。,相如巧 为 形似 之 言 班固 长于 情理 之 说 子建 仲宣以 气 质为体 并 标能 擅美 独映 当时,氣,292,292,仲宣以,289,292,289,292,1,0,
window10,质为体,1,0.02965585610908241,southnorth__shenyue_xielingyunlun,southnorth__shenyue_xielingyunlun__part01,宋書·謝靈運傳論,沈約,相如巧為形似之言，班固長於情理之說，子建、仲宣以氣質為體，並標能擅美，獨映當時。,相如巧為形似之言，班固長於情理之說，子建、仲宣以氣質為體，並標能擅美，獨映當時。,相如巧 为 形似 之 言 班固 长于 情理 之 说 子建 仲宣以 气 质为体 并 标能 擅美 独映 当时,氣,292,292,質為體,293,296,293,296,1,0,
window10,标能,1,0.02965585610908241,southnorth__shenyue_xielingyunlun,southnorth__shenyue_xielingyunlun__part01,宋書·謝靈運傳論,沈約,相如巧為形似之言，班固長於情理之說，子建、仲宣以氣質為體，並標能擅美，獨映當時。,相如巧為形似之言，班固長於情理之說，子建、仲宣以氣質為體，並標能擅美，獨映當時。,相如巧 为 形似 之 言 班固 长于 情理 之 说 子建 仲宣以 气 质为体 并 标能 擅美 独映 当时,氣,292,292,標能,298,300,298,300,3,0,
window10,独映,1,0.02965585610908241,southnorth__shenyue_xielingyunlun,southnorth__shenyue_xielingyunlun__part01,宋書·謝靈運傳論,沈約,相如巧為形似之言，班固長於情理之說，子建、仲宣以氣質為體，並標能擅美，獨映當時。,相如巧為形似之言，班固長於情理之說，子建、仲宣以氣質為體，並標能擅美，獨映當時。,相如巧 为 形似 之 言 班固 长于 情理 之 说 子建 仲宣以 气 质为体 并 标能 擅美 独映 当时,氣,292,292,獨映,303,305,303,305,5,0,
window10,仲文始,1,0.02965585610908241,southnorth__shenyue_xielingyunlun,southnorth__shenyue_xielingyunlun__part01,宋書·謝靈運傳論,沈約,仲文始革孫、許之風，叔源大變太元之氣。,仲文始革孫、許之風，叔源大變太元之氣。,仲文始 革孙 许之风 叔源 大变 太元 之 气,氣,502,502,仲文始,485,488,485,488,7,0,
window10,革孙,1,0.02965585610908241,southnorth__shenyue_xielingyunlun,southnorth__shenyue_xielingyunlun__part01,宋書·謝靈運傳論,沈約,仲文始革孫、許之風，叔源大變太元之氣。,仲文始革孫、許之風，叔源大變太元之氣。,仲文始 革孙 许之风 叔源 大变 太元 之 气,氣,502,502,革孫,488,490,488,490,6,0,
window10,许之风,1,0.02965585610908241,southnorth__shenyue_xielingyunlun,southnorth__shenyue_xielingyunlun__part01,宋書·謝靈運傳論,沈約,仲文始革孫、許之風，叔源大變太元之氣。,仲文始革孫、許之風，叔源大變太元之氣。,仲文始 革孙 许之风 叔源 大变 太元 之 气,氣,502,502,許之風,491,494,491,494,5,0,
window10,大变,1,0.02965585610908241,southnorth__shenyue_xielingyunlun,southnorth__shenyue_xielingyunlun__part01,宋書·謝靈運傳論,沈約,仲文始革孫、許之風，叔源大變太元之氣。,仲文始革孫、許之風，叔源大變太元之氣。,仲文始 革孙 许之风 叔源 大变 太元 之 气,氣,502,502,大變,497,499,497,499,3,0,
window10,太元,1,0.02965585610908241,southnorth__shenyue_xielingyunlun,southnorth__shenyue_xielingyunlun__part01,宋書·謝靈運傳論,沈約,仲文始革孫、許之風，叔源大變太元之氣。,仲文始革孫、許之風，叔源大變太元之氣。,仲文始 革孙 许之风 叔源 大变 太元 之 气,氣,502,502,太元,499,501,499,501,2,0,
window10,蕴思,1,0.02965585610908241,southnorth__xiaozixian_wenxue,southnorth__xiaozixian_wenxue__part01,南齊書·文學傳論及贊,蕭子顯,蘊思含毫，遊心內運，放言落紙，氣韻天成。,蘊思含毫，遊心內運，放言落紙，氣韻天成。,蕴思 含毫 游心 内运 放言 落纸 气 韵 天成,氣,33,33,蘊思,18,20,18,20,6,0,
window10,内运,1,0.02965585610908241,southnorth__xiaozixian_wenxue,southnorth__xiaozixian_wenxue__part01,南齊書·文學傳論及贊,蕭子顯,蘊思含毫，遊心內運，放言落紙，氣韻天成。,蘊思含毫，遊心內運，放言落紙，氣韻天成。,蕴思 含毫 游心 内运 放言 落纸 气 韵 天成,氣,33,33,內運,25,27,25,27,3,0,
window10,落纸,1,0.02965585610908241,southnorth__xiaozixian_wenxue,southnorth__xiaozixian_wenxue__part01,南齊書·文學傳論及贊,蕭子顯,蘊思含毫，遊心內運，放言落紙，氣韻天成。,蘊思含毫，遊心內運，放言落紙，氣韻天成。,蕴思 含毫 游心 内运 放言 落纸 气 韵 天成,氣,33,33,落紙,30,32,30,32,1,0,
window10,郭璞举,1,0.02965585610908241,southnorth__xiaozixian_wenxue,southnorth__xiaozixian_wenxue__part01,南齊書·文學傳論及贊,蕭子顯,江左風味，盛道家之言，郭璞舉其靈變，許詢極其名理，仲文玄氣，猶不盡除，謝混情新，得名未盛。,江左風味，盛道家之言，郭璞舉其靈變，許詢極其名理，仲文玄氣，猶不盡除，謝混情新，得名未盛。,江左 风味 盛 道家 之 言 郭璞举 其 灵变 许询 极其 名理 仲文玄 气 犹 不尽 除 谢混情 新 得名 未盛,氣,501,501,郭璞舉,484,487,484,487,7,0,
window10,灵变,1,0.02965585610908241,southnorth__xiaozixian_wenxue,southnorth__xiaozixian_wenxue__part01,南齊書·文學傳論及贊,蕭子顯,江左風味，盛道家之言，郭璞舉其靈變，許詢極其名理，仲文玄氣，猶不盡除，謝混情新，得名未盛。,江左風味，盛道家之言，郭璞舉其靈變，許詢極其名理，仲文玄氣，猶不盡除，謝混情新，得名未盛。,江左 风味 盛 道家 之 言 郭璞举 其 灵变 许询 极其 名理 仲文玄 气 犹 不尽 除 谢混情 新 得名 未盛,氣,501,501,靈變,488,490,488,490,5,0,
window10,极其,1,0.02965585610908241,southnorth__xiaozixian_wenxue,southnorth__xiaozixian_wenxue__part01,南齊書·文學傳論及贊,蕭子顯,江左風味，盛道家之言，郭璞舉其靈變，許詢極其名理，仲文玄氣，猶不盡除，謝混情新，得名未盛。,江左風味，盛道家之言，郭璞舉其靈變，許詢極其名理，仲文玄氣，猶不盡除，謝混情新，得名未盛。,江左 风味 盛 道家 之 言 郭璞举 其 灵变 许询 极其 名理 仲文玄 气 犹 不尽 除 谢混情 新 得名 未盛,氣,501,501,極其,493,495,493,495,3,0,
window10,仲文玄,1,0.02965585610908241,southnorth__xiaozixian_wenxue,southnorth__xiaozixian_wenxue__part01,南齊書·文學傳論及贊,蕭子顯,江左風味，盛道家之言，郭璞舉其靈變，許詢極其名理，仲文玄氣，猶不盡除，謝混情新，得名未盛。,江左風味，盛道家之言，郭璞舉其靈變，許詢極其名理，仲文玄氣，猶不盡除，謝混情新，得名未盛。,江左 风味 盛 道家 之 言 郭璞举 其 灵变 许询 极其 名理 仲文玄 气 犹 不尽 除 谢混情 新 得名 未盛,氣,501,501,仲文玄,498,501,498,501,1,0,
window10,谢混情,1,0.02965585610908241,southnorth__xiaozixian_wenxue,southnorth__xiaozixian_wenxue__part01,南齊書·文學傳論及贊,蕭子顯,江左風味，盛道家之言，郭璞舉其靈變，許詢極其名理，仲文玄氣，猶不盡除，謝混情新，得名未盛。,江左風味，盛道家之言，郭璞舉其靈變，許詢極其名理，仲文玄氣，猶不盡除，謝混情新，得名未盛。,江左 风味 盛 道家 之 言 郭璞举 其 灵变 许询 极其 名理 仲文玄 气 犹 不尽 除 谢混情 新 得名 未盛,氣,501,501,謝混情,508,511,508,511,4,0,
window10,得名,1,0.02965585610908241,southnorth__xiaozixian_wenxue,southnorth__xiaozixian_wenxue__part01,南齊書·文學傳論及贊,蕭子顯,江左風味，盛道家之言，郭璞舉其靈變，許詢極其名理，仲文玄氣，猶不盡除，謝混情新，得名未盛。,江左風味，盛道家之言，郭璞舉其靈變，許詢極其名理，仲文玄氣，猶不盡除，謝混情新，得名未盛。,江左 风味 盛 道家 之 言 郭璞举 其 灵变 许询 极其 名理 仲文玄 气 犹 不尽 除 谢混情 新 得名 未盛,氣,501,501,得名,513,515,513,515,6,0,
window10,未盛,1,0.02965585610908241,southnorth__xiaozixian_wenxue,southnorth__xiaozixian_wenxue__part01,南齊書·文學傳論及贊,蕭子顯,江左風味，盛道家之言，郭璞舉其靈變，許詢極其名理，仲文玄氣，猶不盡除，謝混情新，得名未盛。,江左風味，盛道家之言，郭璞舉其靈變，許詢極其名理，仲文玄氣，猶不盡除，謝混情新，得名未盛。,江左 风味 盛 道家 之 言 郭璞举 其 灵变 许询 极其 名理 仲文玄 气 犹 不尽 除 谢混情 新 得名 未盛,氣,501,501,未盛,515,517,515,517,7,0,
window10,蛾眉,1,0.02965585610908241,southnorth__jiangyan_zati,southnorth__jiangyan_zati__part01,雜體詩序,江淹,故蛾眉詎同貌，而俱動於魄，芳草寧其氣，而皆悅於魂，不其然與？,故蛾眉詎同貌，而俱動於魄，芳草寧其氣，而皆悅於魂，不其然與？,故 蛾眉 讵 同貌 而俱动 于魄 芳草 宁其 气 而皆悦 于 魂 不其然 与,氣,64,64,蛾眉,48,50,48,50,7,0,
window10,同貌,1,0.02965585610908241,southnorth__jiangyan_zati,southnorth__jiangyan_zati__part01,雜體詩序,江淹,故蛾眉詎同貌，而俱動於魄，芳草寧其氣，而皆悅於魂，不其然與？,故蛾眉詎同貌，而俱動於魄，芳草寧其氣，而皆悅於魂，不其然與？,故 蛾眉 讵 同貌 而俱动 于魄 芳草 宁其 气 而皆悦 于 魂 不其然 与,氣,64,64,同貌,51,53,51,53,5,0,
window10,而俱动,1,0.02965585610908241,southnorth__jiangyan_zati,southnorth__jiangyan_zati__part01,雜體詩序,江淹,故蛾眉詎同貌，而俱動於魄，芳草寧其氣，而皆悅於魂，不其然與？,故蛾眉詎同貌，而俱動於魄，芳草寧其氣，而皆悅於魂，不其然與？,故 蛾眉 讵 同貌 而俱动 于魄 芳草 宁其 气 而皆悦 于 魂 不其然 与,氣,64,64,而俱動,54,57,54,57,4,0,
window10,于魄,1,0.02965585610908241,southnorth__jiangyan_zati,southnorth__jiangyan_zati__part01,雜體詩序,江淹,故蛾眉詎同貌，而俱動於魄，芳草寧其氣，而皆悅於魂，不其然與？,故蛾眉詎同貌，而俱動於魄，芳草寧其氣，而皆悅於魂，不其然與？,故 蛾眉 讵 同貌 而俱动 于魄 芳草 宁其 气 而皆悦 于 魂 不其然 与,氣,64,64,於魄,57,59,57,59,3,0,
window10,芳草,1,0.02965585610908241,southnorth__jiangyan_zati,southnorth__jiangyan_zati__part01,雜體詩序,江淹,故蛾眉詎同貌，而俱動於魄，芳草寧其氣，而皆悅於魂，不其然與？,故蛾眉詎同貌，而俱動於魄，芳草寧其氣，而皆悅於魂，不其然與？,故 蛾眉 讵 同貌 而俱动 于魄 芳草 宁其 气 而皆悦 于 魂 不其然 与,氣,64,64,芳草,60,62,60,62,2,0,
window10,宁其,1,0.02965585610908241,southnorth__jiangyan_zati,southnorth__jiangyan_zati__part01,雜體詩序,江淹,故蛾眉詎同貌，而俱動於魄，芳草寧其氣，而皆悅於魂，不其然與？,故蛾眉詎同貌，而俱動於魄，芳草寧其氣，而皆悅於魂，不其然與？,故 蛾眉 讵 同貌 而俱动 于魄 芳草 宁其 气 而皆悦 于 魂 不其然 与,氣,64,64,寧其,62,64,62,64,1,0,
window10,而皆悦,1,0.02965585610908241,southnorth__jiangyan_zati,southnorth__jiangyan_zati__part01,雜體詩序,江淹,故蛾眉詎同貌，而俱動於魄，芳草寧其氣，而皆悅於魂，不其然與？,故蛾眉詎同貌，而俱動於魄，芳草寧其氣，而皆悅於魂，不其然與？,故 蛾眉 讵 同貌 而俱动 于魄 芳草 宁其 气 而皆悦 于 魂 不其然 与,氣,64,64,而皆悅,66,69,66,69,1,0,
window10,不其然,1,0.02965585610908241,southnorth__jiangyan_zati,southnorth__jiangyan_zati__part01,雜體詩序,江淹,故蛾眉詎同貌，而俱動於魄，芳草寧其氣，而皆悅於魂，不其然與？,故蛾眉詎同貌，而俱動於魄，芳草寧其氣，而皆悅於魂，不其然與？,故 蛾眉 讵 同貌 而俱动 于魄 芳草 宁其 气 而皆悦 于 魂 不其然 与,氣,64,64,不其然,72,75,72,75,4,0,
window10,成采,1,0.02965585610908241,liuxie_shipin__liuxie_02,liuxie_shipin__liuxie_02__part01,文心雕龍·徵聖,劉勰,精理為文，秀氣成采。,精理為文，秀氣成采。,精理 为文 秀 气 成采,氣,613,613,成采,614,616,614,616,1,0,
window10,轹古,1,0.02965585610908241,liuxie_shipin__liuxie_05,liuxie_shipin__liuxie_05__part01,文心雕龍·辨騷,劉勰,故能氣往轢古，辭來切今，驚采絕豔，難與並能矣。,故能氣往轢古，辭來切今，驚采絕豔，難與並能矣。,故能 气 往 轹古 辞来切 今 惊采绝艳 难 与 并 能 矣,氣,742,742,轢古,744,746,744,746,2,0,
window10,辞来切,1,0.02965585610908241,liuxie_shipin__liuxie_05,liuxie_shipin__liuxie_05__part01,文心雕龍·辨騷,劉勰,故能氣往轢古，辭來切今，驚采絕豔，難與並能矣。,故能氣往轢古，辭來切今，驚采絕豔，難與並能矣。,故能 气 往 轹古 辞来切 今 惊采绝艳 难 与 并 能 矣,氣,742,742,辭來切,747,750,747,750,3,0,
window10,惊采绝艳,1,0.02965585610908241,liuxie_shipin__liuxie_05,liuxie_shipin__liuxie_05__part01,文心雕龍·辨騷,劉勰,故能氣往轢古，辭來切今，驚采絕豔，難與並能矣。,故能氣往轢古，辭來切今，驚采絕豔，難與並能矣。,故能 气 往 轹古 辞来切 今 惊采绝艳 难 与 并 能 矣,氣,742,742,驚采絕豔,752,756,752,756,5,0,
window10,并怜,1,0.02965585610908241,liuxie_shipin__liuxie_06,liuxie_shipin__liuxie_06__part01,文心雕龍·明詩,劉勰,並憐風月，狎池苑，述恩榮，敘酣宴，慷慨以任氣，磊落以使才；,並憐風月，狎池苑，述恩榮，敘酣宴，慷慨以任氣，磊落以使才；,并怜 风月 狎 池苑 述 恩荣 叙酣宴 慷慨 以任 气 磊落 以使 才,氣,584,584,並憐,563,565,563,565,9,0,
window10,风月,1,0.02965585610908241,liuxie_shipin__liuxie_06,liuxie_shipin__liuxie_06__part01,文心雕龍·明詩,劉勰,並憐風月，狎池苑，述恩榮，敘酣宴，慷慨以任氣，磊落以使才；,並憐風月，狎池苑，述恩榮，敘酣宴，慷慨以任氣，磊落以使才；,并怜 风月 狎 池苑 述 恩荣 叙酣宴 慷慨 以任 气 磊落 以使 才,氣,584,584,風月,565,567,565,567,8,0,
window10,池苑,1,0.02965585610908241,liuxie_shipin__liuxie_06,liuxie_shipin__liuxie_06__part01,文心雕龍·明詩,劉勰,並憐風月，狎池苑，述恩榮，敘酣宴，慷慨以任氣，磊落以使才；,並憐風月，狎池苑，述恩榮，敘酣宴，慷慨以任氣，磊落以使才；,并怜 风月 狎 池苑 述 恩荣 叙酣宴 慷慨 以任 气 磊落 以使 才,氣,584,584,池苑,569,571,569,571,6,0,
window10,恩荣,1,0.02965585610908241,liuxie_shipin__liuxie_06,liuxie_shipin__liuxie_06__part01,文心雕龍·明詩,劉勰,並憐風月，狎池苑，述恩榮，敘酣宴，慷慨以任氣，磊落以使才；,並憐風月，狎池苑，述恩榮，敘酣宴，慷慨以任氣，磊落以使才；,并怜 风月 狎 池苑 述 恩荣 叙酣宴 慷慨 以任 气 磊落 以使 才,氣,584,584,恩榮,573,575,573,575,4,0,
window10,叙酣宴,1,0.02965585610908241,liuxie_shipin__liuxie_06,liuxie_shipin__liuxie_06__part01,文心雕龍·明詩,劉勰,並憐風月，狎池苑，述恩榮，敘酣宴，慷慨以任氣，磊落以使才；,並憐風月，狎池苑，述恩榮，敘酣宴，慷慨以任氣，磊落以使才；,并怜 风月 狎 池苑 述 恩荣 叙酣宴 慷慨 以任 气 磊落 以使 才,氣,584,584,敘酣宴,576,579,576,579,3,0,
window10,以使,1,0.02965585610908241,liuxie_shipin__liuxie_06,liuxie_shipin__liuxie_06__part01,文心雕龍·明詩,劉勰,並憐風月，狎池苑，述恩榮，敘酣宴，慷慨以任氣，磊落以使才；,並憐風月，狎池苑，述恩榮，敘酣宴，慷慨以任氣，磊落以使才；,并怜 风月 狎 池苑 述 恩荣 叙酣宴 慷慨 以任 气 磊落 以使 才,氣,584,584,以使,588,590,588,590,2,0,
window10,匹夫庶妇,1,0.02965585610908241,liuxie_shipin__liuxie_07,liuxie_shipin__liuxie_07__part01,文心雕龍·樂府,劉勰,匹夫庶婦，謳吟土風，詩官採言，樂盲被律，志感絲篁，氣變金石。,匹夫庶婦，謳吟土風，詩官採言，樂盲被律，志感絲篁，氣變金石。,匹夫庶妇 讴吟 土风 诗官 采言 乐盲 被律 志感 丝篁 气 变 金石,氣,132,132,匹夫庶婦,107,111,107,111,9,0,
window10,诗官,1,0.02965585610908241,liuxie_shipin__liuxie_07,liuxie_shipin__liuxie_07__part01,文心雕龍·樂府,劉勰,匹夫庶婦，謳吟土風，詩官採言，樂盲被律，志感絲篁，氣變金石。,匹夫庶婦，謳吟土風，詩官採言，樂盲被律，志感絲篁，氣變金石。,匹夫庶妇 讴吟 土风 诗官 采言 乐盲 被律 志感 丝篁 气 变 金石,氣,132,132,詩官,117,119,117,119,6,0,
window10,采言,1,0.02965585610908241,liuxie_shipin__liuxie_07,liuxie_shipin__liuxie_07__part01,文心雕龍·樂府,劉勰,匹夫庶婦，謳吟土風，詩官採言，樂盲被律，志感絲篁，氣變金石。,匹夫庶婦，謳吟土風，詩官採言，樂盲被律，志感絲篁，氣變金石。,匹夫庶妇 讴吟 土风 诗官 采言 乐盲 被律 志感 丝篁 气 变 金石,氣,132,132,採言,119,121,119,121,5,0,
window10,乐盲,1,0.02965585610908241,liuxie_shipin__liuxie_07,liuxie_shipin__liuxie_07__part01,文心雕龍·樂府,劉勰,匹夫庶婦，謳吟土風，詩官採言，樂盲被律，志感絲篁，氣變金石。,匹夫庶婦，謳吟土風，詩官採言，樂盲被律，志感絲篁，氣變金石。,匹夫庶妇 讴吟 土风 诗官 采言 乐盲 被律 志感 丝篁 气 变 金石,氣,132,132,樂盲,122,124,122,124,4,0,
window10,被律,1,0.02965585610908241,liuxie_shipin__liuxie_07,liuxie_shipin__liuxie_07__part01,文心雕龍·樂府,劉勰,匹夫庶婦，謳吟土風，詩官採言，樂盲被律，志感絲篁，氣變金石。,匹夫庶婦，謳吟土風，詩官採言，樂盲被律，志感絲篁，氣變金石。,匹夫庶妇 讴吟 土风 诗官 采言 乐盲 被律 志感 丝篁 气 变 金石,氣,132,132,被律,124,126,124,126,3,0,
window10,志感,1,0.02965585610908241,liuxie_shipin__liuxie_07,liuxie_shipin__liuxie_07__part01,文心雕龍·樂府,劉勰,匹夫庶婦，謳吟土風，詩官採言，樂盲被律，志感絲篁，氣變金石。,匹夫庶婦，謳吟土風，詩官採言，樂盲被律，志感絲篁，氣變金石。,匹夫庶妇 讴吟 土风 诗官 采言 乐盲 被律 志感 丝篁 气 变 金石,氣,132,132,志感,127,129,127,129,2,0,
window10,丝篁,1,0.02965585610908241,liuxie_shipin__liuxie_07,liuxie_shipin__liuxie_07__part01,文心雕龍·樂府,劉勰,匹夫庶婦，謳吟土風，詩官採言，樂盲被律，志感絲篁，氣變金石。,匹夫庶婦，謳吟土風，詩官採言，樂盲被律，志感絲篁，氣變金石。,匹夫庶妇 讴吟 土风 诗官 采言 乐盲 被律 志感 丝篁 气 变 金石,氣,132,132,絲篁,129,131,129,131,1,0,
window10,崇礼,1,0.02965585610908241,liuxie_shipin__liuxie_07,liuxie_shipin__liuxie_07__part01,文心雕龍·樂府,劉勰,暨武帝崇禮，始立樂府，總趙代之音，撮齊楚之氣，延年以曼聲協律，朱馬以騷體製歌，《桂華》雜曲，麗而不經，《赤雁》群篇，靡而非典，河間薦雅而罕御，故汲黯致譏於天馬也。,暨武帝崇禮，始立樂府，總趙代之音，撮齊楚之氣，延年以曼聲協律，朱馬以騷體製歌，《桂華》雜曲，麗而不經，《赤雁》群篇，靡而非典，河間薦雅而罕御，故汲黯致譏於天馬也。,暨 武帝 崇礼 始立 乐府 总 赵代之音 撮 齐楚 之 气 延年 以 曼声 协律 朱马 以骚 体制 歌 桂华 杂曲 丽而 不经 赤雁 群篇 靡 而 非典 河间 荐雅 而 罕御 故 汲 黯致 讥于 天马 也,氣,310,310,崇禮,292,294,292,294,8,0,
window10,赵代之音,1,0.02965585610908241,liuxie_shipin__liuxie_07,liuxie_shipin__liuxie_07__part01,文心雕龍·樂府,劉勰,暨武帝崇禮，始立樂府，總趙代之音，撮齊楚之氣，延年以曼聲協律，朱馬以騷體製歌，《桂華》雜曲，麗而不經，《赤雁》群篇，靡而非典，河間薦雅而罕御，故汲黯致譏於天馬也。,暨武帝崇禮，始立樂府，總趙代之音，撮齊楚之氣，延年以曼聲協律，朱馬以騷體製歌，《桂華》雜曲，麗而不經，《赤雁》群篇，靡而非典，河間薦雅而罕御，故汲黯致譏於天馬也。,暨 武帝 崇礼 始立 乐府 总 赵代之音 撮 齐楚 之 气 延年 以 曼声 协律 朱马 以骚 体制 歌 桂华 杂曲 丽而 不经 赤雁 群篇 靡 而 非典 河间 荐雅 而 罕御 故 汲 黯致 讥于 天马 也,氣,310,310,趙代之音,301,305,301,305,4,0,
window10,曼声,1,0.02965585610908241,liuxie_shipin__liuxie_07,liuxie_shipin__liuxie_07__part01,文心雕龍·樂府,劉勰,暨武帝崇禮，始立樂府，總趙代之音，撮齊楚之氣，延年以曼聲協律，朱馬以騷體製歌，《桂華》雜曲，麗而不經，《赤雁》群篇，靡而非典，河間薦雅而罕御，故汲黯致譏於天馬也。,暨武帝崇禮，始立樂府，總趙代之音，撮齊楚之氣，延年以曼聲協律，朱馬以騷體製歌，《桂華》雜曲，麗而不經，《赤雁》群篇，靡而非典，河間薦雅而罕御，故汲黯致譏於天馬也。,暨 武帝 崇礼 始立 乐府 总 赵代之音 撮 齐楚 之 气 延年 以 曼声 协律 朱马 以骚 体制 歌 桂华 杂曲 丽而 不经 赤雁 群篇 靡 而 非典 河间 荐雅 而 罕御 故 汲 黯致 讥于 天马 也,氣,310,310,曼聲,315,317,315,317,3,0,
window10,协律,1,0.02965585610908241,liuxie_shipin__liuxie_07,liuxie_shipin__liuxie_07__part01,文心雕龍·樂府,劉勰,暨武帝崇禮，始立樂府，總趙代之音，撮齊楚之氣，延年以曼聲協律，朱馬以騷體製歌，《桂華》雜曲，麗而不經，《赤雁》群篇，靡而非典，河間薦雅而罕御，故汲黯致譏於天馬也。,暨武帝崇禮，始立樂府，總趙代之音，撮齊楚之氣，延年以曼聲協律，朱馬以騷體製歌，《桂華》雜曲，麗而不經，《赤雁》群篇，靡而非典，河間薦雅而罕御，故汲黯致譏於天馬也。,暨 武帝 崇礼 始立 乐府 总 赵代之音 撮 齐楚 之 气 延年 以 曼声 协律 朱马 以骚 体制 歌 桂华 杂曲 丽而 不经 赤雁 群篇 靡 而 非典 河间 荐雅 而 罕御 故 汲 黯致 讥于 天马 也,氣,310,310,協律,317,319,317,319,4,0,
window10,朱马,1,0.02965585610908241,liuxie_shipin__liuxie_07,liuxie_shipin__liuxie_07__part01,文心雕龍·樂府,劉勰,暨武帝崇禮，始立樂府，總趙代之音，撮齊楚之氣，延年以曼聲協律，朱馬以騷體製歌，《桂華》雜曲，麗而不經，《赤雁》群篇，靡而非典，河間薦雅而罕御，故汲黯致譏於天馬也。,暨武帝崇禮，始立樂府，總趙代之音，撮齊楚之氣，延年以曼聲協律，朱馬以騷體製歌，《桂華》雜曲，麗而不經，《赤雁》群篇，靡而非典，河間薦雅而罕御，故汲黯致譏於天馬也。,暨 武帝 崇礼 始立 乐府 总 赵代之音 撮 齐楚 之 气 延年 以 曼声 协律 朱马 以骚 体制 歌 桂华 杂曲 丽而 不经 赤雁 群篇 靡 而 非典 河间 荐雅 而 罕御 故 汲 黯致 讥于 天马 也,氣,310,310,朱馬,320,322,320,322,5,0,
window10,以骚,1,0.02965585610908241,liuxie_shipin__liuxie_07,liuxie_shipin__liuxie_07__part01,文心雕龍·樂府,劉勰,暨武帝崇禮，始立樂府，總趙代之音，撮齊楚之氣，延年以曼聲協律，朱馬以騷體製歌，《桂華》雜曲，麗而不經，《赤雁》群篇，靡而非典，河間薦雅而罕御，故汲黯致譏於天馬也。,暨武帝崇禮，始立樂府，總趙代之音，撮齊楚之氣，延年以曼聲協律，朱馬以騷體製歌，《桂華》雜曲，麗而不經，《赤雁》群篇，靡而非典，河間薦雅而罕御，故汲黯致譏於天馬也。,暨 武帝 崇礼 始立 乐府 总 赵代之音 撮 齐楚 之 气 延年 以 曼声 协律 朱马 以骚 体制 歌 桂华 杂曲 丽而 不经 赤雁 群篇 靡 而 非典 河间 荐雅 而 罕御 故 汲 黯致 讥于 天马 也,氣,310,310,以騷,322,324,322,324,6,0,
window10,桂华,1,0.02965585610908241,liuxie_shipin__liuxie_07,liuxie_shipin__liuxie_07__part01,文心雕龍·樂府,劉勰,暨武帝崇禮，始立樂府，總趙代之音，撮齊楚之氣，延年以曼聲協律，朱馬以騷體製歌，《桂華》雜曲，麗而不經，《赤雁》群篇，靡而非典，河間薦雅而罕御，故汲黯致譏於天馬也。,暨武帝崇禮，始立樂府，總趙代之音，撮齊楚之氣，延年以曼聲協律，朱馬以騷體製歌，《桂華》雜曲，麗而不經，《赤雁》群篇，靡而非典，河間薦雅而罕御，故汲黯致譏於天馬也。,暨 武帝 崇礼 始立 乐府 总 赵代之音 撮 齐楚 之 气 延年 以 曼声 协律 朱马 以骚 体制 歌 桂华 杂曲 丽而 不经 赤雁 群篇 靡 而 非典 河间 荐雅 而 罕御 故 汲 黯致 讥于 天马 也,氣,310,310,桂華,329,331,329,331,9,0,
window10,杂曲,1,0.02965585610908241,liuxie_shipin__liuxie_07,liuxie_shipin__liuxie_07__part01,文心雕龍·樂府,劉勰,暨武帝崇禮，始立樂府，總趙代之音，撮齊楚之氣，延年以曼聲協律，朱馬以騷體製歌，《桂華》雜曲，麗而不經，《赤雁》群篇，靡而非典，河間薦雅而罕御，故汲黯致譏於天馬也。,暨武帝崇禮，始立樂府，總趙代之音，撮齊楚之氣，延年以曼聲協律，朱馬以騷體製歌，《桂華》雜曲，麗而不經，《赤雁》群篇，靡而非典，河間薦雅而罕御，故汲黯致譏於天馬也。,暨 武帝 崇礼 始立 乐府 总 赵代之音 撮 齐楚 之 气 延年 以 曼声 协律 朱马 以骚 体制 歌 桂华 杂曲 丽而 不经 赤雁 群篇 靡 而 非典 河间 荐雅 而 罕御 故 汲 黯致 讥于 天马 也,氣,310,310,雜曲,332,334,332,334,10,0,
window10,才丽,1,0.02965585610908241,liuxie_shipin__liuxie_07,liuxie_shipin__liuxie_07__part01,文心雕龍·樂府,劉勰,至於魏之三祖，氣爽才麗，宰割辭調，音靡節平。,至於魏之三祖，氣爽才麗，宰割辭調，音靡節平。,至于 魏 之三 祖 气 爽 才丽 宰割 辞调 音靡 节平,氣,432,432,才麗,434,436,434,436,2,0,
window10,宰割,1,0.02965585610908241,liuxie_shipin__liuxie_07,liuxie_shipin__liuxie_07__part01,文心雕龍·樂府,劉勰,至於魏之三祖，氣爽才麗，宰割辭調，音靡節平。,至於魏之三祖，氣爽才麗，宰割辭調，音靡節平。,至于 魏 之三 祖 气 爽 才丽 宰割 辞调 音靡 节平,氣,432,432,宰割,437,439,437,439,3,0,
window10,辞调,1,0.02965585610908241,liuxie_shipin__liuxie_07,liuxie_shipin__liuxie_07__part01,文心雕龍·樂府,劉勰,至於魏之三祖，氣爽才麗，宰割辭調，音靡節平。,至於魏之三祖，氣爽才麗，宰割辭調，音靡節平。,至于 魏 之三 祖 气 爽 才丽 宰割 辞调 音靡 节平,氣,432,432,辭調,439,441,439,441,4,0,
window10,音靡,1,0.02965585610908241,liuxie_shipin__liuxie_07,liuxie_shipin__liuxie_07__part01,文心雕龍·樂府,劉勰,至於魏之三祖，氣爽才麗，宰割辭調，音靡節平。,至於魏之三祖，氣爽才麗，宰割辭調，音靡節平。,至于 魏 之三 祖 气 爽 才丽 宰割 辞调 音靡 节平,氣,432,432,音靡,442,444,442,444,5,0,
window10,节平,1,0.02965585610908241,liuxie_shipin__liuxie_07,liuxie_shipin__liuxie_07__part01,文心雕龍·樂府,劉勰,至於魏之三祖，氣爽才麗，宰割辭調，音靡節平。,至於魏之三祖，氣爽才麗，宰割辭調，音靡節平。,至于 魏 之三 祖 气 爽 才丽 宰割 辞调 音靡 节平,氣,432,432,節平,444,446,444,446,6,0,
window10,臧洪,1,0.02965585610908241,liuxie_shipin__liuxie_10,liuxie_shipin__liuxie_10__part01,文心雕龍·祝盟,劉勰,若夫臧洪歃辭，氣截雲蜺；,若夫臧洪歃辭，氣截雲蜺；,若夫 臧洪 歃辞 气 截 云蜺,氣,777,777,臧洪,772,774,772,774,2,0,
window10,歃辞,1,0.02965585610908241,liuxie_shipin__liuxie_10,liuxie_shipin__liuxie_10__part01,文心雕龍·祝盟,劉勰,若夫臧洪歃辭，氣截雲蜺；,若夫臧洪歃辭，氣截雲蜺；,若夫 臧洪 歃辞 气 截 云蜺,氣,777,777,歃辭,774,776,774,776,1,0,
window10,藻溢于,1,0.02965585610908241,liuxie_shipin__liuxie_14,liuxie_shipin__liuxie_14__part01,文心雕龍·雜文,劉勰,智術之子，博雅之人，藻溢於辭，辭盈乎氣。,智術之子，博雅之人，藻溢於辭，辭盈乎氣。,智术 之子 博雅 之 人 藻溢于 辞 辞盈乎 气,氣,18,18,藻溢於,10,13,10,13,3,0,
window10,辞盈乎,1,0.02965585610908241,liuxie_shipin__liuxie_14,liuxie_shipin__liuxie_14__part01,文心雕龍·雜文,劉勰,智術之子，博雅之人，藻溢於辭，辭盈乎氣。,智術之子，博雅之人，藻溢於辭，辭盈乎氣。,智术 之子 博雅 之 人 藻溢于 辞 辞盈乎 气,氣,18,18,辭盈乎,15,18,15,18,1,0,
window10,负俗,1,0.02965585610908241,liuxie_shipin__liuxie_14,liuxie_shipin__liuxie_14__part01,文心雕龍·雜文,劉勰,宋玉含才，頗亦負俗，始造對問，以申其志，放懷寥廓，氣實使文。,宋玉含才，頗亦負俗，始造對問，以申其志，放懷寥廓，氣實使文。,宋玉含 才 颇 亦 负俗 始造 对问 以申 其志 放怀 寥廓 气 实使 文,氣,58,58,負俗,40,42,40,42,7,0,
window10,始造,1,0.02965585610908241,liuxie_shipin__liuxie_14,liuxie_shipin__liuxie_14__part01,文心雕龍·雜文,劉勰,宋玉含才，頗亦負俗，始造對問，以申其志，放懷寥廓，氣實使文。,宋玉含才，頗亦負俗，始造對問，以申其志，放懷寥廓，氣實使文。,宋玉含 才 颇 亦 负俗 始造 对问 以申 其志 放怀 寥廓 气 实使 文,氣,58,58,始造,43,45,43,45,6,0,
window10,以申,1,0.02965585610908241,liuxie_shipin__liuxie_14,liuxie_shipin__liuxie_14__part01,文心雕龍·雜文,劉勰,宋玉含才，頗亦負俗，始造對問，以申其志，放懷寥廓，氣實使文。,宋玉含才，頗亦負俗，始造對問，以申其志，放懷寥廓，氣實使文。,宋玉含 才 颇 亦 负俗 始造 对问 以申 其志 放怀 寥廓 气 实使 文,氣,58,58,以申,48,50,48,50,4,0,
window10,放怀,1,0.02965585610908241,liuxie_shipin__liuxie_14,liuxie_shipin__liuxie_14__part01,文心雕龍·雜文,劉勰,宋玉含才，頗亦負俗，始造對問，以申其志，放懷寥廓，氣實使文。,宋玉含才，頗亦負俗，始造對問，以申其志，放懷寥廓，氣實使文。,宋玉含 才 颇 亦 负俗 始造 对问 以申 其志 放怀 寥廓 气 实使 文,氣,58,58,放懷,53,55,53,55,2,0,
window10,实使,1,0.02965585610908241,liuxie_shipin__liuxie_14,liuxie_shipin__liuxie_14__part01,文心雕龍·雜文,劉勰,宋玉含才，頗亦負俗，始造對問，以申其志，放懷寥廓，氣實使文。,宋玉含才，頗亦負俗，始造對問，以申其志，放懷寥廓，氣實使文。,宋玉含 才 颇 亦 负俗 始造 对问 以申 其志 放怀 寥廓 气 实使 文,氣,58,58,實使,59,61,59,61,1,0,
window10,御寇,1,0.02965585610908241,liuxie_shipin__liuxie_17,liuxie_shipin__liuxie_17__part01,文心雕龍·諸子,劉勰,列御寇之書，氣偉而采奇；,列御寇之書，氣偉而采奇；,列 御寇 之 书 气 伟而 采奇,氣,736,736,御寇,731,733,731,733,3,0,
window10,伟而,1,0.02965585610908241,liuxie_shipin__liuxie_17,liuxie_shipin__liuxie_17__part01,文心雕龍·諸子,劉勰,列御寇之書，氣偉而采奇；,列御寇之書，氣偉而采奇；,列 御寇 之 书 气 伟而 采奇,氣,736,736,偉而,737,739,737,739,1,0,
window10,采奇,1,0.02965585610908241,liuxie_shipin__liuxie_17,liuxie_shipin__liuxie_17__part01,文心雕龍·諸子,劉勰,列御寇之書，氣偉而采奇；,列御寇之書，氣偉而采奇；,列 御寇 之 书 气 伟而 采奇,氣,736,736,采奇,739,741,739,741,2,0,
window10,泛采,1,0.02965585610908241,liuxie_shipin__liuxie_17,liuxie_shipin__liuxie_17__part01,文心雕龍·諸子,劉勰,呂氏鑒遠而體周，淮南汎採而文麗，斯則得百氏之華采，而辭氣文之大略也。,呂氏鑒遠而體周，淮南汎採而文麗，斯則得百氏之華采，而辭氣文之大略也。,吕氏 鉴远 而 体周 淮南 泛采 而 文丽 斯则 得 百氏 之 华采 而辞 气 文之 大略 也,氣,860,860,汎採,843,845,843,845,9,0,
window10,封策,1,0.02965585610908241,liuxie_shipin__liuxie_19,liuxie_shipin__liuxie_19__part01,文心雕龍·詔策,劉勰,優文封策，則氣含風雨之潤；,優文封策，則氣含風雨之潤；,优文 封策 则 气 含 风雨 之润,氣,708,708,封策,704,706,704,706,2,0,
window10,风雨,1,0.02965585610908241,liuxie_shipin__liuxie_19,liuxie_shipin__liuxie_19__part01,文心雕龍·詔策,劉勰,優文封策，則氣含風雨之潤；,優文封策，則氣含風雨之潤；,优文 封策 则 气 含 风雨 之润,氣,708,708,風雨,710,712,710,712,2,0,
window10,之润,1,0.02965585610908241,liuxie_shipin__liuxie_19,liuxie_shipin__liuxie_19__part01,文心雕龍·詔策,劉勰,優文封策，則氣含風雨之潤；,優文封策，則氣含風雨之潤；,优文 封策 则 气 含 风雨 之润,氣,708,708,之潤,712,714,712,714,3,0,
window10,非唯致果,1,0.02965585610908241,liuxie_shipin__liuxie_20,liuxie_shipin__liuxie_20__part01,文心雕龍·檄移,劉勰,故分閫推轂，奉辭伐罪，非唯致果為毅，亦且厲辭為武，使聲如衝風所擊，氣似欃槍所掃，奮其武怒，總其罪人，懲其惡稔之時，顯其貫盈之數，搖奸宄之膽，訂信慎之心，使百尺之衝，摧折於咫書，萬雉之城，顛墜於一檄者也。,故分閫推轂，奉辭伐罪，非唯致果為毅，亦且厲辭為武，使聲如衝風所擊，氣似欃槍所掃，奮其武怒，總其罪人，懲其惡稔之時，顯其貫盈之數，搖奸宄之膽，訂信慎之心，使百尺之衝，摧折於咫書，萬雉之城，顛墜於一檄者也。,故 分阃 推毂 奉辞伐罪 非唯致果 为毅 亦且 厉辞 为 武 使声 如 冲风 所击 气 似 欃枪 所扫 奋其 武怒 总其 罪人 惩其 恶稔 之 时 显其 贯盈 之数 摇 奸宄 之胆 订信慎 之心 使 百尺 之冲 摧折 于 咫书 万雉 之 城 颠坠 于 一 檄者 也,氣,343,343,非唯致果,321,325,321,325,10,0,
window10,为毅,1,0.02965585610908241,liuxie_shipin__liuxie_20,liuxie_shipin__liuxie_20__part01,文心雕龍·檄移,劉勰,故分閫推轂，奉辭伐罪，非唯致果為毅，亦且厲辭為武，使聲如衝風所擊，氣似欃槍所掃，奮其武怒，總其罪人，懲其惡稔之時，顯其貫盈之數，搖奸宄之膽，訂信慎之心，使百尺之衝，摧折於咫書，萬雉之城，顛墜於一檄者也。,故分閫推轂，奉辭伐罪，非唯致果為毅，亦且厲辭為武，使聲如衝風所擊，氣似欃槍所掃，奮其武怒，總其罪人，懲其惡稔之時，顯其貫盈之數，搖奸宄之膽，訂信慎之心，使百尺之衝，摧折於咫書，萬雉之城，顛墜於一檄者也。,故 分阃 推毂 奉辞伐罪 非唯致果 为毅 亦且 厉辞 为 武 使声 如 冲风 所击 气 似 欃枪 所扫 奋其 武怒 总其 罪人 惩其 恶稔 之 时 显其 贯盈 之数 摇 奸宄 之胆 订信慎 之心 使 百尺 之冲 摧折 于 咫书 万雉 之 城 颠坠 于 一 檄者 也,氣,343,343,為毅,325,327,325,327,9,0,
window10,亦且,1,0.02965585610908241,liuxie_shipin__liuxie_20,liuxie_shipin__liuxie_20__part01,文心雕龍·檄移,劉勰,故分閫推轂，奉辭伐罪，非唯致果為毅，亦且厲辭為武，使聲如衝風所擊，氣似欃槍所掃，奮其武怒，總其罪人，懲其惡稔之時，顯其貫盈之數，搖奸宄之膽，訂信慎之心，使百尺之衝，摧折於咫書，萬雉之城，顛墜於一檄者也。,故分閫推轂，奉辭伐罪，非唯致果為毅，亦且厲辭為武，使聲如衝風所擊，氣似欃槍所掃，奮其武怒，總其罪人，懲其惡稔之時，顯其貫盈之數，搖奸宄之膽，訂信慎之心，使百尺之衝，摧折於咫書，萬雉之城，顛墜於一檄者也。,故 分阃 推毂 奉辞伐罪 非唯致果 为毅 亦且 厉辞 为 武 使声 如 冲风 所击 气 似 欃枪 所扫 奋其 武怒 总其 罪人 惩其 恶稔 之 时 显其 贯盈 之数 摇 奸宄 之胆 订信慎 之心 使 百尺 之冲 摧折 于 咫书 万雉 之 城 颠坠 于 一 檄者 也,氣,343,343,亦且,328,330,328,330,8,0,
window10,厉辞,1,0.02965585610908241,liuxie_shipin__liuxie_20,liuxie_shipin__liuxie_20__part01,文心雕龍·檄移,劉勰,故分閫推轂，奉辭伐罪，非唯致果為毅，亦且厲辭為武，使聲如衝風所擊，氣似欃槍所掃，奮其武怒，總其罪人，懲其惡稔之時，顯其貫盈之數，搖奸宄之膽，訂信慎之心，使百尺之衝，摧折於咫書，萬雉之城，顛墜於一檄者也。,故分閫推轂，奉辭伐罪，非唯致果為毅，亦且厲辭為武，使聲如衝風所擊，氣似欃槍所掃，奮其武怒，總其罪人，懲其惡稔之時，顯其貫盈之數，搖奸宄之膽，訂信慎之心，使百尺之衝，摧折於咫書，萬雉之城，顛墜於一檄者也。,故 分阃 推毂 奉辞伐罪 非唯致果 为毅 亦且 厉辞 为 武 使声 如 冲风 所击 气 似 欃枪 所扫 奋其 武怒 总其 罪人 惩其 恶稔 之 时 显其 贯盈 之数 摇 奸宄 之胆 订信慎 之心 使 百尺 之冲 摧折 于 咫书 万雉 之 城 颠坠 于 一 檄者 也,氣,343,343,厲辭,330,332,330,332,7,0,
window10,使声,1,0.02965585610908241,liuxie_shipin__liuxie_20,liuxie_shipin__liuxie_20__part01,文心雕龍·檄移,劉勰,故分閫推轂，奉辭伐罪，非唯致果為毅，亦且厲辭為武，使聲如衝風所擊，氣似欃槍所掃，奮其武怒，總其罪人，懲其惡稔之時，顯其貫盈之數，搖奸宄之膽，訂信慎之心，使百尺之衝，摧折於咫書，萬雉之城，顛墜於一檄者也。,故分閫推轂，奉辭伐罪，非唯致果為毅，亦且厲辭為武，使聲如衝風所擊，氣似欃槍所掃，奮其武怒，總其罪人，懲其惡稔之時，顯其貫盈之數，搖奸宄之膽，訂信慎之心，使百尺之衝，摧折於咫書，萬雉之城，顛墜於一檄者也。,故 分阃 推毂 奉辞伐罪 非唯致果 为毅 亦且 厉辞 为 武 使声 如 冲风 所击 气 似 欃枪 所扫 奋其 武怒 总其 罪人 惩其 恶稔 之 时 显其 贯盈 之数 摇 奸宄 之胆 订信慎 之心 使 百尺 之冲 摧折 于 咫书 万雉 之 城 颠坠 于 一 檄者 也,氣,343,343,使聲,335,337,335,337,4,0,
window10,冲风,1,0.02965585610908241,liuxie_shipin__liuxie_20,liuxie_shipin__liuxie_20__part01,文心雕龍·檄移,劉勰,故分閫推轂，奉辭伐罪，非唯致果為毅，亦且厲辭為武，使聲如衝風所擊，氣似欃槍所掃，奮其武怒，總其罪人，懲其惡稔之時，顯其貫盈之數，搖奸宄之膽，訂信慎之心，使百尺之衝，摧折於咫書，萬雉之城，顛墜於一檄者也。,故分閫推轂，奉辭伐罪，非唯致果為毅，亦且厲辭為武，使聲如衝風所擊，氣似欃槍所掃，奮其武怒，總其罪人，懲其惡稔之時，顯其貫盈之數，搖奸宄之膽，訂信慎之心，使百尺之衝，摧折於咫書，萬雉之城，顛墜於一檄者也。,故 分阃 推毂 奉辞伐罪 非唯致果 为毅 亦且 厉辞 为 武 使声 如 冲风 所击 气 似 欃枪 所扫 奋其 武怒 总其 罪人 惩其 恶稔 之 时 显其 贯盈 之数 摇 奸宄 之胆 订信慎 之心 使 百尺 之冲 摧折 于 咫书 万雉 之 城 颠坠 于 一 檄者 也,氣,343,343,衝風,338,340,338,340,2,0,
window10,所击,1,0.02965585610908241,liuxie_shipin__liuxie_20,liuxie_shipin__liuxie_20__part01,文心雕龍·檄移,劉勰,故分閫推轂，奉辭伐罪，非唯致果為毅，亦且厲辭為武，使聲如衝風所擊，氣似欃槍所掃，奮其武怒，總其罪人，懲其惡稔之時，顯其貫盈之數，搖奸宄之膽，訂信慎之心，使百尺之衝，摧折於咫書，萬雉之城，顛墜於一檄者也。,故分閫推轂，奉辭伐罪，非唯致果為毅，亦且厲辭為武，使聲如衝風所擊，氣似欃槍所掃，奮其武怒，總其罪人，懲其惡稔之時，顯其貫盈之數，搖奸宄之膽，訂信慎之心，使百尺之衝，摧折於咫書，萬雉之城，顛墜於一檄者也。,故 分阃 推毂 奉辞伐罪 非唯致果 为毅 亦且 厉辞 为 武 使声 如 冲风 所击 气 似 欃枪 所扫 奋其 武怒 总其 罪人 惩其 恶稔 之 时 显其 贯盈 之数 摇 奸宄 之胆 订信慎 之心 使 百尺 之冲 摧折 于 咫书 万雉 之 城 颠坠 于 一 檄者 也,氣,343,343,所擊,340,342,340,342,1,0,
window10,欃枪,1,0.02965585610908241,liuxie_shipin__liuxie_20,liuxie_shipin__liuxie_20__part01,文心雕龍·檄移,劉勰,故分閫推轂，奉辭伐罪，非唯致果為毅，亦且厲辭為武，使聲如衝風所擊，氣似欃槍所掃，奮其武怒，總其罪人，懲其惡稔之時，顯其貫盈之數，搖奸宄之膽，訂信慎之心，使百尺之衝，摧折於咫書，萬雉之城，顛墜於一檄者也。,故分閫推轂，奉辭伐罪，非唯致果為毅，亦且厲辭為武，使聲如衝風所擊，氣似欃槍所掃，奮其武怒，總其罪人，懲其惡稔之時，顯其貫盈之數，搖奸宄之膽，訂信慎之心，使百尺之衝，摧折於咫書，萬雉之城，顛墜於一檄者也。,故 分阃 推毂 奉辞伐罪 非唯致果 为毅 亦且 厉辞 为 武 使声 如 冲风 所击 气 似 欃枪 所扫 奋其 武怒 总其 罪人 惩其 恶稔 之 时 显其 贯盈 之数 摇 奸宄 之胆 订信慎 之心 使 百尺 之冲 摧折 于 咫书 万雉 之 城 颠坠 于 一 檄者 也,氣,343,343,欃槍,345,347,345,347,2,0,
window10,所扫,1,0.02965585610908241,liuxie_shipin__liuxie_20,liuxie_shipin__liuxie_20__part01,文心雕龍·檄移,劉勰,故分閫推轂，奉辭伐罪，非唯致果為毅，亦且厲辭為武，使聲如衝風所擊，氣似欃槍所掃，奮其武怒，總其罪人，懲其惡稔之時，顯其貫盈之數，搖奸宄之膽，訂信慎之心，使百尺之衝，摧折於咫書，萬雉之城，顛墜於一檄者也。,故分閫推轂，奉辭伐罪，非唯致果為毅，亦且厲辭為武，使聲如衝風所擊，氣似欃槍所掃，奮其武怒，總其罪人，懲其惡稔之時，顯其貫盈之數，搖奸宄之膽，訂信慎之心，使百尺之衝，摧折於咫書，萬雉之城，顛墜於一檄者也。,故 分阃 推毂 奉辞伐罪 非唯致果 为毅 亦且 厉辞 为 武 使声 如 冲风 所击 气 似 欃枪 所扫 奋其 武怒 总其 罪人 惩其 恶稔 之 时 显其 贯盈 之数 摇 奸宄 之胆 订信慎 之心 使 百尺 之冲 摧折 于 咫书 万雉 之 城 颠坠 于 一 檄者 也,氣,343,343,所掃,347,349,347,349,3,0,
window10,奋其,1,0.02965585610908241,liuxie_shipin__liuxie_20,liuxie_shipin__liuxie_20__part01,文心雕龍·檄移,劉勰,故分閫推轂，奉辭伐罪，非唯致果為毅，亦且厲辭為武，使聲如衝風所擊，氣似欃槍所掃，奮其武怒，總其罪人，懲其惡稔之時，顯其貫盈之數，搖奸宄之膽，訂信慎之心，使百尺之衝，摧折於咫書，萬雉之城，顛墜於一檄者也。,故分閫推轂，奉辭伐罪，非唯致果為毅，亦且厲辭為武，使聲如衝風所擊，氣似欃槍所掃，奮其武怒，總其罪人，懲其惡稔之時，顯其貫盈之數，搖奸宄之膽，訂信慎之心，使百尺之衝，摧折於咫書，萬雉之城，顛墜於一檄者也。,故 分阃 推毂 奉辞伐罪 非唯致果 为毅 亦且 厉辞 为 武 使声 如 冲风 所击 气 似 欃枪 所扫 奋其 武怒 总其 罪人 惩其 恶稔 之 时 显其 贯盈 之数 摇 奸宄 之胆 订信慎 之心 使 百尺 之冲 摧折 于 咫书 万雉 之 城 颠坠 于 一 檄者 也,氣,343,343,奮其,350,352,350,352,4,0,
window10,武怒,1,0.02965585610908241,liuxie_shipin__liuxie_20,liuxie_shipin__liuxie_20__part01,文心雕龍·檄移,劉勰,故分閫推轂，奉辭伐罪，非唯致果為毅，亦且厲辭為武，使聲如衝風所擊，氣似欃槍所掃，奮其武怒，總其罪人，懲其惡稔之時，顯其貫盈之數，搖奸宄之膽，訂信慎之心，使百尺之衝，摧折於咫書，萬雉之城，顛墜於一檄者也。,故分閫推轂，奉辭伐罪，非唯致果為毅，亦且厲辭為武，使聲如衝風所擊，氣似欃槍所掃，奮其武怒，總其罪人，懲其惡稔之時，顯其貫盈之數，搖奸宄之膽，訂信慎之心，使百尺之衝，摧折於咫書，萬雉之城，顛墜於一檄者也。,故 分阃 推毂 奉辞伐罪 非唯致果 为毅 亦且 厉辞 为 武 使声 如 冲风 所击 气 似 欃枪 所扫 奋其 武怒 总其 罪人 惩其 恶稔 之 时 显其 贯盈 之数 摇 奸宄 之胆 订信慎 之心 使 百尺 之冲 摧折 于 咫书 万雉 之 城 颠坠 于 一 檄者 也,氣,343,343,武怒,352,354,352,354,5,0,
window10,罪人,1,0.02965585610908241,liuxie_shipin__liuxie_20,liuxie_shipin__liuxie_20__part01,文心雕龍·檄移,劉勰,故分閫推轂，奉辭伐罪，非唯致果為毅，亦且厲辭為武，使聲如衝風所擊，氣似欃槍所掃，奮其武怒，總其罪人，懲其惡稔之時，顯其貫盈之數，搖奸宄之膽，訂信慎之心，使百尺之衝，摧折於咫書，萬雉之城，顛墜於一檄者也。,故分閫推轂，奉辭伐罪，非唯致果為毅，亦且厲辭為武，使聲如衝風所擊，氣似欃槍所掃，奮其武怒，總其罪人，懲其惡稔之時，顯其貫盈之數，搖奸宄之膽，訂信慎之心，使百尺之衝，摧折於咫書，萬雉之城，顛墜於一檄者也。,故 分阃 推毂 奉辞伐罪 非唯致果 为毅 亦且 厉辞 为 武 使声 如 冲风 所击 气 似 欃枪 所扫 奋其 武怒 总其 罪人 惩其 恶稔 之 时 显其 贯盈 之数 摇 奸宄 之胆 订信慎 之心 使 百尺 之冲 摧折 于 咫书 万雉 之 城 颠坠 于 一 檄者 也,氣,343,343,罪人,357,359,357,359,7,0,
window10,惩其,1,0.02965585610908241,liuxie_shipin__liuxie_20,liuxie_shipin__liuxie_20__part01,文心雕龍·檄移,劉勰,故分閫推轂，奉辭伐罪，非唯致果為毅，亦且厲辭為武，使聲如衝風所擊，氣似欃槍所掃，奮其武怒，總其罪人，懲其惡稔之時，顯其貫盈之數，搖奸宄之膽，訂信慎之心，使百尺之衝，摧折於咫書，萬雉之城，顛墜於一檄者也。,故分閫推轂，奉辭伐罪，非唯致果為毅，亦且厲辭為武，使聲如衝風所擊，氣似欃槍所掃，奮其武怒，總其罪人，懲其惡稔之時，顯其貫盈之數，搖奸宄之膽，訂信慎之心，使百尺之衝，摧折於咫書，萬雉之城，顛墜於一檄者也。,故 分阃 推毂 奉辞伐罪 非唯致果 为毅 亦且 厉辞 为 武 使声 如 冲风 所击 气 似 欃枪 所扫 奋其 武怒 总其 罪人 惩其 恶稔 之 时 显其 贯盈 之数 摇 奸宄 之胆 订信慎 之心 使 百尺 之冲 摧折 于 咫书 万雉 之 城 颠坠 于 一 檄者 也,氣,343,343,懲其,360,362,360,362,8,0,
window10,恶稔,1,0.02965585610908241,liuxie_shipin__liuxie_20,liuxie_shipin__liuxie_20__part01,文心雕龍·檄移,劉勰,故分閫推轂，奉辭伐罪，非唯致果為毅，亦且厲辭為武，使聲如衝風所擊，氣似欃槍所掃，奮其武怒，總其罪人，懲其惡稔之時，顯其貫盈之數，搖奸宄之膽，訂信慎之心，使百尺之衝，摧折於咫書，萬雉之城，顛墜於一檄者也。,故分閫推轂，奉辭伐罪，非唯致果為毅，亦且厲辭為武，使聲如衝風所擊，氣似欃槍所掃，奮其武怒，總其罪人，懲其惡稔之時，顯其貫盈之數，搖奸宄之膽，訂信慎之心，使百尺之衝，摧折於咫書，萬雉之城，顛墜於一檄者也。,故 分阃 推毂 奉辞伐罪 非唯致果 为毅 亦且 厉辞 为 武 使声 如 冲风 所击 气 似 欃枪 所扫 奋其 武怒 总其 罪人 惩其 恶稔 之 时 显其 贯盈 之数 摇 奸宄 之胆 订信慎 之心 使 百尺 之冲 摧折 于 咫书 万雉 之 城 颠坠 于 一 檄者 也,氣,343,343,惡稔,362,364,362,364,9,0,
window10,辞缓,1,0.02965585610908241,liuxie_shipin__liuxie_20,liuxie_shipin__liuxie_20__part01,文心雕龍·檄移,劉勰,故其植義颺辭，務在剛健，插羽以示迅，不可使辭緩，露板以宣眾，不可使義隱，必事昭而理辨，氣盛而辭斷，此其要也。,故其植義颺辭，務在剛健，插羽以示迅，不可使辭緩，露板以宣眾，不可使義隱，必事昭而理辨，氣盛而辭斷，此其要也。,故其 植义 飏 辞 务 在 刚健 插羽 以示 迅 不可 使 辞缓 露板 以 宣众 不可 使义 隐 必事昭而理 辨 气 盛而 辞断 此其要 也,氣,661,661,辭緩,639,641,639,641,9,0,
window10,露板,1,0.02965585610908241,liuxie_shipin__liuxie_20,liuxie_shipin__liuxie_20__part01,文心雕龍·檄移,劉勰,故其植義颺辭，務在剛健，插羽以示迅，不可使辭緩，露板以宣眾，不可使義隱，必事昭而理辨，氣盛而辭斷，此其要也。,故其植義颺辭，務在剛健，插羽以示迅，不可使辭緩，露板以宣眾，不可使義隱，必事昭而理辨，氣盛而辭斷，此其要也。,故其 植义 飏 辞 务 在 刚健 插羽 以示 迅 不可 使 辞缓 露板 以 宣众 不可 使义 隐 必事昭而理 辨 气 盛而 辞断 此其要 也,氣,661,661,露板,642,644,642,644,8,0,
window10,宣众,1,0.02965585610908241,liuxie_shipin__liuxie_20,liuxie_shipin__liuxie_20__part01,文心雕龍·檄移,劉勰,故其植義颺辭，務在剛健，插羽以示迅，不可使辭緩，露板以宣眾，不可使義隱，必事昭而理辨，氣盛而辭斷，此其要也。,故其植義颺辭，務在剛健，插羽以示迅，不可使辭緩，露板以宣眾，不可使義隱，必事昭而理辨，氣盛而辭斷，此其要也。,故其 植义 飏 辞 务 在 刚健 插羽 以示 迅 不可 使 辞缓 露板 以 宣众 不可 使义 隐 必事昭而理 辨 气 盛而 辞断 此其要 也,氣,661,661,宣眾,645,647,645,647,6,0,
window10,使义,1,0.02965585610908241,liuxie_shipin__liuxie_20,liuxie_shipin__liuxie_20__part01,文心雕龍·檄移,劉勰,故其植義颺辭，務在剛健，插羽以示迅，不可使辭緩，露板以宣眾，不可使義隱，必事昭而理辨，氣盛而辭斷，此其要也。,故其植義颺辭，務在剛健，插羽以示迅，不可使辭緩，露板以宣眾，不可使義隱，必事昭而理辨，氣盛而辭斷，此其要也。,故其 植义 飏 辞 务 在 刚健 插羽 以示 迅 不可 使 辞缓 露板 以 宣众 不可 使义 隐 必事昭而理 辨 气 盛而 辞断 此其要 也,氣,661,661,使義,650,652,650,652,4,0,
window10,必事昭而理,1,0.02965585610908241,liuxie_shipin__liuxie_20,liuxie_shipin__liuxie_20__part01,文心雕龍·檄移,劉勰,故其植義颺辭，務在剛健，插羽以示迅，不可使辭緩，露板以宣眾，不可使義隱，必事昭而理辨，氣盛而辭斷，此其要也。,故其植義颺辭，務在剛健，插羽以示迅，不可使辭緩，露板以宣眾，不可使義隱，必事昭而理辨，氣盛而辭斷，此其要也。,故其 植义 飏 辞 务 在 刚健 插羽 以示 迅 不可 使 辞缓 露板 以 宣众 不可 使义 隐 必事昭而理 辨 气 盛而 辞断 此其要 也,氣,661,661,必事昭而理,654,659,654,659,2,0,
window10,盛而,1,0.02965585610908241,liuxie_shipin__liuxie_20,liuxie_shipin__liuxie_20__part01,文心雕龍·檄移,劉勰,故其植義颺辭，務在剛健，插羽以示迅，不可使辭緩，露板以宣眾，不可使義隱，必事昭而理辨，氣盛而辭斷，此其要也。,故其植義颺辭，務在剛健，插羽以示迅，不可使辭緩，露板以宣眾，不可使義隱，必事昭而理辨，氣盛而辭斷，此其要也。,故其 植义 飏 辞 务 在 刚健 插羽 以示 迅 不可 使 辞缓 露板 以 宣众 不可 使义 隐 必事昭而理 辨 气 盛而 辞断 此其要 也,氣,661,661,盛而,662,664,662,664,1,0,
window10,辞断,1,0.02965585610908241,liuxie_shipin__liuxie_20,liuxie_shipin__liuxie_20__part01,文心雕龍·檄移,劉勰,故其植義颺辭，務在剛健，插羽以示迅，不可使辭緩，露板以宣眾，不可使義隱，必事昭而理辨，氣盛而辭斷，此其要也。,故其植義颺辭，務在剛健，插羽以示迅，不可使辭緩，露板以宣眾，不可使義隱，必事昭而理辨，氣盛而辭斷，此其要也。,故其 植义 飏 辞 务 在 刚健 插羽 以示 迅 不可 使 辞缓 露板 以 宣众 不可 使义 隐 必事昭而理 辨 气 盛而 辞断 此其要 也,氣,661,661,辭斷,664,666,664,666,2,0,
window10,此其要,1,0.02965585610908241,liuxie_shipin__liuxie_20,liuxie_shipin__liuxie_20__part01,文心雕龍·檄移,劉勰,故其植義颺辭，務在剛健，插羽以示迅，不可使辭緩，露板以宣眾，不可使義隱，必事昭而理辨，氣盛而辭斷，此其要也。,故其植義颺辭，務在剛健，插羽以示迅，不可使辭緩，露板以宣眾，不可使義隱，必事昭而理辨，氣盛而辭斷，此其要也。,故其 植义 飏 辞 务 在 刚健 插羽 以示 迅 不可 使 辞缓 露板 以 宣众 不可 使义 隐 必事昭而理 辨 气 盛而 辞断 此其要 也,氣,661,661,此其要,667,670,667,670,3,0,
window10,体乏,1,0.02965585610908241,liuxie_shipin__liuxie_21,liuxie_shipin__liuxie_21__part01,文心雕龍·封禪,劉勰,秦皇銘岱，文自李斯，法家辭氣，體乏弘潤。,秦皇銘岱，文自李斯，法家辭氣，體乏弘潤。,秦皇 铭 岱 文自 李斯 法家 辞 气 体乏 弘润,氣,258,258,體乏,260,262,260,262,1,0,
window10,之荐,1,0.02965585610908241,liuxie_shipin__liuxie_22,liuxie_shipin__liuxie_22__part01,文心雕龍·章表,劉勰,至於文舉之薦禰衡，氣揚采飛；,至於文舉之薦禰衡，氣揚采飛；,至于 文举 之荐 祢衡 气 扬 采飞,氣,507,507,之薦,502,504,502,504,2,0,
window10,采飞,1,0.02965585610908241,liuxie_shipin__liuxie_22,liuxie_shipin__liuxie_22__part01,文心雕龍·章表,劉勰,至於文舉之薦禰衡，氣揚采飛；,至於文舉之薦禰衡，氣揚采飛；,至于 文举 之荐 祢衡 气 扬 采飞,氣,507,507,采飛,509,511,509,511,2,0,
window10,故位,1,0.02965585610908241,liuxie_shipin__liuxie_23,liuxie_shipin__liuxie_23__part01,文心雕龍·奏啟,劉勰,故位在鷙擊，砥礪其氣，必使筆端振風，簡上凝霜者也。,故位在鷙擊，砥礪其氣，必使筆端振風，簡上凝霜者也。,故位 在 鸷击 砥砺 其 气 必使 笔端 振风 简上 凝霜 者 也,氣,422,422,故位,413,415,413,415,5,0,
window10,鸷击,1,0.02965585610908241,liuxie_shipin__liuxie_23,liuxie_shipin__liuxie_23__part01,文心雕龍·奏啟,劉勰,故位在鷙擊，砥礪其氣，必使筆端振風，簡上凝霜者也。,故位在鷙擊，砥礪其氣，必使筆端振風，簡上凝霜者也。,故位 在 鸷击 砥砺 其 气 必使 笔端 振风 简上 凝霜 者 也,氣,422,422,鷙擊,416,418,416,418,3,0,
window10,砥砺,1,0.02965585610908241,liuxie_shipin__liuxie_23,liuxie_shipin__liuxie_23__part01,文心雕龍·奏啟,劉勰,故位在鷙擊，砥礪其氣，必使筆端振風，簡上凝霜者也。,故位在鷙擊，砥礪其氣，必使筆端振風，簡上凝霜者也。,故位 在 鸷击 砥砺 其 气 必使 笔端 振风 简上 凝霜 者 也,氣,422,422,砥礪,419,421,419,421,2,0,
window10,振风,1,0.02965585610908241,liuxie_shipin__liuxie_23,liuxie_shipin__liuxie_23__part01,文心雕龍·奏啟,劉勰,故位在鷙擊，砥礪其氣，必使筆端振風，簡上凝霜者也。,故位在鷙擊，砥礪其氣，必使筆端振風，簡上凝霜者也。,故位 在 鸷击 砥砺 其 气 必使 笔端 振风 简上 凝霜 者 也,氣,422,422,振風,428,430,428,430,3,0,
window10,简上,1,0.02965585610908241,liuxie_shipin__liuxie_23,liuxie_shipin__liuxie_23__part01,文心雕龍·奏啟,劉勰,故位在鷙擊，砥礪其氣，必使筆端振風，簡上凝霜者也。,故位在鷙擊，砥礪其氣，必使筆端振風，簡上凝霜者也。,故位 在 鸷击 砥砺 其 气 必使 笔端 振风 简上 凝霜 者 也,氣,422,422,簡上,431,433,431,433,4,0,
window10,凝霜,1,0.02965585610908241,liuxie_shipin__liuxie_23,liuxie_shipin__liuxie_23__part01,文心雕龍·奏啟,劉勰,故位在鷙擊，砥礪其氣，必使筆端振風，簡上凝霜者也。,故位在鷙擊，砥礪其氣，必使筆端振風，簡上凝霜者也。,故位 在 鸷击 砥砺 其 气 必使 笔端 振风 简上 凝霜 者 也,氣,422,422,凝霜,433,435,433,435,5,0,
window10,儒家,1,0.02965585610908241,liuxie_shipin__liuxie_23,liuxie_shipin__liuxie_23__part01,文心雕龍·奏啟,劉勰,必使理有典刑，辭有風軌，總法家之式，秉儒家之文，不畏彊禦，氣流墨中，無縱詭隨，聲動簡外，乃稱絕席之雄，直方之舉耳。,必使理有典刑，辭有風軌，總法家之式，秉儒家之文，不畏彊禦，氣流墨中，無縱詭隨，聲動簡外，乃稱絕席之雄，直方之舉耳。,必使 理有 典刑 辞有 风轨 总 法家 之式 秉 儒家 之文 不畏 彊 御 气 流墨 中 无纵 诡随 声动 简外 乃称 绝席 之雄 直方 之举 耳,氣,734,734,儒家,724,726,724,726,5,0,
window10,不畏,1,0.02965585610908241,liuxie_shipin__liuxie_23,liuxie_shipin__liuxie_23__part01,文心雕龍·奏啟,劉勰,必使理有典刑，辭有風軌，總法家之式，秉儒家之文，不畏彊禦，氣流墨中，無縱詭隨，聲動簡外，乃稱絕席之雄，直方之舉耳。,必使理有典刑，辭有風軌，總法家之式，秉儒家之文，不畏彊禦，氣流墨中，無縱詭隨，聲動簡外，乃稱絕席之雄，直方之舉耳。,必使 理有 典刑 辞有 风轨 总 法家 之式 秉 儒家 之文 不畏 彊 御 气 流墨 中 无纵 诡随 声动 简外 乃称 绝席 之雄 直方 之举 耳,氣,734,734,不畏,729,731,729,731,3,0,
window10,流墨,1,0.02965585610908241,liuxie_shipin__liuxie_23,liuxie_shipin__liuxie_23__part01,文心雕龍·奏啟,劉勰,必使理有典刑，辭有風軌，總法家之式，秉儒家之文，不畏彊禦，氣流墨中，無縱詭隨，聲動簡外，乃稱絕席之雄，直方之舉耳。,必使理有典刑，辭有風軌，總法家之式，秉儒家之文，不畏彊禦，氣流墨中，無縱詭隨，聲動簡外，乃稱絕席之雄，直方之舉耳。,必使 理有 典刑 辞有 风轨 总 法家 之式 秉 儒家 之文 不畏 彊 御 气 流墨 中 无纵 诡随 声动 简外 乃称 绝席 之雄 直方 之举 耳,氣,734,734,流墨,735,737,735,737,1,0,
window10,无纵,1,0.02965585610908241,liuxie_shipin__liuxie_23,liuxie_shipin__liuxie_23__part01,文心雕龍·奏啟,劉勰,必使理有典刑，辭有風軌，總法家之式，秉儒家之文，不畏彊禦，氣流墨中，無縱詭隨，聲動簡外，乃稱絕席之雄，直方之舉耳。,必使理有典刑，辭有風軌，總法家之式，秉儒家之文，不畏彊禦，氣流墨中，無縱詭隨，聲動簡外，乃稱絕席之雄，直方之舉耳。,必使 理有 典刑 辞有 风轨 总 法家 之式 秉 儒家 之文 不畏 彊 御 气 流墨 中 无纵 诡随 声动 简外 乃称 绝席 之雄 直方 之举 耳,氣,734,734,無縱,739,741,739,741,3,0,
window10,诡随,1,0.02965585610908241,liuxie_shipin__liuxie_23,liuxie_shipin__liuxie_23__part01,文心雕龍·奏啟,劉勰,必使理有典刑，辭有風軌，總法家之式，秉儒家之文，不畏彊禦，氣流墨中，無縱詭隨，聲動簡外，乃稱絕席之雄，直方之舉耳。,必使理有典刑，辭有風軌，總法家之式，秉儒家之文，不畏彊禦，氣流墨中，無縱詭隨，聲動簡外，乃稱絕席之雄，直方之舉耳。,必使 理有 典刑 辞有 风轨 总 法家 之式 秉 儒家 之文 不畏 彊 御 气 流墨 中 无纵 诡随 声动 简外 乃称 绝席 之雄 直方 之举 耳,氣,734,734,詭隨,741,743,741,743,4,0,
window10,声动,1,0.02965585610908241,liuxie_shipin__liuxie_23,liuxie_shipin__liuxie_23__part01,文心雕龍·奏啟,劉勰,必使理有典刑，辭有風軌，總法家之式，秉儒家之文，不畏彊禦，氣流墨中，無縱詭隨，聲動簡外，乃稱絕席之雄，直方之舉耳。,必使理有典刑，辭有風軌，總法家之式，秉儒家之文，不畏彊禦，氣流墨中，無縱詭隨，聲動簡外，乃稱絕席之雄，直方之舉耳。,必使 理有 典刑 辞有 风轨 总 法家 之式 秉 儒家 之文 不畏 彊 御 气 流墨 中 无纵 诡随 声动 简外 乃称 绝席 之雄 直方 之举 耳,氣,734,734,聲動,744,746,744,746,5,0,
window10,简外,1,0.02965585610908241,liuxie_shipin__liuxie_23,liuxie_shipin__liuxie_23__part01,文心雕龍·奏啟,劉勰,必使理有典刑，辭有風軌，總法家之式，秉儒家之文，不畏彊禦，氣流墨中，無縱詭隨，聲動簡外，乃稱絕席之雄，直方之舉耳。,必使理有典刑，辭有風軌，總法家之式，秉儒家之文，不畏彊禦，氣流墨中，無縱詭隨，聲動簡外，乃稱絕席之雄，直方之舉耳。,必使 理有 典刑 辞有 风轨 总 法家 之式 秉 儒家 之文 不畏 彊 御 气 流墨 中 无纵 诡随 声动 简外 乃称 绝席 之雄 直方 之举 耳,氣,734,734,簡外,746,748,746,748,6,0,
window10,绝席,1,0.02965585610908241,liuxie_shipin__liuxie_23,liuxie_shipin__liuxie_23__part01,文心雕龍·奏啟,劉勰,必使理有典刑，辭有風軌，總法家之式，秉儒家之文，不畏彊禦，氣流墨中，無縱詭隨，聲動簡外，乃稱絕席之雄，直方之舉耳。,必使理有典刑，辭有風軌，總法家之式，秉儒家之文，不畏彊禦，氣流墨中，無縱詭隨，聲動簡外，乃稱絕席之雄，直方之舉耳。,必使 理有 典刑 辞有 风轨 总 法家 之式 秉 儒家 之文 不畏 彊 御 气 流墨 中 无纵 诡随 声动 简外 乃称 绝席 之雄 直方 之举 耳,氣,734,734,絕席,751,753,751,753,8,0,
window10,之雄,1,0.02965585610908241,liuxie_shipin__liuxie_23,liuxie_shipin__liuxie_23__part01,文心雕龍·奏啟,劉勰,必使理有典刑，辭有風軌，總法家之式，秉儒家之文，不畏彊禦，氣流墨中，無縱詭隨，聲動簡外，乃稱絕席之雄，直方之舉耳。,必使理有典刑，辭有風軌，總法家之式，秉儒家之文，不畏彊禦，氣流墨中，無縱詭隨，聲動簡外，乃稱絕席之雄，直方之舉耳。,必使 理有 典刑 辞有 风轨 总 法家 之式 秉 儒家 之文 不畏 彊 御 气 流墨 中 无纵 诡随 声动 简外 乃称 绝席 之雄 直方 之举 耳,氣,734,734,之雄,753,755,753,755,9,0,
window10,直方,1,0.02965585610908241,liuxie_shipin__liuxie_23,liuxie_shipin__liuxie_23__part01,文心雕龍·奏啟,劉勰,必使理有典刑，辭有風軌，總法家之式，秉儒家之文，不畏彊禦，氣流墨中，無縱詭隨，聲動簡外，乃稱絕席之雄，直方之舉耳。,必使理有典刑，辭有風軌，總法家之式，秉儒家之文，不畏彊禦，氣流墨中，無縱詭隨，聲動簡外，乃稱絕席之雄，直方之舉耳。,必使 理有 典刑 辞有 风轨 总 法家 之式 秉 儒家 之文 不畏 彊 御 气 流墨 中 无纵 诡随 声动 简外 乃称 绝席 之雄 直方 之举 耳,氣,734,734,直方,756,758,756,758,10,0,
window10,鲁丕,1,0.02965585610908241,liuxie_shipin__liuxie_24,liuxie_shipin__liuxie_24__part01,文心雕龍·議對,劉勰,及後漢魯丕，辭氣質素，以儒雅中策，獨入高第。,及後漢魯丕，辭氣質素，以儒雅中策，獨入高第。,及 后汉 鲁丕 辞 气 质素 以 儒雅 中策 独入 高 第,氣,905,905,魯丕,901,903,901,903,2,0,
window10,中策,1,0.02965585610908241,liuxie_shipin__liuxie_24,liuxie_shipin__liuxie_24__part01,文心雕龍·議對,劉勰,及後漢魯丕，辭氣質素，以儒雅中策，獨入高第。,及後漢魯丕，辭氣質素，以儒雅中策，獨入高第。,及 后汉 鲁丕 辞 气 质素 以 儒雅 中策 独入 高 第,氣,905,905,中策,912,914,912,914,4,0,
window10,独入,1,0.02965585610908241,liuxie_shipin__liuxie_24,liuxie_shipin__liuxie_24__part01,文心雕龍·議對,劉勰,及後漢魯丕，辭氣質素，以儒雅中策，獨入高第。,及後漢魯丕，辭氣質素，以儒雅中策，獨入高第。,及 后汉 鲁丕 辞 气 质素 以 儒雅 中策 独入 高 第,氣,905,905,獨入,915,917,915,917,5,0,
window10,汉来,1,0.02965585610908241,liuxie_shipin__liuxie_25,liuxie_shipin__liuxie_25__part01,文心雕龍·書記,劉勰,漢來筆札，辭氣紛紜。,漢來筆札，辭氣紛紜。,汉来 笔札 辞 气 纷纭,氣,197,197,漢來,191,193,191,193,3,0,
window10,任安,1,0.02965585610908241,liuxie_shipin__liuxie_25,liuxie_shipin__liuxie_25__part01,文心雕龍·書記,劉勰,觀史遷之報任安，東方朔之難公孫，楊惲之酬會宗，子雲之答劉歆，志氣槃桓，各含殊采；,觀史遷之報任安，東方朔之難公孫，楊惲之酬會宗，子雲之答劉歆，志氣槃桓，各含殊采；,观 史迁 之报 任安 东方朔 之难 公孙 杨恽 之酬 会宗 子云之答 刘歆 志 气 槃 桓 各 含殊 采,氣,232,232,任安,206,208,206,208,10,0,
window10,杨恽,1,0.02965585610908241,liuxie_shipin__liuxie_25,liuxie_shipin__liuxie_25__part01,文心雕龍·書記,劉勰,觀史遷之報任安，東方朔之難公孫，楊惲之酬會宗，子雲之答劉歆，志氣槃桓，各含殊采；,觀史遷之報任安，東方朔之難公孫，楊惲之酬會宗，子雲之答劉歆，志氣槃桓，各含殊采；,观 史迁 之报 任安 东方朔 之难 公孙 杨恽 之酬 会宗 子云之答 刘歆 志 气 槃 桓 各 含殊 采,氣,232,232,楊惲,217,219,217,219,6,0,
window10,之酬,1,0.02965585610908241,liuxie_shipin__liuxie_25,liuxie_shipin__liuxie_25__part01,文心雕龍·書記,劉勰,觀史遷之報任安，東方朔之難公孫，楊惲之酬會宗，子雲之答劉歆，志氣槃桓，各含殊采；,觀史遷之報任安，東方朔之難公孫，楊惲之酬會宗，子雲之答劉歆，志氣槃桓，各含殊采；,观 史迁 之报 任安 东方朔 之难 公孙 杨恽 之酬 会宗 子云之答 刘歆 志 气 槃 桓 各 含殊 采,氣,232,232,之酬,219,221,219,221,5,0,
window10,会宗,1,0.02965585610908241,liuxie_shipin__liuxie_25,liuxie_shipin__liuxie_25__part01,文心雕龍·書記,劉勰,觀史遷之報任安，東方朔之難公孫，楊惲之酬會宗，子雲之答劉歆，志氣槃桓，各含殊采；,觀史遷之報任安，東方朔之難公孫，楊惲之酬會宗，子雲之答劉歆，志氣槃桓，各含殊采；,观 史迁 之报 任安 东方朔 之难 公孙 杨恽 之酬 会宗 子云之答 刘歆 志 气 槃 桓 各 含殊 采,氣,232,232,會宗,221,223,221,223,4,0,
window10,子云之答,1,0.02965585610908241,liuxie_shipin__liuxie_25,liuxie_shipin__liuxie_25__part01,文心雕龍·書記,劉勰,觀史遷之報任安，東方朔之難公孫，楊惲之酬會宗，子雲之答劉歆，志氣槃桓，各含殊采；,觀史遷之報任安，東方朔之難公孫，楊惲之酬會宗，子雲之答劉歆，志氣槃桓，各含殊采；,观 史迁 之报 任安 东方朔 之难 公孙 杨恽 之酬 会宗 子云之答 刘歆 志 气 槃 桓 各 含殊 采,氣,232,232,子雲之答,224,228,224,228,3,0,
window10,含殊,1,0.02965585610908241,liuxie_shipin__liuxie_25,liuxie_shipin__liuxie_25__part01,文心雕龍·書記,劉勰,觀史遷之報任安，東方朔之難公孫，楊惲之酬會宗，子雲之答劉歆，志氣槃桓，各含殊采；,觀史遷之報任安，東方朔之難公孫，楊惲之酬會宗，子雲之答劉歆，志氣槃桓，各含殊采；,观 史迁 之报 任安 东方朔 之难 公孙 杨恽 之酬 会宗 子云之答 刘歆 志 气 槃 桓 各 含殊 采,氣,232,232,含殊,237,239,237,239,4,0,
window10,尽言,1,0.02965585610908241,liuxie_shipin__liuxie_25,liuxie_shipin__liuxie_25__part01,文心雕龍·書記,劉勰,詳總書體，本在盡言，言以散鬱陶，託風采，故宜滌暢以任氣，優柔以懌懷。,詳總書體，本在盡言，言以散鬱陶，託風采，故宜滌暢以任氣，優柔以懌懷。,详 总 书体 本 在 尽言 言以 散 郁陶 托 风采 故宜 涤畅 以任 气 优柔 以怿怀,氣,388,388,盡言,369,371,369,371,9,0,
window10,涤畅,1,0.02965585610908241,liuxie_shipin__liuxie_25,liuxie_shipin__liuxie_25__part01,文心雕龍·書記,劉勰,詳總書體，本在盡言，言以散鬱陶，託風采，故宜滌暢以任氣，優柔以懌懷。,詳總書體，本在盡言，言以散鬱陶，託風采，故宜滌暢以任氣，優柔以懌懷。,详 总 书体 本 在 尽言 言以 散 郁陶 托 风采 故宜 涤畅 以任 气 优柔 以怿怀,氣,388,388,滌暢,384,386,384,386,2,0,
window10,以怿怀,1,0.02965585610908241,liuxie_shipin__liuxie_25,liuxie_shipin__liuxie_25__part01,文心雕龍·書記,劉勰,詳總書體，本在盡言，言以散鬱陶，託風采，故宜滌暢以任氣，優柔以懌懷。,詳總書體，本在盡言，言以散鬱陶，託風采，故宜滌暢以任氣，優柔以懌懷。,详 总 书体 本 在 尽言 言以 散 郁陶 托 风采 故宜 涤畅 以任 气 优柔 以怿怀,氣,388,388,以懌懷,392,395,392,395,2,0,
window10,神居,1,0.02965585610908241,liuxie_shipin__liuxie_26,liuxie_shipin__liuxie_26__part01,文心雕龍·神思,劉勰,神居胸臆，而志氣統其關鍵；,神居胸臆，而志氣統其關鍵；,神居 胸臆 而志 气 统其 关键,氣,106,106,神居,99,101,99,101,3,0,
window10,统其,1,0.02965585610908241,liuxie_shipin__liuxie_26,liuxie_shipin__liuxie_26__part01,文心雕龍·神思,劉勰,神居胸臆，而志氣統其關鍵；,神居胸臆，而志氣統其關鍵；,神居 胸臆 而志 气 统其 关键,氣,106,106,統其,107,109,107,109,1,0,
window10,辞前,1,0.02965585610908241,liuxie_shipin__liuxie_26,liuxie_shipin__liuxie_26__part01,文心雕龍·神思,劉勰,方其搦翰，氣倍辭前，暨乎篇成，半折心始，何則，意翻空而易奇，言徵實而難巧也。,方其搦翰，氣倍辭前，暨乎篇成，半折心始，何則，意翻空而易奇，言徵實而難巧也。,方其 搦 翰 气 倍 辞前 暨乎 篇 成 半折 心始 何则 意翻 空而易奇 言 征实 而 难巧 也,氣,293,293,辭前,295,297,295,297,2,0,
window10,半折,1,0.02965585610908241,liuxie_shipin__liuxie_26,liuxie_shipin__liuxie_26__part01,文心雕龍·神思,劉勰,方其搦翰，氣倍辭前，暨乎篇成，半折心始，何則，意翻空而易奇，言徵實而難巧也。,方其搦翰，氣倍辭前，暨乎篇成，半折心始，何則，意翻空而易奇，言徵實而難巧也。,方其 搦 翰 气 倍 辞前 暨乎 篇 成 半折 心始 何则 意翻 空而易奇 言 征实 而 难巧 也,氣,293,293,半折,303,305,303,305,6,0,
window10,心始,1,0.02965585610908241,liuxie_shipin__liuxie_26,liuxie_shipin__liuxie_26__part01,文心雕龍·神思,劉勰,方其搦翰，氣倍辭前，暨乎篇成，半折心始，何則，意翻空而易奇，言徵實而難巧也。,方其搦翰，氣倍辭前，暨乎篇成，半折心始，何則，意翻空而易奇，言徵實而難巧也。,方其 搦 翰 气 倍 辞前 暨乎 篇 成 半折 心始 何则 意翻 空而易奇 言 征实 而 难巧 也,氣,293,293,心始,305,307,305,307,7,0,
window10,意翻,1,0.02965585610908241,liuxie_shipin__liuxie_26,liuxie_shipin__liuxie_26__part01,文心雕龍·神思,劉勰,方其搦翰，氣倍辭前，暨乎篇成，半折心始，何則，意翻空而易奇，言徵實而難巧也。,方其搦翰，氣倍辭前，暨乎篇成，半折心始，何則，意翻空而易奇，言徵實而難巧也。,方其 搦 翰 气 倍 辞前 暨乎 篇 成 半折 心始 何则 意翻 空而易奇 言 征实 而 难巧 也,氣,293,293,意翻,311,313,311,313,9,0,
window10,空而易奇,1,0.02965585610908241,liuxie_shipin__liuxie_26,liuxie_shipin__liuxie_26__part01,文心雕龍·神思,劉勰,方其搦翰，氣倍辭前，暨乎篇成，半折心始，何則，意翻空而易奇，言徵實而難巧也。,方其搦翰，氣倍辭前，暨乎篇成，半折心始，何則，意翻空而易奇，言徵實而難巧也。,方其 搦 翰 气 倍 辞前 暨乎 篇 成 半折 心始 何则 意翻 空而易奇 言 征实 而 难巧 也,氣,293,293,空而易奇,313,317,313,317,10,0,
window10,腐毫,1,0.02965585610908241,liuxie_shipin__liuxie_26,liuxie_shipin__liuxie_26__part01,文心雕龍·神思,劉勰,人之稟才，遲速異分，文之制體，大小殊功，相如含筆而腐毫，揚雄輟翰而驚夢，桓譚疾感於苦思，王充氣竭於思慮，張衡研京以十年，左思練都以一紀，雖有巨文，亦思之緩也。,人之稟才，遲速異分，文之制體，大小殊功，相如含筆而腐毫，揚雄輟翰而驚夢，桓譚疾感於苦思，王充氣竭於思慮，張衡研京以十年，左思練都以一紀，雖有巨文，亦思之緩也。,人 之 禀才 迟速 异分 文之制体 大小 殊功 相如 含笔 而 腐毫 扬雄 辍翰 而 惊梦 桓 谭疾 感于 苦思 王充 气 竭于 思虑 张衡 研京以 十年 左思 练 都 以 一纪 虽有 巨文 亦 思之缓 也,氣,441,441,腐毫,420,422,420,422,10,0,
window10,辍翰,1,0.02965585610908241,liuxie_shipin__liuxie_26,liuxie_shipin__liuxie_26__part01,文心雕龍·神思,劉勰,人之稟才，遲速異分，文之制體，大小殊功，相如含筆而腐毫，揚雄輟翰而驚夢，桓譚疾感於苦思，王充氣竭於思慮，張衡研京以十年，左思練都以一紀，雖有巨文，亦思之緩也。,人之稟才，遲速異分，文之制體，大小殊功，相如含筆而腐毫，揚雄輟翰而驚夢，桓譚疾感於苦思，王充氣竭於思慮，張衡研京以十年，左思練都以一紀，雖有巨文，亦思之緩也。,人 之 禀才 迟速 异分 文之制体 大小 殊功 相如 含笔 而 腐毫 扬雄 辍翰 而 惊梦 桓 谭疾 感于 苦思 王充 气 竭于 思虑 张衡 研京以 十年 左思 练 都 以 一纪 虽有 巨文 亦 思之缓 也,氣,441,441,輟翰,425,427,425,427,8,0,
window10,惊梦,1,0.02965585610908241,liuxie_shipin__liuxie_26,liuxie_shipin__liuxie_26__part01,文心雕龍·神思,劉勰,人之稟才，遲速異分，文之制體，大小殊功，相如含筆而腐毫，揚雄輟翰而驚夢，桓譚疾感於苦思，王充氣竭於思慮，張衡研京以十年，左思練都以一紀，雖有巨文，亦思之緩也。,人之稟才，遲速異分，文之制體，大小殊功，相如含筆而腐毫，揚雄輟翰而驚夢，桓譚疾感於苦思，王充氣竭於思慮，張衡研京以十年，左思練都以一紀，雖有巨文，亦思之緩也。,人 之 禀才 迟速 异分 文之制体 大小 殊功 相如 含笔 而 腐毫 扬雄 辍翰 而 惊梦 桓 谭疾 感于 苦思 王充 气 竭于 思虑 张衡 研京以 十年 左思 练 都 以 一纪 虽有 巨文 亦 思之缓 也,氣,441,441,驚夢,428,430,428,430,6,0,
window10,谭疾,1,0.02965585610908241,liuxie_shipin__liuxie_26,liuxie_shipin__liuxie_26__part01,文心雕龍·神思,劉勰,人之稟才，遲速異分，文之制體，大小殊功，相如含筆而腐毫，揚雄輟翰而驚夢，桓譚疾感於苦思，王充氣竭於思慮，張衡研京以十年，左思練都以一紀，雖有巨文，亦思之緩也。,人之稟才，遲速異分，文之制體，大小殊功，相如含筆而腐毫，揚雄輟翰而驚夢，桓譚疾感於苦思，王充氣竭於思慮，張衡研京以十年，左思練都以一紀，雖有巨文，亦思之緩也。,人 之 禀才 迟速 异分 文之制体 大小 殊功 相如 含笔 而 腐毫 扬雄 辍翰 而 惊梦 桓 谭疾 感于 苦思 王充 气 竭于 思虑 张衡 研京以 十年 左思 练 都 以 一纪 虽有 巨文 亦 思之缓 也,氣,441,441,譚疾,432,434,432,434,4,0,
window10,感于,1,0.02965585610908241,liuxie_shipin__liuxie_26,liuxie_shipin__liuxie_26__part01,文心雕龍·神思,劉勰,人之稟才，遲速異分，文之制體，大小殊功，相如含筆而腐毫，揚雄輟翰而驚夢，桓譚疾感於苦思，王充氣竭於思慮，張衡研京以十年，左思練都以一紀，雖有巨文，亦思之緩也。,人之稟才，遲速異分，文之制體，大小殊功，相如含筆而腐毫，揚雄輟翰而驚夢，桓譚疾感於苦思，王充氣竭於思慮，張衡研京以十年，左思練都以一紀，雖有巨文，亦思之緩也。,人 之 禀才 迟速 异分 文之制体 大小 殊功 相如 含笔 而 腐毫 扬雄 辍翰 而 惊梦 桓 谭疾 感于 苦思 王充 气 竭于 思虑 张衡 研京以 十年 左思 练 都 以 一纪 虽有 巨文 亦 思之缓 也,氣,441,441,感於,434,436,434,436,3,0,
window10,苦思,1,0.02965585610908241,liuxie_shipin__liuxie_26,liuxie_shipin__liuxie_26__part01,文心雕龍·神思,劉勰,人之稟才，遲速異分，文之制體，大小殊功，相如含筆而腐毫，揚雄輟翰而驚夢，桓譚疾感於苦思，王充氣竭於思慮，張衡研京以十年，左思練都以一紀，雖有巨文，亦思之緩也。,人之稟才，遲速異分，文之制體，大小殊功，相如含筆而腐毫，揚雄輟翰而驚夢，桓譚疾感於苦思，王充氣竭於思慮，張衡研京以十年，左思練都以一紀，雖有巨文，亦思之緩也。,人 之 禀才 迟速 异分 文之制体 大小 殊功 相如 含笔 而 腐毫 扬雄 辍翰 而 惊梦 桓 谭疾 感于 苦思 王充 气 竭于 思虑 张衡 研京以 十年 左思 练 都 以 一纪 虽有 巨文 亦 思之缓 也,氣,441,441,苦思,436,438,436,438,2,0,
window10,竭于,1,0.02965585610908241,liuxie_shipin__liuxie_26,liuxie_shipin__liuxie_26__part01,文心雕龍·神思,劉勰,人之稟才，遲速異分，文之制體，大小殊功，相如含筆而腐毫，揚雄輟翰而驚夢，桓譚疾感於苦思，王充氣竭於思慮，張衡研京以十年，左思練都以一紀，雖有巨文，亦思之緩也。,人之稟才，遲速異分，文之制體，大小殊功，相如含筆而腐毫，揚雄輟翰而驚夢，桓譚疾感於苦思，王充氣竭於思慮，張衡研京以十年，左思練都以一紀，雖有巨文，亦思之緩也。,人 之 禀才 迟速 异分 文之制体 大小 殊功 相如 含笔 而 腐毫 扬雄 辍翰 而 惊梦 桓 谭疾 感于 苦思 王充 气 竭于 思虑 张衡 研京以 十年 左思 练 都 以 一纪 虽有 巨文 亦 思之缓 也,氣,441,441,竭於,442,444,442,444,1,0,
window10,研京以,1,0.02965585610908241,liuxie_shipin__liuxie_26,liuxie_shipin__liuxie_26__part01,文心雕龍·神思,劉勰,人之稟才，遲速異分，文之制體，大小殊功，相如含筆而腐毫，揚雄輟翰而驚夢，桓譚疾感於苦思，王充氣竭於思慮，張衡研京以十年，左思練都以一紀，雖有巨文，亦思之緩也。,人之稟才，遲速異分，文之制體，大小殊功，相如含筆而腐毫，揚雄輟翰而驚夢，桓譚疾感於苦思，王充氣竭於思慮，張衡研京以十年，左思練都以一紀，雖有巨文，亦思之緩也。,人 之 禀才 迟速 异分 文之制体 大小 殊功 相如 含笔 而 腐毫 扬雄 辍翰 而 惊梦 桓 谭疾 感于 苦思 王充 气 竭于 思虑 张衡 研京以 十年 左思 练 都 以 一纪 虽有 巨文 亦 思之缓 也,氣,441,441,研京以,449,452,449,452,4,0,
window10,十年,1,0.02965585610908241,liuxie_shipin__liuxie_26,liuxie_shipin__liuxie_26__part01,文心雕龍·神思,劉勰,人之稟才，遲速異分，文之制體，大小殊功，相如含筆而腐毫，揚雄輟翰而驚夢，桓譚疾感於苦思，王充氣竭於思慮，張衡研京以十年，左思練都以一紀，雖有巨文，亦思之緩也。,人之稟才，遲速異分，文之制體，大小殊功，相如含筆而腐毫，揚雄輟翰而驚夢，桓譚疾感於苦思，王充氣竭於思慮，張衡研京以十年，左思練都以一紀，雖有巨文，亦思之緩也。,人 之 禀才 迟速 异分 文之制体 大小 殊功 相如 含笔 而 腐毫 扬雄 辍翰 而 惊梦 桓 谭疾 感于 苦思 王充 气 竭于 思虑 张衡 研京以 十年 左思 练 都 以 一纪 虽有 巨文 亦 思之缓 也,氣,441,441,十年,452,454,452,454,5,0,
window10,一纪,1,0.02965585610908241,liuxie_shipin__liuxie_26,liuxie_shipin__liuxie_26__part01,文心雕龍·神思,劉勰,人之稟才，遲速異分，文之制體，大小殊功，相如含筆而腐毫，揚雄輟翰而驚夢，桓譚疾感於苦思，王充氣竭於思慮，張衡研京以十年，左思練都以一紀，雖有巨文，亦思之緩也。,人之稟才，遲速異分，文之制體，大小殊功，相如含筆而腐毫，揚雄輟翰而驚夢，桓譚疾感於苦思，王充氣竭於思慮，張衡研京以十年，左思練都以一紀，雖有巨文，亦思之緩也。,人 之 禀才 迟速 异分 文之制体 大小 殊功 相如 含笔 而 腐毫 扬雄 辍翰 而 惊梦 桓 谭疾 感于 苦思 王充 气 竭于 思虑 张衡 研京以 十年 左思 练 都 以 一纪 虽有 巨文 亦 思之缓 也,氣,441,441,一紀,460,462,460,462,10,0,
window10,有庸俊,1,0.02965585610908241,liuxie_shipin__liuxie_27,liuxie_shipin__liuxie_27__part01,文心雕龍·體性,劉勰,然才有庸俊，氣有剛柔，學有淺深，習有雅鄭，並情性所鑠，陶染所凝，是以筆區雲譎，文苑波詭者矣。,然才有庸俊，氣有剛柔，學有淺深，習有雅鄭，並情性所鑠，陶染所凝，是以筆區雲譎，文苑波詭者矣。,然才 有庸俊 气 有 刚柔 学有 浅深 习有 雅郑 并 情性 所铄 陶染 所 凝 是 以 笔区 云谲 文苑 波诡 者 矣,氣,34,34,有庸俊,30,33,30,33,1,0,
window10,学有,1,0.02965585610908241,liuxie_shipin__liuxie_27,liuxie_shipin__liuxie_27__part01,文心雕龍·體性,劉勰,然才有庸俊，氣有剛柔，學有淺深，習有雅鄭，並情性所鑠，陶染所凝，是以筆區雲譎，文苑波詭者矣。,然才有庸俊，氣有剛柔，學有淺深，習有雅鄭，並情性所鑠，陶染所凝，是以筆區雲譎，文苑波詭者矣。,然才 有庸俊 气 有 刚柔 学有 浅深 习有 雅郑 并 情性 所铄 陶染 所 凝 是 以 笔区 云谲 文苑 波诡 者 矣,氣,34,34,學有,39,41,39,41,3,0,
window10,习有,1,0.02965585610908241,liuxie_shipin__liuxie_27,liuxie_shipin__liuxie_27__part01,文心雕龍·體性,劉勰,然才有庸俊，氣有剛柔，學有淺深，習有雅鄭，並情性所鑠，陶染所凝，是以筆區雲譎，文苑波詭者矣。,然才有庸俊，氣有剛柔，學有淺深，習有雅鄭，並情性所鑠，陶染所凝，是以筆區雲譎，文苑波詭者矣。,然才 有庸俊 气 有 刚柔 学有 浅深 习有 雅郑 并 情性 所铄 陶染 所 凝 是 以 笔区 云谲 文苑 波诡 者 矣,氣,34,34,習有,44,46,44,46,5,0,
window10,所铄,1,0.02965585610908241,liuxie_shipin__liuxie_27,liuxie_shipin__liuxie_27__part01,文心雕龍·體性,劉勰,然才有庸俊，氣有剛柔，學有淺深，習有雅鄭，並情性所鑠，陶染所凝，是以筆區雲譎，文苑波詭者矣。,然才有庸俊，氣有剛柔，學有淺深，習有雅鄭，並情性所鑠，陶染所凝，是以筆區雲譎，文苑波詭者矣。,然才 有庸俊 气 有 刚柔 学有 浅深 习有 雅郑 并 情性 所铄 陶染 所 凝 是 以 笔区 云谲 文苑 波诡 者 矣,氣,34,34,所鑠,52,54,52,54,9,0,
window10,陶染,1,0.02965585610908241,liuxie_shipin__liuxie_27,liuxie_shipin__liuxie_27__part01,文心雕龍·體性,劉勰,然才有庸俊，氣有剛柔，學有淺深，習有雅鄭，並情性所鑠，陶染所凝，是以筆區雲譎，文苑波詭者矣。,然才有庸俊，氣有剛柔，學有淺深，習有雅鄭，並情性所鑠，陶染所凝，是以筆區雲譎，文苑波詭者矣。,然才 有庸俊 气 有 刚柔 学有 浅深 习有 雅郑 并 情性 所铄 陶染 所 凝 是 以 笔区 云谲 文苑 波诡 者 矣,氣,34,34,陶染,55,57,55,57,10,0,
window10,风趣,1,0.02965585610908241,liuxie_shipin__liuxie_27,liuxie_shipin__liuxie_27__part01,文心雕龍·體性,劉勰,風趣剛柔，寧或改其氣；,風趣剛柔，寧或改其氣；,风趣 刚柔 宁 或 改其 气,氣,97,97,風趣,88,90,88,90,5,0,
window10,改其,1,0.02965585610908241,liuxie_shipin__liuxie_27,liuxie_shipin__liuxie_27__part01,文心雕龍·體性,劉勰,風趣剛柔，寧或改其氣；,風趣剛柔，寧或改其氣；,风趣 刚柔 宁 或 改其 气,氣,97,97,改其,95,97,95,97,1,0,
window10,功以,1,0.02965585610908241,liuxie_shipin__liuxie_27,liuxie_shipin__liuxie_27__part01,文心雕龍·體性,劉勰,若夫八體屢遷，功以學成，才力居中，肇自血氣；,若夫八體屢遷，功以學成，才力居中，肇自血氣；,若夫 八体 屡迁 功以 学成 才力 居中 肇自血 气,氣,367,367,功以,354,356,354,356,5,0,
window10,学成,1,0.02965585610908241,liuxie_shipin__liuxie_27,liuxie_shipin__liuxie_27__part01,文心雕龍·體性,劉勰,若夫八體屢遷，功以學成，才力居中，肇自血氣；,若夫八體屢遷，功以學成，才力居中，肇自血氣；,若夫 八体 屡迁 功以 学成 才力 居中 肇自血 气,氣,367,367,學成,356,358,356,358,4,0,
window10,志以,1,0.02965585610908241,liuxie_shipin__liuxie_27,liuxie_shipin__liuxie_27__part01,文心雕龍·體性,劉勰,氣以實志，志以定言，吐納英華，莫非情性。,氣以實志，志以定言，吐納英華，莫非情性。,气 以 实志 志以 定言 吐纳 英华 莫非 情性,氣,369,369,志以,374,376,374,376,3,0,
window10,定言,1,0.02965585610908241,liuxie_shipin__liuxie_27,liuxie_shipin__liuxie_27__part01,文心雕龍·體性,劉勰,氣以實志，志以定言，吐納英華，莫非情性。,氣以實志，志以定言，吐納英華，莫非情性。,气 以 实志 志以 定言 吐纳 英华 莫非 情性,氣,369,369,定言,376,378,376,378,4,0,
window10,故言壮,1,0.02965585610908241,liuxie_shipin__liuxie_27,liuxie_shipin__liuxie_27__part01,文心雕龍·體性,劉勰,公幹氣褊，故言壯而情駭；,公幹氣褊，故言壯而情駭；,公干 气 褊 故言壮 而 情骇,氣,477,477,故言壯,480,483,480,483,2,0,
window10,情骇,1,0.02965585610908241,liuxie_shipin__liuxie_27,liuxie_shipin__liuxie_27__part01,文心雕龍·體性,劉勰,公幹氣褊，故言壯而情駭；,公幹氣褊，故言壯而情駭；,公干 气 褊 故言壮 而 情骇,氣,477,477,情駭,484,486,484,486,4,0,
window10,恒资,1,0.02965585610908241,liuxie_shipin__liuxie_27,liuxie_shipin__liuxie_27__part01,文心雕龍·體性,劉勰,豈非自然之恆資，才氣之大略哉！,豈非自然之恆資，才氣之大略哉！,岂非 自然 之 恒资 才 气 之 大略 哉,氣,554,554,恆資,550,552,550,552,2,0,
window10,风冠,1,0.02965585610908241,liuxie_shipin__liuxie_28,liuxie_shipin__liuxie_28__part01,文心雕龍·風骨,劉勰,《詩》總六義，風冠其首，斯乃化感之本源，志氣之符契也。,《詩》總六義，風冠其首，斯乃化感之本源，志氣之符契也。,诗 总 六义 风冠 其首 斯乃化 感 之 本源 志 气 之 符契 也,氣,21,21,風冠,7,9,7,9,7,0,
window10,其首,1,0.02965585610908241,liuxie_shipin__liuxie_28,liuxie_shipin__liuxie_28__part01,文心雕龍·風骨,劉勰,《詩》總六義，風冠其首，斯乃化感之本源，志氣之符契也。,《詩》總六義，風冠其首，斯乃化感之本源，志氣之符契也。,诗 总 六义 风冠 其首 斯乃化 感 之 本源 志 气 之 符契 也,氣,21,21,其首,9,11,9,11,6,0,
window10,斯乃化,1,0.02965585610908241,liuxie_shipin__liuxie_28,liuxie_shipin__liuxie_28__part01,文心雕龍·風骨,劉勰,《詩》總六義，風冠其首，斯乃化感之本源，志氣之符契也。,《詩》總六義，風冠其首，斯乃化感之本源，志氣之符契也。,诗 总 六义 风冠 其首 斯乃化 感 之 本源 志 气 之 符契 也,氣,21,21,斯乃化,12,15,12,15,5,0,
window10,之待骨,1,0.02965585610908241,liuxie_shipin__liuxie_28,liuxie_shipin__liuxie_28__part01,文心雕龍·風骨,劉勰,故辭之待骨，如體之樹骸，情之含風，猶形之包氣。,故辭之待骨，如體之樹骸，情之含風，猶形之包氣。,故辞 之待骨 如体 之 树骸 情之 含风 犹形 之包 气,氣,70,70,之待骨,51,54,51,54,8,0,
window10,如体,1,0.02965585610908241,liuxie_shipin__liuxie_28,liuxie_shipin__liuxie_28__part01,文心雕龍·風骨,劉勰,故辭之待骨，如體之樹骸，情之含風，猶形之包氣。,故辭之待骨，如體之樹骸，情之含風，猶形之包氣。,故辞 之待骨 如体 之 树骸 情之 含风 犹形 之包 气,氣,70,70,如體,55,57,55,57,7,0,
window10,树骸,1,0.02965585610908241,liuxie_shipin__liuxie_28,liuxie_shipin__liuxie_28__part01,文心雕龍·風骨,劉勰,故辭之待骨，如體之樹骸，情之含風，猶形之包氣。,故辭之待骨，如體之樹骸，情之含風，猶形之包氣。,故辞 之待骨 如体 之 树骸 情之 含风 犹形 之包 气,氣,70,70,樹骸,58,60,58,60,5,0,
window10,情之,1,0.02965585610908241,liuxie_shipin__liuxie_28,liuxie_shipin__liuxie_28__part01,文心雕龍·風骨,劉勰,故辭之待骨，如體之樹骸，情之含風，猶形之包氣。,故辭之待骨，如體之樹骸，情之含風，猶形之包氣。,故辞 之待骨 如体 之 树骸 情之 含风 犹形 之包 气,氣,70,70,情之,61,63,61,63,4,0,
window10,含风,1,0.02965585610908241,liuxie_shipin__liuxie_28,liuxie_shipin__liuxie_28__part01,文心雕龍·風骨,劉勰,故辭之待骨，如體之樹骸，情之含風，猶形之包氣。,故辭之待骨，如體之樹骸，情之含風，猶形之包氣。,故辞 之待骨 如体 之 树骸 情之 含风 犹形 之包 气,氣,70,70,含風,63,65,63,65,3,0,
window10,犹形,1,0.02965585610908241,liuxie_shipin__liuxie_28,liuxie_shipin__liuxie_28__part01,文心雕龍·風骨,劉勰,故辭之待骨，如體之樹骸，情之含風，猶形之包氣。,故辭之待骨，如體之樹骸，情之含風，猶形之包氣。,故辞 之待骨 如体 之 树骸 情之 含风 犹形 之包 气,氣,70,70,猶形,66,68,66,68,2,0,
window10,之包,1,0.02965585610908241,liuxie_shipin__liuxie_28,liuxie_shipin__liuxie_28__part01,文心雕龍·風骨,劉勰,故辭之待骨，如體之樹骸，情之含風，猶形之包氣。,故辭之待骨，如體之樹骸，情之含風，猶形之包氣。,故辞 之待骨 如体 之 树骸 情之 含风 犹形 之包 气,氣,70,70,之包,68,70,68,70,1,0,
window10,骏爽,1,0.02965585610908241,liuxie_shipin__liuxie_28,liuxie_shipin__liuxie_28__part01,文心雕龍·風骨,劉勰,意氣駿爽，則文風清焉。,意氣駿爽，則文風清焉。,意 气 骏爽 则 文风 清焉,氣,84,84,駿爽,85,87,85,87,1,0,
window10,文风,1,0.02965585610908241,liuxie_shipin__liuxie_28,liuxie_shipin__liuxie_28__part01,文心雕龍·風骨,劉勰,意氣駿爽，則文風清焉。,意氣駿爽，則文風清焉。,意 气 骏爽 则 文风 清焉,氣,84,84,文風,89,91,89,91,3,0,
window10,清焉,1,0.02965585610908241,liuxie_shipin__liuxie_28,liuxie_shipin__liuxie_28__part01,文心雕龍·風骨,劉勰,意氣駿爽，則文風清焉。,意氣駿爽，則文風清焉。,意 气 骏爽 则 文风 清焉,氣,84,84,清焉,91,93,91,93,4,0,
window10,裁篇,1,0.02965585610908241,liuxie_shipin__liuxie_28,liuxie_shipin__liuxie_28__part01,文心雕龍·風骨,劉勰,是以綴慮裁篇，務盈守氣，剛健既實，輝光乃新，其為文用，譬征鳥之使翼也。,是以綴慮裁篇，務盈守氣，剛健既實，輝光乃新，其為文用，譬征鳥之使翼也。,是 以 缀虑 裁篇 务盈守 气 刚健 既实 辉光 乃新 其为 文用 譬 征鸟 之 使翼 也,氣,126,126,裁篇,120,122,120,122,2,0,
window10,务盈守,1,0.02965585610908241,liuxie_shipin__liuxie_28,liuxie_shipin__liuxie_28__part01,文心雕龍·風骨,劉勰,是以綴慮裁篇，務盈守氣，剛健既實，輝光乃新，其為文用，譬征鳥之使翼也。,是以綴慮裁篇，務盈守氣，剛健既實，輝光乃新，其為文用，譬征鳥之使翼也。,是 以 缀虑 裁篇 务盈守 气 刚健 既实 辉光 乃新 其为 文用 譬 征鸟 之 使翼 也,氣,126,126,務盈守,123,126,123,126,1,0,
window10,既实,1,0.02965585610908241,liuxie_shipin__liuxie_28,liuxie_shipin__liuxie_28__part01,文心雕龍·風骨,劉勰,是以綴慮裁篇，務盈守氣，剛健既實，輝光乃新，其為文用，譬征鳥之使翼也。,是以綴慮裁篇，務盈守氣，剛健既實，輝光乃新，其為文用，譬征鳥之使翼也。,是 以 缀虑 裁篇 务盈守 气 刚健 既实 辉光 乃新 其为 文用 譬 征鸟 之 使翼 也,氣,126,126,既實,130,132,130,132,2,0,
window10,乃新,1,0.02965585610908241,liuxie_shipin__liuxie_28,liuxie_shipin__liuxie_28__part01,文心雕龍·風骨,劉勰,是以綴慮裁篇，務盈守氣，剛健既實，輝光乃新，其為文用，譬征鳥之使翼也。,是以綴慮裁篇，務盈守氣，剛健既實，輝光乃新，其為文用，譬征鳥之使翼也。,是 以 缀虑 裁篇 务盈守 气 刚健 既实 辉光 乃新 其为 文用 譬 征鸟 之 使翼 也,氣,126,126,乃新,135,137,135,137,4,0,
window10,征鸟,1,0.02965585610908241,liuxie_shipin__liuxie_28,liuxie_shipin__liuxie_28__part01,文心雕龍·風骨,劉勰,是以綴慮裁篇，務盈守氣，剛健既實，輝光乃新，其為文用，譬征鳥之使翼也。,是以綴慮裁篇，務盈守氣，剛健既實，輝光乃新，其為文用，譬征鳥之使翼也。,是 以 缀虑 裁篇 务盈守 气 刚健 既实 辉光 乃新 其为 文用 譬 征鸟 之 使翼 也,氣,126,126,征鳥,144,146,144,146,8,0,
window10,使翼,1,0.02965585610908241,liuxie_shipin__liuxie_28,liuxie_shipin__liuxie_28__part01,文心雕龍·風骨,劉勰,是以綴慮裁篇，務盈守氣，剛健既實，輝光乃新，其為文用，譬征鳥之使翼也。,是以綴慮裁篇，務盈守氣，剛健既實，輝光乃新，其為文用，譬征鳥之使翼也。,是 以 缀虑 裁篇 务盈守 气 刚健 既实 辉光 乃新 其为 文用 譬 征鸟 之 使翼 也,氣,126,126,使翼,147,149,147,149,10,0,
window10,思不,1,0.02965585610908241,liuxie_shipin__liuxie_28,liuxie_shipin__liuxie_28__part01,文心雕龍·風骨,劉勰,思不環周，索莫乏氣，則無風之驗也。,思不環周，索莫乏氣，則無風之驗也。,思不 环周 索莫乏 气 则 无风 之验 也,氣,221,221,思不,213,215,213,215,3,0,
window10,环周,1,0.02965585610908241,liuxie_shipin__liuxie_28,liuxie_shipin__liuxie_28__part01,文心雕龍·風骨,劉勰,思不環周，索莫乏氣，則無風之驗也。,思不環周，索莫乏氣，則無風之驗也。,思不 环周 索莫乏 气 则 无风 之验 也,氣,221,221,環周,215,217,215,217,2,0,
window10,索莫乏,1,0.02965585610908241,liuxie_shipin__liuxie_28,liuxie_shipin__liuxie_28__part01,文心雕龍·風骨,劉勰,思不環周，索莫乏氣，則無風之驗也。,思不環周，索莫乏氣，則無風之驗也。,思不 环周 索莫乏 气 则 无风 之验 也,氣,221,221,索莫乏,218,221,218,221,1,0,
window10,无风,1,0.02965585610908241,liuxie_shipin__liuxie_28,liuxie_shipin__liuxie_28__part01,文心雕龍·風骨,劉勰,思不環周，索莫乏氣，則無風之驗也。,思不環周，索莫乏氣，則無風之驗也。,思不 环周 索莫乏 气 则 无风 之验 也,氣,221,221,無風,224,226,224,226,2,0,
window10,赋仙,1,0.02965585610908241,liuxie_shipin__liuxie_28,liuxie_shipin__liuxie_28__part01,文心雕龍·風骨,劉勰,相如賦仙，氣號凌雲，蔚為辭宗，迺其風力遒也。,相如賦仙，氣號凌雲，蔚為辭宗，迺其風力遒也。,相如 赋仙 气 号 凌云 蔚为 辞宗 迺 其 风力 遒 也,氣,258,258,賦仙,255,257,255,257,1,0,
window10,故其论,1,0.02965585610908241,liuxie_shipin__liuxie_28,liuxie_shipin__liuxie_28__part01,文心雕龍·風骨,劉勰,故其論孔融，則云體氣高妙；,故其論孔融，則云體氣高妙；,故其论 孔融 则 云体 气 高妙,氣,330,330,故其論,321,324,321,324,4,0,
window10,云体,1,0.02965585610908241,liuxie_shipin__liuxie_28,liuxie_shipin__liuxie_28__part01,文心雕龍·風骨,劉勰,故其論孔融，則云體氣高妙；,故其論孔融，則云體氣高妙；,故其论 孔融 则 云体 气 高妙,氣,330,330,云體,328,330,328,330,1,0,
window10,云时,1,0.02965585610908241,liuxie_shipin__liuxie_28,liuxie_shipin__liuxie_28__part01,文心雕龍·風骨,劉勰,論徐幹，則云時有齊氣；,論徐幹，則云時有齊氣；,论 徐干 则 云时 有 齐 气,氣,343,343,云時,339,341,339,341,3,0,
window10,信含,1,0.02965585610908241,liuxie_shipin__liuxie_28,liuxie_shipin__liuxie_28__part01,文心雕龍·風骨,劉勰,公幹亦云，孔氏卓卓，信含異氣，筆墨之性，殆不可勝，並重氣之旨也。,公幹亦云，孔氏卓卓，信含異氣，筆墨之性，殆不可勝，並重氣之旨也。,公干 亦 云 孔氏 卓卓 信含 异 气 笔墨 之性 殆 不可 胜 并重 气 之旨 也,氣,368,368,信含,365,367,365,367,2,0,
window10,笔墨,1,0.02965585610908241,liuxie_shipin__liuxie_28,liuxie_shipin__liuxie_28__part01,文心雕龍·風骨,劉勰,公幹亦云，孔氏卓卓，信含異氣，筆墨之性，殆不可勝，並重氣之旨也。,公幹亦云，孔氏卓卓，信含異氣，筆墨之性，殆不可勝，並重氣之旨也。,公干 亦 云 孔氏 卓卓 信含 异 气 笔墨 之性 殆 不可 胜 并重 气 之旨 也,氣,368,368,筆墨,370,372,370,372,1,0,
window10,之性,1,0.02965585610908241,liuxie_shipin__liuxie_28,liuxie_shipin__liuxie_28__part01,文心雕龍·風骨,劉勰,公幹亦云，孔氏卓卓，信含異氣，筆墨之性，殆不可勝，並重氣之旨也。,公幹亦云，孔氏卓卓，信含異氣，筆墨之性，殆不可勝，並重氣之旨也。,公干 亦 云 孔氏 卓卓 信含 异 气 笔墨 之性 殆 不可 胜 并重 气 之旨 也,氣,368,368,之性,372,374,372,374,2,0,
window10,并重,1,0.02965585610908241,liuxie_shipin__liuxie_28,liuxie_shipin__liuxie_28__part01,文心雕龍·風骨,劉勰,公幹亦云，孔氏卓卓，信含異氣，筆墨之性，殆不可勝，並重氣之旨也。,公幹亦云，孔氏卓卓，信含異氣，筆墨之性，殆不可勝，並重氣之旨也。,公干 亦 云 孔氏 卓卓 信含 异 气 笔墨 之性 殆 不可 胜 并重 气 之旨 也,氣,382,382,並重,380,382,380,382,1,0,
window10,翰飞,1,0.02965585610908241,liuxie_shipin__liuxie_28,liuxie_shipin__liuxie_28__part01,文心雕龍·風骨,劉勰,鷹隼乏采而翰飛戾天，骨勁而氣猛也；,鷹隼乏采而翰飛戾天，骨勁而氣猛也；,鹰隼 乏采 而 翰飞 戾 天 骨劲 而 气 猛 也,氣,418,418,翰飛,410,412,410,412,5,0,
window10,骨劲,1,0.02965585610908241,liuxie_shipin__liuxie_28,liuxie_shipin__liuxie_28__part01,文心雕龍·風骨,劉勰,鷹隼乏采而翰飛戾天，骨勁而氣猛也；,鷹隼乏采而翰飛戾天，骨勁而氣猛也；,鹰隼 乏采 而 翰飞 戾 天 骨劲 而 气 猛 也,氣,418,418,骨勁,415,417,415,417,2,0,
window10,辞共体,1,0.02965585610908241,liuxie_shipin__liuxie_28,liuxie_shipin__liuxie_28__part01,文心雕龍·風骨,劉勰,情與氣偕，辭共體並。,情與氣偕，辭共體並。,情 与 气 偕 辞共体 并,氣,673,673,辭共體,676,679,676,679,2,0,
window10,风昧,1,0.02965585610908241,liuxie_shipin__liuxie_29,liuxie_shipin__liuxie_29__part01,文心雕龍·通變,劉勰,競今疎古，風昧氣衰也。,競今疎古，風昧氣衰也。,竞今 疎 古 风昧 气 衰 也,氣,332,332,風昧,330,332,330,332,1,0,
window10,长辔远驭,1,0.02965585610908241,liuxie_shipin__liuxie_29,liuxie_shipin__liuxie_29__part01,文心雕龍·通變,劉勰,是以規略文統，宜宏大體，先博覽以精閱，總綱紀而攝契，然後拓衢路，置關鍵，長轡遠馭，從容按節，憑情以會通，負氣以適變，采如宛虹之奮鬐，光若長離之振翼，迺穎脫之文矣。,是以規略文統，宜宏大體，先博覽以精閱，總綱紀而攝契，然後拓衢路，置關鍵，長轡遠馭，從容按節，憑情以會通，負氣以適變，采如宛虹之奮鬐，光若長離之振翼，迺穎脫之文矣。,是 以 规略 文统 宜 宏大 体 先 博览 以 精阅 总 纲纪 而 摄契 然后 拓衢 路 置 关键 长辔远驭 从容 按节 凭情 以 会通 负 气 以 适变 采如 宛虹 之奋 鬐 光若 长离 之 振翼 迺 颖脱 之文 矣,氣,716,716,長轡遠馭,699,703,699,703,7,0,
window10,按节,1,0.02965585610908241,liuxie_shipin__liuxie_29,liuxie_shipin__liuxie_29__part01,文心雕龍·通變,劉勰,是以規略文統，宜宏大體，先博覽以精閱，總綱紀而攝契，然後拓衢路，置關鍵，長轡遠馭，從容按節，憑情以會通，負氣以適變，采如宛虹之奮鬐，光若長離之振翼，迺穎脫之文矣。,是以規略文統，宜宏大體，先博覽以精閱，總綱紀而攝契，然後拓衢路，置關鍵，長轡遠馭，從容按節，憑情以會通，負氣以適變，采如宛虹之奮鬐，光若長離之振翼，迺穎脫之文矣。,是 以 规略 文统 宜 宏大 体 先 博览 以 精阅 总 纲纪 而 摄契 然后 拓衢 路 置 关键 长辔远驭 从容 按节 凭情 以 会通 负 气 以 适变 采如 宛虹 之奋 鬐 光若 长离 之 振翼 迺 颖脱 之文 矣,氣,716,716,按節,706,708,706,708,5,0,
window10,凭情,1,0.02965585610908241,liuxie_shipin__liuxie_29,liuxie_shipin__liuxie_29__part01,文心雕龍·通變,劉勰,是以規略文統，宜宏大體，先博覽以精閱，總綱紀而攝契，然後拓衢路，置關鍵，長轡遠馭，從容按節，憑情以會通，負氣以適變，采如宛虹之奮鬐，光若長離之振翼，迺穎脫之文矣。,是以規略文統，宜宏大體，先博覽以精閱，總綱紀而攝契，然後拓衢路，置關鍵，長轡遠馭，從容按節，憑情以會通，負氣以適變，采如宛虹之奮鬐，光若長離之振翼，迺穎脫之文矣。,是 以 规略 文统 宜 宏大 体 先 博览 以 精阅 总 纲纪 而 摄契 然后 拓衢 路 置 关键 长辔远驭 从容 按节 凭情 以 会通 负 气 以 适变 采如 宛虹 之奋 鬐 光若 长离 之 振翼 迺 颖脱 之文 矣,氣,716,716,憑情,709,711,709,711,4,0,
window10,采如,1,0.02965585610908241,liuxie_shipin__liuxie_29,liuxie_shipin__liuxie_29__part01,文心雕龍·通變,劉勰,是以規略文統，宜宏大體，先博覽以精閱，總綱紀而攝契，然後拓衢路，置關鍵，長轡遠馭，從容按節，憑情以會通，負氣以適變，采如宛虹之奮鬐，光若長離之振翼，迺穎脫之文矣。,是以規略文統，宜宏大體，先博覽以精閱，總綱紀而攝契，然後拓衢路，置關鍵，長轡遠馭，從容按節，憑情以會通，負氣以適變，采如宛虹之奮鬐，光若長離之振翼，迺穎脫之文矣。,是 以 规略 文统 宜 宏大 体 先 博览 以 精阅 总 纲纪 而 摄契 然后 拓衢 路 置 关键 长辔远驭 从容 按节 凭情 以 会通 负 气 以 适变 采如 宛虹 之奋 鬐 光若 长离 之 振翼 迺 颖脱 之文 矣,氣,716,716,采如,721,723,721,723,3,0,
window10,之奋,1,0.02965585610908241,liuxie_shipin__liuxie_29,liuxie_shipin__liuxie_29__part01,文心雕龍·通變,劉勰,是以規略文統，宜宏大體，先博覽以精閱，總綱紀而攝契，然後拓衢路，置關鍵，長轡遠馭，從容按節，憑情以會通，負氣以適變，采如宛虹之奮鬐，光若長離之振翼，迺穎脫之文矣。,是以規略文統，宜宏大體，先博覽以精閱，總綱紀而攝契，然後拓衢路，置關鍵，長轡遠馭，從容按節，憑情以會通，負氣以適變，采如宛虹之奮鬐，光若長離之振翼，迺穎脫之文矣。,是 以 规略 文统 宜 宏大 体 先 博览 以 精阅 总 纲纪 而 摄契 然后 拓衢 路 置 关键 长辔远驭 从容 按节 凭情 以 会通 负 气 以 适变 采如 宛虹 之奋 鬐 光若 长离 之 振翼 迺 颖脱 之文 矣,氣,716,716,之奮,725,727,725,727,5,0,
window10,光若,1,0.02965585610908241,liuxie_shipin__liuxie_29,liuxie_shipin__liuxie_29__part01,文心雕龍·通變,劉勰,是以規略文統，宜宏大體，先博覽以精閱，總綱紀而攝契，然後拓衢路，置關鍵，長轡遠馭，從容按節，憑情以會通，負氣以適變，采如宛虹之奮鬐，光若長離之振翼，迺穎脫之文矣。,是以規略文統，宜宏大體，先博覽以精閱，總綱紀而攝契，然後拓衢路，置關鍵，長轡遠馭，從容按節，憑情以會通，負氣以適變，采如宛虹之奮鬐，光若長離之振翼，迺穎脫之文矣。,是 以 规略 文统 宜 宏大 体 先 博览 以 精阅 总 纲纪 而 摄契 然后 拓衢 路 置 关键 长辔远驭 从容 按节 凭情 以 会通 负 气 以 适变 采如 宛虹 之奋 鬐 光若 长离 之 振翼 迺 颖脱 之文 矣,氣,716,716,光若,729,731,729,731,7,0,
window10,长离,1,0.02965585610908241,liuxie_shipin__liuxie_29,liuxie_shipin__liuxie_29__part01,文心雕龍·通變,劉勰,是以規略文統，宜宏大體，先博覽以精閱，總綱紀而攝契，然後拓衢路，置關鍵，長轡遠馭，從容按節，憑情以會通，負氣以適變，采如宛虹之奮鬐，光若長離之振翼，迺穎脫之文矣。,是以規略文統，宜宏大體，先博覽以精閱，總綱紀而攝契，然後拓衢路，置關鍵，長轡遠馭，從容按節，憑情以會通，負氣以適變，采如宛虹之奮鬐，光若長離之振翼，迺穎脫之文矣。,是 以 规略 文统 宜 宏大 体 先 博览 以 精阅 总 纲纪 而 摄契 然后 拓衢 路 置 关键 长辔远驭 从容 按节 凭情 以 会通 负 气 以 适变 采如 宛虹 之奋 鬐 光若 长离 之 振翼 迺 颖脱 之文 矣,氣,716,716,長離,731,733,731,733,8,0,
window10,振翼,1,0.02965585610908241,liuxie_shipin__liuxie_29,liuxie_shipin__liuxie_29__part01,文心雕龍·通變,劉勰,是以規略文統，宜宏大體，先博覽以精閱，總綱紀而攝契，然後拓衢路，置關鍵，長轡遠馭，從容按節，憑情以會通，負氣以適變，采如宛虹之奮鬐，光若長離之振翼，迺穎脫之文矣。,是以規略文統，宜宏大體，先博覽以精閱，總綱紀而攝契，然後拓衢路，置關鍵，長轡遠馭，從容按節，憑情以會通，負氣以適變，采如宛虹之奮鬐，光若長離之振翼，迺穎脫之文矣。,是 以 规略 文统 宜 宏大 体 先 博览 以 精阅 总 纲纪 而 摄契 然后 拓衢 路 置 关键 长辔远驭 从容 按节 凭情 以 会通 负 气 以 适变 采如 宛虹 之奋 鬐 光若 长离 之 振翼 迺 颖脱 之文 矣,氣,716,716,振翼,734,736,734,736,10,0,
window10,所谈,1,0.02965585610908241,liuxie_shipin__liuxie_30,liuxie_shipin__liuxie_30__part01,文心雕龍·定勢,劉勰,公幹所談，頗亦兼氣。,公幹所談，頗亦兼氣。,公干 所谈 颇 亦 兼 气,氣,556,556,所談,550,552,550,552,4,0,
window10,声合,1,0.02965585610908241,liuxie_shipin__liuxie_33,liuxie_shipin__liuxie_33__part01,文心雕龍·聲律,劉勰,聲合宮商，肇自血氣，先王因之以制樂歌。,聲合宮商，肇自血氣，先王因之以制樂歌。,声合 宫商 肇自血 气 先王 因 之 以制 乐歌,氣,21,21,聲合,13,15,13,15,3,0,
window10,乐歌,1,0.02965585610908241,liuxie_shipin__liuxie_33,liuxie_shipin__liuxie_33__part01,文心雕龍·聲律,劉勰,聲合宮商，肇自血氣，先王因之以制樂歌。,聲合宮商，肇自血氣，先王因之以制樂歌。,声合 宫商 肇自血 气 先王 因 之 以制 乐歌,氣,21,21,樂歌,29,31,29,31,5,0,
window10,力穷于,1,0.02965585610908241,liuxie_shipin__liuxie_33,liuxie_shipin__liuxie_33__part01,文心雕龍·聲律,劉勰,氣力窮於和韻。,氣力窮於和韻。,气 力穷于 和韵,氣,382,382,力窮於,383,386,383,386,1,0,
window10,和韵,1,0.02965585610908241,liuxie_shipin__liuxie_33,liuxie_shipin__liuxie_33__part01,文心雕龍·聲律,劉勰,氣力窮於和韻。,氣力窮於和韻。,气 力穷于 和韵,氣,382,382,和韻,386,388,386,388,2,0,
window10,一定,1,0.02965585610908241,liuxie_shipin__liuxie_33,liuxie_shipin__liuxie_33__part01,文心雕龍·聲律,劉勰,韻氣一定，故餘聲易遣；,韻氣一定，故餘聲易遣；,韵 气 一定 故 余声 易遣,氣,406,406,一定,407,409,407,409,1,0,
window10,易遣,1,0.02965585610908241,liuxie_shipin__liuxie_33,liuxie_shipin__liuxie_33__part01,文心雕龍·聲律,劉勰,韻氣一定，故餘聲易遣；,韻氣一定，故餘聲易遣；,韵 气 一定 故 余声 易遣,氣,406,406,易遣,413,415,413,415,4,0,
window10,改韵,1,0.02965585610908241,liuxie_shipin__liuxie_34,liuxie_shipin__liuxie_34__part01,文心雕龍·章句,劉勰,若乃改韻從調，所以節文辭氣，賈誼枚乘，兩韻輒易；,若乃改韻從調，所以節文辭氣，賈誼枚乘，兩韻輒易；,若 乃 改韵 从 调 所以 节 文辞 气 贾谊 枚 乘 两韵辄易,氣,548,548,改韻,538,540,538,540,6,0,
window10,两韵辄易,1,0.02965585610908241,liuxie_shipin__liuxie_34,liuxie_shipin__liuxie_34__part01,文心雕龍·章句,劉勰,若乃改韻從調，所以節文辭氣，賈誼枚乘，兩韻輒易；,若乃改韻從調，所以節文辭氣，賈誼枚乘，兩韻輒易；,若 乃 改韵 从 调 所以 节 文辞 气 贾谊 枚 乘 两韵辄易,氣,548,548,兩韻輒易,555,559,555,559,4,0,
window10,无奇,1,0.02965585610908241,liuxie_shipin__liuxie_35,liuxie_shipin__liuxie_35__part01,文心雕龍·麗辭,劉勰,若氣無奇類，文乏異采，碌碌麗辭，則昏睡耳目。,若氣無奇類，文乏異采，碌碌麗辭，則昏睡耳目。,若 气 无奇 类 文乏 异采 碌碌 丽辞 则 昏睡 耳目,氣,654,654,無奇,655,657,655,657,1,0,
window10,文乏,1,0.02965585610908241,liuxie_shipin__liuxie_35,liuxie_shipin__liuxie_35__part01,文心雕龍·麗辭,劉勰,若氣無奇類，文乏異采，碌碌麗辭，則昏睡耳目。,若氣無奇類，文乏異采，碌碌麗辭，則昏睡耳目。,若 气 无奇 类 文乏 异采 碌碌 丽辞 则 昏睡 耳目,氣,654,654,文乏,659,661,659,661,3,0,
window10,昏睡,1,0.02965585610908241,liuxie_shipin__liuxie_35,liuxie_shipin__liuxie_35__part01,文心雕龍·麗辭,劉勰,若氣無奇類，文乏異采，碌碌麗辭，則昏睡耳目。,若氣無奇類，文乏異采，碌碌麗辭，則昏睡耳目。,若 气 无奇 类 文乏 异采 碌碌 丽辞 则 昏睡 耳目,氣,654,654,昏睡,670,672,670,672,8,0,
window10,宫殿,1,0.02965585610908241,liuxie_shipin__liuxie_37,liuxie_shipin__liuxie_37__part01,文心雕龍·夸飾,劉勰,至如氣貌山海，體勢宮殿，嵯峨揭業，熠燿焜煌之狀，光采煒煒而欲然，聲貌岌岌其將動矣。,至如氣貌山海，體勢宮殿，嵯峨揭業，熠燿焜煌之狀，光采煒煒而欲然，聲貌岌岌其將動矣。,至 如 气 貌 山海 体势 宫殿 嵯峨 揭业 熠燿 焜 煌 之状 光采 炜炜 而欲然 声貌 岌岌 其将动 矣,氣,424,424,宮殿,431,433,431,433,4,0,
window10,揭业,1,0.02965585610908241,liuxie_shipin__liuxie_37,liuxie_shipin__liuxie_37__part01,文心雕龍·夸飾,劉勰,至如氣貌山海，體勢宮殿，嵯峨揭業，熠燿焜煌之狀，光采煒煒而欲然，聲貌岌岌其將動矣。,至如氣貌山海，體勢宮殿，嵯峨揭業，熠燿焜煌之狀，光采煒煒而欲然，聲貌岌岌其將動矣。,至 如 气 貌 山海 体势 宫殿 嵯峨 揭业 熠燿 焜 煌 之状 光采 炜炜 而欲然 声貌 岌岌 其将动 矣,氣,424,424,揭業,436,438,436,438,6,0,
window10,熠燿,1,0.02965585610908241,liuxie_shipin__liuxie_37,liuxie_shipin__liuxie_37__part01,文心雕龍·夸飾,劉勰,至如氣貌山海，體勢宮殿，嵯峨揭業，熠燿焜煌之狀，光采煒煒而欲然，聲貌岌岌其將動矣。,至如氣貌山海，體勢宮殿，嵯峨揭業，熠燿焜煌之狀，光采煒煒而欲然，聲貌岌岌其將動矣。,至 如 气 貌 山海 体势 宫殿 嵯峨 揭业 熠燿 焜 煌 之状 光采 炜炜 而欲然 声貌 岌岌 其将动 矣,氣,424,424,熠燿,439,441,439,441,7,0,
window10,挟声,1,0.02965585610908241,liuxie_shipin__liuxie_37,liuxie_shipin__liuxie_37__part01,文心雕龍·夸飾,劉勰,於是後進之才，獎氣挾聲，軒翥而欲奮飛，騰擲而羞跼步，辭入煒燁，春藻不能程其豔；,於是後進之才，獎氣挾聲，軒翥而欲奮飛，騰擲而羞跼步，辭入煒燁，春藻不能程其豔；,于是 后进 之才 奖 气 挟声 轩翥 而 欲 奋飞 腾掷 而 羞 跼 步 辞入 炜烨 春藻 不能 程其艳,氣,486,486,挾聲,487,489,487,489,1,0,
window10,腾掷,1,0.02965585610908241,liuxie_shipin__liuxie_37,liuxie_shipin__liuxie_37__part01,文心雕龍·夸飾,劉勰,於是後進之才，獎氣挾聲，軒翥而欲奮飛，騰擲而羞跼步，辭入煒燁，春藻不能程其豔；,於是後進之才，獎氣挾聲，軒翥而欲奮飛，騰擲而羞跼步，辭入煒燁，春藻不能程其豔；,于是 后进 之才 奖 气 挟声 轩翥 而 欲 奋飞 腾掷 而 羞 跼 步 辞入 炜烨 春藻 不能 程其艳,氣,486,486,騰擲,497,499,497,499,6,0,
window10,鹏运,1,0.02965585610908241,liuxie_shipin__liuxie_37,liuxie_shipin__liuxie_37__part01,文心雕龍·夸飾,劉勰,言必鵬運，氣靡鴻漸。,言必鵬運，氣靡鴻漸。,言必 鹏运 气 靡 鸿渐,氣,647,647,鵬運,644,646,644,646,1,0,
window10,鸿渐,1,0.02965585610908241,liuxie_shipin__liuxie_37,liuxie_shipin__liuxie_37__part01,文心雕龍·夸飾,劉勰,言必鵬運，氣靡鴻漸。,言必鵬運，氣靡鴻漸。,言必 鹏运 气 靡 鸿渐,氣,647,647,鴻漸,649,651,649,651,2,0,
window10,寒而事伤,1,0.02965585610908241,liuxie_shipin__liuxie_40,liuxie_shipin__liuxie_40__part01,文心雕龍·隱秀,劉勰,「凉飈動秋草，邊馬有歸心」，氣寒而事傷，此覉旅之怨曲也。,，氣寒而事傷，此覉旅之怨曲也。,气 寒而事伤 此 覉 旅 之 怨曲 也,氣,705,705,寒而事傷,706,710,706,710,1,1,原文句內被排除引詩未參與計數
window10,怨曲,1,0.02965585610908241,liuxie_shipin__liuxie_40,liuxie_shipin__liuxie_40__part01,文心雕龍·隱秀,劉勰,「凉飈動秋草，邊馬有歸心」，氣寒而事傷，此覉旅之怨曲也。,，氣寒而事傷，此覉旅之怨曲也。,气 寒而事伤 此 覉 旅 之 怨曲 也,氣,705,705,怨曲,715,717,715,717,6,1,原文句內被排除引詩未參與計數
window10,制养,1,0.02965585610908241,liuxie_shipin__liuxie_42,liuxie_shipin__liuxie_42__part01,文心雕龍·養氣,劉勰,昔王充著述，制養氣之篇，驗己而作，豈虛造哉！,昔王充著述，制養氣之篇，驗己而作，豈虛造哉！,昔 王充 著述 制养 气 之篇 验己 而作 岂 虚造 哉,氣,8,8,制養,6,8,6,8,1,0,
window10,验己,1,0.02965585610908241,liuxie_shipin__liuxie_42,liuxie_shipin__liuxie_42__part01,文心雕龍·養氣,劉勰,昔王充著述，制養氣之篇，驗己而作，豈虛造哉！,昔王充著述，制養氣之篇，驗己而作，豈虛造哉！,昔 王充 著述 制养 气 之篇 验己 而作 岂 虚造 哉,氣,8,8,驗己,12,14,12,14,2,0,
window10,虚造,1,0.02965585610908241,liuxie_shipin__liuxie_42,liuxie_shipin__liuxie_42__part01,文心雕龍·養氣,劉勰,昔王充著述，制養氣之篇，驗己而作，豈虛造哉！,昔王充著述，制養氣之篇，驗己而作，豈虛造哉！,昔 王充 著述 制养 气 之篇 验己 而作 岂 虚造 哉,氣,8,8,虛造,18,20,18,20,5,0,
window10,钻砺,1,0.02965585610908241,liuxie_shipin__liuxie_42,liuxie_shipin__liuxie_42__part01,文心雕龍·養氣,劉勰,鑽礪過分，則神疲而氣衰；,鑽礪過分，則神疲而氣衰；,钻砺 过分 则 神疲而 气 衰,氣,64,64,鑽礪,55,57,55,57,4,0,
window10,过分,1,0.02965585610908241,liuxie_shipin__liuxie_42,liuxie_shipin__liuxie_42__part01,文心雕龍·養氣,劉勰,鑽礪過分，則神疲而氣衰；,鑽礪過分，則神疲而氣衰；,钻砺 过分 则 神疲而 气 衰,氣,64,64,過分,57,59,57,59,3,0,
window10,神疲而,1,0.02965585610908241,liuxie_shipin__liuxie_42,liuxie_shipin__liuxie_42__part01,文心雕龍·養氣,劉勰,鑽礪過分，則神疲而氣衰；,鑽礪過分，則神疲而氣衰；,钻砺 过分 则 神疲而 气 衰,氣,64,64,神疲而,61,64,61,64,1,0,
window10,凡童,1,0.02965585610908241,liuxie_shipin__liuxie_42,liuxie_shipin__liuxie_42__part01,文心雕龍·養氣,劉勰,凡童少鑒淺而志盛，長艾識堅而氣衰，志盛者思銳以勝勞，氣衰者慮密以傷神，斯實中人之常資，歲時之大較也。,凡童少鑒淺而志盛，長艾識堅而氣衰，志盛者思銳以勝勞，氣衰者慮密以傷神，斯實中人之常資，歲時之大較也。,凡童 少鉴 浅 而志盛 长艾 识坚 而 气 衰 志 盛者 思锐 以胜劳 气 衰者虑 密以 伤神 斯实 中人 之常资 岁时 之 大较 也,氣,211,211,凡童,197,199,197,199,7,0,
window10,少鉴,1,0.02965585610908241,liuxie_shipin__liuxie_42,liuxie_shipin__liuxie_42__part01,文心雕龍·養氣,劉勰,凡童少鑒淺而志盛，長艾識堅而氣衰，志盛者思銳以勝勞，氣衰者慮密以傷神，斯實中人之常資，歲時之大較也。,凡童少鑒淺而志盛，長艾識堅而氣衰，志盛者思銳以勝勞，氣衰者慮密以傷神，斯實中人之常資，歲時之大較也。,凡童 少鉴 浅 而志盛 长艾 识坚 而 气 衰 志 盛者 思锐 以胜劳 气 衰者虑 密以 伤神 斯实 中人 之常资 岁时 之 大较 也,氣,211,211,少鑒,199,201,199,201,6,0,
window10,而志盛,1,0.02965585610908241,liuxie_shipin__liuxie_42,liuxie_shipin__liuxie_42__part01,文心雕龍·養氣,劉勰,凡童少鑒淺而志盛，長艾識堅而氣衰，志盛者思銳以勝勞，氣衰者慮密以傷神，斯實中人之常資，歲時之大較也。,凡童少鑒淺而志盛，長艾識堅而氣衰，志盛者思銳以勝勞，氣衰者慮密以傷神，斯實中人之常資，歲時之大較也。,凡童 少鉴 浅 而志盛 长艾 识坚 而 气 衰 志 盛者 思锐 以胜劳 气 衰者虑 密以 伤神 斯实 中人 之常资 岁时 之 大较 也,氣,211,211,而志盛,202,205,202,205,4,0,
window10,长艾,1,0.02965585610908241,liuxie_shipin__liuxie_42,liuxie_shipin__liuxie_42__part01,文心雕龍·養氣,劉勰,凡童少鑒淺而志盛，長艾識堅而氣衰，志盛者思銳以勝勞，氣衰者慮密以傷神，斯實中人之常資，歲時之大較也。,凡童少鑒淺而志盛，長艾識堅而氣衰，志盛者思銳以勝勞，氣衰者慮密以傷神，斯實中人之常資，歲時之大較也。,凡童 少鉴 浅 而志盛 长艾 识坚 而 气 衰 志 盛者 思锐 以胜劳 气 衰者虑 密以 伤神 斯实 中人 之常资 岁时 之 大较 也,氣,211,211,長艾,206,208,206,208,3,0,
window10,识坚,1,0.02965585610908241,liuxie_shipin__liuxie_42,liuxie_shipin__liuxie_42__part01,文心雕龍·養氣,劉勰,凡童少鑒淺而志盛，長艾識堅而氣衰，志盛者思銳以勝勞，氣衰者慮密以傷神，斯實中人之常資，歲時之大較也。,凡童少鑒淺而志盛，長艾識堅而氣衰，志盛者思銳以勝勞，氣衰者慮密以傷神，斯實中人之常資，歲時之大較也。,凡童 少鉴 浅 而志盛 长艾 识坚 而 气 衰 志 盛者 思锐 以胜劳 气 衰者虑 密以 伤神 斯实 中人 之常资 岁时 之 大较 也,氣,211,211,識堅,208,210,208,210,2,0,
window10,盛者,1,0.02965585610908241,liuxie_shipin__liuxie_42,liuxie_shipin__liuxie_42__part01,文心雕龍·養氣,劉勰,凡童少鑒淺而志盛，長艾識堅而氣衰，志盛者思銳以勝勞，氣衰者慮密以傷神，斯實中人之常資，歲時之大較也。,凡童少鑒淺而志盛，長艾識堅而氣衰，志盛者思銳以勝勞，氣衰者慮密以傷神，斯實中人之常資，歲時之大較也。,凡童 少鉴 浅 而志盛 长艾 识坚 而 气 衰 志 盛者 思锐 以胜劳 气 衰者虑 密以 伤神 斯实 中人 之常资 岁时 之 大较 也,氣,211,211,盛者,215,217,215,217,3,0,
window10,以胜劳,1,0.02965585610908241,liuxie_shipin__liuxie_42,liuxie_shipin__liuxie_42__part01,文心雕龍·養氣,劉勰,凡童少鑒淺而志盛，長艾識堅而氣衰，志盛者思銳以勝勞，氣衰者慮密以傷神，斯實中人之常資，歲時之大較也。,凡童少鑒淺而志盛，長艾識堅而氣衰，志盛者思銳以勝勞，氣衰者慮密以傷神，斯實中人之常資，歲時之大較也。,凡童 少鉴 浅 而志盛 长艾 识坚 而 气 衰 志 盛者 思锐 以胜劳 气 衰者虑 密以 伤神 斯实 中人 之常资 岁时 之 大较 也,氣,223,223,以勝勞,219,222,219,222,1,0,
window10,衰者虑,1,0.02965585610908241,liuxie_shipin__liuxie_42,liuxie_shipin__liuxie_42__part01,文心雕龍·養氣,劉勰,凡童少鑒淺而志盛，長艾識堅而氣衰，志盛者思銳以勝勞，氣衰者慮密以傷神，斯實中人之常資，歲時之大較也。,凡童少鑒淺而志盛，長艾識堅而氣衰，志盛者思銳以勝勞，氣衰者慮密以傷神，斯實中人之常資，歲時之大較也。,凡童 少鉴 浅 而志盛 长艾 识坚 而 气 衰 志 盛者 思锐 以胜劳 气 衰者虑 密以 伤神 斯实 中人 之常资 岁时 之 大较 也,氣,223,223,衰者慮,224,227,224,227,1,0,
window10,伤神,1,0.02965585610908241,liuxie_shipin__liuxie_42,liuxie_shipin__liuxie_42__part01,文心雕龍·養氣,劉勰,凡童少鑒淺而志盛，長艾識堅而氣衰，志盛者思銳以勝勞，氣衰者慮密以傷神，斯實中人之常資，歲時之大較也。,凡童少鑒淺而志盛，長艾識堅而氣衰，志盛者思銳以勝勞，氣衰者慮密以傷神，斯實中人之常資，歲時之大較也。,凡童 少鉴 浅 而志盛 长艾 识坚 而 气 衰 志 盛者 思锐 以胜劳 气 衰者虑 密以 伤神 斯实 中人 之常资 岁时 之 大较 也,氣,223,223,傷神,229,231,229,231,3,0,
window10,斯实,1,0.02965585610908241,liuxie_shipin__liuxie_42,liuxie_shipin__liuxie_42__part01,文心雕龍·養氣,劉勰,凡童少鑒淺而志盛，長艾識堅而氣衰，志盛者思銳以勝勞，氣衰者慮密以傷神，斯實中人之常資，歲時之大較也。,凡童少鑒淺而志盛，長艾識堅而氣衰，志盛者思銳以勝勞，氣衰者慮密以傷神，斯實中人之常資，歲時之大較也。,凡童 少鉴 浅 而志盛 长艾 识坚 而 气 衰 志 盛者 思锐 以胜劳 气 衰者虑 密以 伤神 斯实 中人 之常资 岁时 之 大较 也,氣,223,223,斯實,232,234,232,234,4,0,
window10,中人,1,0.02965585610908241,liuxie_shipin__liuxie_42,liuxie_shipin__liuxie_42__part01,文心雕龍·養氣,劉勰,凡童少鑒淺而志盛，長艾識堅而氣衰，志盛者思銳以勝勞，氣衰者慮密以傷神，斯實中人之常資，歲時之大較也。,凡童少鑒淺而志盛，長艾識堅而氣衰，志盛者思銳以勝勞，氣衰者慮密以傷神，斯實中人之常資，歲時之大較也。,凡童 少鉴 浅 而志盛 长艾 识坚 而 气 衰 志 盛者 思锐 以胜劳 气 衰者虑 密以 伤神 斯实 中人 之常资 岁时 之 大较 也,氣,223,223,中人,234,236,234,236,5,0,
window10,之常资,1,0.02965585610908241,liuxie_shipin__liuxie_42,liuxie_shipin__liuxie_42__part01,文心雕龍·養氣,劉勰,凡童少鑒淺而志盛，長艾識堅而氣衰，志盛者思銳以勝勞，氣衰者慮密以傷神，斯實中人之常資，歲時之大較也。,凡童少鑒淺而志盛，長艾識堅而氣衰，志盛者思銳以勝勞，氣衰者慮密以傷神，斯實中人之常資，歲時之大較也。,凡童 少鉴 浅 而志盛 长艾 识坚 而 气 衰 志 盛者 思锐 以胜劳 气 衰者虑 密以 伤神 斯实 中人 之常资 岁时 之 大较 也,氣,223,223,之常資,236,239,236,239,6,0,
window10,岁时,1,0.02965585610908241,liuxie_shipin__liuxie_42,liuxie_shipin__liuxie_42__part01,文心雕龍·養氣,劉勰,凡童少鑒淺而志盛，長艾識堅而氣衰，志盛者思銳以勝勞，氣衰者慮密以傷神，斯實中人之常資，歲時之大較也。,凡童少鑒淺而志盛，長艾識堅而氣衰，志盛者思銳以勝勞，氣衰者慮密以傷神，斯實中人之常資，歲時之大較也。,凡童 少鉴 浅 而志盛 长艾 识坚 而 气 衰 志 盛者 思锐 以胜劳 气 衰者虑 密以 伤神 斯实 中人 之常资 岁时 之 大较 也,氣,223,223,歲時,240,242,240,242,7,0,
window10,器分,1,0.02965585610908241,liuxie_shipin__liuxie_42,liuxie_shipin__liuxie_42__part01,文心雕龍·養氣,劉勰,若夫器分有限，智用無涯，或慚鳧企鶴，瀝辭鐫思，於是精氣內銷，有似尾閭之波，神志外傷，同乎牛山之木；,若夫器分有限，智用無涯，或慚鳧企鶴，瀝辭鐫思，於是精氣內銷，有似尾閭之波，神志外傷，同乎牛山之木；,若夫 器分 有限 智用 无涯 或 惭凫企鹤 沥辞 镌思 于是 精 气 内销 有似 尾闾 之波 神志 外伤 同乎 牛山 之木,氣,273,273,器分,249,251,249,251,10,0,
window10,有限,1,0.02965585610908241,liuxie_shipin__liuxie_42,liuxie_shipin__liuxie_42__part01,文心雕龍·養氣,劉勰,若夫器分有限，智用無涯，或慚鳧企鶴，瀝辭鐫思，於是精氣內銷，有似尾閭之波，神志外傷，同乎牛山之木；,若夫器分有限，智用無涯，或慚鳧企鶴，瀝辭鐫思，於是精氣內銷，有似尾閭之波，神志外傷，同乎牛山之木；,若夫 器分 有限 智用 无涯 或 惭凫企鹤 沥辞 镌思 于是 精 气 内销 有似 尾闾 之波 神志 外伤 同乎 牛山 之木,氣,273,273,有限,251,253,251,253,9,0,
window10,智用,1,0.02965585610908241,liuxie_shipin__liuxie_42,liuxie_shipin__liuxie_42__part01,文心雕龍·養氣,劉勰,若夫器分有限，智用無涯，或慚鳧企鶴，瀝辭鐫思，於是精氣內銷，有似尾閭之波，神志外傷，同乎牛山之木；,若夫器分有限，智用無涯，或慚鳧企鶴，瀝辭鐫思，於是精氣內銷，有似尾閭之波，神志外傷，同乎牛山之木；,若夫 器分 有限 智用 无涯 或 惭凫企鹤 沥辞 镌思 于是 精 气 内销 有似 尾闾 之波 神志 外伤 同乎 牛山 之木,氣,273,273,智用,254,256,254,256,8,0,
window10,惭凫企鹤,1,0.02965585610908241,liuxie_shipin__liuxie_42,liuxie_shipin__liuxie_42__part01,文心雕龍·養氣,劉勰,若夫器分有限，智用無涯，或慚鳧企鶴，瀝辭鐫思，於是精氣內銷，有似尾閭之波，神志外傷，同乎牛山之木；,若夫器分有限，智用無涯，或慚鳧企鶴，瀝辭鐫思，於是精氣內銷，有似尾閭之波，神志外傷，同乎牛山之木；,若夫 器分 有限 智用 无涯 或 惭凫企鹤 沥辞 镌思 于是 精 气 内销 有似 尾闾 之波 神志 外伤 同乎 牛山 之木,氣,273,273,慚鳧企鶴,260,264,260,264,5,0,
window10,沥辞,1,0.02965585610908241,liuxie_shipin__liuxie_42,liuxie_shipin__liuxie_42__part01,文心雕龍·養氣,劉勰,若夫器分有限，智用無涯，或慚鳧企鶴，瀝辭鐫思，於是精氣內銷，有似尾閭之波，神志外傷，同乎牛山之木；,若夫器分有限，智用無涯，或慚鳧企鶴，瀝辭鐫思，於是精氣內銷，有似尾閭之波，神志外傷，同乎牛山之木；,若夫 器分 有限 智用 无涯 或 惭凫企鹤 沥辞 镌思 于是 精 气 内销 有似 尾闾 之波 神志 外伤 同乎 牛山 之木,氣,273,273,瀝辭,265,267,265,267,4,0,
window10,镌思,1,0.02965585610908241,liuxie_shipin__liuxie_42,liuxie_shipin__liuxie_42__part01,文心雕龍·養氣,劉勰,若夫器分有限，智用無涯，或慚鳧企鶴，瀝辭鐫思，於是精氣內銷，有似尾閭之波，神志外傷，同乎牛山之木；,若夫器分有限，智用無涯，或慚鳧企鶴，瀝辭鐫思，於是精氣內銷，有似尾閭之波，神志外傷，同乎牛山之木；,若夫 器分 有限 智用 无涯 或 惭凫企鹤 沥辞 镌思 于是 精 气 内销 有似 尾闾 之波 神志 外伤 同乎 牛山 之木,氣,273,273,鐫思,267,269,267,269,3,0,
window10,内销,1,0.02965585610908241,liuxie_shipin__liuxie_42,liuxie_shipin__liuxie_42__part01,文心雕龍·養氣,劉勰,若夫器分有限，智用無涯，或慚鳧企鶴，瀝辭鐫思，於是精氣內銷，有似尾閭之波，神志外傷，同乎牛山之木；,若夫器分有限，智用無涯，或慚鳧企鶴，瀝辭鐫思，於是精氣內銷，有似尾閭之波，神志外傷，同乎牛山之木；,若夫 器分 有限 智用 无涯 或 惭凫企鹤 沥辞 镌思 于是 精 气 内销 有似 尾闾 之波 神志 外伤 同乎 牛山 之木,氣,273,273,內銷,274,276,274,276,1,0,
window10,尾闾,1,0.02965585610908241,liuxie_shipin__liuxie_42,liuxie_shipin__liuxie_42__part01,文心雕龍·養氣,劉勰,若夫器分有限，智用無涯，或慚鳧企鶴，瀝辭鐫思，於是精氣內銷，有似尾閭之波，神志外傷，同乎牛山之木；,若夫器分有限，智用無涯，或慚鳧企鶴，瀝辭鐫思，於是精氣內銷，有似尾閭之波，神志外傷，同乎牛山之木；,若夫 器分 有限 智用 无涯 或 惭凫企鹤 沥辞 镌思 于是 精 气 内销 有似 尾闾 之波 神志 外伤 同乎 牛山 之木,氣,273,273,尾閭,279,281,279,281,3,0,
window10,之波,1,0.02965585610908241,liuxie_shipin__liuxie_42,liuxie_shipin__liuxie_42__part01,文心雕龍·養氣,劉勰,若夫器分有限，智用無涯，或慚鳧企鶴，瀝辭鐫思，於是精氣內銷，有似尾閭之波，神志外傷，同乎牛山之木；,若夫器分有限，智用無涯，或慚鳧企鶴，瀝辭鐫思，於是精氣內銷，有似尾閭之波，神志外傷，同乎牛山之木；,若夫 器分 有限 智用 无涯 或 惭凫企鹤 沥辞 镌思 于是 精 气 内销 有似 尾闾 之波 神志 外伤 同乎 牛山 之木,氣,273,273,之波,281,283,281,283,4,0,
window10,神志,1,0.02965585610908241,liuxie_shipin__liuxie_42,liuxie_shipin__liuxie_42__part01,文心雕龍·養氣,劉勰,若夫器分有限，智用無涯，或慚鳧企鶴，瀝辭鐫思，於是精氣內銷，有似尾閭之波，神志外傷，同乎牛山之木；,若夫器分有限，智用無涯，或慚鳧企鶴，瀝辭鐫思，於是精氣內銷，有似尾閭之波，神志外傷，同乎牛山之木；,若夫 器分 有限 智用 无涯 或 惭凫企鹤 沥辞 镌思 于是 精 气 内销 有似 尾闾 之波 神志 外伤 同乎 牛山 之木,氣,273,273,神志,284,286,284,286,5,0,
window10,外伤,1,0.02965585610908241,liuxie_shipin__liuxie_42,liuxie_shipin__liuxie_42__part01,文心雕龍·養氣,劉勰,若夫器分有限，智用無涯，或慚鳧企鶴，瀝辭鐫思，於是精氣內銷，有似尾閭之波，神志外傷，同乎牛山之木；,若夫器分有限，智用無涯，或慚鳧企鶴，瀝辭鐫思，於是精氣內銷，有似尾閭之波，神志外傷，同乎牛山之木；,若夫 器分 有限 智用 无涯 或 惭凫企鹤 沥辞 镌思 于是 精 气 内销 有似 尾闾 之波 神志 外伤 同乎 牛山 之木,氣,273,273,外傷,286,288,286,288,6,0,
window10,牛山,1,0.02965585610908241,liuxie_shipin__liuxie_42,liuxie_shipin__liuxie_42__part01,文心雕龍·養氣,劉勰,若夫器分有限，智用無涯，或慚鳧企鶴，瀝辭鐫思，於是精氣內銷，有似尾閭之波，神志外傷，同乎牛山之木；,若夫器分有限，智用無涯，或慚鳧企鶴，瀝辭鐫思，於是精氣內銷，有似尾閭之波，神志外傷，同乎牛山之木；,若夫 器分 有限 智用 无涯 或 惭凫企鹤 沥辞 镌思 于是 精 气 内销 有似 尾闾 之波 神志 外伤 同乎 牛山 之木,氣,273,273,牛山,291,293,291,293,8,0,
window10,销铄,1,0.02965585610908241,liuxie_shipin__liuxie_42,liuxie_shipin__liuxie_42__part01,文心雕龍·養氣,劉勰,若銷鑠精膽，蹙迫和氣，秉牘以驅齡，灑翰以伐性，豈聖賢之素心，會文之直理哉！,若銷鑠精膽，蹙迫和氣，秉牘以驅齡，灑翰以伐性，豈聖賢之素心，會文之直理哉！,若 销铄 精胆 蹙迫 和 气 秉牍 以 驱龄 洒翰 以伐性 岂 圣贤 之 素心 会文 之 直理 哉,氣,423,423,銷鑠,415,417,415,417,4,0,
window10,精胆,1,0.02965585610908241,liuxie_shipin__liuxie_42,liuxie_shipin__liuxie_42__part01,文心雕龍·養氣,劉勰,若銷鑠精膽，蹙迫和氣，秉牘以驅齡，灑翰以伐性，豈聖賢之素心，會文之直理哉！,若銷鑠精膽，蹙迫和氣，秉牘以驅齡，灑翰以伐性，豈聖賢之素心，會文之直理哉！,若 销铄 精胆 蹙迫 和 气 秉牍 以 驱龄 洒翰 以伐性 岂 圣贤 之 素心 会文 之 直理 哉,氣,423,423,精膽,417,419,417,419,3,0,
window10,蹙迫,1,0.02965585610908241,liuxie_shipin__liuxie_42,liuxie_shipin__liuxie_42__part01,文心雕龍·養氣,劉勰,若銷鑠精膽，蹙迫和氣，秉牘以驅齡，灑翰以伐性，豈聖賢之素心，會文之直理哉！,若銷鑠精膽，蹙迫和氣，秉牘以驅齡，灑翰以伐性，豈聖賢之素心，會文之直理哉！,若 销铄 精胆 蹙迫 和 气 秉牍 以 驱龄 洒翰 以伐性 岂 圣贤 之 素心 会文 之 直理 哉,氣,423,423,蹙迫,420,422,420,422,2,0,
window10,秉牍,1,0.02965585610908241,liuxie_shipin__liuxie_42,liuxie_shipin__liuxie_42__part01,文心雕龍·養氣,劉勰,若銷鑠精膽，蹙迫和氣，秉牘以驅齡，灑翰以伐性，豈聖賢之素心，會文之直理哉！,若銷鑠精膽，蹙迫和氣，秉牘以驅齡，灑翰以伐性，豈聖賢之素心，會文之直理哉！,若 销铄 精胆 蹙迫 和 气 秉牍 以 驱龄 洒翰 以伐性 岂 圣贤 之 素心 会文 之 直理 哉,氣,423,423,秉牘,425,427,425,427,1,0,
window10,驱龄,1,0.02965585610908241,liuxie_shipin__liuxie_42,liuxie_shipin__liuxie_42__part01,文心雕龍·養氣,劉勰,若銷鑠精膽，蹙迫和氣，秉牘以驅齡，灑翰以伐性，豈聖賢之素心，會文之直理哉！,若銷鑠精膽，蹙迫和氣，秉牘以驅齡，灑翰以伐性，豈聖賢之素心，會文之直理哉！,若 销铄 精胆 蹙迫 和 气 秉牍 以 驱龄 洒翰 以伐性 岂 圣贤 之 素心 会文 之 直理 哉,氣,423,423,驅齡,428,430,428,430,3,0,
window10,洒翰,1,0.02965585610908241,liuxie_shipin__liuxie_42,liuxie_shipin__liuxie_42__part01,文心雕龍·養氣,劉勰,若銷鑠精膽，蹙迫和氣，秉牘以驅齡，灑翰以伐性，豈聖賢之素心，會文之直理哉！,若銷鑠精膽，蹙迫和氣，秉牘以驅齡，灑翰以伐性，豈聖賢之素心，會文之直理哉！,若 销铄 精胆 蹙迫 和 气 秉牍 以 驱龄 洒翰 以伐性 岂 圣贤 之 素心 会文 之 直理 哉,氣,423,423,灑翰,431,433,431,433,4,0,
window10,以伐性,1,0.02965585610908241,liuxie_shipin__liuxie_42,liuxie_shipin__liuxie_42__part01,文心雕龍·養氣,劉勰,若銷鑠精膽，蹙迫和氣，秉牘以驅齡，灑翰以伐性，豈聖賢之素心，會文之直理哉！,若銷鑠精膽，蹙迫和氣，秉牘以驅齡，灑翰以伐性，豈聖賢之素心，會文之直理哉！,若 销铄 精胆 蹙迫 和 气 秉牍 以 驱龄 洒翰 以伐性 岂 圣贤 之 素心 会文 之 直理 哉,氣,423,423,以伐性,433,436,433,436,5,0,
window10,素心,1,0.02965585610908241,liuxie_shipin__liuxie_42,liuxie_shipin__liuxie_42__part01,文心雕龍·養氣,劉勰,若銷鑠精膽，蹙迫和氣，秉牘以驅齡，灑翰以伐性，豈聖賢之素心，會文之直理哉！,若銷鑠精膽，蹙迫和氣，秉牘以驅齡，灑翰以伐性，豈聖賢之素心，會文之直理哉！,若 销铄 精胆 蹙迫 和 气 秉牍 以 驱龄 洒翰 以伐性 岂 圣贤 之 素心 会文 之 直理 哉,氣,423,423,素心,441,443,441,443,9,0,
window10,节宣,1,0.02965585610908241,liuxie_shipin__liuxie_42,liuxie_shipin__liuxie_42__part01,文心雕龍·養氣,劉勰,是以吐納文蓺，務在節宣，清和其心，條暢其氣，煩而即捨，勿使壅滯，意得則舒懷以命筆，理伏則投筆以卷懷，逍遙以針勞，談笑以藥勌，常弄閑於才鋒，賈餘於文勇，使刃發如新，湊理無滯，雖非胎息之邁術，斯亦衛氣之一方也。,是以吐納文蓺，務在節宣，清和其心，條暢其氣，煩而即捨，勿使壅滯，意得則舒懷以命筆，理伏則投筆以卷懷，逍遙以針勞，談笑以藥勌，常弄閑於才鋒，賈餘於文勇，使刃發如新，湊理無滯，雖非胎息之邁術，斯亦衛氣之一方也。,是 以 吐纳 文 蓺 务 在 节宣 清 和 其心 条畅 其 气 烦而 即舍 勿 使 壅滞 意得 则 舒怀 以 命笔 理伏 则 投笔 以 卷怀 逍遥 以 针劳 谈笑 以药 勌 常弄 闲于 才锋 贾余 于 文勇 使刃 发如新 凑理 无滞 虽非 胎息 之 迈术 斯亦卫 气 之 一方 也,氣,505,505,節宣,494,496,494,496,6,0,
window10,条畅,1,0.02965585610908241,liuxie_shipin__liuxie_42,liuxie_shipin__liuxie_42__part01,文心雕龍·養氣,劉勰,是以吐納文蓺，務在節宣，清和其心，條暢其氣，煩而即捨，勿使壅滯，意得則舒懷以命筆，理伏則投筆以卷懷，逍遙以針勞，談笑以藥勌，常弄閑於才鋒，賈餘於文勇，使刃發如新，湊理無滯，雖非胎息之邁術，斯亦衛氣之一方也。,是以吐納文蓺，務在節宣，清和其心，條暢其氣，煩而即捨，勿使壅滯，意得則舒懷以命筆，理伏則投筆以卷懷，逍遙以針勞，談笑以藥勌，常弄閑於才鋒，賈餘於文勇，使刃發如新，湊理無滯，雖非胎息之邁術，斯亦衛氣之一方也。,是 以 吐纳 文 蓺 务 在 节宣 清 和 其心 条畅 其 气 烦而 即舍 勿 使 壅滞 意得 则 舒怀 以 命笔 理伏 则 投笔 以 卷怀 逍遥 以 针劳 谈笑 以药 勌 常弄 闲于 才锋 贾余 于 文勇 使刃 发如新 凑理 无滞 虽非 胎息 之 迈术 斯亦卫 气 之 一方 也,氣,505,505,條暢,502,504,502,504,2,0,
window10,烦而,1,0.02965585610908241,liuxie_shipin__liuxie_42,liuxie_shipin__liuxie_42__part01,文心雕龍·養氣,劉勰,是以吐納文蓺，務在節宣，清和其心，條暢其氣，煩而即捨，勿使壅滯，意得則舒懷以命筆，理伏則投筆以卷懷，逍遙以針勞，談笑以藥勌，常弄閑於才鋒，賈餘於文勇，使刃發如新，湊理無滯，雖非胎息之邁術，斯亦衛氣之一方也。,是以吐納文蓺，務在節宣，清和其心，條暢其氣，煩而即捨，勿使壅滯，意得則舒懷以命筆，理伏則投筆以卷懷，逍遙以針勞，談笑以藥勌，常弄閑於才鋒，賈餘於文勇，使刃發如新，湊理無滯，雖非胎息之邁術，斯亦衛氣之一方也。,是 以 吐纳 文 蓺 务 在 节宣 清 和 其心 条畅 其 气 烦而 即舍 勿 使 壅滞 意得 则 舒怀 以 命笔 理伏 则 投笔 以 卷怀 逍遥 以 针劳 谈笑 以药 勌 常弄 闲于 才锋 贾余 于 文勇 使刃 发如新 凑理 无滞 虽非 胎息 之 迈术 斯亦卫 气 之 一方 也,氣,505,505,煩而,507,509,507,509,1,0,
window10,即舍,1,0.02965585610908241,liuxie_shipin__liuxie_42,liuxie_shipin__liuxie_42__part01,文心雕龍·養氣,劉勰,是以吐納文蓺，務在節宣，清和其心，條暢其氣，煩而即捨，勿使壅滯，意得則舒懷以命筆，理伏則投筆以卷懷，逍遙以針勞，談笑以藥勌，常弄閑於才鋒，賈餘於文勇，使刃發如新，湊理無滯，雖非胎息之邁術，斯亦衛氣之一方也。,是以吐納文蓺，務在節宣，清和其心，條暢其氣，煩而即捨，勿使壅滯，意得則舒懷以命筆，理伏則投筆以卷懷，逍遙以針勞，談笑以藥勌，常弄閑於才鋒，賈餘於文勇，使刃發如新，湊理無滯，雖非胎息之邁術，斯亦衛氣之一方也。,是 以 吐纳 文 蓺 务 在 节宣 清 和 其心 条畅 其 气 烦而 即舍 勿 使 壅滞 意得 则 舒怀 以 命笔 理伏 则 投笔 以 卷怀 逍遥 以 针劳 谈笑 以药 勌 常弄 闲于 才锋 贾余 于 文勇 使刃 发如新 凑理 无滞 虽非 胎息 之 迈术 斯亦卫 气 之 一方 也,氣,505,505,即捨,509,511,509,511,2,0,
window10,壅滞,1,0.02965585610908241,liuxie_shipin__liuxie_42,liuxie_shipin__liuxie_42__part01,文心雕龍·養氣,劉勰,是以吐納文蓺，務在節宣，清和其心，條暢其氣，煩而即捨，勿使壅滯，意得則舒懷以命筆，理伏則投筆以卷懷，逍遙以針勞，談笑以藥勌，常弄閑於才鋒，賈餘於文勇，使刃發如新，湊理無滯，雖非胎息之邁術，斯亦衛氣之一方也。,是以吐納文蓺，務在節宣，清和其心，條暢其氣，煩而即捨，勿使壅滯，意得則舒懷以命筆，理伏則投筆以卷懷，逍遙以針勞，談笑以藥勌，常弄閑於才鋒，賈餘於文勇，使刃發如新，湊理無滯，雖非胎息之邁術，斯亦衛氣之一方也。,是 以 吐纳 文 蓺 务 在 节宣 清 和 其心 条畅 其 气 烦而 即舍 勿 使 壅滞 意得 则 舒怀 以 命笔 理伏 则 投笔 以 卷怀 逍遥 以 针劳 谈笑 以药 勌 常弄 闲于 才锋 贾余 于 文勇 使刃 发如新 凑理 无滞 虽非 胎息 之 迈术 斯亦卫 气 之 一方 也,氣,505,505,壅滯,514,516,514,516,5,0,
window10,意得,1,0.02965585610908241,liuxie_shipin__liuxie_42,liuxie_shipin__liuxie_42__part01,文心雕龍·養氣,劉勰,是以吐納文蓺，務在節宣，清和其心，條暢其氣，煩而即捨，勿使壅滯，意得則舒懷以命筆，理伏則投筆以卷懷，逍遙以針勞，談笑以藥勌，常弄閑於才鋒，賈餘於文勇，使刃發如新，湊理無滯，雖非胎息之邁術，斯亦衛氣之一方也。,是以吐納文蓺，務在節宣，清和其心，條暢其氣，煩而即捨，勿使壅滯，意得則舒懷以命筆，理伏則投筆以卷懷，逍遙以針勞，談笑以藥勌，常弄閑於才鋒，賈餘於文勇，使刃發如新，湊理無滯，雖非胎息之邁術，斯亦衛氣之一方也。,是 以 吐纳 文 蓺 务 在 节宣 清 和 其心 条畅 其 气 烦而 即舍 勿 使 壅滞 意得 则 舒怀 以 命笔 理伏 则 投笔 以 卷怀 逍遥 以 针劳 谈笑 以药 勌 常弄 闲于 才锋 贾余 于 文勇 使刃 发如新 凑理 无滞 虽非 胎息 之 迈术 斯亦卫 气 之 一方 也,氣,505,505,意得,517,519,517,519,6,0,
window10,舒怀,1,0.02965585610908241,liuxie_shipin__liuxie_42,liuxie_shipin__liuxie_42__part01,文心雕龍·養氣,劉勰,是以吐納文蓺，務在節宣，清和其心，條暢其氣，煩而即捨，勿使壅滯，意得則舒懷以命筆，理伏則投筆以卷懷，逍遙以針勞，談笑以藥勌，常弄閑於才鋒，賈餘於文勇，使刃發如新，湊理無滯，雖非胎息之邁術，斯亦衛氣之一方也。,是以吐納文蓺，務在節宣，清和其心，條暢其氣，煩而即捨，勿使壅滯，意得則舒懷以命筆，理伏則投筆以卷懷，逍遙以針勞，談笑以藥勌，常弄閑於才鋒，賈餘於文勇，使刃發如新，湊理無滯，雖非胎息之邁術，斯亦衛氣之一方也。,是 以 吐纳 文 蓺 务 在 节宣 清 和 其心 条畅 其 气 烦而 即舍 勿 使 壅滞 意得 则 舒怀 以 命笔 理伏 则 投笔 以 卷怀 逍遥 以 针劳 谈笑 以药 勌 常弄 闲于 才锋 贾余 于 文勇 使刃 发如新 凑理 无滞 虽非 胎息 之 迈术 斯亦卫 气 之 一方 也,氣,505,505,舒懷,520,522,520,522,8,0,
window10,命笔,1,0.02965585610908241,liuxie_shipin__liuxie_42,liuxie_shipin__liuxie_42__part01,文心雕龍·養氣,劉勰,是以吐納文蓺，務在節宣，清和其心，條暢其氣，煩而即捨，勿使壅滯，意得則舒懷以命筆，理伏則投筆以卷懷，逍遙以針勞，談笑以藥勌，常弄閑於才鋒，賈餘於文勇，使刃發如新，湊理無滯，雖非胎息之邁術，斯亦衛氣之一方也。,是以吐納文蓺，務在節宣，清和其心，條暢其氣，煩而即捨，勿使壅滯，意得則舒懷以命筆，理伏則投筆以卷懷，逍遙以針勞，談笑以藥勌，常弄閑於才鋒，賈餘於文勇，使刃發如新，湊理無滯，雖非胎息之邁術，斯亦衛氣之一方也。,是 以 吐纳 文 蓺 务 在 节宣 清 和 其心 条畅 其 气 烦而 即舍 勿 使 壅滞 意得 则 舒怀 以 命笔 理伏 则 投笔 以 卷怀 逍遥 以 针劳 谈笑 以药 勌 常弄 闲于 才锋 贾余 于 文勇 使刃 发如新 凑理 无滞 虽非 胎息 之 迈术 斯亦卫 气 之 一方 也,氣,505,505,命筆,523,525,523,525,10,0,
window10,文勇,1,0.02965585610908241,liuxie_shipin__liuxie_42,liuxie_shipin__liuxie_42__part01,文心雕龍·養氣,劉勰,是以吐納文蓺，務在節宣，清和其心，條暢其氣，煩而即捨，勿使壅滯，意得則舒懷以命筆，理伏則投筆以卷懷，逍遙以針勞，談笑以藥勌，常弄閑於才鋒，賈餘於文勇，使刃發如新，湊理無滯，雖非胎息之邁術，斯亦衛氣之一方也。,是以吐納文蓺，務在節宣，清和其心，條暢其氣，煩而即捨，勿使壅滯，意得則舒懷以命筆，理伏則投筆以卷懷，逍遙以針勞，談笑以藥勌，常弄閑於才鋒，賈餘於文勇，使刃發如新，湊理無滯，雖非胎息之邁術，斯亦衛氣之一方也。,是 以 吐纳 文 蓺 务 在 节宣 清 和 其心 条畅 其 气 烦而 即舍 勿 使 壅滞 意得 则 舒怀 以 命笔 理伏 则 投笔 以 卷怀 逍遥 以 针劳 谈笑 以药 勌 常弄 闲于 才锋 贾余 于 文勇 使刃 发如新 凑理 无滞 虽非 胎息 之 迈术 斯亦卫 气 之 一方 也,氣,582,582,文勇,557,559,557,559,10,0,
window10,使刃,1,0.02965585610908241,liuxie_shipin__liuxie_42,liuxie_shipin__liuxie_42__part01,文心雕龍·養氣,劉勰,是以吐納文蓺，務在節宣，清和其心，條暢其氣，煩而即捨，勿使壅滯，意得則舒懷以命筆，理伏則投筆以卷懷，逍遙以針勞，談笑以藥勌，常弄閑於才鋒，賈餘於文勇，使刃發如新，湊理無滯，雖非胎息之邁術，斯亦衛氣之一方也。,是以吐納文蓺，務在節宣，清和其心，條暢其氣，煩而即捨，勿使壅滯，意得則舒懷以命筆，理伏則投筆以卷懷，逍遙以針勞，談笑以藥勌，常弄閑於才鋒，賈餘於文勇，使刃發如新，湊理無滯，雖非胎息之邁術，斯亦衛氣之一方也。,是 以 吐纳 文 蓺 务 在 节宣 清 和 其心 条畅 其 气 烦而 即舍 勿 使 壅滞 意得 则 舒怀 以 命笔 理伏 则 投笔 以 卷怀 逍遥 以 针劳 谈笑 以药 勌 常弄 闲于 才锋 贾余 于 文勇 使刃 发如新 凑理 无滞 虽非 胎息 之 迈术 斯亦卫 气 之 一方 也,氣,582,582,使刃,560,562,560,562,9,0,
window10,发如新,1,0.02965585610908241,liuxie_shipin__liuxie_42,liuxie_shipin__liuxie_42__part01,文心雕龍·養氣,劉勰,是以吐納文蓺，務在節宣，清和其心，條暢其氣，煩而即捨，勿使壅滯，意得則舒懷以命筆，理伏則投筆以卷懷，逍遙以針勞，談笑以藥勌，常弄閑於才鋒，賈餘於文勇，使刃發如新，湊理無滯，雖非胎息之邁術，斯亦衛氣之一方也。,是以吐納文蓺，務在節宣，清和其心，條暢其氣，煩而即捨，勿使壅滯，意得則舒懷以命筆，理伏則投筆以卷懷，逍遙以針勞，談笑以藥勌，常弄閑於才鋒，賈餘於文勇，使刃發如新，湊理無滯，雖非胎息之邁術，斯亦衛氣之一方也。,是 以 吐纳 文 蓺 务 在 节宣 清 和 其心 条畅 其 气 烦而 即舍 勿 使 壅滞 意得 则 舒怀 以 命笔 理伏 则 投笔 以 卷怀 逍遥 以 针劳 谈笑 以药 勌 常弄 闲于 才锋 贾余 于 文勇 使刃 发如新 凑理 无滞 虽非 胎息 之 迈术 斯亦卫 气 之 一方 也,氣,582,582,發如新,562,565,562,565,8,0,
window10,胎息,1,0.02965585610908241,liuxie_shipin__liuxie_42,liuxie_shipin__liuxie_42__part01,文心雕龍·養氣,劉勰,是以吐納文蓺，務在節宣，清和其心，條暢其氣，煩而即捨，勿使壅滯，意得則舒懷以命筆，理伏則投筆以卷懷，逍遙以針勞，談笑以藥勌，常弄閑於才鋒，賈餘於文勇，使刃發如新，湊理無滯，雖非胎息之邁術，斯亦衛氣之一方也。,是以吐納文蓺，務在節宣，清和其心，條暢其氣，煩而即捨，勿使壅滯，意得則舒懷以命筆，理伏則投筆以卷懷，逍遙以針勞，談笑以藥勌，常弄閑於才鋒，賈餘於文勇，使刃發如新，湊理無滯，雖非胎息之邁術，斯亦衛氣之一方也。,是 以 吐纳 文 蓺 务 在 节宣 清 和 其心 条畅 其 气 烦而 即舍 勿 使 壅滞 意得 则 舒怀 以 命笔 理伏 则 投笔 以 卷怀 逍遥 以 针劳 谈笑 以药 勌 常弄 闲于 才锋 贾余 于 文勇 使刃 发如新 凑理 无滞 虽非 胎息 之 迈术 斯亦卫 气 之 一方 也,氣,582,582,胎息,573,575,573,575,4,0,
window10,迈术,1,0.02965585610908241,liuxie_shipin__liuxie_42,liuxie_shipin__liuxie_42__part01,文心雕龍·養氣,劉勰,是以吐納文蓺，務在節宣，清和其心，條暢其氣，煩而即捨，勿使壅滯，意得則舒懷以命筆，理伏則投筆以卷懷，逍遙以針勞，談笑以藥勌，常弄閑於才鋒，賈餘於文勇，使刃發如新，湊理無滯，雖非胎息之邁術，斯亦衛氣之一方也。,是以吐納文蓺，務在節宣，清和其心，條暢其氣，煩而即捨，勿使壅滯，意得則舒懷以命筆，理伏則投筆以卷懷，逍遙以針勞，談笑以藥勌，常弄閑於才鋒，賈餘於文勇，使刃發如新，湊理無滯，雖非胎息之邁術，斯亦衛氣之一方也。,是 以 吐纳 文 蓺 务 在 节宣 清 和 其心 条畅 其 气 烦而 即舍 勿 使 壅滞 意得 则 舒怀 以 命笔 理伏 则 投笔 以 卷怀 逍遥 以 针劳 谈笑 以药 勌 常弄 闲于 才锋 贾余 于 文勇 使刃 发如新 凑理 无滞 虽非 胎息 之 迈术 斯亦卫 气 之 一方 也,氣,582,582,邁術,576,578,576,578,2,0,
window10,斯亦卫,1,0.02965585610908241,liuxie_shipin__liuxie_42,liuxie_shipin__liuxie_42__part01,文心雕龍·養氣,劉勰,是以吐納文蓺，務在節宣，清和其心，條暢其氣，煩而即捨，勿使壅滯，意得則舒懷以命筆，理伏則投筆以卷懷，逍遙以針勞，談笑以藥勌，常弄閑於才鋒，賈餘於文勇，使刃發如新，湊理無滯，雖非胎息之邁術，斯亦衛氣之一方也。,是以吐納文蓺，務在節宣，清和其心，條暢其氣，煩而即捨，勿使壅滯，意得則舒懷以命筆，理伏則投筆以卷懷，逍遙以針勞，談笑以藥勌，常弄閑於才鋒，賈餘於文勇，使刃發如新，湊理無滯，雖非胎息之邁術，斯亦衛氣之一方也。,是 以 吐纳 文 蓺 务 在 节宣 清 和 其心 条畅 其 气 烦而 即舍 勿 使 壅滞 意得 则 舒怀 以 命笔 理伏 则 投笔 以 卷怀 逍遥 以 针劳 谈笑 以药 勌 常弄 闲于 才锋 贾余 于 文勇 使刃 发如新 凑理 无滞 虽非 胎息 之 迈术 斯亦卫 气 之 一方 也,氣,582,582,斯亦衛,579,582,579,582,1,0,
window10,一方,1,0.02965585610908241,liuxie_shipin__liuxie_42,liuxie_shipin__liuxie_42__part01,文心雕龍·養氣,劉勰,是以吐納文蓺，務在節宣，清和其心，條暢其氣，煩而即捨，勿使壅滯，意得則舒懷以命筆，理伏則投筆以卷懷，逍遙以針勞，談笑以藥勌，常弄閑於才鋒，賈餘於文勇，使刃發如新，湊理無滯，雖非胎息之邁術，斯亦衛氣之一方也。,是以吐納文蓺，務在節宣，清和其心，條暢其氣，煩而即捨，勿使壅滯，意得則舒懷以命筆，理伏則投筆以卷懷，逍遙以針勞，談笑以藥勌，常弄閑於才鋒，賈餘於文勇，使刃發如新，湊理無滯，雖非胎息之邁術，斯亦衛氣之一方也。,是 以 吐纳 文 蓺 务 在 节宣 清 和 其心 条畅 其 气 烦而 即舍 勿 使 壅滞 意得 则 舒怀 以 命笔 理伏 则 投笔 以 卷怀 逍遥 以 针劳 谈笑 以药 勌 常弄 闲于 才锋 贾余 于 文勇 使刃 发如新 凑理 无滞 虽非 胎息 之 迈术 斯亦卫 气 之 一方 也,氣,582,582,一方,584,586,584,586,2,0,
window10,元神,1,0.02965585610908241,liuxie_shipin__liuxie_42,liuxie_shipin__liuxie_42__part01,文心雕龍·養氣,劉勰,元神宜寶，素氣資養。,元神宜寶，素氣資養。,元神 宜宝 素 气 资养,氣,611,611,元神,605,607,605,607,3,0,
window10,宜宝,1,0.02965585610908241,liuxie_shipin__liuxie_42,liuxie_shipin__liuxie_42__part01,文心雕龍·養氣,劉勰,元神宜寶，素氣資養。,元神宜寶，素氣資養。,元神 宜宝 素 气 资养,氣,611,611,宜寶,607,609,607,609,2,0,
window10,资养,1,0.02965585610908241,liuxie_shipin__liuxie_42,liuxie_shipin__liuxie_42__part01,文心雕龍·養氣,劉勰,元神宜寶，素氣資養。,元神宜寶，素氣資養。,元神 宜宝 素 气 资养,氣,611,611,資養,612,614,612,614,1,0,
window10,为声,1,0.02965585610908241,liuxie_shipin__liuxie_43,liuxie_shipin__liuxie_43__part01,文心雕龍·附會,劉勰,夫才量學文，宜正體製，必以情志為神明，事義為骨髓，辭采為肌膚，宮商為聲氣，然後品藻元黃，摛振金玉，獻可替否，以裁厥中。,夫才量學文，宜正體製，必以情志為神明，事義為骨髓，辭采為肌膚，宮商為聲氣，然後品藻元黃，摛振金玉，獻可替否，以裁厥中。,夫才量 学文 宜正 体制 必以 情志 为 神明 事义 为 骨髓 辞采 为 肌肤 宫商 为声 气 然后 品藻 元 黄 摛 振 金玉 献可替否 以裁厥 中,氣,86,86,為聲,84,86,84,86,1,0,
window10,献可替否,1,0.02965585610908241,liuxie_shipin__liuxie_43,liuxie_shipin__liuxie_43__part01,文心雕龍·附會,劉勰,夫才量學文，宜正體製，必以情志為神明，事義為骨髓，辭采為肌膚，宮商為聲氣，然後品藻元黃，摛振金玉，獻可替否，以裁厥中。,夫才量學文，宜正體製，必以情志為神明，事義為骨髓，辭采為肌膚，宮商為聲氣，然後品藻元黃，摛振金玉，獻可替否，以裁厥中。,夫才量 学文 宜正 体制 必以 情志 为 神明 事义 为 骨髓 辞采 为 肌肤 宫商 为声 气 然后 品藻 元 黄 摛 振 金玉 献可替否 以裁厥 中,氣,86,86,獻可替否,100,104,100,104,8,0,
window10,以裁厥,1,0.02965585610908241,liuxie_shipin__liuxie_43,liuxie_shipin__liuxie_43__part01,文心雕龍·附會,劉勰,夫才量學文，宜正體製，必以情志為神明，事義為骨髓，辭采為肌膚，宮商為聲氣，然後品藻元黃，摛振金玉，獻可替否，以裁厥中。,夫才量學文，宜正體製，必以情志為神明，事義為骨髓，辭采為肌膚，宮商為聲氣，然後品藻元黃，摛振金玉，獻可替否，以裁厥中。,夫才量 学文 宜正 体制 必以 情志 为 神明 事义 为 骨髓 辞采 为 肌肤 宫商 为声 气 然后 品藻 元 黄 摛 振 金玉 献可替否 以裁厥 中,氣,86,86,以裁厥,105,108,105,108,9,0,
window10,数逢,1,0.02965585610908241,liuxie_shipin__liuxie_44,liuxie_shipin__liuxie_44__part01,文心雕龍·總術,劉勰,數逢其極，機入其巧，則義味騰躍而生，辭氣叢雜而至，視之則錦繪，聽之則絲簧，味之則甘腴，佩之則芬芳，斷章之功，於斯盛矣。,數逢其極，機入其巧，則義味騰躍而生，辭氣叢雜而至，視之則錦繪，聽之則絲簧，味之則甘腴，佩之則芬芳，斷章之功，於斯盛矣。,数逢 其极 机入 其巧 则 义味 腾跃 而生 辞 气 丛杂 而 至 视之则 锦绘 听 之 则 丝簧 味之则 甘腴 佩之则 芬芳 断章 之功 于斯 盛 矣,氣,569,569,數逢,550,552,550,552,9,0,
window10,机入,1,0.02965585610908241,liuxie_shipin__liuxie_44,liuxie_shipin__liuxie_44__part01,文心雕龍·總術,劉勰,數逢其極，機入其巧，則義味騰躍而生，辭氣叢雜而至，視之則錦繪，聽之則絲簧，味之則甘腴，佩之則芬芳，斷章之功，於斯盛矣。,數逢其極，機入其巧，則義味騰躍而生，辭氣叢雜而至，視之則錦繪，聽之則絲簧，味之則甘腴，佩之則芬芳，斷章之功，於斯盛矣。,数逢 其极 机入 其巧 则 义味 腾跃 而生 辞 气 丛杂 而 至 视之则 锦绘 听 之 则 丝簧 味之则 甘腴 佩之则 芬芳 断章 之功 于斯 盛 矣,氣,569,569,機入,555,557,555,557,7,0,
window10,其巧,1,0.02965585610908241,liuxie_shipin__liuxie_44,liuxie_shipin__liuxie_44__part01,文心雕龍·總術,劉勰,數逢其極，機入其巧，則義味騰躍而生，辭氣叢雜而至，視之則錦繪，聽之則絲簧，味之則甘腴，佩之則芬芳，斷章之功，於斯盛矣。,數逢其極，機入其巧，則義味騰躍而生，辭氣叢雜而至，視之則錦繪，聽之則絲簧，味之則甘腴，佩之則芬芳，斷章之功，於斯盛矣。,数逢 其极 机入 其巧 则 义味 腾跃 而生 辞 气 丛杂 而 至 视之则 锦绘 听 之 则 丝簧 味之则 甘腴 佩之则 芬芳 断章 之功 于斯 盛 矣,氣,569,569,其巧,557,559,557,559,6,0,
window10,义味,1,0.02965585610908241,liuxie_shipin__liuxie_44,liuxie_shipin__liuxie_44__part01,文心雕龍·總術,劉勰,數逢其極，機入其巧，則義味騰躍而生，辭氣叢雜而至，視之則錦繪，聽之則絲簧，味之則甘腴，佩之則芬芳，斷章之功，於斯盛矣。,數逢其極，機入其巧，則義味騰躍而生，辭氣叢雜而至，視之則錦繪，聽之則絲簧，味之則甘腴，佩之則芬芳，斷章之功，於斯盛矣。,数逢 其极 机入 其巧 则 义味 腾跃 而生 辞 气 丛杂 而 至 视之则 锦绘 听 之 则 丝簧 味之则 甘腴 佩之则 芬芳 断章 之功 于斯 盛 矣,氣,569,569,義味,561,563,561,563,4,0,
window10,而生,1,0.02965585610908241,liuxie_shipin__liuxie_44,liuxie_shipin__liuxie_44__part01,文心雕龍·總術,劉勰,數逢其極，機入其巧，則義味騰躍而生，辭氣叢雜而至，視之則錦繪，聽之則絲簧，味之則甘腴，佩之則芬芳，斷章之功，於斯盛矣。,數逢其極，機入其巧，則義味騰躍而生，辭氣叢雜而至，視之則錦繪，聽之則絲簧，味之則甘腴，佩之則芬芳，斷章之功，於斯盛矣。,数逢 其极 机入 其巧 则 义味 腾跃 而生 辞 气 丛杂 而 至 视之则 锦绘 听 之 则 丝簧 味之则 甘腴 佩之则 芬芳 断章 之功 于斯 盛 矣,氣,569,569,而生,565,567,565,567,2,0,
window10,丛杂,1,0.02965585610908241,liuxie_shipin__liuxie_44,liuxie_shipin__liuxie_44__part01,文心雕龍·總術,劉勰,數逢其極，機入其巧，則義味騰躍而生，辭氣叢雜而至，視之則錦繪，聽之則絲簧，味之則甘腴，佩之則芬芳，斷章之功，於斯盛矣。,數逢其極，機入其巧，則義味騰躍而生，辭氣叢雜而至，視之則錦繪，聽之則絲簧，味之則甘腴，佩之則芬芳，斷章之功，於斯盛矣。,数逢 其极 机入 其巧 则 义味 腾跃 而生 辞 气 丛杂 而 至 视之则 锦绘 听 之 则 丝簧 味之则 甘腴 佩之则 芬芳 断章 之功 于斯 盛 矣,氣,569,569,叢雜,570,572,570,572,1,0,
window10,视之则,1,0.02965585610908241,liuxie_shipin__liuxie_44,liuxie_shipin__liuxie_44__part01,文心雕龍·總術,劉勰,數逢其極，機入其巧，則義味騰躍而生，辭氣叢雜而至，視之則錦繪，聽之則絲簧，味之則甘腴，佩之則芬芳，斷章之功，於斯盛矣。,數逢其極，機入其巧，則義味騰躍而生，辭氣叢雜而至，視之則錦繪，聽之則絲簧，味之則甘腴，佩之則芬芳，斷章之功，於斯盛矣。,数逢 其极 机入 其巧 则 义味 腾跃 而生 辞 气 丛杂 而 至 视之则 锦绘 听 之 则 丝簧 味之则 甘腴 佩之则 芬芳 断章 之功 于斯 盛 矣,氣,569,569,視之則,575,578,575,578,4,0,
window10,锦绘,1,0.02965585610908241,liuxie_shipin__liuxie_44,liuxie_shipin__liuxie_44__part01,文心雕龍·總術,劉勰,數逢其極，機入其巧，則義味騰躍而生，辭氣叢雜而至，視之則錦繪，聽之則絲簧，味之則甘腴，佩之則芬芳，斷章之功，於斯盛矣。,數逢其極，機入其巧，則義味騰躍而生，辭氣叢雜而至，視之則錦繪，聽之則絲簧，味之則甘腴，佩之則芬芳，斷章之功，於斯盛矣。,数逢 其极 机入 其巧 则 义味 腾跃 而生 辞 气 丛杂 而 至 视之则 锦绘 听 之 则 丝簧 味之则 甘腴 佩之则 芬芳 断章 之功 于斯 盛 矣,氣,569,569,錦繪,578,580,578,580,5,0,
window10,丝簧,1,0.02965585610908241,liuxie_shipin__liuxie_44,liuxie_shipin__liuxie_44__part01,文心雕龍·總術,劉勰,數逢其極，機入其巧，則義味騰躍而生，辭氣叢雜而至，視之則錦繪，聽之則絲簧，味之則甘腴，佩之則芬芳，斷章之功，於斯盛矣。,數逢其極，機入其巧，則義味騰躍而生，辭氣叢雜而至，視之則錦繪，聽之則絲簧，味之則甘腴，佩之則芬芳，斷章之功，於斯盛矣。,数逢 其极 机入 其巧 则 义味 腾跃 而生 辞 气 丛杂 而 至 视之则 锦绘 听 之 则 丝簧 味之则 甘腴 佩之则 芬芳 断章 之功 于斯 盛 矣,氣,569,569,絲簧,584,586,584,586,9,0,
window10,味之则,1,0.02965585610908241,liuxie_shipin__liuxie_44,liuxie_shipin__liuxie_44__part01,文心雕龍·總術,劉勰,數逢其極，機入其巧，則義味騰躍而生，辭氣叢雜而至，視之則錦繪，聽之則絲簧，味之則甘腴，佩之則芬芳，斷章之功，於斯盛矣。,數逢其極，機入其巧，則義味騰躍而生，辭氣叢雜而至，視之則錦繪，聽之則絲簧，味之則甘腴，佩之則芬芳，斷章之功，於斯盛矣。,数逢 其极 机入 其巧 则 义味 腾跃 而生 辞 气 丛杂 而 至 视之则 锦绘 听 之 则 丝簧 味之则 甘腴 佩之则 芬芳 断章 之功 于斯 盛 矣,氣,569,569,味之則,587,590,587,590,10,0,
window10,乱离,1,0.02965585610908241,liuxie_shipin__liuxie_45,liuxie_shipin__liuxie_45__part01,文心雕龍·時序,劉勰,偉長從宦於青土，公幹徇質於海隅，德璉綜其斐然之思，元瑜展其翩翩之樂，文蔚休伯之儔，于俶德祖之侶，俊雅觴豆之前，雍容袵席之上，灑筆以成酣歌，和墨以藉談笑，觀其時文，雅好慷慨，良由世積亂離，風衰俗怨，並志深而筆長，故梗概而多氣也，至明帝纂戎，制詩度曲，徵篇章之士，置崇文之觀，何劉群才，迭相照耀。,偉長從宦於青土，公幹徇質於海隅，德璉綜其斐然之思，元瑜展其翩翩之樂，文蔚休伯之儔，于俶德祖之侶，俊雅觴豆之前，雍容袵席之上，灑筆以成酣歌，和墨以藉談笑，觀其時文，雅好慷慨，良由世積亂離，風衰俗怨，並志深而筆長，故梗概而多氣也，至明帝纂戎，制詩度曲，徵篇章之士，置崇文之觀，何劉群才，迭相照耀。,伟长 从宦 于 青土 公干 徇质 于 海隅 德琏 综其 斐然 之思 元瑜展 其 翩翩 之 乐 文蔚 休伯 之 俦 于 俶 德祖 之侣 俊雅 觞豆 之前 雍容 袵 席 之上 洒笔 以成 酣歌 和 墨以 藉 谈笑 观 其时 文 雅好 慷慨 良由世积 乱离 风衰俗 怨 并志深 而 笔长 故 梗概 而 多 气 也 至明 帝纂 戎 制诗 度曲 征 篇章 之士 置 崇文 之观 何刘 群才 迭 相 照耀,氣,1128,1128,亂離,1108,1110,1108,1110,10,0,
window10,风衰俗,1,0.02965585610908241,liuxie_shipin__liuxie_45,liuxie_shipin__liuxie_45__part01,文心雕龍·時序,劉勰,偉長從宦於青土，公幹徇質於海隅，德璉綜其斐然之思，元瑜展其翩翩之樂，文蔚休伯之儔，于俶德祖之侶，俊雅觴豆之前，雍容袵席之上，灑筆以成酣歌，和墨以藉談笑，觀其時文，雅好慷慨，良由世積亂離，風衰俗怨，並志深而筆長，故梗概而多氣也，至明帝纂戎，制詩度曲，徵篇章之士，置崇文之觀，何劉群才，迭相照耀。,偉長從宦於青土，公幹徇質於海隅，德璉綜其斐然之思，元瑜展其翩翩之樂，文蔚休伯之儔，于俶德祖之侶，俊雅觴豆之前，雍容袵席之上，灑筆以成酣歌，和墨以藉談笑，觀其時文，雅好慷慨，良由世積亂離，風衰俗怨，並志深而筆長，故梗概而多氣也，至明帝纂戎，制詩度曲，徵篇章之士，置崇文之觀，何劉群才，迭相照耀。,伟长 从宦 于 青土 公干 徇质 于 海隅 德琏 综其 斐然 之思 元瑜展 其 翩翩 之 乐 文蔚 休伯 之 俦 于 俶 德祖 之侣 俊雅 觞豆 之前 雍容 袵 席 之上 洒笔 以成 酣歌 和 墨以 藉 谈笑 观 其时 文 雅好 慷慨 良由世积 乱离 风衰俗 怨 并志深 而 笔长 故 梗概 而 多 气 也 至明 帝纂 戎 制诗 度曲 征 篇章 之士 置 崇文 之观 何刘 群才 迭 相 照耀,氣,1128,1128,風衰俗,1111,1114,1111,1114,9,0,
window10,并志深,1,0.02965585610908241,liuxie_shipin__liuxie_45,liuxie_shipin__liuxie_45__part01,文心雕龍·時序,劉勰,偉長從宦於青土，公幹徇質於海隅，德璉綜其斐然之思，元瑜展其翩翩之樂，文蔚休伯之儔，于俶德祖之侶，俊雅觴豆之前，雍容袵席之上，灑筆以成酣歌，和墨以藉談笑，觀其時文，雅好慷慨，良由世積亂離，風衰俗怨，並志深而筆長，故梗概而多氣也，至明帝纂戎，制詩度曲，徵篇章之士，置崇文之觀，何劉群才，迭相照耀。,偉長從宦於青土，公幹徇質於海隅，德璉綜其斐然之思，元瑜展其翩翩之樂，文蔚休伯之儔，于俶德祖之侶，俊雅觴豆之前，雍容袵席之上，灑筆以成酣歌，和墨以藉談笑，觀其時文，雅好慷慨，良由世積亂離，風衰俗怨，並志深而筆長，故梗概而多氣也，至明帝纂戎，制詩度曲，徵篇章之士，置崇文之觀，何劉群才，迭相照耀。,伟长 从宦 于 青土 公干 徇质 于 海隅 德琏 综其 斐然 之思 元瑜展 其 翩翩 之 乐 文蔚 休伯 之 俦 于 俶 德祖 之侣 俊雅 觞豆 之前 雍容 袵 席 之上 洒笔 以成 酣歌 和 墨以 藉 谈笑 观 其时 文 雅好 慷慨 良由世积 乱离 风衰俗 怨 并志深 而 笔长 故 梗概 而 多 气 也 至明 帝纂 戎 制诗 度曲 征 篇章 之士 置 崇文 之观 何刘 群才 迭 相 照耀,氣,1128,1128,並志深,1116,1119,1116,1119,7,0,
window10,笔长,1,0.02965585610908241,liuxie_shipin__liuxie_45,liuxie_shipin__liuxie_45__part01,文心雕龍·時序,劉勰,偉長從宦於青土，公幹徇質於海隅，德璉綜其斐然之思，元瑜展其翩翩之樂，文蔚休伯之儔，于俶德祖之侶，俊雅觴豆之前，雍容袵席之上，灑筆以成酣歌，和墨以藉談笑，觀其時文，雅好慷慨，良由世積亂離，風衰俗怨，並志深而筆長，故梗概而多氣也，至明帝纂戎，制詩度曲，徵篇章之士，置崇文之觀，何劉群才，迭相照耀。,偉長從宦於青土，公幹徇質於海隅，德璉綜其斐然之思，元瑜展其翩翩之樂，文蔚休伯之儔，于俶德祖之侶，俊雅觴豆之前，雍容袵席之上，灑筆以成酣歌，和墨以藉談笑，觀其時文，雅好慷慨，良由世積亂離，風衰俗怨，並志深而筆長，故梗概而多氣也，至明帝纂戎，制詩度曲，徵篇章之士，置崇文之觀，何劉群才，迭相照耀。,伟长 从宦 于 青土 公干 徇质 于 海隅 德琏 综其 斐然 之思 元瑜展 其 翩翩 之 乐 文蔚 休伯 之 俦 于 俶 德祖 之侣 俊雅 觞豆 之前 雍容 袵 席 之上 洒笔 以成 酣歌 和 墨以 藉 谈笑 观 其时 文 雅好 慷慨 良由世积 乱离 风衰俗 怨 并志深 而 笔长 故 梗概 而 多 气 也 至明 帝纂 戎 制诗 度曲 征 篇章 之士 置 崇文 之观 何刘 群才 迭 相 照耀,氣,1128,1128,筆長,1120,1122,1120,1122,5,0,
window10,至明,1,0.02965585610908241,liuxie_shipin__liuxie_45,liuxie_shipin__liuxie_45__part01,文心雕龍·時序,劉勰,偉長從宦於青土，公幹徇質於海隅，德璉綜其斐然之思，元瑜展其翩翩之樂，文蔚休伯之儔，于俶德祖之侶，俊雅觴豆之前，雍容袵席之上，灑筆以成酣歌，和墨以藉談笑，觀其時文，雅好慷慨，良由世積亂離，風衰俗怨，並志深而筆長，故梗概而多氣也，至明帝纂戎，制詩度曲，徵篇章之士，置崇文之觀，何劉群才，迭相照耀。,偉長從宦於青土，公幹徇質於海隅，德璉綜其斐然之思，元瑜展其翩翩之樂，文蔚休伯之儔，于俶德祖之侶，俊雅觴豆之前，雍容袵席之上，灑筆以成酣歌，和墨以藉談笑，觀其時文，雅好慷慨，良由世積亂離，風衰俗怨，並志深而筆長，故梗概而多氣也，至明帝纂戎，制詩度曲，徵篇章之士，置崇文之觀，何劉群才，迭相照耀。,伟长 从宦 于 青土 公干 徇质 于 海隅 德琏 综其 斐然 之思 元瑜展 其 翩翩 之 乐 文蔚 休伯 之 俦 于 俶 德祖 之侣 俊雅 觞豆 之前 雍容 袵 席 之上 洒笔 以成 酣歌 和 墨以 藉 谈笑 观 其时 文 雅好 慷慨 良由世积 乱离 风衰俗 怨 并志深 而 笔长 故 梗概 而 多 气 也 至明 帝纂 戎 制诗 度曲 征 篇章 之士 置 崇文 之观 何刘 群才 迭 相 照耀,氣,1128,1128,至明,1131,1133,1131,1133,2,0,
window10,帝纂,1,0.02965585610908241,liuxie_shipin__liuxie_45,liuxie_shipin__liuxie_45__part01,文心雕龍·時序,劉勰,偉長從宦於青土，公幹徇質於海隅，德璉綜其斐然之思，元瑜展其翩翩之樂，文蔚休伯之儔，于俶德祖之侶，俊雅觴豆之前，雍容袵席之上，灑筆以成酣歌，和墨以藉談笑，觀其時文，雅好慷慨，良由世積亂離，風衰俗怨，並志深而筆長，故梗概而多氣也，至明帝纂戎，制詩度曲，徵篇章之士，置崇文之觀，何劉群才，迭相照耀。,偉長從宦於青土，公幹徇質於海隅，德璉綜其斐然之思，元瑜展其翩翩之樂，文蔚休伯之儔，于俶德祖之侶，俊雅觴豆之前，雍容袵席之上，灑筆以成酣歌，和墨以藉談笑，觀其時文，雅好慷慨，良由世積亂離，風衰俗怨，並志深而筆長，故梗概而多氣也，至明帝纂戎，制詩度曲，徵篇章之士，置崇文之觀，何劉群才，迭相照耀。,伟长 从宦 于 青土 公干 徇质 于 海隅 德琏 综其 斐然 之思 元瑜展 其 翩翩 之 乐 文蔚 休伯 之 俦 于 俶 德祖 之侣 俊雅 觞豆 之前 雍容 袵 席 之上 洒笔 以成 酣歌 和 墨以 藉 谈笑 观 其时 文 雅好 慷慨 良由世积 乱离 风衰俗 怨 并志深 而 笔长 故 梗概 而 多 气 也 至明 帝纂 戎 制诗 度曲 征 篇章 之士 置 崇文 之观 何刘 群才 迭 相 照耀,氣,1128,1128,帝纂,1133,1135,1133,1135,3,0,
window10,制诗,1,0.02965585610908241,liuxie_shipin__liuxie_45,liuxie_shipin__liuxie_45__part01,文心雕龍·時序,劉勰,偉長從宦於青土，公幹徇質於海隅，德璉綜其斐然之思，元瑜展其翩翩之樂，文蔚休伯之儔，于俶德祖之侶，俊雅觴豆之前，雍容袵席之上，灑筆以成酣歌，和墨以藉談笑，觀其時文，雅好慷慨，良由世積亂離，風衰俗怨，並志深而筆長，故梗概而多氣也，至明帝纂戎，制詩度曲，徵篇章之士，置崇文之觀，何劉群才，迭相照耀。,偉長從宦於青土，公幹徇質於海隅，德璉綜其斐然之思，元瑜展其翩翩之樂，文蔚休伯之儔，于俶德祖之侶，俊雅觴豆之前，雍容袵席之上，灑筆以成酣歌，和墨以藉談笑，觀其時文，雅好慷慨，良由世積亂離，風衰俗怨，並志深而筆長，故梗概而多氣也，至明帝纂戎，制詩度曲，徵篇章之士，置崇文之觀，何劉群才，迭相照耀。,伟长 从宦 于 青土 公干 徇质 于 海隅 德琏 综其 斐然 之思 元瑜展 其 翩翩 之 乐 文蔚 休伯 之 俦 于 俶 德祖 之侣 俊雅 觞豆 之前 雍容 袵 席 之上 洒笔 以成 酣歌 和 墨以 藉 谈笑 观 其时 文 雅好 慷慨 良由世积 乱离 风衰俗 怨 并志深 而 笔长 故 梗概 而 多 气 也 至明 帝纂 戎 制诗 度曲 征 篇章 之士 置 崇文 之观 何刘 群才 迭 相 照耀,氣,1128,1128,制詩,1137,1139,1137,1139,5,0,
window10,度曲,1,0.02965585610908241,liuxie_shipin__liuxie_45,liuxie_shipin__liuxie_45__part01,文心雕龍·時序,劉勰,偉長從宦於青土，公幹徇質於海隅，德璉綜其斐然之思，元瑜展其翩翩之樂，文蔚休伯之儔，于俶德祖之侶，俊雅觴豆之前，雍容袵席之上，灑筆以成酣歌，和墨以藉談笑，觀其時文，雅好慷慨，良由世積亂離，風衰俗怨，並志深而筆長，故梗概而多氣也，至明帝纂戎，制詩度曲，徵篇章之士，置崇文之觀，何劉群才，迭相照耀。,偉長從宦於青土，公幹徇質於海隅，德璉綜其斐然之思，元瑜展其翩翩之樂，文蔚休伯之儔，于俶德祖之侶，俊雅觴豆之前，雍容袵席之上，灑筆以成酣歌，和墨以藉談笑，觀其時文，雅好慷慨，良由世積亂離，風衰俗怨，並志深而筆長，故梗概而多氣也，至明帝纂戎，制詩度曲，徵篇章之士，置崇文之觀，何劉群才，迭相照耀。,伟长 从宦 于 青土 公干 徇质 于 海隅 德琏 综其 斐然 之思 元瑜展 其 翩翩 之 乐 文蔚 休伯 之 俦 于 俶 德祖 之侣 俊雅 觞豆 之前 雍容 袵 席 之上 洒笔 以成 酣歌 和 墨以 藉 谈笑 观 其时 文 雅好 慷慨 良由世积 乱离 风衰俗 怨 并志深 而 笔长 故 梗概 而 多 气 也 至明 帝纂 戎 制诗 度曲 征 篇章 之士 置 崇文 之观 何刘 群才 迭 相 照耀,氣,1128,1128,度曲,1139,1141,1139,1141,6,0,
window10,自中,1,0.02965585610908241,liuxie_shipin__liuxie_45,liuxie_shipin__liuxie_45__part01,文心雕龍·時序,劉勰,自中朝貴元，江左稱盛，因談餘氣，流成文體。,自中朝貴元，江左稱盛，因談餘氣，流成文體。,自中 朝贵 元 江左 称盛 因谈余 气 流成 文体,氣,1538,1538,自中,1524,1526,1524,1526,6,0,
window10,朝贵,1,0.02965585610908241,liuxie_shipin__liuxie_45,liuxie_shipin__liuxie_45__part01,文心雕龍·時序,劉勰,自中朝貴元，江左稱盛，因談餘氣，流成文體。,自中朝貴元，江左稱盛，因談餘氣，流成文體。,自中 朝贵 元 江左 称盛 因谈余 气 流成 文体,氣,1538,1538,朝貴,1526,1528,1526,1528,5,0,
window10,称盛,1,0.02965585610908241,liuxie_shipin__liuxie_45,liuxie_shipin__liuxie_45__part01,文心雕龍·時序,劉勰,自中朝貴元，江左稱盛，因談餘氣，流成文體。,自中朝貴元，江左稱盛，因談餘氣，流成文體。,自中 朝贵 元 江左 称盛 因谈余 气 流成 文体,氣,1538,1538,稱盛,1532,1534,1532,1534,2,0,
window10,因谈余,1,0.02965585610908241,liuxie_shipin__liuxie_45,liuxie_shipin__liuxie_45__part01,文心雕龍·時序,劉勰,自中朝貴元，江左稱盛，因談餘氣，流成文體。,自中朝貴元，江左稱盛，因談餘氣，流成文體。,自中 朝贵 元 江左 称盛 因谈余 气 流成 文体,氣,1538,1538,因談餘,1535,1538,1535,1538,1,0,
window10,流成,1,0.02965585610908241,liuxie_shipin__liuxie_45,liuxie_shipin__liuxie_45__part01,文心雕龍·時序,劉勰,自中朝貴元，江左稱盛，因談餘氣，流成文體。,自中朝貴元，江左稱盛，因談餘氣，流成文體。,自中 朝贵 元 江左 称盛 因谈余 气 流成 文体,氣,1538,1538,流成,1540,1542,1540,1542,1,0,
window10,盖阳,1,0.02965585610908241,liuxie_shipin__liuxie_46,liuxie_shipin__liuxie_46__part01,文心雕龍·物色,劉勰,蓋陽氣萌而玄駒步，陰律凝而丹鳥羞，微蟲猶或入感，四時之動物深矣。,蓋陽氣萌而玄駒步，陰律凝而丹鳥羞，微蟲猶或入感，四時之動物深矣。,盖阳 气 萌而 玄驹 步 阴律 凝而 丹鸟 羞 微虫 犹 或 入感 四时 之 动物 深 矣,氣,22,22,蓋陽,20,22,20,22,1,0,
window10,萌而,1,0.02965585610908241,liuxie_shipin__liuxie_46,liuxie_shipin__liuxie_46__part01,文心雕龍·物色,劉勰,蓋陽氣萌而玄駒步，陰律凝而丹鳥羞，微蟲猶或入感，四時之動物深矣。,蓋陽氣萌而玄駒步，陰律凝而丹鳥羞，微蟲猶或入感，四時之動物深矣。,盖阳 气 萌而 玄驹 步 阴律 凝而 丹鸟 羞 微虫 犹 或 入感 四时 之 动物 深 矣,氣,22,22,萌而,23,25,23,25,1,0,
window10,玄驹,1,0.02965585610908241,liuxie_shipin__liuxie_46,liuxie_shipin__liuxie_46__part01,文心雕龍·物色,劉勰,蓋陽氣萌而玄駒步，陰律凝而丹鳥羞，微蟲猶或入感，四時之動物深矣。,蓋陽氣萌而玄駒步，陰律凝而丹鳥羞，微蟲猶或入感，四時之動物深矣。,盖阳 气 萌而 玄驹 步 阴律 凝而 丹鸟 羞 微虫 犹 或 入感 四时 之 动物 深 矣,氣,22,22,玄駒,25,27,25,27,2,0,
window10,阴律,1,0.02965585610908241,liuxie_shipin__liuxie_46,liuxie_shipin__liuxie_46__part01,文心雕龍·物色,劉勰,蓋陽氣萌而玄駒步，陰律凝而丹鳥羞，微蟲猶或入感，四時之動物深矣。,蓋陽氣萌而玄駒步，陰律凝而丹鳥羞，微蟲猶或入感，四時之動物深矣。,盖阳 气 萌而 玄驹 步 阴律 凝而 丹鸟 羞 微虫 犹 或 入感 四时 之 动物 深 矣,氣,22,22,陰律,29,31,29,31,4,0,
window10,丹鸟,1,0.02965585610908241,liuxie_shipin__liuxie_46,liuxie_shipin__liuxie_46__part01,文心雕龍·物色,劉勰,蓋陽氣萌而玄駒步，陰律凝而丹鳥羞，微蟲猶或入感，四時之動物深矣。,蓋陽氣萌而玄駒步，陰律凝而丹鳥羞，微蟲猶或入感，四時之動物深矣。,盖阳 气 萌而 玄驹 步 阴律 凝而 丹鸟 羞 微虫 犹 或 入感 四时 之 动物 深 矣,氣,22,22,丹鳥,33,35,33,35,6,0,
window10,微虫,1,0.02965585610908241,liuxie_shipin__liuxie_46,liuxie_shipin__liuxie_46__part01,文心雕龍·物色,劉勰,蓋陽氣萌而玄駒步，陰律凝而丹鳥羞，微蟲猶或入感，四時之動物深矣。,蓋陽氣萌而玄駒步，陰律凝而丹鳥羞，微蟲猶或入感，四時之動物深矣。,盖阳 气 萌而 玄驹 步 阴律 凝而 丹鸟 羞 微虫 犹 或 入感 四时 之 动物 深 矣,氣,22,22,微蟲,37,39,37,39,8,0,
window10,其惠心,1,0.02965585610908241,liuxie_shipin__liuxie_46,liuxie_shipin__liuxie_46__part01,文心雕龍·物色,劉勰,若夫珪璋挺其惠心，英華秀其清氣，物色相召，人誰獲安！,若夫珪璋挺其惠心，英華秀其清氣，物色相召，人誰獲安！,若夫 珪 璋 挺 其惠心 英华 秀其清 气 物色 相召 人 谁 获安,氣,66,66,其惠心,57,60,57,60,3,0,
window10,秀其清,1,0.02965585610908241,liuxie_shipin__liuxie_46,liuxie_shipin__liuxie_46__part01,文心雕龍·物色,劉勰,若夫珪璋挺其惠心，英華秀其清氣，物色相召，人誰獲安！,若夫珪璋挺其惠心，英華秀其清氣，物色相召，人誰獲安！,若夫 珪 璋 挺 其惠心 英华 秀其清 气 物色 相召 人 谁 获安,氣,66,66,秀其清,63,66,63,66,1,0,
window10,相召,1,0.02965585610908241,liuxie_shipin__liuxie_46,liuxie_shipin__liuxie_46__part01,文心雕龍·物色,劉勰,若夫珪璋挺其惠心，英華秀其清氣，物色相召，人誰獲安！,若夫珪璋挺其惠心，英華秀其清氣，物色相召，人誰獲安！,若夫 珪 璋 挺 其惠心 英华 秀其清 气 物色 相召 人 谁 获安,氣,66,66,相召,70,72,70,72,2,0,
window10,获安,1,0.02965585610908241,liuxie_shipin__liuxie_46,liuxie_shipin__liuxie_46__part01,文心雕龍·物色,劉勰,若夫珪璋挺其惠心，英華秀其清氣，物色相召，人誰獲安！,若夫珪璋挺其惠心，英華秀其清氣，物色相召，人誰獲安！,若夫 珪 璋 挺 其惠心 英华 秀其清 气 物色 相召 人 谁 获安,氣,66,66,獲安,75,77,75,77,5,0,
window10,天高,1,0.02965585610908241,liuxie_shipin__liuxie_46,liuxie_shipin__liuxie_46__part01,文心雕龍·物色,劉勰,天高氣清，陰沈之志遠；,天高氣清，陰沈之志遠；,天高 气 清 阴沈 之 志远,氣,104,104,天高,102,104,102,104,1,0,
window10,阴沈,1,0.02965585610908241,liuxie_shipin__liuxie_46,liuxie_shipin__liuxie_46__part01,文心雕龍·物色,劉勰,天高氣清，陰沈之志遠；,天高氣清，陰沈之志遠；,天高 气 清 阴沈 之 志远,氣,104,104,陰沈,107,109,107,109,2,0,
window10,志远,1,0.02965585610908241,liuxie_shipin__liuxie_46,liuxie_shipin__liuxie_46__part01,文心雕龍·物色,劉勰,天高氣清，陰沈之志遠；,天高氣清，陰沈之志遠；,天高 气 清 阴沈 之 志远,氣,104,104,志遠,110,112,110,112,4,0,
window10,随物,1,0.02965585610908241,liuxie_shipin__liuxie_46,liuxie_shipin__liuxie_46__part01,文心雕龍·物色,劉勰,寫氣圖貌，既隨物以宛轉；,寫氣圖貌，既隨物以宛轉；,写 气 图貌 既 随物 以 宛转,氣,205,205,隨物,210,212,210,212,3,0,
window10,于笔,1,0.02965585610908241,liuxie_shipin__liuxie_47,liuxie_shipin__liuxie_47__part01,文心雕龍·才略,劉勰,枚乘之《七發》，鄒陽之上書，膏潤於筆，氣形於言矣。,枚乘之《七發》，鄒陽之上書，膏潤於筆，氣形於言矣。,枚 乘 之 七发 邹阳 之 上书 膏润 于笔 气 形于 言 矣,氣,345,345,於筆,342,344,342,344,1,0,
window10,有篇美,1,0.02965585610908241,liuxie_shipin__liuxie_47,liuxie_shipin__liuxie_47__part01,文心雕龍·才略,劉勰,孔融氣盛於為筆，禰衡思銳於為文，有篇美焉。,孔融氣盛於為筆，禰衡思銳於為文，有篇美焉。,孔融 气 盛于 为 笔 祢衡 思锐 于 为 文 有篇美 焉,氣,798,798,有篇美,812,815,812,815,9,0,
window10,以遣论,1,0.02965585610908241,liuxie_shipin__liuxie_47,liuxie_shipin__liuxie_47__part01,文心雕龍·才略,劉勰,嵇康師心以遣論，阮籍使氣以命詩，殊聲而合響，異翮而同飛。,嵇康師心以遣論，阮籍使氣以命詩，殊聲而合響，異翮而同飛。,嵇康 师心 以遣论 阮籍 使 气 以命 诗 殊声 而 合响 异翮 而 同飞,氣,1161,1161,以遣論,1154,1157,1154,1157,3,0,
window10,以命,1,0.02965585610908241,liuxie_shipin__liuxie_47,liuxie_shipin__liuxie_47__part01,文心雕龍·才略,劉勰,嵇康師心以遣論，阮籍使氣以命詩，殊聲而合響，異翮而同飛。,嵇康師心以遣論，阮籍使氣以命詩，殊聲而合響，異翮而同飛。,嵇康 师心 以遣论 阮籍 使 气 以命 诗 殊声 而 合响 异翮 而 同飞,氣,1161,1161,以命,1162,1164,1162,1164,1,0,
window10,殊声,1,0.02965585610908241,liuxie_shipin__liuxie_47,liuxie_shipin__liuxie_47__part01,文心雕龍·才略,劉勰,嵇康師心以遣論，阮籍使氣以命詩，殊聲而合響，異翮而同飛。,嵇康師心以遣論，阮籍使氣以命詩，殊聲而合響，異翮而同飛。,嵇康 师心 以遣论 阮籍 使 气 以命 诗 殊声 而 合响 异翮 而 同飞,氣,1161,1161,殊聲,1166,1168,1166,1168,3,0,
window10,合响,1,0.02965585610908241,liuxie_shipin__liuxie_47,liuxie_shipin__liuxie_47__part01,文心雕龍·才略,劉勰,嵇康師心以遣論，阮籍使氣以命詩，殊聲而合響，異翮而同飛。,嵇康師心以遣論，阮籍使氣以命詩，殊聲而合響，異翮而同飛。,嵇康 师心 以遣论 阮籍 使 气 以命 诗 殊声 而 合响 异翮 而 同飞,氣,1161,1161,合響,1169,1171,1169,1171,5,0,
window10,异翮,1,0.02965585610908241,liuxie_shipin__liuxie_47,liuxie_shipin__liuxie_47__part01,文心雕龍·才略,劉勰,嵇康師心以遣論，阮籍使氣以命詩，殊聲而合響，異翮而同飛。,嵇康師心以遣論，阮籍使氣以命詩，殊聲而合響，異翮而同飛。,嵇康 师心 以遣论 阮籍 使 气 以命 诗 殊声 而 合响 异翮 而 同飞,氣,1161,1161,異翮,1172,1174,1172,1174,6,0,
window10,同飞,1,0.02965585610908241,liuxie_shipin__liuxie_47,liuxie_shipin__liuxie_47__part01,文心雕龍·才略,劉勰,嵇康師心以遣論，阮籍使氣以命詩，殊聲而合響，異翮而同飛。,嵇康師心以遣論，阮籍使氣以命詩，殊聲而合響，異翮而同飛。,嵇康 师心 以遣论 阮籍 使 气 以命 诗 殊声 而 合响 异翮 而 同飞,氣,1161,1161,同飛,1175,1177,1175,1177,8,0,
window10,夫有,1,0.02965585610908241,liuxie_shipin__liuxie_50,liuxie_shipin__liuxie_50__part01,文心雕龍·序志,劉勰,夫有肖貌天地，稟性五才，擬耳目於日月，方聲氣乎風雷，其超出萬物亦已靈矣。,夫有肖貌天地，稟性五才，擬耳目於日月，方聲氣乎風雷，其超出萬物亦已靈矣。,夫有 肖貌 天地 禀性 五才 拟 耳目 于 日月 方声 气 乎 风雷 其 超出 万物 亦 已灵 矣,氣,123,123,夫有,102,104,102,104,10,0,
window10,肖貌,1,0.02965585610908241,liuxie_shipin__liuxie_50,liuxie_shipin__liuxie_50__part01,文心雕龍·序志,劉勰,夫有肖貌天地，稟性五才，擬耳目於日月，方聲氣乎風雷，其超出萬物亦已靈矣。,夫有肖貌天地，稟性五才，擬耳目於日月，方聲氣乎風雷，其超出萬物亦已靈矣。,夫有 肖貌 天地 禀性 五才 拟 耳目 于 日月 方声 气 乎 风雷 其 超出 万物 亦 已灵 矣,氣,123,123,肖貌,104,106,104,106,9,0,
window10,禀性,1,0.02965585610908241,liuxie_shipin__liuxie_50,liuxie_shipin__liuxie_50__part01,文心雕龍·序志,劉勰,夫有肖貌天地，稟性五才，擬耳目於日月，方聲氣乎風雷，其超出萬物亦已靈矣。,夫有肖貌天地，稟性五才，擬耳目於日月，方聲氣乎風雷，其超出萬物亦已靈矣。,夫有 肖貌 天地 禀性 五才 拟 耳目 于 日月 方声 气 乎 风雷 其 超出 万物 亦 已灵 矣,氣,123,123,稟性,109,111,109,111,7,0,
window10,五才,1,0.02965585610908241,liuxie_shipin__liuxie_50,liuxie_shipin__liuxie_50__part01,文心雕龍·序志,劉勰,夫有肖貌天地，稟性五才，擬耳目於日月，方聲氣乎風雷，其超出萬物亦已靈矣。,夫有肖貌天地，稟性五才，擬耳目於日月，方聲氣乎風雷，其超出萬物亦已靈矣。,夫有 肖貌 天地 禀性 五才 拟 耳目 于 日月 方声 气 乎 风雷 其 超出 万物 亦 已灵 矣,氣,123,123,五才,111,113,111,113,6,0,
window10,方声,1,0.02965585610908241,liuxie_shipin__liuxie_50,liuxie_shipin__liuxie_50__part01,文心雕龍·序志,劉勰,夫有肖貌天地，稟性五才，擬耳目於日月，方聲氣乎風雷，其超出萬物亦已靈矣。,夫有肖貌天地，稟性五才，擬耳目於日月，方聲氣乎風雷，其超出萬物亦已靈矣。,夫有 肖貌 天地 禀性 五才 拟 耳目 于 日月 方声 气 乎 风雷 其 超出 万物 亦 已灵 矣,氣,123,123,方聲,121,123,121,123,1,0,
window10,风雷,1,0.02965585610908241,liuxie_shipin__liuxie_50,liuxie_shipin__liuxie_50__part01,文心雕龍·序志,劉勰,夫有肖貌天地，稟性五才，擬耳目於日月，方聲氣乎風雷，其超出萬物亦已靈矣。,夫有肖貌天地，稟性五才，擬耳目於日月，方聲氣乎風雷，其超出萬物亦已靈矣。,夫有 肖貌 天地 禀性 五才 拟 耳目 于 日月 方声 气 乎 风雷 其 超出 万物 亦 已灵 矣,氣,123,123,風雷,125,127,125,127,2,0,
window10,超出,1,0.02965585610908241,liuxie_shipin__liuxie_50,liuxie_shipin__liuxie_50__part01,文心雕龍·序志,劉勰,夫有肖貌天地，稟性五才，擬耳目於日月，方聲氣乎風雷，其超出萬物亦已靈矣。,夫有肖貌天地，稟性五才，擬耳目於日月，方聲氣乎風雷，其超出萬物亦已靈矣。,夫有 肖貌 天地 禀性 五才 拟 耳目 于 日月 方声 气 乎 风雷 其 超出 万物 亦 已灵 矣,氣,123,123,超出,129,131,129,131,4,0,
window10,已灵,1,0.02965585610908241,liuxie_shipin__liuxie_50,liuxie_shipin__liuxie_50__part01,文心雕龍·序志,劉勰,夫有肖貌天地，稟性五才，擬耳目於日月，方聲氣乎風雷，其超出萬物亦已靈矣。,夫有肖貌天地，稟性五才，擬耳目於日月，方聲氣乎風雷，其超出萬物亦已靈矣。,夫有 肖貌 天地 禀性 五才 拟 耳目 于 日月 方声 气 乎 风雷 其 超出 万物 亦 已灵 矣,氣,123,123,已靈,134,136,134,136,7,0,
window10,感人,1,0.02965585610908241,liuxie_shipin__shipin_01,liuxie_shipin__shipin_01__part01,詩品·序,鍾嶸,氣之動物，物之感人，故搖盪性情，行諸舞詠。,氣之動物，物之感人，故搖盪性情，行諸舞詠。,气 之 动物 物 之 感人 故 摇荡 性情 行诸 舞咏,氣,0,0,感人,7,9,7,9,5,0,
window10,摇荡,1,0.02965585610908241,liuxie_shipin__shipin_01,liuxie_shipin__shipin_01__part01,詩品·序,鍾嶸,氣之動物，物之感人，故搖盪性情，行諸舞詠。,氣之動物，物之感人，故搖盪性情，行諸舞詠。,气 之 动物 物 之 感人 故 摇荡 性情 行诸 舞咏,氣,0,0,搖盪,11,13,11,13,7,0,
window10,行诸,1,0.02965585610908241,liuxie_shipin__shipin_01,liuxie_shipin__shipin_01__part01,詩品·序,鍾嶸,氣之動物，物之感人，故搖盪性情，行諸舞詠。,氣之動物，物之感人，故搖盪性情，行諸舞詠。,气 之 动物 物 之 感人 故 摇荡 性情 行诸 舞咏,氣,0,0,行諸,16,18,16,18,9,0,
window10,舞咏,1,0.02965585610908241,liuxie_shipin__shipin_01,liuxie_shipin__shipin_01__part01,詩品·序,鍾嶸,氣之動物，物之感人，故搖盪性情，行諸舞詠。,氣之動物，物之感人，故搖盪性情，行諸舞詠。,气 之 动物 物 之 感人 故 摇荡 性情 行诸 舞咏,氣,0,0,舞詠,18,20,18,20,10,0,
window10,刘越,1,0.02965585610908241,liuxie_shipin__shipin_01,liuxie_shipin__shipin_01__part01,詩品·序,鍾嶸,劉越石仗清剛之氣，贊成厥美。,劉越石仗清剛之氣，贊成厥美。,刘越 石仗 清刚 之 气 赞成 厥 美,氣,443,443,劉越,436,438,436,438,4,0,
window10,石仗,1,0.02965585610908241,liuxie_shipin__shipin_01,liuxie_shipin__shipin_01__part01,詩品·序,鍾嶸,劉越石仗清剛之氣，贊成厥美。,劉越石仗清剛之氣，贊成厥美。,刘越 石仗 清刚 之 气 赞成 厥 美,氣,443,443,石仗,438,440,438,440,3,0,
window10,清刚,1,0.02965585610908241,liuxie_shipin__shipin_01,liuxie_shipin__shipin_01__part01,詩品·序,鍾嶸,劉越石仗清剛之氣，贊成厥美。,劉越石仗清剛之氣，贊成厥美。,刘越 石仗 清刚 之 气 赞成 厥 美,氣,443,443,清剛,440,442,440,442,2,0,
window10,赞成,1,0.02965585610908241,liuxie_shipin__shipin_01,liuxie_shipin__shipin_01__part01,詩品·序,鍾嶸,劉越石仗清剛之氣，贊成厥美。,劉越石仗清剛之氣，贊成厥美。,刘越 石仗 清刚 之 气 赞成 厥 美,氣,443,443,贊成,445,447,445,447,1,0,
window10,负戈外,1,0.02965585610908241,liuxie_shipin__shipin_01,liuxie_shipin__shipin_01__part01,詩品·序,鍾嶸,或負戈外戍，殺氣雄邊；,或負戈外戍，殺氣雄邊；,或 负戈外 戍 杀 气 雄边,氣,873,873,負戈外,867,870,867,870,3,0,
window10,雄边,1,0.02965585610908241,liuxie_shipin__shipin_01,liuxie_shipin__shipin_01__part01,詩品·序,鍾嶸,或負戈外戍，殺氣雄邊；,或負戈外戍，殺氣雄邊；,或 负戈外 戍 杀 气 雄边,氣,873,873,雄邊,874,876,874,876,1,0,
window10,奇高,1,0.02965585610908241,liuxie_shipin__shipin_02,liuxie_shipin__shipin_02__part01,詩品·卷上,鍾嶸,骨氣奇高，詞采華茂，情兼雅怨，體被文質，粲溢今古，卓爾不群。,骨氣奇高，詞采華茂，情兼雅怨，體被文質，粲溢今古，卓爾不群。,骨 气 奇高 词采 华茂 情兼雅怨 体 被 文质 粲溢 今古 卓尔不群,氣,226,226,奇高,227,229,227,229,1,0,
window10,华茂,1,0.02965585610908241,liuxie_shipin__shipin_02,liuxie_shipin__shipin_02__part01,詩品·卷上,鍾嶸,骨氣奇高，詞采華茂，情兼雅怨，體被文質，粲溢今古，卓爾不群。,骨氣奇高，詞采華茂，情兼雅怨，體被文質，粲溢今古，卓爾不群。,骨 气 奇高 词采 华茂 情兼雅怨 体 被 文质 粲溢 今古 卓尔不群,氣,226,226,華茂,232,234,232,234,3,0,
window10,情兼雅怨,1,0.02965585610908241,liuxie_shipin__shipin_02,liuxie_shipin__shipin_02__part01,詩品·卷上,鍾嶸,骨氣奇高，詞采華茂，情兼雅怨，體被文質，粲溢今古，卓爾不群。,骨氣奇高，詞采華茂，情兼雅怨，體被文質，粲溢今古，卓爾不群。,骨 气 奇高 词采 华茂 情兼雅怨 体 被 文质 粲溢 今古 卓尔不群,氣,226,226,情兼雅怨,235,239,235,239,4,0,
window10,粲溢,1,0.02965585610908241,liuxie_shipin__shipin_02,liuxie_shipin__shipin_02__part01,詩品·卷上,鍾嶸,骨氣奇高，詞采華茂，情兼雅怨，體被文質，粲溢今古，卓爾不群。,骨氣奇高，詞采華茂，情兼雅怨，體被文質，粲溢今古，卓爾不群。,骨 气 奇高 词采 华茂 情兼雅怨 体 被 文质 粲溢 今古 卓尔不群,氣,226,226,粲溢,245,247,245,247,8,0,
window10,卓尔不群,1,0.02965585610908241,liuxie_shipin__shipin_02,liuxie_shipin__shipin_02__part01,詩品·卷上,鍾嶸,骨氣奇高，詞采華茂，情兼雅怨，體被文質，粲溢今古，卓爾不群。,骨氣奇高，詞采華茂，情兼雅怨，體被文質，粲溢今古，卓爾不群。,骨 气 奇高 词采 华茂 情兼雅怨 体 被 文质 粲溢 今古 卓尔不群,氣,226,226,卓爾不群,250,254,250,254,10,0,
window10,动多振绝,1,0.02965585610908241,liuxie_shipin__shipin_02,liuxie_shipin__shipin_02__part01,詩品·卷上,鍾嶸,仗氣愛奇，動多振絕。,仗氣愛奇，動多振絕。,仗 气 爱奇 动多振绝,氣,367,367,動多振絕,371,375,371,375,2,0,
window10,雕润,1,0.02965585610908241,liuxie_shipin__shipin_02,liuxie_shipin__shipin_02__part01,詩品·卷上,鍾嶸,但氣過其文，雕潤恨少。,但氣過其文，雕潤恨少。,但 气 过其文 雕润 恨少,氣,387,387,雕潤,392,394,392,394,2,0,
window10,少于,1,0.02965585610908241,liuxie_shipin__shipin_02,liuxie_shipin__shipin_02__part01,詩品·卷上,鍾嶸,氣少於公幹，文劣於仲宣。,氣少於公幹，文劣於仲宣。,气 少于 公干 文 劣于 仲宣,氣,574,574,少於,575,577,575,577,1,0,
window10,劣于,1,0.02965585610908241,liuxie_shipin__shipin_02,liuxie_shipin__shipin_02__part01,詩品·卷上,鍾嶸,氣少於公幹，文劣於仲宣。,氣少於公幹，文劣於仲宣。,气 少于 公干 文 劣于 仲宣,氣,574,574,劣於,581,583,581,583,4,0,
window10,疏亮,1,0.02965585610908241,liuxie_shipin__shipin_03,liuxie_shipin__shipin_03__part01,詩品·卷中,鍾嶸,雖名高曩代，而疏亮之士，猶恨其兒女情多，風雲氣少。,雖名高曩代，而疏亮之士，猶恨其兒女情多，風雲氣少。,虽名 高 曩 代 而 疏亮 之士 犹恨 其 儿女情 多 风云 气 少,氣,207,207,疏亮,192,194,192,194,7,0,
window10,犹恨,1,0.02965585610908241,liuxie_shipin__shipin_03,liuxie_shipin__shipin_03__part01,詩品·卷中,鍾嶸,雖名高曩代，而疏亮之士，猶恨其兒女情多，風雲氣少。,雖名高曩代，而疏亮之士，猶恨其兒女情多，風雲氣少。,虽名 高 曩 代 而 疏亮 之士 犹恨 其 儿女情 多 风云 气 少,氣,207,207,猶恨,197,199,197,199,5,0,
window10,儿女情,1,0.02965585610908241,liuxie_shipin__shipin_03,liuxie_shipin__shipin_03__part01,詩品·卷中,鍾嶸,雖名高曩代，而疏亮之士，猶恨其兒女情多，風雲氣少。,雖名高曩代，而疏亮之士，猶恨其兒女情多，風雲氣少。,虽名 高 曩 代 而 疏亮 之士 犹恨 其 儿女情 多 风云 气 少,氣,207,207,兒女情,200,203,200,203,3,0,
window10,凄戾,1,0.02965585610908241,liuxie_shipin__shipin_03,liuxie_shipin__shipin_03__part01,詩品·卷中,鍾嶸,善為淒戾之詞，自有清拔之氣。,善為淒戾之詞，自有清拔之氣。,善为 凄戾 之词 自有 清拔 之 气,氣,453,453,淒戾,443,445,443,445,5,0,
window10,调警拔,1,0.02965585610908241,liuxie_shipin__shipin_03,liuxie_shipin__shipin_03__part01,詩品·卷中,鍾嶸,觀此五子，文雖不多，氣調警拔，吾許其進，則鮑照、江淹未足逮止。,觀此五子，文雖不多，氣調警拔，吾許其進，則鮑照、江淹未足逮止。,观此 五子 文 虽 不 多 气 调警拔 吾许 其进 则 鲍照 江淹 未足 逮止,氣,671,671,調警拔,672,675,672,675,1,0,
window10,吾许,1,0.02965585610908241,liuxie_shipin__shipin_03,liuxie_shipin__shipin_03__part01,詩品·卷中,鍾嶸,觀此五子，文雖不多，氣調警拔，吾許其進，則鮑照、江淹未足逮止。,觀此五子，文雖不多，氣調警拔，吾許其進，則鮑照、江淹未足逮止。,观此 五子 文 虽 不 多 气 调警拔 吾许 其进 则 鲍照 江淹 未足 逮止,氣,671,671,吾許,676,678,676,678,2,0,
window10,其进,1,0.02965585610908241,liuxie_shipin__shipin_03,liuxie_shipin__shipin_03__part01,詩品·卷中,鍾嶸,觀此五子，文雖不多，氣調警拔，吾許其進，則鮑照、江淹未足逮止。,觀此五子，文雖不多，氣調警拔，吾許其進，則鮑照、江淹未足逮止。,观此 五子 文 虽 不 多 气 调警拔 吾许 其进 则 鲍照 江淹 未足 逮止,氣,671,671,其進,678,680,678,680,3,0,
window10,逮止,1,0.02965585610908241,liuxie_shipin__shipin_03,liuxie_shipin__shipin_03__part01,詩品·卷中,鍾嶸,觀此五子，文雖不多，氣調警拔，吾許其進，則鮑照、江淹未足逮止。,觀此五子，文雖不多，氣調警拔，吾許其進，則鮑照、江淹未足逮止。,观此 五子 文 虽 不 多 气 调警拔 吾许 其进 则 鲍照 江淹 未足 逮止,氣,671,671,逮止,689,691,689,691,8,0,
window10,逸诗,1,0.02965585610908241,liuxie_shipin__shipin_04,liuxie_shipin__shipin_04__part01,詩品·卷下,鍾嶸,希逸詩，氣候清雅，不逮於范、袁。,希逸詩，氣候清雅，不逮於范、袁。,希 逸诗 气 候 清雅 不 逮于 范 袁,氣,450,450,逸詩,447,449,447,449,1,0,
window10,尝语,1,0.02965585610908241,liuxie_shipin__shipin_04,liuxie_shipin__shipin_04__part01,詩品·卷下,鍾嶸,嘗語徐太尉云：“我詩有生氣，須人捉著。,嘗語徐太尉云：“我詩有生氣，須人捉著。,尝语 徐 太尉 云 我 诗 有生 气 须 人 捉 著,氣,1233,1233,嘗語,1221,1223,1221,1223,7,0,
sentence,公干,6,2.457332033967141e-06,weijin__caopi_wuzhi,weijin__caopi_wuzhi__part01,與吳質書（二月三日）,曹丕,公幹有逸氣，但未遒耳，至其五言詩，妙絕當時。,公幹有逸氣，但未遒耳，至其五言詩，妙絕當時。,公干 有逸 气 但 未 遒 耳 至 其 五言诗 妙绝 当时,氣,363,363,公幹,359,361,359,361,same_segment,0,
sentence,不可,4,0.010574705858051425,weijin__caopi_lunwen,weijin__caopi_lunwen__part01,典論·論文,曹丕,氣之清濁有體，不可力強而致。,氣之清濁有體，不可力強而致。,气 之 清浊 有体 不可 力强 而致,氣,450,450,不可,457,459,457,459,same_segment,0,
sentence,若夫,4,0.011707881549975041,liuxie_shipin__liuxie_10,liuxie_shipin__liuxie_10__part01,文心雕龍·祝盟,劉勰,若夫臧洪歃辭，氣截雲蜺；,若夫臧洪歃辭，氣截雲蜺；,若夫 臧洪 歃辞 气 截 云蜺,氣,777,777,若夫,770,772,770,772,same_segment,0,
sentence,孔融,3,0.0012397138412869602,weijin__caopi_lunwen,weijin__caopi_lunwen__part01,典論·論文,曹丕,孔融體氣高妙，有過人者；,孔融體氣高妙，有過人者；,孔融 体 气 高妙 有 过人 者,氣,327,327,孔融,324,326,324,326,same_segment,0,
sentence,长于,2,0.009184166252963477,weijin__caopi_lunwen,weijin__caopi_lunwen__part01,典論·論文,曹丕,王粲長於辭賦，徐幹時有齊氣，然粲之匹也。,王粲長於辭賦，徐幹時有齊氣，然粲之匹也。,王 粲 长于 辞赋 徐 干时 有齐 气 然 粲 之匹 也,氣,241,241,長於,231,233,231,233,same_segment,0,
sentence,高妙,2,0.0006551272194502527,weijin__caopi_lunwen,weijin__caopi_lunwen__part01,典論·論文,曹丕,孔融體氣高妙，有過人者；,孔融體氣高妙，有過人者；,孔融 体 气 高妙 有 过人 者,氣,327,327,高妙,328,330,328,330,same_segment,0,
sentence,文以,2,0.009184166252963477,weijin__caopi_lunwen,weijin__caopi_lunwen__part01,典論·論文,曹丕,文以氣為主；,文以氣為主；,文以 气 为主,氣,446,446,文以,444,446,444,446,same_segment,0,
sentence,为主,2,0.006226885788319869,weijin__caopi_lunwen,weijin__caopi_lunwen__part01,典論·論文,曹丕,文以氣為主；,文以氣為主；,文以 气 为主,氣,446,446,為主,447,449,447,449,same_segment,0,
sentence,清浊,2,0.016576994661278488,weijin__caopi_lunwen,weijin__caopi_lunwen__part01,典論·論文,曹丕,氣之清濁有體，不可力強而致。,氣之清濁有體，不可力強而致。,气 之 清浊 有体 不可 力强 而致,氣,450,450,清濁,452,454,452,454,same_segment,0,
sentence,有体,2,0.0019323278127833913,weijin__caopi_lunwen,weijin__caopi_lunwen__part01,典論·論文,曹丕,氣之清濁有體，不可力強而致。,氣之清濁有體，不可力強而致。,气 之 清浊 有体 不可 力强 而致,氣,450,450,有體,454,456,454,456,same_segment,0,
sentence,力强,2,0.0019323278127833913,weijin__caopi_lunwen,weijin__caopi_lunwen__part01,典論·論文,曹丕,氣之清濁有體，不可力強而致。,氣之清濁有體，不可力強而致。,气 之 清浊 有体 不可 力强 而致,氣,450,450,力強,459,461,459,461,same_segment,0,
sentence,而致,2,0.0019323278127833913,weijin__caopi_lunwen,weijin__caopi_lunwen__part01,典論·論文,曹丕,氣之清濁有體，不可力強而致。,氣之清濁有體，不可力強而致。,气 之 清浊 有体 不可 力强 而致,氣,450,450,而致,461,463,461,463,same_segment,0,
sentence,当时,2,0.009184166252963477,weijin__caopi_wuzhi,weijin__caopi_wuzhi__part01,與吳質書（二月三日）,曹丕,公幹有逸氣，但未遒耳，至其五言詩，妙絕當時。,公幹有逸氣，但未遒耳，至其五言詩，妙絕當時。,公干 有逸 气 但 未 遒 耳 至 其 五言诗 妙绝 当时,氣,363,363,當時,378,380,378,380,same_segment,0,
sentence,然后,2,0.04248162133280864,liuxie_shipin__liuxie_29,liuxie_shipin__liuxie_29__part01,文心雕龍·通變,劉勰,是以規略文統，宜宏大體，先博覽以精閱，總綱紀而攝契，然後拓衢路，置關鍵，長轡遠馭，從容按節，憑情以會通，負氣以適變，采如宛虹之奮鬐，光若長離之振翼，迺穎脫之文矣。,是以規略文統，宜宏大體，先博覽以精閱，總綱紀而攝契，然後拓衢路，置關鍵，長轡遠馭，從容按節，憑情以會通，負氣以適變，采如宛虹之奮鬐，光若長離之振翼，迺穎脫之文矣。,是 以 规略 文统 宜 宏大 体 先 博览 以 精阅 总 纲纪 而 摄契 然后 拓衢 路 置 关键 长辔远驭 从容 按节 凭情 以 会通 负 气 以 适变 采如 宛虹 之奋 鬐 光若 长离 之 振翼 迺 颖脱 之文 矣,氣,716,716,然後,689,691,689,691,same_segment,0,
sentence,慷慨,2,0.009184166252963477,liuxie_shipin__liuxie_06,liuxie_shipin__liuxie_06__part01,文心雕龍·明詩,劉勰,並憐風月，狎池苑，述恩榮，敘酣宴，慷慨以任氣，磊落以使才；,並憐風月，狎池苑，述恩榮，敘酣宴，慷慨以任氣，磊落以使才；,并怜 风月 狎 池苑 述 恩荣 叙酣宴 慷慨 以任 气 磊落 以使 才,氣,584,584,慷慨,580,582,580,582,same_segment,0,
sentence,刚柔,2,0.009184166252963477,liuxie_shipin__liuxie_27,liuxie_shipin__liuxie_27__part01,文心雕龍·體性,劉勰,然才有庸俊，氣有剛柔，學有淺深，習有雅鄭，並情性所鑠，陶染所凝，是以筆區雲譎，文苑波詭者矣。,然才有庸俊，氣有剛柔，學有淺深，習有雅鄭，並情性所鑠，陶染所凝，是以筆區雲譎，文苑波詭者矣。,然才 有庸俊 气 有 刚柔 学有 浅深 习有 雅郑 并 情性 所铄 陶染 所 凝 是 以 笔区 云谲 文苑 波诡 者 矣,氣,34,34,剛柔,36,38,36,38,same_segment,0,
sentence,之数,2,0.025764329863395496,liuxie_shipin__liuxie_20,liuxie_shipin__liuxie_20__part01,文心雕龍·檄移,劉勰,故分閫推轂，奉辭伐罪，非唯致果為毅，亦且厲辭為武，使聲如衝風所擊，氣似欃槍所掃，奮其武怒，總其罪人，懲其惡稔之時，顯其貫盈之數，搖奸宄之膽，訂信慎之心，使百尺之衝，摧折於咫書，萬雉之城，顛墜於一檄者也。,故分閫推轂，奉辭伐罪，非唯致果為毅，亦且厲辭為武，使聲如衝風所擊，氣似欃槍所掃，奮其武怒，總其罪人，懲其惡稔之時，顯其貫盈之數，搖奸宄之膽，訂信慎之心，使百尺之衝，摧折於咫書，萬雉之城，顛墜於一檄者也。,故 分阃 推毂 奉辞伐罪 非唯致果 为毅 亦且 厉辞 为 武 使声 如 冲风 所击 气 似 欃枪 所扫 奋其 武怒 总其 罪人 惩其 恶稔 之 时 显其 贯盈 之数 摇 奸宄 之胆 订信慎 之心 使 百尺 之冲 摧折 于 咫书 万雉 之 城 颠坠 于 一 檄者 也,氣,343,343,之數,371,373,371,373,same_segment,0,
sentence,情性,2,0.016576994661278488,liuxie_shipin__liuxie_27,liuxie_shipin__liuxie_27__part01,文心雕龍·體性,劉勰,然才有庸俊，氣有剛柔，學有淺深，習有雅鄭，並情性所鑠，陶染所凝，是以筆區雲譎，文苑波詭者矣。,然才有庸俊，氣有剛柔，學有淺深，習有雅鄭，並情性所鑠，陶染所凝，是以筆區雲譎，文苑波詭者矣。,然才 有庸俊 气 有 刚柔 学有 浅深 习有 雅郑 并 情性 所铄 陶染 所 凝 是 以 笔区 云谲 文苑 波诡 者 矣,氣,34,34,情性,50,52,50,52,same_segment,0,
sentence,江左,2,0.006226885788319869,southnorth__xiaozixian_wenxue,southnorth__xiaozixian_wenxue__part01,南齊書·文學傳論及贊,蕭子顯,江左風味，盛道家之言，郭璞舉其靈變，許詢極其名理，仲文玄氣，猶不盡除，謝混情新，得名未盛。,江左風味，盛道家之言，郭璞舉其靈變，許詢極其名理，仲文玄氣，猶不盡除，謝混情新，得名未盛。,江左 风味 盛 道家 之 言 郭璞举 其 灵变 许询 极其 名理 仲文玄 气 犹 不尽 除 谢混情 新 得名 未盛,氣,501,501,江左,473,475,473,475,same_segment,0,
sentence,体制,2,0.0037997865152542367,liuxie_shipin__liuxie_07,liuxie_shipin__liuxie_07__part01,文心雕龍·樂府,劉勰,暨武帝崇禮，始立樂府，總趙代之音，撮齊楚之氣，延年以曼聲協律，朱馬以騷體製歌，《桂華》雜曲，麗而不經，《赤雁》群篇，靡而非典，河間薦雅而罕御，故汲黯致譏於天馬也。,暨武帝崇禮，始立樂府，總趙代之音，撮齊楚之氣，延年以曼聲協律，朱馬以騷體製歌，《桂華》雜曲，麗而不經，《赤雁》群篇，靡而非典，河間薦雅而罕御，故汲黯致譏於天馬也。,暨 武帝 崇礼 始立 乐府 总 赵代之音 撮 齐楚 之 气 延年 以 曼声 协律 朱马 以骚 体制 歌 桂华 杂曲 丽而 不经 赤雁 群篇 靡 而 非典 河间 荐雅 而 罕御 故 汲 黯致 讥于 天马 也,氣,310,310,體製,324,326,324,326,same_segment,0,
sentence,英华,2,0.009184166252963477,liuxie_shipin__liuxie_27,liuxie_shipin__liuxie_27__part01,文心雕龍·體性,劉勰,氣以實志，志以定言，吐納英華，莫非情性。,氣以實志，志以定言，吐納英華，莫非情性。,气 以 实志 志以 定言 吐纳 英华 莫非 情性,氣,369,369,英華,381,383,381,383,same_segment,0,
sentence,耳目,2,0.009184166252963477,liuxie_shipin__liuxie_35,liuxie_shipin__liuxie_35__part01,文心雕龍·麗辭,劉勰,若氣無奇類，文乏異采，碌碌麗辭，則昏睡耳目。,若氣無奇類，文乏異采，碌碌麗辭，則昏睡耳目。,若 气 无奇 类 文乏 异采 碌碌 丽辞 则 昏睡 耳目,氣,654,654,耳目,672,674,672,674,same_segment,0,
sentence,吐纳,2,0.020959074902377695,liuxie_shipin__liuxie_27,liuxie_shipin__liuxie_27__part01,文心雕龍·體性,劉勰,氣以實志，志以定言，吐納英華，莫非情性。,氣以實志，志以定言，吐納英華，莫非情性。,气 以 实志 志以 定言 吐纳 英华 莫非 情性,氣,369,369,吐納,379,381,379,381,same_segment,0,
sentence,以任,2,0.0006551272194502527,liuxie_shipin__liuxie_06,liuxie_shipin__liuxie_06__part01,文心雕龍·明詩,劉勰,並憐風月，狎池苑，述恩榮，敘酣宴，慷慨以任氣，磊落以使才；,並憐風月，狎池苑，述恩榮，敘酣宴，慷慨以任氣，磊落以使才；,并怜 风月 狎 池苑 述 恩荣 叙酣宴 慷慨 以任 气 磊落 以使 才,氣,584,584,以任,582,584,582,584,same_segment,0,
sentence,大略,2,0.006226885788319869,liuxie_shipin__liuxie_17,liuxie_shipin__liuxie_17__part01,文心雕龍·諸子,劉勰,呂氏鑒遠而體周，淮南汎採而文麗，斯則得百氏之華采，而辭氣文之大略也。,呂氏鑒遠而體周，淮南汎採而文麗，斯則得百氏之華采，而辭氣文之大略也。,吕氏 鉴远 而 体周 淮南 泛采 而 文丽 斯则 得 百氏 之 华采 而辞 气 文之 大略 也,氣,860,860,大略,863,865,863,865,same_segment,0,
sentence,必使,2,0.009184166252963477,liuxie_shipin__liuxie_23,liuxie_shipin__liuxie_23__part01,文心雕龍·奏啟,劉勰,故位在鷙擊，砥礪其氣，必使筆端振風，簡上凝霜者也。,故位在鷙擊，砥礪其氣，必使筆端振風，簡上凝霜者也。,故位 在 鸷击 砥砺 其 气 必使 笔端 振风 简上 凝霜 者 也,氣,422,422,必使,424,426,424,426,same_segment,0,
sentence,刚健,2,0.0006551272194502527,liuxie_shipin__liuxie_20,liuxie_shipin__liuxie_20__part01,文心雕龍·檄移,劉勰,故其植義颺辭，務在剛健，插羽以示迅，不可使辭緩，露板以宣眾，不可使義隱，必事昭而理辨，氣盛而辭斷，此其要也。,故其植義颺辭，務在剛健，插羽以示迅，不可使辭緩，露板以宣眾，不可使義隱，必事昭而理辨，氣盛而辭斷，此其要也。,故其 植义 飏 辞 务 在 刚健 插羽 以示 迅 不可 使 辞缓 露板 以 宣众 不可 使义 隐 必事昭而理 辨 气 盛而 辞断 此其要 也,氣,661,661,剛健,627,629,627,629,same_segment,0,
sentence,法家,2,0.0019323278127833913,liuxie_shipin__liuxie_21,liuxie_shipin__liuxie_21__part01,文心雕龍·封禪,劉勰,秦皇銘岱，文自李斯，法家辭氣，體乏弘潤。,秦皇銘岱，文自李斯，法家辭氣，體乏弘潤。,秦皇 铭 岱 文自 李斯 法家 辞 气 体乏 弘润,氣,258,258,法家,255,257,255,257,same_segment,0,
sentence,祢衡,2,0.0037997865152542367,liuxie_shipin__liuxie_22,liuxie_shipin__liuxie_22__part01,文心雕龍·章表,劉勰,至於文舉之薦禰衡，氣揚采飛；,至於文舉之薦禰衡，氣揚采飛；,至于 文举 之荐 祢衡 气 扬 采飞,氣,507,507,禰衡,504,506,504,506,same_segment,0,
sentence,关键,2,0.0019323278127833913,liuxie_shipin__liuxie_26,liuxie_shipin__liuxie_26__part01,文心雕龍·神思,劉勰,神居胸臆，而志氣統其關鍵；,神居胸臆，而志氣統其關鍵；,神居 胸臆 而志 气 统其 关键,氣,106,106,關鍵,109,111,109,111,same_segment,0,
sentence,王充,2,0.0006551272194502527,liuxie_shipin__liuxie_26,liuxie_shipin__liuxie_26__part01,文心雕龍·神思,劉勰,人之稟才，遲速異分，文之制體，大小殊功，相如含筆而腐毫，揚雄輟翰而驚夢，桓譚疾感於苦思，王充氣竭於思慮，張衡研京以十年，左思練都以一紀，雖有巨文，亦思之緩也。,人之稟才，遲速異分，文之制體，大小殊功，相如含筆而腐毫，揚雄輟翰而驚夢，桓譚疾感於苦思，王充氣竭於思慮，張衡研京以十年，左思練都以一紀，雖有巨文，亦思之緩也。,人 之 禀才 迟速 异分 文之制体 大小 殊功 相如 含笔 而 腐毫 扬雄 辍翰 而 惊梦 桓 谭疾 感于 苦思 王充 气 竭于 思虑 张衡 研京以 十年 左思 练 都 以 一纪 虽有 巨文 亦 思之缓 也,氣,441,441,王充,439,441,439,441,same_segment,0,
sentence,肇自血,2,0.0006551272194502527,liuxie_shipin__liuxie_27,liuxie_shipin__liuxie_27__part01,文心雕龍·體性,劉勰,若夫八體屢遷，功以學成，才力居中，肇自血氣；,若夫八體屢遷，功以學成，才力居中，肇自血氣；,若夫 八体 屡迁 功以 学成 才力 居中 肇自血 气,氣,367,367,肇自血,364,367,364,367,same_segment,0,
sentence,思锐,2,0.0006551272194502527,liuxie_shipin__liuxie_42,liuxie_shipin__liuxie_42__part01,文心雕龍·養氣,劉勰,凡童少鑒淺而志盛，長艾識堅而氣衰，志盛者思銳以勝勞，氣衰者慮密以傷神，斯實中人之常資，歲時之大較也。,凡童少鑒淺而志盛，長艾識堅而氣衰，志盛者思銳以勝勞，氣衰者慮密以傷神，斯實中人之常資，歲時之大較也。,凡童 少鉴 浅 而志盛 长艾 识坚 而 气 衰 志 盛者 思锐 以胜劳 气 衰者虑 密以 伤神 斯实 中人 之常资 岁时 之 大较 也,氣,211,211,思銳,217,219,217,219,same_segment,0,
sentence,谈笑,2,0.0037997865152542367,liuxie_shipin__liuxie_42,liuxie_shipin__liuxie_42__part01,文心雕龍·養氣,劉勰,是以吐納文蓺，務在節宣，清和其心，條暢其氣，煩而即捨，勿使壅滯，意得則舒懷以命筆，理伏則投筆以卷懷，逍遙以針勞，談笑以藥勌，常弄閑於才鋒，賈餘於文勇，使刃發如新，湊理無滯，雖非胎息之邁術，斯亦衛氣之一方也。,是以吐納文蓺，務在節宣，清和其心，條暢其氣，煩而即捨，勿使壅滯，意得則舒懷以命筆，理伏則投筆以卷懷，逍遙以針勞，談笑以藥勌，常弄閑於才鋒，賈餘於文勇，使刃發如新，湊理無滯，雖非胎息之邁術，斯亦衛氣之一方也。,是 以 吐纳 文 蓺 务 在 节宣 清 和 其心 条畅 其 气 烦而 即舍 勿 使 壅滞 意得 则 舒怀 以 命笔 理伏 则 投笔 以 卷怀 逍遥 以 针劳 谈笑 以药 勌 常弄 闲于 才锋 贾余 于 文勇 使刃 发如新 凑理 无滞 虽非 胎息 之 迈术 斯亦卫 气 之 一方 也,氣,505,505,談笑,541,543,541,543,same_segment,0,
sentence,动物,2,0.0006551272194502527,liuxie_shipin__liuxie_46,liuxie_shipin__liuxie_46__part01,文心雕龍·物色,劉勰,蓋陽氣萌而玄駒步，陰律凝而丹鳥羞，微蟲猶或入感，四時之動物深矣。,蓋陽氣萌而玄駒步，陰律凝而丹鳥羞，微蟲猶或入感，四時之動物深矣。,盖阳 气 萌而 玄驹 步 阴律 凝而 丹鸟 羞 微虫 犹 或 入感 四时 之 动物 深 矣,氣,22,22,動物,47,49,47,49,same_segment,0,
sentence,干时,1,0.02571860816944126,weijin__caopi_lunwen,weijin__caopi_lunwen__part01,典論·論文,曹丕,王粲長於辭賦，徐幹時有齊氣，然粲之匹也。,王粲長於辭賦，徐幹時有齊氣，然粲之匹也。,王 粲 长于 辞赋 徐 干时 有齐 气 然 粲 之匹 也,氣,241,241,幹時,237,239,237,239,same_segment,0,
sentence,有齐,1,0.02571860816944126,weijin__caopi_lunwen,weijin__caopi_lunwen__part01,典論·論文,曹丕,王粲長於辭賦，徐幹時有齊氣，然粲之匹也。,王粲長於辭賦，徐幹時有齊氣，然粲之匹也。,王 粲 长于 辞赋 徐 干时 有齐 气 然 粲 之匹 也,氣,241,241,有齊,239,241,239,241,same_segment,0,
sentence,过人,1,0.02571860816944126,weijin__caopi_lunwen,weijin__caopi_lunwen__part01,典論·論文,曹丕,孔融體氣高妙，有過人者；,孔融體氣高妙，有過人者；,孔融 体 气 高妙 有 过人 者,氣,327,327,過人,332,334,332,334,same_segment,0,
sentence,不齐,1,0.02571860816944126,weijin__caopi_lunwen,weijin__caopi_lunwen__part01,典論·論文,曹丕,至於引氣不齊，巧拙有素，雖在父兄，不能以移子弟。,至於引氣不齊，巧拙有素，雖在父兄，不能以移子弟。,至于 引 气 不齐 巧拙 有素 虽 在 父兄 不能 以移 子弟,氣,482,482,不齊,483,485,483,485,same_segment,0,
sentence,有素,1,0.02571860816944126,weijin__caopi_lunwen,weijin__caopi_lunwen__part01,典論·論文,曹丕,至於引氣不齊，巧拙有素，雖在父兄，不能以移子弟。,至於引氣不齊，巧拙有素，雖在父兄，不能以移子弟。,至于 引 气 不齐 巧拙 有素 虽 在 父兄 不能 以移 子弟,氣,482,482,有素,488,490,488,490,same_segment,0,
sentence,父兄,1,0.02571860816944126,weijin__caopi_lunwen,weijin__caopi_lunwen__part01,典論·論文,曹丕,至於引氣不齊，巧拙有素，雖在父兄，不能以移子弟。,至於引氣不齊，巧拙有素，雖在父兄，不能以移子弟。,至于 引 气 不齐 巧拙 有素 虽 在 父兄 不能 以移 子弟,氣,482,482,父兄,493,495,493,495,same_segment,0,
sentence,以移,1,0.02571860816944126,weijin__caopi_lunwen,weijin__caopi_lunwen__part01,典論·論文,曹丕,至於引氣不齊，巧拙有素，雖在父兄，不能以移子弟。,至於引氣不齊，巧拙有素，雖在父兄，不能以移子弟。,至于 引 气 不齐 巧拙 有素 虽 在 父兄 不能 以移 子弟,氣,482,482,以移,498,500,498,500,same_segment,0,
sentence,子弟,1,0.02571860816944126,weijin__caopi_lunwen,weijin__caopi_lunwen__part01,典論·論文,曹丕,至於引氣不齊，巧拙有素，雖在父兄，不能以移子弟。,至於引氣不齊，巧拙有素，雖在父兄，不能以移子弟。,至于 引 气 不齐 巧拙 有素 虽 在 父兄 不能 以移 子弟,氣,482,482,子弟,500,502,500,502,same_segment,0,
sentence,有逸,1,0.02571860816944126,weijin__caopi_wuzhi,weijin__caopi_wuzhi__part01,與吳質書（二月三日）,曹丕,公幹有逸氣，但未遒耳，至其五言詩，妙絕當時。,公幹有逸氣，但未遒耳，至其五言詩，妙絕當時。,公干 有逸 气 但 未 遒 耳 至 其 五言诗 妙绝 当时,氣,363,363,有逸,361,363,361,363,same_segment,0,
sentence,妙绝,1,0.02571860816944126,weijin__caopi_wuzhi,weijin__caopi_wuzhi__part01,與吳質書（二月三日）,曹丕,公幹有逸氣，但未遒耳，至其五言詩，妙絕當時。,公幹有逸氣，但未遒耳，至其五言詩，妙絕當時。,公干 有逸 气 但 未 遒 耳 至 其 五言诗 妙绝 当时,氣,363,363,妙絕,376,378,376,378,same_segment,0,
sentence,芬馥,1,0.02571860816944126,weijin__gehong_辭義,weijin__gehong_辭義__part01,抱朴子外篇·辭義,葛洪,茝蕙芬馥，非容氣所假。,茝蕙芬馥，非容氣所假。,茝 蕙 芬馥 非容 气 所假,氣,44,44,芬馥,39,41,39,41,same_segment,0,
sentence,非容,1,0.02571860816944126,weijin__gehong_辭義,weijin__gehong_辭義__part01,抱朴子外篇·辭義,葛洪,茝蕙芬馥，非容氣所假。,茝蕙芬馥，非容氣所假。,茝 蕙 芬馥 非容 气 所假,氣,44,44,非容,42,44,42,44,same_segment,0,
sentence,所假,1,0.02571860816944126,weijin__gehong_辭義,weijin__gehong_辭義__part01,抱朴子外篇·辭義,葛洪,茝蕙芬馥，非容氣所假。,茝蕙芬馥，非容氣所假。,茝 蕙 芬馥 非容 气 所假,氣,44,44,所假,45,47,45,47,same_segment,0,
sentence,虽虞夏,1,0.02571860816944126,southnorth__shenyue_xielingyunlun,southnorth__shenyue_xielingyunlun__part01,宋書·謝靈運傳論,沈約,雖虞夏以前，遺文不覩，稟氣懷靈，理無或異。,雖虞夏以前，遺文不覩，稟氣懷靈，理無或異。,虽虞夏 以前 遗文 不 覩 禀 气 怀灵 理 无或 异,氣,67,67,雖虞夏,55,58,55,58,same_segment,0,
sentence,怀灵,1,0.02571860816944126,southnorth__shenyue_xielingyunlun,southnorth__shenyue_xielingyunlun__part01,宋書·謝靈運傳論,沈約,雖虞夏以前，遺文不覩，稟氣懷靈，理無或異。,雖虞夏以前，遺文不覩，稟氣懷靈，理無或異。,虽虞夏 以前 遗文 不 覩 禀 气 怀灵 理 无或 异,氣,67,67,懷靈,68,70,68,70,same_segment,0,
sentence,清辞丽曲,1,0.02571860816944126,southnorth__shenyue_xielingyunlun,southnorth__shenyue_xielingyunlun__part01,宋書·謝靈運傳論,沈約,雖清辭麗曲，時發乎篇，而蕪音累氣，固亦多矣。,雖清辭麗曲，時發乎篇，而蕪音累氣，固亦多矣。,虽 清辞丽曲 时 发乎 篇 而 芜音 累 气 固亦多 矣,氣,187,187,清辭麗曲,173,177,173,177,same_segment,0,
sentence,芜音,1,0.02571860816944126,southnorth__shenyue_xielingyunlun,southnorth__shenyue_xielingyunlun__part01,宋書·謝靈運傳論,沈約,雖清辭麗曲，時發乎篇，而蕪音累氣，固亦多矣。,雖清辭麗曲，時發乎篇，而蕪音累氣，固亦多矣。,虽 清辞丽曲 时 发乎 篇 而 芜音 累 气 固亦多 矣,氣,187,187,蕪音,184,186,184,186,same_segment,0,
sentence,固亦多,1,0.02571860816944126,southnorth__shenyue_xielingyunlun,southnorth__shenyue_xielingyunlun__part01,宋書·謝靈運傳論,沈約,雖清辭麗曲，時發乎篇，而蕪音累氣，固亦多矣。,雖清辭麗曲，時發乎篇，而蕪音累氣，固亦多矣。,虽 清辞丽曲 时 发乎 篇 而 芜音 累 气 固亦多 矣,氣,187,187,固亦多,189,192,189,192,same_segment,0,
sentence,相如巧,1,0.02571860816944126,southnorth__shenyue_xielingyunlun,southnorth__shenyue_xielingyunlun__part01,宋書·謝靈運傳論,沈約,相如巧為形似之言，班固長於情理之說，子建、仲宣以氣質為體，並標能擅美，獨映當時。,相如巧為形似之言，班固長於情理之說，子建、仲宣以氣質為體，並標能擅美，獨映當時。,相如巧 为 形似 之 言 班固 长于 情理 之 说 子建 仲宣以 气 质为体 并 标能 擅美 独映 当时,氣,292,292,相如巧,268,271,268,271,same_segment,0,
sentence,仲宣以,1,0.02571860816944126,southnorth__shenyue_xielingyunlun,southnorth__shenyue_xielingyunlun__part01,宋書·謝靈運傳論,沈約,相如巧為形似之言，班固長於情理之說，子建、仲宣以氣質為體，並標能擅美，獨映當時。,相如巧為形似之言，班固長於情理之說，子建、仲宣以氣質為體，並標能擅美，獨映當時。,相如巧 为 形似 之 言 班固 长于 情理 之 说 子建 仲宣以 气 质为体 并 标能 擅美 独映 当时,氣,292,292,仲宣以,289,292,289,292,same_segment,0,
sentence,质为体,1,0.02571860816944126,southnorth__shenyue_xielingyunlun,southnorth__shenyue_xielingyunlun__part01,宋書·謝靈運傳論,沈約,相如巧為形似之言，班固長於情理之說，子建、仲宣以氣質為體，並標能擅美，獨映當時。,相如巧為形似之言，班固長於情理之說，子建、仲宣以氣質為體，並標能擅美，獨映當時。,相如巧 为 形似 之 言 班固 长于 情理 之 说 子建 仲宣以 气 质为体 并 标能 擅美 独映 当时,氣,292,292,質為體,293,296,293,296,same_segment,0,
sentence,标能,1,0.02571860816944126,southnorth__shenyue_xielingyunlun,southnorth__shenyue_xielingyunlun__part01,宋書·謝靈運傳論,沈約,相如巧為形似之言，班固長於情理之說，子建、仲宣以氣質為體，並標能擅美，獨映當時。,相如巧為形似之言，班固長於情理之說，子建、仲宣以氣質為體，並標能擅美，獨映當時。,相如巧 为 形似 之 言 班固 长于 情理 之 说 子建 仲宣以 气 质为体 并 标能 擅美 独映 当时,氣,292,292,標能,298,300,298,300,same_segment,0,
sentence,独映,1,0.02571860816944126,southnorth__shenyue_xielingyunlun,southnorth__shenyue_xielingyunlun__part01,宋書·謝靈運傳論,沈約,相如巧為形似之言，班固長於情理之說，子建、仲宣以氣質為體，並標能擅美，獨映當時。,相如巧為形似之言，班固長於情理之說，子建、仲宣以氣質為體，並標能擅美，獨映當時。,相如巧 为 形似 之 言 班固 长于 情理 之 说 子建 仲宣以 气 质为体 并 标能 擅美 独映 当时,氣,292,292,獨映,303,305,303,305,same_segment,0,
sentence,仲文始,1,0.02571860816944126,southnorth__shenyue_xielingyunlun,southnorth__shenyue_xielingyunlun__part01,宋書·謝靈運傳論,沈約,仲文始革孫、許之風，叔源大變太元之氣。,仲文始革孫、許之風，叔源大變太元之氣。,仲文始 革孙 许之风 叔源 大变 太元 之 气,氣,502,502,仲文始,485,488,485,488,same_segment,0,
sentence,革孙,1,0.02571860816944126,southnorth__shenyue_xielingyunlun,southnorth__shenyue_xielingyunlun__part01,宋書·謝靈運傳論,沈約,仲文始革孫、許之風，叔源大變太元之氣。,仲文始革孫、許之風，叔源大變太元之氣。,仲文始 革孙 许之风 叔源 大变 太元 之 气,氣,502,502,革孫,488,490,488,490,same_segment,0,
sentence,许之风,1,0.02571860816944126,southnorth__shenyue_xielingyunlun,southnorth__shenyue_xielingyunlun__part01,宋書·謝靈運傳論,沈約,仲文始革孫、許之風，叔源大變太元之氣。,仲文始革孫、許之風，叔源大變太元之氣。,仲文始 革孙 许之风 叔源 大变 太元 之 气,氣,502,502,許之風,491,494,491,494,same_segment,0,
sentence,大变,1,0.02571860816944126,southnorth__shenyue_xielingyunlun,southnorth__shenyue_xielingyunlun__part01,宋書·謝靈運傳論,沈約,仲文始革孫、許之風，叔源大變太元之氣。,仲文始革孫、許之風，叔源大變太元之氣。,仲文始 革孙 许之风 叔源 大变 太元 之 气,氣,502,502,大變,497,499,497,499,same_segment,0,
sentence,太元,1,0.02571860816944126,southnorth__shenyue_xielingyunlun,southnorth__shenyue_xielingyunlun__part01,宋書·謝靈運傳論,沈約,仲文始革孫、許之風，叔源大變太元之氣。,仲文始革孫、許之風，叔源大變太元之氣。,仲文始 革孙 许之风 叔源 大变 太元 之 气,氣,502,502,太元,499,501,499,501,same_segment,0,
sentence,蕴思,1,0.02571860816944126,southnorth__xiaozixian_wenxue,southnorth__xiaozixian_wenxue__part01,南齊書·文學傳論及贊,蕭子顯,蘊思含毫，遊心內運，放言落紙，氣韻天成。,蘊思含毫，遊心內運，放言落紙，氣韻天成。,蕴思 含毫 游心 内运 放言 落纸 气 韵 天成,氣,33,33,蘊思,18,20,18,20,same_segment,0,
sentence,内运,1,0.02571860816944126,southnorth__xiaozixian_wenxue,southnorth__xiaozixian_wenxue__part01,南齊書·文學傳論及贊,蕭子顯,蘊思含毫，遊心內運，放言落紙，氣韻天成。,蘊思含毫，遊心內運，放言落紙，氣韻天成。,蕴思 含毫 游心 内运 放言 落纸 气 韵 天成,氣,33,33,內運,25,27,25,27,same_segment,0,
sentence,落纸,1,0.02571860816944126,southnorth__xiaozixian_wenxue,southnorth__xiaozixian_wenxue__part01,南齊書·文學傳論及贊,蕭子顯,蘊思含毫，遊心內運，放言落紙，氣韻天成。,蘊思含毫，遊心內運，放言落紙，氣韻天成。,蕴思 含毫 游心 内运 放言 落纸 气 韵 天成,氣,33,33,落紙,30,32,30,32,same_segment,0,
sentence,风味,1,0.02571860816944126,southnorth__xiaozixian_wenxue,southnorth__xiaozixian_wenxue__part01,南齊書·文學傳論及贊,蕭子顯,江左風味，盛道家之言，郭璞舉其靈變，許詢極其名理，仲文玄氣，猶不盡除，謝混情新，得名未盛。,江左風味，盛道家之言，郭璞舉其靈變，許詢極其名理，仲文玄氣，猶不盡除，謝混情新，得名未盛。,江左 风味 盛 道家 之 言 郭璞举 其 灵变 许询 极其 名理 仲文玄 气 犹 不尽 除 谢混情 新 得名 未盛,氣,501,501,風味,475,477,475,477,same_segment,0,
sentence,郭璞举,1,0.02571860816944126,southnorth__xiaozixian_wenxue,southnorth__xiaozixian_wenxue__part01,南齊書·文學傳論及贊,蕭子顯,江左風味，盛道家之言，郭璞舉其靈變，許詢極其名理，仲文玄氣，猶不盡除，謝混情新，得名未盛。,江左風味，盛道家之言，郭璞舉其靈變，許詢極其名理，仲文玄氣，猶不盡除，謝混情新，得名未盛。,江左 风味 盛 道家 之 言 郭璞举 其 灵变 许询 极其 名理 仲文玄 气 犹 不尽 除 谢混情 新 得名 未盛,氣,501,501,郭璞舉,484,487,484,487,same_segment,0,
sentence,灵变,1,0.02571860816944126,southnorth__xiaozixian_wenxue,southnorth__xiaozixian_wenxue__part01,南齊書·文學傳論及贊,蕭子顯,江左風味，盛道家之言，郭璞舉其靈變，許詢極其名理，仲文玄氣，猶不盡除，謝混情新，得名未盛。,江左風味，盛道家之言，郭璞舉其靈變，許詢極其名理，仲文玄氣，猶不盡除，謝混情新，得名未盛。,江左 风味 盛 道家 之 言 郭璞举 其 灵变 许询 极其 名理 仲文玄 气 犹 不尽 除 谢混情 新 得名 未盛,氣,501,501,靈變,488,490,488,490,same_segment,0,
sentence,极其,1,0.02571860816944126,southnorth__xiaozixian_wenxue,southnorth__xiaozixian_wenxue__part01,南齊書·文學傳論及贊,蕭子顯,江左風味，盛道家之言，郭璞舉其靈變，許詢極其名理，仲文玄氣，猶不盡除，謝混情新，得名未盛。,江左風味，盛道家之言，郭璞舉其靈變，許詢極其名理，仲文玄氣，猶不盡除，謝混情新，得名未盛。,江左 风味 盛 道家 之 言 郭璞举 其 灵变 许询 极其 名理 仲文玄 气 犹 不尽 除 谢混情 新 得名 未盛,氣,501,501,極其,493,495,493,495,same_segment,0,
sentence,仲文玄,1,0.02571860816944126,southnorth__xiaozixian_wenxue,southnorth__xiaozixian_wenxue__part01,南齊書·文學傳論及贊,蕭子顯,江左風味，盛道家之言，郭璞舉其靈變，許詢極其名理，仲文玄氣，猶不盡除，謝混情新，得名未盛。,江左風味，盛道家之言，郭璞舉其靈變，許詢極其名理，仲文玄氣，猶不盡除，謝混情新，得名未盛。,江左 风味 盛 道家 之 言 郭璞举 其 灵变 许询 极其 名理 仲文玄 气 犹 不尽 除 谢混情 新 得名 未盛,氣,501,501,仲文玄,498,501,498,501,same_segment,0,
sentence,谢混情,1,0.02571860816944126,southnorth__xiaozixian_wenxue,southnorth__xiaozixian_wenxue__part01,南齊書·文學傳論及贊,蕭子顯,江左風味，盛道家之言，郭璞舉其靈變，許詢極其名理，仲文玄氣，猶不盡除，謝混情新，得名未盛。,江左風味，盛道家之言，郭璞舉其靈變，許詢極其名理，仲文玄氣，猶不盡除，謝混情新，得名未盛。,江左 风味 盛 道家 之 言 郭璞举 其 灵变 许询 极其 名理 仲文玄 气 犹 不尽 除 谢混情 新 得名 未盛,氣,501,501,謝混情,508,511,508,511,same_segment,0,
sentence,得名,1,0.02571860816944126,southnorth__xiaozixian_wenxue,southnorth__xiaozixian_wenxue__part01,南齊書·文學傳論及贊,蕭子顯,江左風味，盛道家之言，郭璞舉其靈變，許詢極其名理，仲文玄氣，猶不盡除，謝混情新，得名未盛。,江左風味，盛道家之言，郭璞舉其靈變，許詢極其名理，仲文玄氣，猶不盡除，謝混情新，得名未盛。,江左 风味 盛 道家 之 言 郭璞举 其 灵变 许询 极其 名理 仲文玄 气 犹 不尽 除 谢混情 新 得名 未盛,氣,501,501,得名,513,515,513,515,same_segment,0,
sentence,未盛,1,0.02571860816944126,southnorth__xiaozixian_wenxue,southnorth__xiaozixian_wenxue__part01,南齊書·文學傳論及贊,蕭子顯,江左風味，盛道家之言，郭璞舉其靈變，許詢極其名理，仲文玄氣，猶不盡除，謝混情新，得名未盛。,江左風味，盛道家之言，郭璞舉其靈變，許詢極其名理，仲文玄氣，猶不盡除，謝混情新，得名未盛。,江左 风味 盛 道家 之 言 郭璞举 其 灵变 许询 极其 名理 仲文玄 气 犹 不尽 除 谢混情 新 得名 未盛,氣,501,501,未盛,515,517,515,517,same_segment,0,
sentence,蛾眉,1,0.02571860816944126,southnorth__jiangyan_zati,southnorth__jiangyan_zati__part01,雜體詩序,江淹,故蛾眉詎同貌，而俱動於魄，芳草寧其氣，而皆悅於魂，不其然與？,故蛾眉詎同貌，而俱動於魄，芳草寧其氣，而皆悅於魂，不其然與？,故 蛾眉 讵 同貌 而俱动 于魄 芳草 宁其 气 而皆悦 于 魂 不其然 与,氣,64,64,蛾眉,48,50,48,50,same_segment,0,
sentence,同貌,1,0.02571860816944126,southnorth__jiangyan_zati,southnorth__jiangyan_zati__part01,雜體詩序,江淹,故蛾眉詎同貌，而俱動於魄，芳草寧其氣，而皆悅於魂，不其然與？,故蛾眉詎同貌，而俱動於魄，芳草寧其氣，而皆悅於魂，不其然與？,故 蛾眉 讵 同貌 而俱动 于魄 芳草 宁其 气 而皆悦 于 魂 不其然 与,氣,64,64,同貌,51,53,51,53,same_segment,0,
sentence,而俱动,1,0.02571860816944126,southnorth__jiangyan_zati,southnorth__jiangyan_zati__part01,雜體詩序,江淹,故蛾眉詎同貌，而俱動於魄，芳草寧其氣，而皆悅於魂，不其然與？,故蛾眉詎同貌，而俱動於魄，芳草寧其氣，而皆悅於魂，不其然與？,故 蛾眉 讵 同貌 而俱动 于魄 芳草 宁其 气 而皆悦 于 魂 不其然 与,氣,64,64,而俱動,54,57,54,57,same_segment,0,
sentence,于魄,1,0.02571860816944126,southnorth__jiangyan_zati,southnorth__jiangyan_zati__part01,雜體詩序,江淹,故蛾眉詎同貌，而俱動於魄，芳草寧其氣，而皆悅於魂，不其然與？,故蛾眉詎同貌，而俱動於魄，芳草寧其氣，而皆悅於魂，不其然與？,故 蛾眉 讵 同貌 而俱动 于魄 芳草 宁其 气 而皆悦 于 魂 不其然 与,氣,64,64,於魄,57,59,57,59,same_segment,0,
sentence,芳草,1,0.02571860816944126,southnorth__jiangyan_zati,southnorth__jiangyan_zati__part01,雜體詩序,江淹,故蛾眉詎同貌，而俱動於魄，芳草寧其氣，而皆悅於魂，不其然與？,故蛾眉詎同貌，而俱動於魄，芳草寧其氣，而皆悅於魂，不其然與？,故 蛾眉 讵 同貌 而俱动 于魄 芳草 宁其 气 而皆悦 于 魂 不其然 与,氣,64,64,芳草,60,62,60,62,same_segment,0,
sentence,宁其,1,0.02571860816944126,southnorth__jiangyan_zati,southnorth__jiangyan_zati__part01,雜體詩序,江淹,故蛾眉詎同貌，而俱動於魄，芳草寧其氣，而皆悅於魂，不其然與？,故蛾眉詎同貌，而俱動於魄，芳草寧其氣，而皆悅於魂，不其然與？,故 蛾眉 讵 同貌 而俱动 于魄 芳草 宁其 气 而皆悦 于 魂 不其然 与,氣,64,64,寧其,62,64,62,64,same_segment,0,
sentence,而皆悦,1,0.02571860816944126,southnorth__jiangyan_zati,southnorth__jiangyan_zati__part01,雜體詩序,江淹,故蛾眉詎同貌，而俱動於魄，芳草寧其氣，而皆悅於魂，不其然與？,故蛾眉詎同貌，而俱動於魄，芳草寧其氣，而皆悅於魂，不其然與？,故 蛾眉 讵 同貌 而俱动 于魄 芳草 宁其 气 而皆悦 于 魂 不其然 与,氣,64,64,而皆悅,66,69,66,69,same_segment,0,
sentence,不其然,1,0.02571860816944126,southnorth__jiangyan_zati,southnorth__jiangyan_zati__part01,雜體詩序,江淹,故蛾眉詎同貌，而俱動於魄，芳草寧其氣，而皆悅於魂，不其然與？,故蛾眉詎同貌，而俱動於魄，芳草寧其氣，而皆悅於魂，不其然與？,故 蛾眉 讵 同貌 而俱动 于魄 芳草 宁其 气 而皆悦 于 魂 不其然 与,氣,64,64,不其然,72,75,72,75,same_segment,0,
sentence,成采,1,0.02571860816944126,liuxie_shipin__liuxie_02,liuxie_shipin__liuxie_02__part01,文心雕龍·徵聖,劉勰,精理為文，秀氣成采。,精理為文，秀氣成采。,精理 为文 秀 气 成采,氣,613,613,成采,614,616,614,616,same_segment,0,
sentence,轹古,1,0.02571860816944126,liuxie_shipin__liuxie_05,liuxie_shipin__liuxie_05__part01,文心雕龍·辨騷,劉勰,故能氣往轢古，辭來切今，驚采絕豔，難與並能矣。,故能氣往轢古，辭來切今，驚采絕豔，難與並能矣。,故能 气 往 轹古 辞来切 今 惊采绝艳 难 与 并 能 矣,氣,742,742,轢古,744,746,744,746,same_segment,0,
sentence,辞来切,1,0.02571860816944126,liuxie_shipin__liuxie_05,liuxie_shipin__liuxie_05__part01,文心雕龍·辨騷,劉勰,故能氣往轢古，辭來切今，驚采絕豔，難與並能矣。,故能氣往轢古，辭來切今，驚采絕豔，難與並能矣。,故能 气 往 轹古 辞来切 今 惊采绝艳 难 与 并 能 矣,氣,742,742,辭來切,747,750,747,750,same_segment,0,
sentence,惊采绝艳,1,0.02571860816944126,liuxie_shipin__liuxie_05,liuxie_shipin__liuxie_05__part01,文心雕龍·辨騷,劉勰,故能氣往轢古，辭來切今，驚采絕豔，難與並能矣。,故能氣往轢古，辭來切今，驚采絕豔，難與並能矣。,故能 气 往 轹古 辞来切 今 惊采绝艳 难 与 并 能 矣,氣,742,742,驚采絕豔,752,756,752,756,same_segment,0,
sentence,并怜,1,0.02571860816944126,liuxie_shipin__liuxie_06,liuxie_shipin__liuxie_06__part01,文心雕龍·明詩,劉勰,並憐風月，狎池苑，述恩榮，敘酣宴，慷慨以任氣，磊落以使才；,並憐風月，狎池苑，述恩榮，敘酣宴，慷慨以任氣，磊落以使才；,并怜 风月 狎 池苑 述 恩荣 叙酣宴 慷慨 以任 气 磊落 以使 才,氣,584,584,並憐,563,565,563,565,same_segment,0,
sentence,风月,1,0.02571860816944126,liuxie_shipin__liuxie_06,liuxie_shipin__liuxie_06__part01,文心雕龍·明詩,劉勰,並憐風月，狎池苑，述恩榮，敘酣宴，慷慨以任氣，磊落以使才；,並憐風月，狎池苑，述恩榮，敘酣宴，慷慨以任氣，磊落以使才；,并怜 风月 狎 池苑 述 恩荣 叙酣宴 慷慨 以任 气 磊落 以使 才,氣,584,584,風月,565,567,565,567,same_segment,0,
sentence,池苑,1,0.02571860816944126,liuxie_shipin__liuxie_06,liuxie_shipin__liuxie_06__part01,文心雕龍·明詩,劉勰,並憐風月，狎池苑，述恩榮，敘酣宴，慷慨以任氣，磊落以使才；,並憐風月，狎池苑，述恩榮，敘酣宴，慷慨以任氣，磊落以使才；,并怜 风月 狎 池苑 述 恩荣 叙酣宴 慷慨 以任 气 磊落 以使 才,氣,584,584,池苑,569,571,569,571,same_segment,0,
sentence,恩荣,1,0.02571860816944126,liuxie_shipin__liuxie_06,liuxie_shipin__liuxie_06__part01,文心雕龍·明詩,劉勰,並憐風月，狎池苑，述恩榮，敘酣宴，慷慨以任氣，磊落以使才；,並憐風月，狎池苑，述恩榮，敘酣宴，慷慨以任氣，磊落以使才；,并怜 风月 狎 池苑 述 恩荣 叙酣宴 慷慨 以任 气 磊落 以使 才,氣,584,584,恩榮,573,575,573,575,same_segment,0,
sentence,叙酣宴,1,0.02571860816944126,liuxie_shipin__liuxie_06,liuxie_shipin__liuxie_06__part01,文心雕龍·明詩,劉勰,並憐風月，狎池苑，述恩榮，敘酣宴，慷慨以任氣，磊落以使才；,並憐風月，狎池苑，述恩榮，敘酣宴，慷慨以任氣，磊落以使才；,并怜 风月 狎 池苑 述 恩荣 叙酣宴 慷慨 以任 气 磊落 以使 才,氣,584,584,敘酣宴,576,579,576,579,same_segment,0,
sentence,以使,1,0.02571860816944126,liuxie_shipin__liuxie_06,liuxie_shipin__liuxie_06__part01,文心雕龍·明詩,劉勰,並憐風月，狎池苑，述恩榮，敘酣宴，慷慨以任氣，磊落以使才；,並憐風月，狎池苑，述恩榮，敘酣宴，慷慨以任氣，磊落以使才；,并怜 风月 狎 池苑 述 恩荣 叙酣宴 慷慨 以任 气 磊落 以使 才,氣,584,584,以使,588,590,588,590,same_segment,0,
sentence,匹夫庶妇,1,0.02571860816944126,liuxie_shipin__liuxie_07,liuxie_shipin__liuxie_07__part01,文心雕龍·樂府,劉勰,匹夫庶婦，謳吟土風，詩官採言，樂盲被律，志感絲篁，氣變金石。,匹夫庶婦，謳吟土風，詩官採言，樂盲被律，志感絲篁，氣變金石。,匹夫庶妇 讴吟 土风 诗官 采言 乐盲 被律 志感 丝篁 气 变 金石,氣,132,132,匹夫庶婦,107,111,107,111,same_segment,0,
sentence,诗官,1,0.02571860816944126,liuxie_shipin__liuxie_07,liuxie_shipin__liuxie_07__part01,文心雕龍·樂府,劉勰,匹夫庶婦，謳吟土風，詩官採言，樂盲被律，志感絲篁，氣變金石。,匹夫庶婦，謳吟土風，詩官採言，樂盲被律，志感絲篁，氣變金石。,匹夫庶妇 讴吟 土风 诗官 采言 乐盲 被律 志感 丝篁 气 变 金石,氣,132,132,詩官,117,119,117,119,same_segment,0,
sentence,采言,1,0.02571860816944126,liuxie_shipin__liuxie_07,liuxie_shipin__liuxie_07__part01,文心雕龍·樂府,劉勰,匹夫庶婦，謳吟土風，詩官採言，樂盲被律，志感絲篁，氣變金石。,匹夫庶婦，謳吟土風，詩官採言，樂盲被律，志感絲篁，氣變金石。,匹夫庶妇 讴吟 土风 诗官 采言 乐盲 被律 志感 丝篁 气 变 金石,氣,132,132,採言,119,121,119,121,same_segment,0,
sentence,乐盲,1,0.02571860816944126,liuxie_shipin__liuxie_07,liuxie_shipin__liuxie_07__part01,文心雕龍·樂府,劉勰,匹夫庶婦，謳吟土風，詩官採言，樂盲被律，志感絲篁，氣變金石。,匹夫庶婦，謳吟土風，詩官採言，樂盲被律，志感絲篁，氣變金石。,匹夫庶妇 讴吟 土风 诗官 采言 乐盲 被律 志感 丝篁 气 变 金石,氣,132,132,樂盲,122,124,122,124,same_segment,0,
sentence,被律,1,0.02571860816944126,liuxie_shipin__liuxie_07,liuxie_shipin__liuxie_07__part01,文心雕龍·樂府,劉勰,匹夫庶婦，謳吟土風，詩官採言，樂盲被律，志感絲篁，氣變金石。,匹夫庶婦，謳吟土風，詩官採言，樂盲被律，志感絲篁，氣變金石。,匹夫庶妇 讴吟 土风 诗官 采言 乐盲 被律 志感 丝篁 气 变 金石,氣,132,132,被律,124,126,124,126,same_segment,0,
sentence,志感,1,0.02571860816944126,liuxie_shipin__liuxie_07,liuxie_shipin__liuxie_07__part01,文心雕龍·樂府,劉勰,匹夫庶婦，謳吟土風，詩官採言，樂盲被律，志感絲篁，氣變金石。,匹夫庶婦，謳吟土風，詩官採言，樂盲被律，志感絲篁，氣變金石。,匹夫庶妇 讴吟 土风 诗官 采言 乐盲 被律 志感 丝篁 气 变 金石,氣,132,132,志感,127,129,127,129,same_segment,0,
sentence,丝篁,1,0.02571860816944126,liuxie_shipin__liuxie_07,liuxie_shipin__liuxie_07__part01,文心雕龍·樂府,劉勰,匹夫庶婦，謳吟土風，詩官採言，樂盲被律，志感絲篁，氣變金石。,匹夫庶婦，謳吟土風，詩官採言，樂盲被律，志感絲篁，氣變金石。,匹夫庶妇 讴吟 土风 诗官 采言 乐盲 被律 志感 丝篁 气 变 金石,氣,132,132,絲篁,129,131,129,131,same_segment,0,
sentence,崇礼,1,0.02571860816944126,liuxie_shipin__liuxie_07,liuxie_shipin__liuxie_07__part01,文心雕龍·樂府,劉勰,暨武帝崇禮，始立樂府，總趙代之音，撮齊楚之氣，延年以曼聲協律，朱馬以騷體製歌，《桂華》雜曲，麗而不經，《赤雁》群篇，靡而非典，河間薦雅而罕御，故汲黯致譏於天馬也。,暨武帝崇禮，始立樂府，總趙代之音，撮齊楚之氣，延年以曼聲協律，朱馬以騷體製歌，《桂華》雜曲，麗而不經，《赤雁》群篇，靡而非典，河間薦雅而罕御，故汲黯致譏於天馬也。,暨 武帝 崇礼 始立 乐府 总 赵代之音 撮 齐楚 之 气 延年 以 曼声 协律 朱马 以骚 体制 歌 桂华 杂曲 丽而 不经 赤雁 群篇 靡 而 非典 河间 荐雅 而 罕御 故 汲 黯致 讥于 天马 也,氣,310,310,崇禮,292,294,292,294,same_segment,0,
sentence,赵代之音,1,0.02571860816944126,liuxie_shipin__liuxie_07,liuxie_shipin__liuxie_07__part01,文心雕龍·樂府,劉勰,暨武帝崇禮，始立樂府，總趙代之音，撮齊楚之氣，延年以曼聲協律，朱馬以騷體製歌，《桂華》雜曲，麗而不經，《赤雁》群篇，靡而非典，河間薦雅而罕御，故汲黯致譏於天馬也。,暨武帝崇禮，始立樂府，總趙代之音，撮齊楚之氣，延年以曼聲協律，朱馬以騷體製歌，《桂華》雜曲，麗而不經，《赤雁》群篇，靡而非典，河間薦雅而罕御，故汲黯致譏於天馬也。,暨 武帝 崇礼 始立 乐府 总 赵代之音 撮 齐楚 之 气 延年 以 曼声 协律 朱马 以骚 体制 歌 桂华 杂曲 丽而 不经 赤雁 群篇 靡 而 非典 河间 荐雅 而 罕御 故 汲 黯致 讥于 天马 也,氣,310,310,趙代之音,301,305,301,305,same_segment,0,
sentence,曼声,1,0.02571860816944126,liuxie_shipin__liuxie_07,liuxie_shipin__liuxie_07__part01,文心雕龍·樂府,劉勰,暨武帝崇禮，始立樂府，總趙代之音，撮齊楚之氣，延年以曼聲協律，朱馬以騷體製歌，《桂華》雜曲，麗而不經，《赤雁》群篇，靡而非典，河間薦雅而罕御，故汲黯致譏於天馬也。,暨武帝崇禮，始立樂府，總趙代之音，撮齊楚之氣，延年以曼聲協律，朱馬以騷體製歌，《桂華》雜曲，麗而不經，《赤雁》群篇，靡而非典，河間薦雅而罕御，故汲黯致譏於天馬也。,暨 武帝 崇礼 始立 乐府 总 赵代之音 撮 齐楚 之 气 延年 以 曼声 协律 朱马 以骚 体制 歌 桂华 杂曲 丽而 不经 赤雁 群篇 靡 而 非典 河间 荐雅 而 罕御 故 汲 黯致 讥于 天马 也,氣,310,310,曼聲,315,317,315,317,same_segment,0,
sentence,协律,1,0.02571860816944126,liuxie_shipin__liuxie_07,liuxie_shipin__liuxie_07__part01,文心雕龍·樂府,劉勰,暨武帝崇禮，始立樂府，總趙代之音，撮齊楚之氣，延年以曼聲協律，朱馬以騷體製歌，《桂華》雜曲，麗而不經，《赤雁》群篇，靡而非典，河間薦雅而罕御，故汲黯致譏於天馬也。,暨武帝崇禮，始立樂府，總趙代之音，撮齊楚之氣，延年以曼聲協律，朱馬以騷體製歌，《桂華》雜曲，麗而不經，《赤雁》群篇，靡而非典，河間薦雅而罕御，故汲黯致譏於天馬也。,暨 武帝 崇礼 始立 乐府 总 赵代之音 撮 齐楚 之 气 延年 以 曼声 协律 朱马 以骚 体制 歌 桂华 杂曲 丽而 不经 赤雁 群篇 靡 而 非典 河间 荐雅 而 罕御 故 汲 黯致 讥于 天马 也,氣,310,310,協律,317,319,317,319,same_segment,0,
sentence,朱马,1,0.02571860816944126,liuxie_shipin__liuxie_07,liuxie_shipin__liuxie_07__part01,文心雕龍·樂府,劉勰,暨武帝崇禮，始立樂府，總趙代之音，撮齊楚之氣，延年以曼聲協律，朱馬以騷體製歌，《桂華》雜曲，麗而不經，《赤雁》群篇，靡而非典，河間薦雅而罕御，故汲黯致譏於天馬也。,暨武帝崇禮，始立樂府，總趙代之音，撮齊楚之氣，延年以曼聲協律，朱馬以騷體製歌，《桂華》雜曲，麗而不經，《赤雁》群篇，靡而非典，河間薦雅而罕御，故汲黯致譏於天馬也。,暨 武帝 崇礼 始立 乐府 总 赵代之音 撮 齐楚 之 气 延年 以 曼声 协律 朱马 以骚 体制 歌 桂华 杂曲 丽而 不经 赤雁 群篇 靡 而 非典 河间 荐雅 而 罕御 故 汲 黯致 讥于 天马 也,氣,310,310,朱馬,320,322,320,322,same_segment,0,
sentence,以骚,1,0.02571860816944126,liuxie_shipin__liuxie_07,liuxie_shipin__liuxie_07__part01,文心雕龍·樂府,劉勰,暨武帝崇禮，始立樂府，總趙代之音，撮齊楚之氣，延年以曼聲協律，朱馬以騷體製歌，《桂華》雜曲，麗而不經，《赤雁》群篇，靡而非典，河間薦雅而罕御，故汲黯致譏於天馬也。,暨武帝崇禮，始立樂府，總趙代之音，撮齊楚之氣，延年以曼聲協律，朱馬以騷體製歌，《桂華》雜曲，麗而不經，《赤雁》群篇，靡而非典，河間薦雅而罕御，故汲黯致譏於天馬也。,暨 武帝 崇礼 始立 乐府 总 赵代之音 撮 齐楚 之 气 延年 以 曼声 协律 朱马 以骚 体制 歌 桂华 杂曲 丽而 不经 赤雁 群篇 靡 而 非典 河间 荐雅 而 罕御 故 汲 黯致 讥于 天马 也,氣,310,310,以騷,322,324,322,324,same_segment,0,
sentence,桂华,1,0.02571860816944126,liuxie_shipin__liuxie_07,liuxie_shipin__liuxie_07__part01,文心雕龍·樂府,劉勰,暨武帝崇禮，始立樂府，總趙代之音，撮齊楚之氣，延年以曼聲協律，朱馬以騷體製歌，《桂華》雜曲，麗而不經，《赤雁》群篇，靡而非典，河間薦雅而罕御，故汲黯致譏於天馬也。,暨武帝崇禮，始立樂府，總趙代之音，撮齊楚之氣，延年以曼聲協律，朱馬以騷體製歌，《桂華》雜曲，麗而不經，《赤雁》群篇，靡而非典，河間薦雅而罕御，故汲黯致譏於天馬也。,暨 武帝 崇礼 始立 乐府 总 赵代之音 撮 齐楚 之 气 延年 以 曼声 协律 朱马 以骚 体制 歌 桂华 杂曲 丽而 不经 赤雁 群篇 靡 而 非典 河间 荐雅 而 罕御 故 汲 黯致 讥于 天马 也,氣,310,310,桂華,329,331,329,331,same_segment,0,
sentence,杂曲,1,0.02571860816944126,liuxie_shipin__liuxie_07,liuxie_shipin__liuxie_07__part01,文心雕龍·樂府,劉勰,暨武帝崇禮，始立樂府，總趙代之音，撮齊楚之氣，延年以曼聲協律，朱馬以騷體製歌，《桂華》雜曲，麗而不經，《赤雁》群篇，靡而非典，河間薦雅而罕御，故汲黯致譏於天馬也。,暨武帝崇禮，始立樂府，總趙代之音，撮齊楚之氣，延年以曼聲協律，朱馬以騷體製歌，《桂華》雜曲，麗而不經，《赤雁》群篇，靡而非典，河間薦雅而罕御，故汲黯致譏於天馬也。,暨 武帝 崇礼 始立 乐府 总 赵代之音 撮 齐楚 之 气 延年 以 曼声 协律 朱马 以骚 体制 歌 桂华 杂曲 丽而 不经 赤雁 群篇 靡 而 非典 河间 荐雅 而 罕御 故 汲 黯致 讥于 天马 也,氣,310,310,雜曲,332,334,332,334,same_segment,0,
sentence,赤雁,1,0.02571860816944126,liuxie_shipin__liuxie_07,liuxie_shipin__liuxie_07__part01,文心雕龍·樂府,劉勰,暨武帝崇禮，始立樂府，總趙代之音，撮齊楚之氣，延年以曼聲協律，朱馬以騷體製歌，《桂華》雜曲，麗而不經，《赤雁》群篇，靡而非典，河間薦雅而罕御，故汲黯致譏於天馬也。,暨武帝崇禮，始立樂府，總趙代之音，撮齊楚之氣，延年以曼聲協律，朱馬以騷體製歌，《桂華》雜曲，麗而不經，《赤雁》群篇，靡而非典，河間薦雅而罕御，故汲黯致譏於天馬也。,暨 武帝 崇礼 始立 乐府 总 赵代之音 撮 齐楚 之 气 延年 以 曼声 协律 朱马 以骚 体制 歌 桂华 杂曲 丽而 不经 赤雁 群篇 靡 而 非典 河间 荐雅 而 罕御 故 汲 黯致 讥于 天马 也,氣,310,310,赤雁,341,343,341,343,same_segment,0,
sentence,非典,1,0.02571860816944126,liuxie_shipin__liuxie_07,liuxie_shipin__liuxie_07__part01,文心雕龍·樂府,劉勰,暨武帝崇禮，始立樂府，總趙代之音，撮齊楚之氣，延年以曼聲協律，朱馬以騷體製歌，《桂華》雜曲，麗而不經，《赤雁》群篇，靡而非典，河間薦雅而罕御，故汲黯致譏於天馬也。,暨武帝崇禮，始立樂府，總趙代之音，撮齊楚之氣，延年以曼聲協律，朱馬以騷體製歌，《桂華》雜曲，麗而不經，《赤雁》群篇，靡而非典，河間薦雅而罕御，故汲黯致譏於天馬也。,暨 武帝 崇礼 始立 乐府 总 赵代之音 撮 齐楚 之 气 延年 以 曼声 协律 朱马 以骚 体制 歌 桂华 杂曲 丽而 不经 赤雁 群篇 靡 而 非典 河间 荐雅 而 罕御 故 汲 黯致 讥于 天马 也,氣,310,310,非典,349,351,349,351,same_segment,0,
sentence,河间,1,0.02571860816944126,liuxie_shipin__liuxie_07,liuxie_shipin__liuxie_07__part01,文心雕龍·樂府,劉勰,暨武帝崇禮，始立樂府，總趙代之音，撮齊楚之氣，延年以曼聲協律，朱馬以騷體製歌，《桂華》雜曲，麗而不經，《赤雁》群篇，靡而非典，河間薦雅而罕御，故汲黯致譏於天馬也。,暨武帝崇禮，始立樂府，總趙代之音，撮齊楚之氣，延年以曼聲協律，朱馬以騷體製歌，《桂華》雜曲，麗而不經，《赤雁》群篇，靡而非典，河間薦雅而罕御，故汲黯致譏於天馬也。,暨 武帝 崇礼 始立 乐府 总 赵代之音 撮 齐楚 之 气 延年 以 曼声 协律 朱马 以骚 体制 歌 桂华 杂曲 丽而 不经 赤雁 群篇 靡 而 非典 河间 荐雅 而 罕御 故 汲 黯致 讥于 天马 也,氣,310,310,河間,352,354,352,354,same_segment,0,
sentence,荐雅,1,0.02571860816944126,liuxie_shipin__liuxie_07,liuxie_shipin__liuxie_07__part01,文心雕龍·樂府,劉勰,暨武帝崇禮，始立樂府，總趙代之音，撮齊楚之氣，延年以曼聲協律，朱馬以騷體製歌，《桂華》雜曲，麗而不經，《赤雁》群篇，靡而非典，河間薦雅而罕御，故汲黯致譏於天馬也。,暨武帝崇禮，始立樂府，總趙代之音，撮齊楚之氣，延年以曼聲協律，朱馬以騷體製歌，《桂華》雜曲，麗而不經，《赤雁》群篇，靡而非典，河間薦雅而罕御，故汲黯致譏於天馬也。,暨 武帝 崇礼 始立 乐府 总 赵代之音 撮 齐楚 之 气 延年 以 曼声 协律 朱马 以骚 体制 歌 桂华 杂曲 丽而 不经 赤雁 群篇 靡 而 非典 河间 荐雅 而 罕御 故 汲 黯致 讥于 天马 也,氣,310,310,薦雅,354,356,354,356,same_segment,0,
sentence,罕御,1,0.02571860816944126,liuxie_shipin__liuxie_07,liuxie_shipin__liuxie_07__part01,文心雕龍·樂府,劉勰,暨武帝崇禮，始立樂府，總趙代之音，撮齊楚之氣，延年以曼聲協律，朱馬以騷體製歌，《桂華》雜曲，麗而不經，《赤雁》群篇，靡而非典，河間薦雅而罕御，故汲黯致譏於天馬也。,暨武帝崇禮，始立樂府，總趙代之音，撮齊楚之氣，延年以曼聲協律，朱馬以騷體製歌，《桂華》雜曲，麗而不經，《赤雁》群篇，靡而非典，河間薦雅而罕御，故汲黯致譏於天馬也。,暨 武帝 崇礼 始立 乐府 总 赵代之音 撮 齐楚 之 气 延年 以 曼声 协律 朱马 以骚 体制 歌 桂华 杂曲 丽而 不经 赤雁 群篇 靡 而 非典 河间 荐雅 而 罕御 故 汲 黯致 讥于 天马 也,氣,310,310,罕御,357,359,357,359,same_segment,0,
sentence,黯致,1,0.02571860816944126,liuxie_shipin__liuxie_07,liuxie_shipin__liuxie_07__part01,文心雕龍·樂府,劉勰,暨武帝崇禮，始立樂府，總趙代之音，撮齊楚之氣，延年以曼聲協律，朱馬以騷體製歌，《桂華》雜曲，麗而不經，《赤雁》群篇，靡而非典，河間薦雅而罕御，故汲黯致譏於天馬也。,暨武帝崇禮，始立樂府，總趙代之音，撮齊楚之氣，延年以曼聲協律，朱馬以騷體製歌，《桂華》雜曲，麗而不經，《赤雁》群篇，靡而非典，河間薦雅而罕御，故汲黯致譏於天馬也。,暨 武帝 崇礼 始立 乐府 总 赵代之音 撮 齐楚 之 气 延年 以 曼声 协律 朱马 以骚 体制 歌 桂华 杂曲 丽而 不经 赤雁 群篇 靡 而 非典 河间 荐雅 而 罕御 故 汲 黯致 讥于 天马 也,氣,310,310,黯致,362,364,362,364,same_segment,0,
sentence,讥于,1,0.02571860816944126,liuxie_shipin__liuxie_07,liuxie_shipin__liuxie_07__part01,文心雕龍·樂府,劉勰,暨武帝崇禮，始立樂府，總趙代之音，撮齊楚之氣，延年以曼聲協律，朱馬以騷體製歌，《桂華》雜曲，麗而不經，《赤雁》群篇，靡而非典，河間薦雅而罕御，故汲黯致譏於天馬也。,暨武帝崇禮，始立樂府，總趙代之音，撮齊楚之氣，延年以曼聲協律，朱馬以騷體製歌，《桂華》雜曲，麗而不經，《赤雁》群篇，靡而非典，河間薦雅而罕御，故汲黯致譏於天馬也。,暨 武帝 崇礼 始立 乐府 总 赵代之音 撮 齐楚 之 气 延年 以 曼声 协律 朱马 以骚 体制 歌 桂华 杂曲 丽而 不经 赤雁 群篇 靡 而 非典 河间 荐雅 而 罕御 故 汲 黯致 讥于 天马 也,氣,310,310,譏於,364,366,364,366,same_segment,0,
sentence,天马,1,0.02571860816944126,liuxie_shipin__liuxie_07,liuxie_shipin__liuxie_07__part01,文心雕龍·樂府,劉勰,暨武帝崇禮，始立樂府，總趙代之音，撮齊楚之氣，延年以曼聲協律，朱馬以騷體製歌，《桂華》雜曲，麗而不經，《赤雁》群篇，靡而非典，河間薦雅而罕御，故汲黯致譏於天馬也。,暨武帝崇禮，始立樂府，總趙代之音，撮齊楚之氣，延年以曼聲協律，朱馬以騷體製歌，《桂華》雜曲，麗而不經，《赤雁》群篇，靡而非典，河間薦雅而罕御，故汲黯致譏於天馬也。,暨 武帝 崇礼 始立 乐府 总 赵代之音 撮 齐楚 之 气 延年 以 曼声 协律 朱马 以骚 体制 歌 桂华 杂曲 丽而 不经 赤雁 群篇 靡 而 非典 河间 荐雅 而 罕御 故 汲 黯致 讥于 天马 也,氣,310,310,天馬,366,368,366,368,same_segment,0,
sentence,才丽,1,0.02571860816944126,liuxie_shipin__liuxie_07,liuxie_shipin__liuxie_07__part01,文心雕龍·樂府,劉勰,至於魏之三祖，氣爽才麗，宰割辭調，音靡節平。,至於魏之三祖，氣爽才麗，宰割辭調，音靡節平。,至于 魏 之三 祖 气 爽 才丽 宰割 辞调 音靡 节平,氣,432,432,才麗,434,436,434,436,same_segment,0,
sentence,宰割,1,0.02571860816944126,liuxie_shipin__liuxie_07,liuxie_shipin__liuxie_07__part01,文心雕龍·樂府,劉勰,至於魏之三祖，氣爽才麗，宰割辭調，音靡節平。,至於魏之三祖，氣爽才麗，宰割辭調，音靡節平。,至于 魏 之三 祖 气 爽 才丽 宰割 辞调 音靡 节平,氣,432,432,宰割,437,439,437,439,same_segment,0,
sentence,辞调,1,0.02571860816944126,liuxie_shipin__liuxie_07,liuxie_shipin__liuxie_07__part01,文心雕龍·樂府,劉勰,至於魏之三祖，氣爽才麗，宰割辭調，音靡節平。,至於魏之三祖，氣爽才麗，宰割辭調，音靡節平。,至于 魏 之三 祖 气 爽 才丽 宰割 辞调 音靡 节平,氣,432,432,辭調,439,441,439,441,same_segment,0,
sentence,音靡,1,0.02571860816944126,liuxie_shipin__liuxie_07,liuxie_shipin__liuxie_07__part01,文心雕龍·樂府,劉勰,至於魏之三祖，氣爽才麗，宰割辭調，音靡節平。,至於魏之三祖，氣爽才麗，宰割辭調，音靡節平。,至于 魏 之三 祖 气 爽 才丽 宰割 辞调 音靡 节平,氣,432,432,音靡,442,444,442,444,same_segment,0,
sentence,节平,1,0.02571860816944126,liuxie_shipin__liuxie_07,liuxie_shipin__liuxie_07__part01,文心雕龍·樂府,劉勰,至於魏之三祖，氣爽才麗，宰割辭調，音靡節平。,至於魏之三祖，氣爽才麗，宰割辭調，音靡節平。,至于 魏 之三 祖 气 爽 才丽 宰割 辞调 音靡 节平,氣,432,432,節平,444,446,444,446,same_segment,0,
sentence,臧洪,1,0.02571860816944126,liuxie_shipin__liuxie_10,liuxie_shipin__liuxie_10__part01,文心雕龍·祝盟,劉勰,若夫臧洪歃辭，氣截雲蜺；,若夫臧洪歃辭，氣截雲蜺；,若夫 臧洪 歃辞 气 截 云蜺,氣,777,777,臧洪,772,774,772,774,same_segment,0,
sentence,歃辞,1,0.02571860816944126,liuxie_shipin__liuxie_10,liuxie_shipin__liuxie_10__part01,文心雕龍·祝盟,劉勰,若夫臧洪歃辭，氣截雲蜺；,若夫臧洪歃辭，氣截雲蜺；,若夫 臧洪 歃辞 气 截 云蜺,氣,777,777,歃辭,774,776,774,776,same_segment,0,
sentence,藻溢于,1,0.02571860816944126,liuxie_shipin__liuxie_14,liuxie_shipin__liuxie_14__part01,文心雕龍·雜文,劉勰,智術之子，博雅之人，藻溢於辭，辭盈乎氣。,智術之子，博雅之人，藻溢於辭，辭盈乎氣。,智术 之子 博雅 之 人 藻溢于 辞 辞盈乎 气,氣,18,18,藻溢於,10,13,10,13,same_segment,0,
sentence,辞盈乎,1,0.02571860816944126,liuxie_shipin__liuxie_14,liuxie_shipin__liuxie_14__part01,文心雕龍·雜文,劉勰,智術之子，博雅之人，藻溢於辭，辭盈乎氣。,智術之子，博雅之人，藻溢於辭，辭盈乎氣。,智术 之子 博雅 之 人 藻溢于 辞 辞盈乎 气,氣,18,18,辭盈乎,15,18,15,18,same_segment,0,
sentence,宋玉含,1,0.02571860816944126,liuxie_shipin__liuxie_14,liuxie_shipin__liuxie_14__part01,文心雕龍·雜文,劉勰,宋玉含才，頗亦負俗，始造對問，以申其志，放懷寥廓，氣實使文。,宋玉含才，頗亦負俗，始造對問，以申其志，放懷寥廓，氣實使文。,宋玉含 才 颇 亦 负俗 始造 对问 以申 其志 放怀 寥廓 气 实使 文,氣,58,58,宋玉含,33,36,33,36,same_segment,0,
sentence,负俗,1,0.02571860816944126,liuxie_shipin__liuxie_14,liuxie_shipin__liuxie_14__part01,文心雕龍·雜文,劉勰,宋玉含才，頗亦負俗，始造對問，以申其志，放懷寥廓，氣實使文。,宋玉含才，頗亦負俗，始造對問，以申其志，放懷寥廓，氣實使文。,宋玉含 才 颇 亦 负俗 始造 对问 以申 其志 放怀 寥廓 气 实使 文,氣,58,58,負俗,40,42,40,42,same_segment,0,
sentence,始造,1,0.02571860816944126,liuxie_shipin__liuxie_14,liuxie_shipin__liuxie_14__part01,文心雕龍·雜文,劉勰,宋玉含才，頗亦負俗，始造對問，以申其志，放懷寥廓，氣實使文。,宋玉含才，頗亦負俗，始造對問，以申其志，放懷寥廓，氣實使文。,宋玉含 才 颇 亦 负俗 始造 对问 以申 其志 放怀 寥廓 气 实使 文,氣,58,58,始造,43,45,43,45,same_segment,0,
sentence,以申,1,0.02571860816944126,liuxie_shipin__liuxie_14,liuxie_shipin__liuxie_14__part01,文心雕龍·雜文,劉勰,宋玉含才，頗亦負俗，始造對問，以申其志，放懷寥廓，氣實使文。,宋玉含才，頗亦負俗，始造對問，以申其志，放懷寥廓，氣實使文。,宋玉含 才 颇 亦 负俗 始造 对问 以申 其志 放怀 寥廓 气 实使 文,氣,58,58,以申,48,50,48,50,same_segment,0,
sentence,放怀,1,0.02571860816944126,liuxie_shipin__liuxie_14,liuxie_shipin__liuxie_14__part01,文心雕龍·雜文,劉勰,宋玉含才，頗亦負俗，始造對問，以申其志，放懷寥廓，氣實使文。,宋玉含才，頗亦負俗，始造對問，以申其志，放懷寥廓，氣實使文。,宋玉含 才 颇 亦 负俗 始造 对问 以申 其志 放怀 寥廓 气 实使 文,氣,58,58,放懷,53,55,53,55,same_segment,0,
sentence,实使,1,0.02571860816944126,liuxie_shipin__liuxie_14,liuxie_shipin__liuxie_14__part01,文心雕龍·雜文,劉勰,宋玉含才，頗亦負俗，始造對問，以申其志，放懷寥廓，氣實使文。,宋玉含才，頗亦負俗，始造對問，以申其志，放懷寥廓，氣實使文。,宋玉含 才 颇 亦 负俗 始造 对问 以申 其志 放怀 寥廓 气 实使 文,氣,58,58,實使,59,61,59,61,same_segment,0,
sentence,御寇,1,0.02571860816944126,liuxie_shipin__liuxie_17,liuxie_shipin__liuxie_17__part01,文心雕龍·諸子,劉勰,列御寇之書，氣偉而采奇；,列御寇之書，氣偉而采奇；,列 御寇 之 书 气 伟而 采奇,氣,736,736,御寇,731,733,731,733,same_segment,0,
sentence,伟而,1,0.02571860816944126,liuxie_shipin__liuxie_17,liuxie_shipin__liuxie_17__part01,文心雕龍·諸子,劉勰,列御寇之書，氣偉而采奇；,列御寇之書，氣偉而采奇；,列 御寇 之 书 气 伟而 采奇,氣,736,736,偉而,737,739,737,739,same_segment,0,
sentence,采奇,1,0.02571860816944126,liuxie_shipin__liuxie_17,liuxie_shipin__liuxie_17__part01,文心雕龍·諸子,劉勰,列御寇之書，氣偉而采奇；,列御寇之書，氣偉而采奇；,列 御寇 之 书 气 伟而 采奇,氣,736,736,采奇,739,741,739,741,same_segment,0,
sentence,鉴远,1,0.02571860816944126,liuxie_shipin__liuxie_17,liuxie_shipin__liuxie_17__part01,文心雕龍·諸子,劉勰,呂氏鑒遠而體周，淮南汎採而文麗，斯則得百氏之華采，而辭氣文之大略也。,呂氏鑒遠而體周，淮南汎採而文麗，斯則得百氏之華采，而辭氣文之大略也。,吕氏 鉴远 而 体周 淮南 泛采 而 文丽 斯则 得 百氏 之 华采 而辞 气 文之 大略 也,氣,860,860,鑒遠,835,837,835,837,same_segment,0,
sentence,体周,1,0.02571860816944126,liuxie_shipin__liuxie_17,liuxie_shipin__liuxie_17__part01,文心雕龍·諸子,劉勰,呂氏鑒遠而體周，淮南汎採而文麗，斯則得百氏之華采，而辭氣文之大略也。,呂氏鑒遠而體周，淮南汎採而文麗，斯則得百氏之華采，而辭氣文之大略也。,吕氏 鉴远 而 体周 淮南 泛采 而 文丽 斯则 得 百氏 之 华采 而辞 气 文之 大略 也,氣,860,860,體周,838,840,838,840,same_segment,0,
sentence,泛采,1,0.02571860816944126,liuxie_shipin__liuxie_17,liuxie_shipin__liuxie_17__part01,文心雕龍·諸子,劉勰,呂氏鑒遠而體周，淮南汎採而文麗，斯則得百氏之華采，而辭氣文之大略也。,呂氏鑒遠而體周，淮南汎採而文麗，斯則得百氏之華采，而辭氣文之大略也。,吕氏 鉴远 而 体周 淮南 泛采 而 文丽 斯则 得 百氏 之 华采 而辞 气 文之 大略 也,氣,860,860,汎採,843,845,843,845,same_segment,0,
sentence,封策,1,0.02571860816944126,liuxie_shipin__liuxie_19,liuxie_shipin__liuxie_19__part01,文心雕龍·詔策,劉勰,優文封策，則氣含風雨之潤；,優文封策，則氣含風雨之潤；,优文 封策 则 气 含 风雨 之润,氣,708,708,封策,704,706,704,706,same_segment,0,
sentence,风雨,1,0.02571860816944126,liuxie_shipin__liuxie_19,liuxie_shipin__liuxie_19__part01,文心雕龍·詔策,劉勰,優文封策，則氣含風雨之潤；,優文封策，則氣含風雨之潤；,优文 封策 则 气 含 风雨 之润,氣,708,708,風雨,710,712,710,712,same_segment,0,
sentence,之润,1,0.02571860816944126,liuxie_shipin__liuxie_19,liuxie_shipin__liuxie_19__part01,文心雕龍·詔策,劉勰,優文封策，則氣含風雨之潤；,優文封策，則氣含風雨之潤；,优文 封策 则 气 含 风雨 之润,氣,708,708,之潤,712,714,712,714,same_segment,0,
sentence,分阃,1,0.02571860816944126,liuxie_shipin__liuxie_20,liuxie_shipin__liuxie_20__part01,文心雕龍·檄移,劉勰,故分閫推轂，奉辭伐罪，非唯致果為毅，亦且厲辭為武，使聲如衝風所擊，氣似欃槍所掃，奮其武怒，總其罪人，懲其惡稔之時，顯其貫盈之數，搖奸宄之膽，訂信慎之心，使百尺之衝，摧折於咫書，萬雉之城，顛墜於一檄者也。,故分閫推轂，奉辭伐罪，非唯致果為毅，亦且厲辭為武，使聲如衝風所擊，氣似欃槍所掃，奮其武怒，總其罪人，懲其惡稔之時，顯其貫盈之數，搖奸宄之膽，訂信慎之心，使百尺之衝，摧折於咫書，萬雉之城，顛墜於一檄者也。,故 分阃 推毂 奉辞伐罪 非唯致果 为毅 亦且 厉辞 为 武 使声 如 冲风 所击 气 似 欃枪 所扫 奋其 武怒 总其 罪人 惩其 恶稔 之 时 显其 贯盈 之数 摇 奸宄 之胆 订信慎 之心 使 百尺 之冲 摧折 于 咫书 万雉 之 城 颠坠 于 一 檄者 也,氣,343,343,分閫,311,313,311,313,same_segment,0,
sentence,推毂,1,0.02571860816944126,liuxie_shipin__liuxie_20,liuxie_shipin__liuxie_20__part01,文心雕龍·檄移,劉勰,故分閫推轂，奉辭伐罪，非唯致果為毅，亦且厲辭為武，使聲如衝風所擊，氣似欃槍所掃，奮其武怒，總其罪人，懲其惡稔之時，顯其貫盈之數，搖奸宄之膽，訂信慎之心，使百尺之衝，摧折於咫書，萬雉之城，顛墜於一檄者也。,故分閫推轂，奉辭伐罪，非唯致果為毅，亦且厲辭為武，使聲如衝風所擊，氣似欃槍所掃，奮其武怒，總其罪人，懲其惡稔之時，顯其貫盈之數，搖奸宄之膽，訂信慎之心，使百尺之衝，摧折於咫書，萬雉之城，顛墜於一檄者也。,故 分阃 推毂 奉辞伐罪 非唯致果 为毅 亦且 厉辞 为 武 使声 如 冲风 所击 气 似 欃枪 所扫 奋其 武怒 总其 罪人 惩其 恶稔 之 时 显其 贯盈 之数 摇 奸宄 之胆 订信慎 之心 使 百尺 之冲 摧折 于 咫书 万雉 之 城 颠坠 于 一 檄者 也,氣,343,343,推轂,313,315,313,315,same_segment,0,
sentence,奉辞伐罪,1,0.02571860816944126,liuxie_shipin__liuxie_20,liuxie_shipin__liuxie_20__part01,文心雕龍·檄移,劉勰,故分閫推轂，奉辭伐罪，非唯致果為毅，亦且厲辭為武，使聲如衝風所擊，氣似欃槍所掃，奮其武怒，總其罪人，懲其惡稔之時，顯其貫盈之數，搖奸宄之膽，訂信慎之心，使百尺之衝，摧折於咫書，萬雉之城，顛墜於一檄者也。,故分閫推轂，奉辭伐罪，非唯致果為毅，亦且厲辭為武，使聲如衝風所擊，氣似欃槍所掃，奮其武怒，總其罪人，懲其惡稔之時，顯其貫盈之數，搖奸宄之膽，訂信慎之心，使百尺之衝，摧折於咫書，萬雉之城，顛墜於一檄者也。,故 分阃 推毂 奉辞伐罪 非唯致果 为毅 亦且 厉辞 为 武 使声 如 冲风 所击 气 似 欃枪 所扫 奋其 武怒 总其 罪人 惩其 恶稔 之 时 显其 贯盈 之数 摇 奸宄 之胆 订信慎 之心 使 百尺 之冲 摧折 于 咫书 万雉 之 城 颠坠 于 一 檄者 也,氣,343,343,奉辭伐罪,316,320,316,320,same_segment,0,
sentence,非唯致果,1,0.02571860816944126,liuxie_shipin__liuxie_20,liuxie_shipin__liuxie_20__part01,文心雕龍·檄移,劉勰,故分閫推轂，奉辭伐罪，非唯致果為毅，亦且厲辭為武，使聲如衝風所擊，氣似欃槍所掃，奮其武怒，總其罪人，懲其惡稔之時，顯其貫盈之數，搖奸宄之膽，訂信慎之心，使百尺之衝，摧折於咫書，萬雉之城，顛墜於一檄者也。,故分閫推轂，奉辭伐罪，非唯致果為毅，亦且厲辭為武，使聲如衝風所擊，氣似欃槍所掃，奮其武怒，總其罪人，懲其惡稔之時，顯其貫盈之數，搖奸宄之膽，訂信慎之心，使百尺之衝，摧折於咫書，萬雉之城，顛墜於一檄者也。,故 分阃 推毂 奉辞伐罪 非唯致果 为毅 亦且 厉辞 为 武 使声 如 冲风 所击 气 似 欃枪 所扫 奋其 武怒 总其 罪人 惩其 恶稔 之 时 显其 贯盈 之数 摇 奸宄 之胆 订信慎 之心 使 百尺 之冲 摧折 于 咫书 万雉 之 城 颠坠 于 一 檄者 也,氣,343,343,非唯致果,321,325,321,325,same_segment,0,
sentence,为毅,1,0.02571860816944126,liuxie_shipin__liuxie_20,liuxie_shipin__liuxie_20__part01,文心雕龍·檄移,劉勰,故分閫推轂，奉辭伐罪，非唯致果為毅，亦且厲辭為武，使聲如衝風所擊，氣似欃槍所掃，奮其武怒，總其罪人，懲其惡稔之時，顯其貫盈之數，搖奸宄之膽，訂信慎之心，使百尺之衝，摧折於咫書，萬雉之城，顛墜於一檄者也。,故分閫推轂，奉辭伐罪，非唯致果為毅，亦且厲辭為武，使聲如衝風所擊，氣似欃槍所掃，奮其武怒，總其罪人，懲其惡稔之時，顯其貫盈之數，搖奸宄之膽，訂信慎之心，使百尺之衝，摧折於咫書，萬雉之城，顛墜於一檄者也。,故 分阃 推毂 奉辞伐罪 非唯致果 为毅 亦且 厉辞 为 武 使声 如 冲风 所击 气 似 欃枪 所扫 奋其 武怒 总其 罪人 惩其 恶稔 之 时 显其 贯盈 之数 摇 奸宄 之胆 订信慎 之心 使 百尺 之冲 摧折 于 咫书 万雉 之 城 颠坠 于 一 檄者 也,氣,343,343,為毅,325,327,325,327,same_segment,0,
sentence,亦且,1,0.02571860816944126,liuxie_shipin__liuxie_20,liuxie_shipin__liuxie_20__part01,文心雕龍·檄移,劉勰,故分閫推轂，奉辭伐罪，非唯致果為毅，亦且厲辭為武，使聲如衝風所擊，氣似欃槍所掃，奮其武怒，總其罪人，懲其惡稔之時，顯其貫盈之數，搖奸宄之膽，訂信慎之心，使百尺之衝，摧折於咫書，萬雉之城，顛墜於一檄者也。,故分閫推轂，奉辭伐罪，非唯致果為毅，亦且厲辭為武，使聲如衝風所擊，氣似欃槍所掃，奮其武怒，總其罪人，懲其惡稔之時，顯其貫盈之數，搖奸宄之膽，訂信慎之心，使百尺之衝，摧折於咫書，萬雉之城，顛墜於一檄者也。,故 分阃 推毂 奉辞伐罪 非唯致果 为毅 亦且 厉辞 为 武 使声 如 冲风 所击 气 似 欃枪 所扫 奋其 武怒 总其 罪人 惩其 恶稔 之 时 显其 贯盈 之数 摇 奸宄 之胆 订信慎 之心 使 百尺 之冲 摧折 于 咫书 万雉 之 城 颠坠 于 一 檄者 也,氣,343,343,亦且,328,330,328,330,same_segment,0,
sentence,厉辞,1,0.02571860816944126,liuxie_shipin__liuxie_20,liuxie_shipin__liuxie_20__part01,文心雕龍·檄移,劉勰,故分閫推轂，奉辭伐罪，非唯致果為毅，亦且厲辭為武，使聲如衝風所擊，氣似欃槍所掃，奮其武怒，總其罪人，懲其惡稔之時，顯其貫盈之數，搖奸宄之膽，訂信慎之心，使百尺之衝，摧折於咫書，萬雉之城，顛墜於一檄者也。,故分閫推轂，奉辭伐罪，非唯致果為毅，亦且厲辭為武，使聲如衝風所擊，氣似欃槍所掃，奮其武怒，總其罪人，懲其惡稔之時，顯其貫盈之數，搖奸宄之膽，訂信慎之心，使百尺之衝，摧折於咫書，萬雉之城，顛墜於一檄者也。,故 分阃 推毂 奉辞伐罪 非唯致果 为毅 亦且 厉辞 为 武 使声 如 冲风 所击 气 似 欃枪 所扫 奋其 武怒 总其 罪人 惩其 恶稔 之 时 显其 贯盈 之数 摇 奸宄 之胆 订信慎 之心 使 百尺 之冲 摧折 于 咫书 万雉 之 城 颠坠 于 一 檄者 也,氣,343,343,厲辭,330,332,330,332,same_segment,0,
sentence,使声,1,0.02571860816944126,liuxie_shipin__liuxie_20,liuxie_shipin__liuxie_20__part01,文心雕龍·檄移,劉勰,故分閫推轂，奉辭伐罪，非唯致果為毅，亦且厲辭為武，使聲如衝風所擊，氣似欃槍所掃，奮其武怒，總其罪人，懲其惡稔之時，顯其貫盈之數，搖奸宄之膽，訂信慎之心，使百尺之衝，摧折於咫書，萬雉之城，顛墜於一檄者也。,故分閫推轂，奉辭伐罪，非唯致果為毅，亦且厲辭為武，使聲如衝風所擊，氣似欃槍所掃，奮其武怒，總其罪人，懲其惡稔之時，顯其貫盈之數，搖奸宄之膽，訂信慎之心，使百尺之衝，摧折於咫書，萬雉之城，顛墜於一檄者也。,故 分阃 推毂 奉辞伐罪 非唯致果 为毅 亦且 厉辞 为 武 使声 如 冲风 所击 气 似 欃枪 所扫 奋其 武怒 总其 罪人 惩其 恶稔 之 时 显其 贯盈 之数 摇 奸宄 之胆 订信慎 之心 使 百尺 之冲 摧折 于 咫书 万雉 之 城 颠坠 于 一 檄者 也,氣,343,343,使聲,335,337,335,337,same_segment,0,
sentence,冲风,1,0.02571860816944126,liuxie_shipin__liuxie_20,liuxie_shipin__liuxie_20__part01,文心雕龍·檄移,劉勰,故分閫推轂，奉辭伐罪，非唯致果為毅，亦且厲辭為武，使聲如衝風所擊，氣似欃槍所掃，奮其武怒，總其罪人，懲其惡稔之時，顯其貫盈之數，搖奸宄之膽，訂信慎之心，使百尺之衝，摧折於咫書，萬雉之城，顛墜於一檄者也。,故分閫推轂，奉辭伐罪，非唯致果為毅，亦且厲辭為武，使聲如衝風所擊，氣似欃槍所掃，奮其武怒，總其罪人，懲其惡稔之時，顯其貫盈之數，搖奸宄之膽，訂信慎之心，使百尺之衝，摧折於咫書，萬雉之城，顛墜於一檄者也。,故 分阃 推毂 奉辞伐罪 非唯致果 为毅 亦且 厉辞 为 武 使声 如 冲风 所击 气 似 欃枪 所扫 奋其 武怒 总其 罪人 惩其 恶稔 之 时 显其 贯盈 之数 摇 奸宄 之胆 订信慎 之心 使 百尺 之冲 摧折 于 咫书 万雉 之 城 颠坠 于 一 檄者 也,氣,343,343,衝風,338,340,338,340,same_segment,0,
sentence,所击,1,0.02571860816944126,liuxie_shipin__liuxie_20,liuxie_shipin__liuxie_20__part01,文心雕龍·檄移,劉勰,故分閫推轂，奉辭伐罪，非唯致果為毅，亦且厲辭為武，使聲如衝風所擊，氣似欃槍所掃，奮其武怒，總其罪人，懲其惡稔之時，顯其貫盈之數，搖奸宄之膽，訂信慎之心，使百尺之衝，摧折於咫書，萬雉之城，顛墜於一檄者也。,故分閫推轂，奉辭伐罪，非唯致果為毅，亦且厲辭為武，使聲如衝風所擊，氣似欃槍所掃，奮其武怒，總其罪人，懲其惡稔之時，顯其貫盈之數，搖奸宄之膽，訂信慎之心，使百尺之衝，摧折於咫書，萬雉之城，顛墜於一檄者也。,故 分阃 推毂 奉辞伐罪 非唯致果 为毅 亦且 厉辞 为 武 使声 如 冲风 所击 气 似 欃枪 所扫 奋其 武怒 总其 罪人 惩其 恶稔 之 时 显其 贯盈 之数 摇 奸宄 之胆 订信慎 之心 使 百尺 之冲 摧折 于 咫书 万雉 之 城 颠坠 于 一 檄者 也,氣,343,343,所擊,340,342,340,342,same_segment,0,
sentence,欃枪,1,0.02571860816944126,liuxie_shipin__liuxie_20,liuxie_shipin__liuxie_20__part01,文心雕龍·檄移,劉勰,故分閫推轂，奉辭伐罪，非唯致果為毅，亦且厲辭為武，使聲如衝風所擊，氣似欃槍所掃，奮其武怒，總其罪人，懲其惡稔之時，顯其貫盈之數，搖奸宄之膽，訂信慎之心，使百尺之衝，摧折於咫書，萬雉之城，顛墜於一檄者也。,故分閫推轂，奉辭伐罪，非唯致果為毅，亦且厲辭為武，使聲如衝風所擊，氣似欃槍所掃，奮其武怒，總其罪人，懲其惡稔之時，顯其貫盈之數，搖奸宄之膽，訂信慎之心，使百尺之衝，摧折於咫書，萬雉之城，顛墜於一檄者也。,故 分阃 推毂 奉辞伐罪 非唯致果 为毅 亦且 厉辞 为 武 使声 如 冲风 所击 气 似 欃枪 所扫 奋其 武怒 总其 罪人 惩其 恶稔 之 时 显其 贯盈 之数 摇 奸宄 之胆 订信慎 之心 使 百尺 之冲 摧折 于 咫书 万雉 之 城 颠坠 于 一 檄者 也,氣,343,343,欃槍,345,347,345,347,same_segment,0,
sentence,所扫,1,0.02571860816944126,liuxie_shipin__liuxie_20,liuxie_shipin__liuxie_20__part01,文心雕龍·檄移,劉勰,故分閫推轂，奉辭伐罪，非唯致果為毅，亦且厲辭為武，使聲如衝風所擊，氣似欃槍所掃，奮其武怒，總其罪人，懲其惡稔之時，顯其貫盈之數，搖奸宄之膽，訂信慎之心，使百尺之衝，摧折於咫書，萬雉之城，顛墜於一檄者也。,故分閫推轂，奉辭伐罪，非唯致果為毅，亦且厲辭為武，使聲如衝風所擊，氣似欃槍所掃，奮其武怒，總其罪人，懲其惡稔之時，顯其貫盈之數，搖奸宄之膽，訂信慎之心，使百尺之衝，摧折於咫書，萬雉之城，顛墜於一檄者也。,故 分阃 推毂 奉辞伐罪 非唯致果 为毅 亦且 厉辞 为 武 使声 如 冲风 所击 气 似 欃枪 所扫 奋其 武怒 总其 罪人 惩其 恶稔 之 时 显其 贯盈 之数 摇 奸宄 之胆 订信慎 之心 使 百尺 之冲 摧折 于 咫书 万雉 之 城 颠坠 于 一 檄者 也,氣,343,343,所掃,347,349,347,349,same_segment,0,
sentence,奋其,1,0.02571860816944126,liuxie_shipin__liuxie_20,liuxie_shipin__liuxie_20__part01,文心雕龍·檄移,劉勰,故分閫推轂，奉辭伐罪，非唯致果為毅，亦且厲辭為武，使聲如衝風所擊，氣似欃槍所掃，奮其武怒，總其罪人，懲其惡稔之時，顯其貫盈之數，搖奸宄之膽，訂信慎之心，使百尺之衝，摧折於咫書，萬雉之城，顛墜於一檄者也。,故分閫推轂，奉辭伐罪，非唯致果為毅，亦且厲辭為武，使聲如衝風所擊，氣似欃槍所掃，奮其武怒，總其罪人，懲其惡稔之時，顯其貫盈之數，搖奸宄之膽，訂信慎之心，使百尺之衝，摧折於咫書，萬雉之城，顛墜於一檄者也。,故 分阃 推毂 奉辞伐罪 非唯致果 为毅 亦且 厉辞 为 武 使声 如 冲风 所击 气 似 欃枪 所扫 奋其 武怒 总其 罪人 惩其 恶稔 之 时 显其 贯盈 之数 摇 奸宄 之胆 订信慎 之心 使 百尺 之冲 摧折 于 咫书 万雉 之 城 颠坠 于 一 檄者 也,氣,343,343,奮其,350,352,350,352,same_segment,0,
sentence,武怒,1,0.02571860816944126,liuxie_shipin__liuxie_20,liuxie_shipin__liuxie_20__part01,文心雕龍·檄移,劉勰,故分閫推轂，奉辭伐罪，非唯致果為毅，亦且厲辭為武，使聲如衝風所擊，氣似欃槍所掃，奮其武怒，總其罪人，懲其惡稔之時，顯其貫盈之數，搖奸宄之膽，訂信慎之心，使百尺之衝，摧折於咫書，萬雉之城，顛墜於一檄者也。,故分閫推轂，奉辭伐罪，非唯致果為毅，亦且厲辭為武，使聲如衝風所擊，氣似欃槍所掃，奮其武怒，總其罪人，懲其惡稔之時，顯其貫盈之數，搖奸宄之膽，訂信慎之心，使百尺之衝，摧折於咫書，萬雉之城，顛墜於一檄者也。,故 分阃 推毂 奉辞伐罪 非唯致果 为毅 亦且 厉辞 为 武 使声 如 冲风 所击 气 似 欃枪 所扫 奋其 武怒 总其 罪人 惩其 恶稔 之 时 显其 贯盈 之数 摇 奸宄 之胆 订信慎 之心 使 百尺 之冲 摧折 于 咫书 万雉 之 城 颠坠 于 一 檄者 也,氣,343,343,武怒,352,354,352,354,same_segment,0,
sentence,罪人,1,0.02571860816944126,liuxie_shipin__liuxie_20,liuxie_shipin__liuxie_20__part01,文心雕龍·檄移,劉勰,故分閫推轂，奉辭伐罪，非唯致果為毅，亦且厲辭為武，使聲如衝風所擊，氣似欃槍所掃，奮其武怒，總其罪人，懲其惡稔之時，顯其貫盈之數，搖奸宄之膽，訂信慎之心，使百尺之衝，摧折於咫書，萬雉之城，顛墜於一檄者也。,故分閫推轂，奉辭伐罪，非唯致果為毅，亦且厲辭為武，使聲如衝風所擊，氣似欃槍所掃，奮其武怒，總其罪人，懲其惡稔之時，顯其貫盈之數，搖奸宄之膽，訂信慎之心，使百尺之衝，摧折於咫書，萬雉之城，顛墜於一檄者也。,故 分阃 推毂 奉辞伐罪 非唯致果 为毅 亦且 厉辞 为 武 使声 如 冲风 所击 气 似 欃枪 所扫 奋其 武怒 总其 罪人 惩其 恶稔 之 时 显其 贯盈 之数 摇 奸宄 之胆 订信慎 之心 使 百尺 之冲 摧折 于 咫书 万雉 之 城 颠坠 于 一 檄者 也,氣,343,343,罪人,357,359,357,359,same_segment,0,
sentence,惩其,1,0.02571860816944126,liuxie_shipin__liuxie_20,liuxie_shipin__liuxie_20__part01,文心雕龍·檄移,劉勰,故分閫推轂，奉辭伐罪，非唯致果為毅，亦且厲辭為武，使聲如衝風所擊，氣似欃槍所掃，奮其武怒，總其罪人，懲其惡稔之時，顯其貫盈之數，搖奸宄之膽，訂信慎之心，使百尺之衝，摧折於咫書，萬雉之城，顛墜於一檄者也。,故分閫推轂，奉辭伐罪，非唯致果為毅，亦且厲辭為武，使聲如衝風所擊，氣似欃槍所掃，奮其武怒，總其罪人，懲其惡稔之時，顯其貫盈之數，搖奸宄之膽，訂信慎之心，使百尺之衝，摧折於咫書，萬雉之城，顛墜於一檄者也。,故 分阃 推毂 奉辞伐罪 非唯致果 为毅 亦且 厉辞 为 武 使声 如 冲风 所击 气 似 欃枪 所扫 奋其 武怒 总其 罪人 惩其 恶稔 之 时 显其 贯盈 之数 摇 奸宄 之胆 订信慎 之心 使 百尺 之冲 摧折 于 咫书 万雉 之 城 颠坠 于 一 檄者 也,氣,343,343,懲其,360,362,360,362,same_segment,0,
sentence,恶稔,1,0.02571860816944126,liuxie_shipin__liuxie_20,liuxie_shipin__liuxie_20__part01,文心雕龍·檄移,劉勰,故分閫推轂，奉辭伐罪，非唯致果為毅，亦且厲辭為武，使聲如衝風所擊，氣似欃槍所掃，奮其武怒，總其罪人，懲其惡稔之時，顯其貫盈之數，搖奸宄之膽，訂信慎之心，使百尺之衝，摧折於咫書，萬雉之城，顛墜於一檄者也。,故分閫推轂，奉辭伐罪，非唯致果為毅，亦且厲辭為武，使聲如衝風所擊，氣似欃槍所掃，奮其武怒，總其罪人，懲其惡稔之時，顯其貫盈之數，搖奸宄之膽，訂信慎之心，使百尺之衝，摧折於咫書，萬雉之城，顛墜於一檄者也。,故 分阃 推毂 奉辞伐罪 非唯致果 为毅 亦且 厉辞 为 武 使声 如 冲风 所击 气 似 欃枪 所扫 奋其 武怒 总其 罪人 惩其 恶稔 之 时 显其 贯盈 之数 摇 奸宄 之胆 订信慎 之心 使 百尺 之冲 摧折 于 咫书 万雉 之 城 颠坠 于 一 檄者 也,氣,343,343,惡稔,362,364,362,364,same_segment,0,
sentence,显其,1,0.02571860816944126,liuxie_shipin__liuxie_20,liuxie_shipin__liuxie_20__part01,文心雕龍·檄移,劉勰,故分閫推轂，奉辭伐罪，非唯致果為毅，亦且厲辭為武，使聲如衝風所擊，氣似欃槍所掃，奮其武怒，總其罪人，懲其惡稔之時，顯其貫盈之數，搖奸宄之膽，訂信慎之心，使百尺之衝，摧折於咫書，萬雉之城，顛墜於一檄者也。,故分閫推轂，奉辭伐罪，非唯致果為毅，亦且厲辭為武，使聲如衝風所擊，氣似欃槍所掃，奮其武怒，總其罪人，懲其惡稔之時，顯其貫盈之數，搖奸宄之膽，訂信慎之心，使百尺之衝，摧折於咫書，萬雉之城，顛墜於一檄者也。,故 分阃 推毂 奉辞伐罪 非唯致果 为毅 亦且 厉辞 为 武 使声 如 冲风 所击 气 似 欃枪 所扫 奋其 武怒 总其 罪人 惩其 恶稔 之 时 显其 贯盈 之数 摇 奸宄 之胆 订信慎 之心 使 百尺 之冲 摧折 于 咫书 万雉 之 城 颠坠 于 一 檄者 也,氣,343,343,顯其,367,369,367,369,same_segment,0,
sentence,贯盈,1,0.02571860816944126,liuxie_shipin__liuxie_20,liuxie_shipin__liuxie_20__part01,文心雕龍·檄移,劉勰,故分閫推轂，奉辭伐罪，非唯致果為毅，亦且厲辭為武，使聲如衝風所擊，氣似欃槍所掃，奮其武怒，總其罪人，懲其惡稔之時，顯其貫盈之數，搖奸宄之膽，訂信慎之心，使百尺之衝，摧折於咫書，萬雉之城，顛墜於一檄者也。,故分閫推轂，奉辭伐罪，非唯致果為毅，亦且厲辭為武，使聲如衝風所擊，氣似欃槍所掃，奮其武怒，總其罪人，懲其惡稔之時，顯其貫盈之數，搖奸宄之膽，訂信慎之心，使百尺之衝，摧折於咫書，萬雉之城，顛墜於一檄者也。,故 分阃 推毂 奉辞伐罪 非唯致果 为毅 亦且 厉辞 为 武 使声 如 冲风 所击 气 似 欃枪 所扫 奋其 武怒 总其 罪人 惩其 恶稔 之 时 显其 贯盈 之数 摇 奸宄 之胆 订信慎 之心 使 百尺 之冲 摧折 于 咫书 万雉 之 城 颠坠 于 一 檄者 也,氣,343,343,貫盈,369,371,369,371,same_segment,0,
sentence,奸宄,1,0.02571860816944126,liuxie_shipin__liuxie_20,liuxie_shipin__liuxie_20__part01,文心雕龍·檄移,劉勰,故分閫推轂，奉辭伐罪，非唯致果為毅，亦且厲辭為武，使聲如衝風所擊，氣似欃槍所掃，奮其武怒，總其罪人，懲其惡稔之時，顯其貫盈之數，搖奸宄之膽，訂信慎之心，使百尺之衝，摧折於咫書，萬雉之城，顛墜於一檄者也。,故分閫推轂，奉辭伐罪，非唯致果為毅，亦且厲辭為武，使聲如衝風所擊，氣似欃槍所掃，奮其武怒，總其罪人，懲其惡稔之時，顯其貫盈之數，搖奸宄之膽，訂信慎之心，使百尺之衝，摧折於咫書，萬雉之城，顛墜於一檄者也。,故 分阃 推毂 奉辞伐罪 非唯致果 为毅 亦且 厉辞 为 武 使声 如 冲风 所击 气 似 欃枪 所扫 奋其 武怒 总其 罪人 惩其 恶稔 之 时 显其 贯盈 之数 摇 奸宄 之胆 订信慎 之心 使 百尺 之冲 摧折 于 咫书 万雉 之 城 颠坠 于 一 檄者 也,氣,343,343,奸宄,375,377,375,377,same_segment,0,
sentence,之胆,1,0.02571860816944126,liuxie_shipin__liuxie_20,liuxie_shipin__liuxie_20__part01,文心雕龍·檄移,劉勰,故分閫推轂，奉辭伐罪，非唯致果為毅，亦且厲辭為武，使聲如衝風所擊，氣似欃槍所掃，奮其武怒，總其罪人，懲其惡稔之時，顯其貫盈之數，搖奸宄之膽，訂信慎之心，使百尺之衝，摧折於咫書，萬雉之城，顛墜於一檄者也。,故分閫推轂，奉辭伐罪，非唯致果為毅，亦且厲辭為武，使聲如衝風所擊，氣似欃槍所掃，奮其武怒，總其罪人，懲其惡稔之時，顯其貫盈之數，搖奸宄之膽，訂信慎之心，使百尺之衝，摧折於咫書，萬雉之城，顛墜於一檄者也。,故 分阃 推毂 奉辞伐罪 非唯致果 为毅 亦且 厉辞 为 武 使声 如 冲风 所击 气 似 欃枪 所扫 奋其 武怒 总其 罪人 惩其 恶稔 之 时 显其 贯盈 之数 摇 奸宄 之胆 订信慎 之心 使 百尺 之冲 摧折 于 咫书 万雉 之 城 颠坠 于 一 檄者 也,氣,343,343,之膽,377,379,377,379,same_segment,0,
sentence,订信慎,1,0.02571860816944126,liuxie_shipin__liuxie_20,liuxie_shipin__liuxie_20__part01,文心雕龍·檄移,劉勰,故分閫推轂，奉辭伐罪，非唯致果為毅，亦且厲辭為武，使聲如衝風所擊，氣似欃槍所掃，奮其武怒，總其罪人，懲其惡稔之時，顯其貫盈之數，搖奸宄之膽，訂信慎之心，使百尺之衝，摧折於咫書，萬雉之城，顛墜於一檄者也。,故分閫推轂，奉辭伐罪，非唯致果為毅，亦且厲辭為武，使聲如衝風所擊，氣似欃槍所掃，奮其武怒，總其罪人，懲其惡稔之時，顯其貫盈之數，搖奸宄之膽，訂信慎之心，使百尺之衝，摧折於咫書，萬雉之城，顛墜於一檄者也。,故 分阃 推毂 奉辞伐罪 非唯致果 为毅 亦且 厉辞 为 武 使声 如 冲风 所击 气 似 欃枪 所扫 奋其 武怒 总其 罪人 惩其 恶稔 之 时 显其 贯盈 之数 摇 奸宄 之胆 订信慎 之心 使 百尺 之冲 摧折 于 咫书 万雉 之 城 颠坠 于 一 檄者 也,氣,343,343,訂信慎,380,383,380,383,same_segment,0,
sentence,百尺,1,0.02571860816944126,liuxie_shipin__liuxie_20,liuxie_shipin__liuxie_20__part01,文心雕龍·檄移,劉勰,故分閫推轂，奉辭伐罪，非唯致果為毅，亦且厲辭為武，使聲如衝風所擊，氣似欃槍所掃，奮其武怒，總其罪人，懲其惡稔之時，顯其貫盈之數，搖奸宄之膽，訂信慎之心，使百尺之衝，摧折於咫書，萬雉之城，顛墜於一檄者也。,故分閫推轂，奉辭伐罪，非唯致果為毅，亦且厲辭為武，使聲如衝風所擊，氣似欃槍所掃，奮其武怒，總其罪人，懲其惡稔之時，顯其貫盈之數，搖奸宄之膽，訂信慎之心，使百尺之衝，摧折於咫書，萬雉之城，顛墜於一檄者也。,故 分阃 推毂 奉辞伐罪 非唯致果 为毅 亦且 厉辞 为 武 使声 如 冲风 所击 气 似 欃枪 所扫 奋其 武怒 总其 罪人 惩其 恶稔 之 时 显其 贯盈 之数 摇 奸宄 之胆 订信慎 之心 使 百尺 之冲 摧折 于 咫书 万雉 之 城 颠坠 于 一 檄者 也,氣,343,343,百尺,387,389,387,389,same_segment,0,
sentence,之冲,1,0.02571860816944126,liuxie_shipin__liuxie_20,liuxie_shipin__liuxie_20__part01,文心雕龍·檄移,劉勰,故分閫推轂，奉辭伐罪，非唯致果為毅，亦且厲辭為武，使聲如衝風所擊，氣似欃槍所掃，奮其武怒，總其罪人，懲其惡稔之時，顯其貫盈之數，搖奸宄之膽，訂信慎之心，使百尺之衝，摧折於咫書，萬雉之城，顛墜於一檄者也。,故分閫推轂，奉辭伐罪，非唯致果為毅，亦且厲辭為武，使聲如衝風所擊，氣似欃槍所掃，奮其武怒，總其罪人，懲其惡稔之時，顯其貫盈之數，搖奸宄之膽，訂信慎之心，使百尺之衝，摧折於咫書，萬雉之城，顛墜於一檄者也。,故 分阃 推毂 奉辞伐罪 非唯致果 为毅 亦且 厉辞 为 武 使声 如 冲风 所击 气 似 欃枪 所扫 奋其 武怒 总其 罪人 惩其 恶稔 之 时 显其 贯盈 之数 摇 奸宄 之胆 订信慎 之心 使 百尺 之冲 摧折 于 咫书 万雉 之 城 颠坠 于 一 檄者 也,氣,343,343,之衝,389,391,389,391,same_segment,0,
sentence,摧折,1,0.02571860816944126,liuxie_shipin__liuxie_20,liuxie_shipin__liuxie_20__part01,文心雕龍·檄移,劉勰,故分閫推轂，奉辭伐罪，非唯致果為毅，亦且厲辭為武，使聲如衝風所擊，氣似欃槍所掃，奮其武怒，總其罪人，懲其惡稔之時，顯其貫盈之數，搖奸宄之膽，訂信慎之心，使百尺之衝，摧折於咫書，萬雉之城，顛墜於一檄者也。,故分閫推轂，奉辭伐罪，非唯致果為毅，亦且厲辭為武，使聲如衝風所擊，氣似欃槍所掃，奮其武怒，總其罪人，懲其惡稔之時，顯其貫盈之數，搖奸宄之膽，訂信慎之心，使百尺之衝，摧折於咫書，萬雉之城，顛墜於一檄者也。,故 分阃 推毂 奉辞伐罪 非唯致果 为毅 亦且 厉辞 为 武 使声 如 冲风 所击 气 似 欃枪 所扫 奋其 武怒 总其 罪人 惩其 恶稔 之 时 显其 贯盈 之数 摇 奸宄 之胆 订信慎 之心 使 百尺 之冲 摧折 于 咫书 万雉 之 城 颠坠 于 一 檄者 也,氣,343,343,摧折,392,394,392,394,same_segment,0,
sentence,咫书,1,0.02571860816944126,liuxie_shipin__liuxie_20,liuxie_shipin__liuxie_20__part01,文心雕龍·檄移,劉勰,故分閫推轂，奉辭伐罪，非唯致果為毅，亦且厲辭為武，使聲如衝風所擊，氣似欃槍所掃，奮其武怒，總其罪人，懲其惡稔之時，顯其貫盈之數，搖奸宄之膽，訂信慎之心，使百尺之衝，摧折於咫書，萬雉之城，顛墜於一檄者也。,故分閫推轂，奉辭伐罪，非唯致果為毅，亦且厲辭為武，使聲如衝風所擊，氣似欃槍所掃，奮其武怒，總其罪人，懲其惡稔之時，顯其貫盈之數，搖奸宄之膽，訂信慎之心，使百尺之衝，摧折於咫書，萬雉之城，顛墜於一檄者也。,故 分阃 推毂 奉辞伐罪 非唯致果 为毅 亦且 厉辞 为 武 使声 如 冲风 所击 气 似 欃枪 所扫 奋其 武怒 总其 罪人 惩其 恶稔 之 时 显其 贯盈 之数 摇 奸宄 之胆 订信慎 之心 使 百尺 之冲 摧折 于 咫书 万雉 之 城 颠坠 于 一 檄者 也,氣,343,343,咫書,395,397,395,397,same_segment,0,
sentence,万雉,1,0.02571860816944126,liuxie_shipin__liuxie_20,liuxie_shipin__liuxie_20__part01,文心雕龍·檄移,劉勰,故分閫推轂，奉辭伐罪，非唯致果為毅，亦且厲辭為武，使聲如衝風所擊，氣似欃槍所掃，奮其武怒，總其罪人，懲其惡稔之時，顯其貫盈之數，搖奸宄之膽，訂信慎之心，使百尺之衝，摧折於咫書，萬雉之城，顛墜於一檄者也。,故分閫推轂，奉辭伐罪，非唯致果為毅，亦且厲辭為武，使聲如衝風所擊，氣似欃槍所掃，奮其武怒，總其罪人，懲其惡稔之時，顯其貫盈之數，搖奸宄之膽，訂信慎之心，使百尺之衝，摧折於咫書，萬雉之城，顛墜於一檄者也。,故 分阃 推毂 奉辞伐罪 非唯致果 为毅 亦且 厉辞 为 武 使声 如 冲风 所击 气 似 欃枪 所扫 奋其 武怒 总其 罪人 惩其 恶稔 之 时 显其 贯盈 之数 摇 奸宄 之胆 订信慎 之心 使 百尺 之冲 摧折 于 咫书 万雉 之 城 颠坠 于 一 檄者 也,氣,343,343,萬雉,398,400,398,400,same_segment,0,
sentence,插羽,1,0.02571860816944126,liuxie_shipin__liuxie_20,liuxie_shipin__liuxie_20__part01,文心雕龍·檄移,劉勰,故其植義颺辭，務在剛健，插羽以示迅，不可使辭緩，露板以宣眾，不可使義隱，必事昭而理辨，氣盛而辭斷，此其要也。,故其植義颺辭，務在剛健，插羽以示迅，不可使辭緩，露板以宣眾，不可使義隱，必事昭而理辨，氣盛而辭斷，此其要也。,故其 植义 飏 辞 务 在 刚健 插羽 以示 迅 不可 使 辞缓 露板 以 宣众 不可 使义 隐 必事昭而理 辨 气 盛而 辞断 此其要 也,氣,661,661,插羽,630,632,630,632,same_segment,0,
sentence,辞缓,1,0.02571860816944126,liuxie_shipin__liuxie_20,liuxie_shipin__liuxie_20__part01,文心雕龍·檄移,劉勰,故其植義颺辭，務在剛健，插羽以示迅，不可使辭緩，露板以宣眾，不可使義隱，必事昭而理辨，氣盛而辭斷，此其要也。,故其植義颺辭，務在剛健，插羽以示迅，不可使辭緩，露板以宣眾，不可使義隱，必事昭而理辨，氣盛而辭斷，此其要也。,故其 植义 飏 辞 务 在 刚健 插羽 以示 迅 不可 使 辞缓 露板 以 宣众 不可 使义 隐 必事昭而理 辨 气 盛而 辞断 此其要 也,氣,661,661,辭緩,639,641,639,641,same_segment,0,
sentence,露板,1,0.02571860816944126,liuxie_shipin__liuxie_20,liuxie_shipin__liuxie_20__part01,文心雕龍·檄移,劉勰,故其植義颺辭，務在剛健，插羽以示迅，不可使辭緩，露板以宣眾，不可使義隱，必事昭而理辨，氣盛而辭斷，此其要也。,故其植義颺辭，務在剛健，插羽以示迅，不可使辭緩，露板以宣眾，不可使義隱，必事昭而理辨，氣盛而辭斷，此其要也。,故其 植义 飏 辞 务 在 刚健 插羽 以示 迅 不可 使 辞缓 露板 以 宣众 不可 使义 隐 必事昭而理 辨 气 盛而 辞断 此其要 也,氣,661,661,露板,642,644,642,644,same_segment,0,
sentence,宣众,1,0.02571860816944126,liuxie_shipin__liuxie_20,liuxie_shipin__liuxie_20__part01,文心雕龍·檄移,劉勰,故其植義颺辭，務在剛健，插羽以示迅，不可使辭緩，露板以宣眾，不可使義隱，必事昭而理辨，氣盛而辭斷，此其要也。,故其植義颺辭，務在剛健，插羽以示迅，不可使辭緩，露板以宣眾，不可使義隱，必事昭而理辨，氣盛而辭斷，此其要也。,故其 植义 飏 辞 务 在 刚健 插羽 以示 迅 不可 使 辞缓 露板 以 宣众 不可 使义 隐 必事昭而理 辨 气 盛而 辞断 此其要 也,氣,661,661,宣眾,645,647,645,647,same_segment,0,
sentence,使义,1,0.02571860816944126,liuxie_shipin__liuxie_20,liuxie_shipin__liuxie_20__part01,文心雕龍·檄移,劉勰,故其植義颺辭，務在剛健，插羽以示迅，不可使辭緩，露板以宣眾，不可使義隱，必事昭而理辨，氣盛而辭斷，此其要也。,故其植義颺辭，務在剛健，插羽以示迅，不可使辭緩，露板以宣眾，不可使義隱，必事昭而理辨，氣盛而辭斷，此其要也。,故其 植义 飏 辞 务 在 刚健 插羽 以示 迅 不可 使 辞缓 露板 以 宣众 不可 使义 隐 必事昭而理 辨 气 盛而 辞断 此其要 也,氣,661,661,使義,650,652,650,652,same_segment,0,
sentence,必事昭而理,1,0.02571860816944126,liuxie_shipin__liuxie_20,liuxie_shipin__liuxie_20__part01,文心雕龍·檄移,劉勰,故其植義颺辭，務在剛健，插羽以示迅，不可使辭緩，露板以宣眾，不可使義隱，必事昭而理辨，氣盛而辭斷，此其要也。,故其植義颺辭，務在剛健，插羽以示迅，不可使辭緩，露板以宣眾，不可使義隱，必事昭而理辨，氣盛而辭斷，此其要也。,故其 植义 飏 辞 务 在 刚健 插羽 以示 迅 不可 使 辞缓 露板 以 宣众 不可 使义 隐 必事昭而理 辨 气 盛而 辞断 此其要 也,氣,661,661,必事昭而理,654,659,654,659,same_segment,0,
sentence,盛而,1,0.02571860816944126,liuxie_shipin__liuxie_20,liuxie_shipin__liuxie_20__part01,文心雕龍·檄移,劉勰,故其植義颺辭，務在剛健，插羽以示迅，不可使辭緩，露板以宣眾，不可使義隱，必事昭而理辨，氣盛而辭斷，此其要也。,故其植義颺辭，務在剛健，插羽以示迅，不可使辭緩，露板以宣眾，不可使義隱，必事昭而理辨，氣盛而辭斷，此其要也。,故其 植义 飏 辞 务 在 刚健 插羽 以示 迅 不可 使 辞缓 露板 以 宣众 不可 使义 隐 必事昭而理 辨 气 盛而 辞断 此其要 也,氣,661,661,盛而,662,664,662,664,same_segment,0,
sentence,辞断,1,0.02571860816944126,liuxie_shipin__liuxie_20,liuxie_shipin__liuxie_20__part01,文心雕龍·檄移,劉勰,故其植義颺辭，務在剛健，插羽以示迅，不可使辭緩，露板以宣眾，不可使義隱，必事昭而理辨，氣盛而辭斷，此其要也。,故其植義颺辭，務在剛健，插羽以示迅，不可使辭緩，露板以宣眾，不可使義隱，必事昭而理辨，氣盛而辭斷，此其要也。,故其 植义 飏 辞 务 在 刚健 插羽 以示 迅 不可 使 辞缓 露板 以 宣众 不可 使义 隐 必事昭而理 辨 气 盛而 辞断 此其要 也,氣,661,661,辭斷,664,666,664,666,same_segment,0,
sentence,此其要,1,0.02571860816944126,liuxie_shipin__liuxie_20,liuxie_shipin__liuxie_20__part01,文心雕龍·檄移,劉勰,故其植義颺辭，務在剛健，插羽以示迅，不可使辭緩，露板以宣眾，不可使義隱，必事昭而理辨，氣盛而辭斷，此其要也。,故其植義颺辭，務在剛健，插羽以示迅，不可使辭緩，露板以宣眾，不可使義隱，必事昭而理辨，氣盛而辭斷，此其要也。,故其 植义 飏 辞 务 在 刚健 插羽 以示 迅 不可 使 辞缓 露板 以 宣众 不可 使义 隐 必事昭而理 辨 气 盛而 辞断 此其要 也,氣,661,661,此其要,667,670,667,670,same_segment,0,
sentence,体乏,1,0.02571860816944126,liuxie_shipin__liuxie_21,liuxie_shipin__liuxie_21__part01,文心雕龍·封禪,劉勰,秦皇銘岱，文自李斯，法家辭氣，體乏弘潤。,秦皇銘岱，文自李斯，法家辭氣，體乏弘潤。,秦皇 铭 岱 文自 李斯 法家 辞 气 体乏 弘润,氣,258,258,體乏,260,262,260,262,same_segment,0,
sentence,之荐,1,0.02571860816944126,liuxie_shipin__liuxie_22,liuxie_shipin__liuxie_22__part01,文心雕龍·章表,劉勰,至於文舉之薦禰衡，氣揚采飛；,至於文舉之薦禰衡，氣揚采飛；,至于 文举 之荐 祢衡 气 扬 采飞,氣,507,507,之薦,502,504,502,504,same_segment,0,
sentence,采飞,1,0.02571860816944126,liuxie_shipin__liuxie_22,liuxie_shipin__liuxie_22__part01,文心雕龍·章表,劉勰,至於文舉之薦禰衡，氣揚采飛；,至於文舉之薦禰衡，氣揚采飛；,至于 文举 之荐 祢衡 气 扬 采飞,氣,507,507,采飛,509,511,509,511,same_segment,0,
sentence,故位,1,0.02571860816944126,liuxie_shipin__liuxie_23,liuxie_shipin__liuxie_23__part01,文心雕龍·奏啟,劉勰,故位在鷙擊，砥礪其氣，必使筆端振風，簡上凝霜者也。,故位在鷙擊，砥礪其氣，必使筆端振風，簡上凝霜者也。,故位 在 鸷击 砥砺 其 气 必使 笔端 振风 简上 凝霜 者 也,氣,422,422,故位,413,415,413,415,same_segment,0,
sentence,鸷击,1,0.02571860816944126,liuxie_shipin__liuxie_23,liuxie_shipin__liuxie_23__part01,文心雕龍·奏啟,劉勰,故位在鷙擊，砥礪其氣，必使筆端振風，簡上凝霜者也。,故位在鷙擊，砥礪其氣，必使筆端振風，簡上凝霜者也。,故位 在 鸷击 砥砺 其 气 必使 笔端 振风 简上 凝霜 者 也,氣,422,422,鷙擊,416,418,416,418,same_segment,0,
sentence,砥砺,1,0.02571860816944126,liuxie_shipin__liuxie_23,liuxie_shipin__liuxie_23__part01,文心雕龍·奏啟,劉勰,故位在鷙擊，砥礪其氣，必使筆端振風，簡上凝霜者也。,故位在鷙擊，砥礪其氣，必使筆端振風，簡上凝霜者也。,故位 在 鸷击 砥砺 其 气 必使 笔端 振风 简上 凝霜 者 也,氣,422,422,砥礪,419,421,419,421,same_segment,0,
sentence,振风,1,0.02571860816944126,liuxie_shipin__liuxie_23,liuxie_shipin__liuxie_23__part01,文心雕龍·奏啟,劉勰,故位在鷙擊，砥礪其氣，必使筆端振風，簡上凝霜者也。,故位在鷙擊，砥礪其氣，必使筆端振風，簡上凝霜者也。,故位 在 鸷击 砥砺 其 气 必使 笔端 振风 简上 凝霜 者 也,氣,422,422,振風,428,430,428,430,same_segment,0,
sentence,简上,1,0.02571860816944126,liuxie_shipin__liuxie_23,liuxie_shipin__liuxie_23__part01,文心雕龍·奏啟,劉勰,故位在鷙擊，砥礪其氣，必使筆端振風，簡上凝霜者也。,故位在鷙擊，砥礪其氣，必使筆端振風，簡上凝霜者也。,故位 在 鸷击 砥砺 其 气 必使 笔端 振风 简上 凝霜 者 也,氣,422,422,簡上,431,433,431,433,same_segment,0,
sentence,凝霜,1,0.02571860816944126,liuxie_shipin__liuxie_23,liuxie_shipin__liuxie_23__part01,文心雕龍·奏啟,劉勰,故位在鷙擊，砥礪其氣，必使筆端振風，簡上凝霜者也。,故位在鷙擊，砥礪其氣，必使筆端振風，簡上凝霜者也。,故位 在 鸷击 砥砺 其 气 必使 笔端 振风 简上 凝霜 者 也,氣,422,422,凝霜,433,435,433,435,same_segment,0,
sentence,理有,1,0.02571860816944126,liuxie_shipin__liuxie_23,liuxie_shipin__liuxie_23__part01,文心雕龍·奏啟,劉勰,必使理有典刑，辭有風軌，總法家之式，秉儒家之文，不畏彊禦，氣流墨中，無縱詭隨，聲動簡外，乃稱絕席之雄，直方之舉耳。,必使理有典刑，辭有風軌，總法家之式，秉儒家之文，不畏彊禦，氣流墨中，無縱詭隨，聲動簡外，乃稱絕席之雄，直方之舉耳。,必使 理有 典刑 辞有 风轨 总 法家 之式 秉 儒家 之文 不畏 彊 御 气 流墨 中 无纵 诡随 声动 简外 乃称 绝席 之雄 直方 之举 耳,氣,734,734,理有,707,709,707,709,same_segment,0,
sentence,典刑,1,0.02571860816944126,liuxie_shipin__liuxie_23,liuxie_shipin__liuxie_23__part01,文心雕龍·奏啟,劉勰,必使理有典刑，辭有風軌，總法家之式，秉儒家之文，不畏彊禦，氣流墨中，無縱詭隨，聲動簡外，乃稱絕席之雄，直方之舉耳。,必使理有典刑，辭有風軌，總法家之式，秉儒家之文，不畏彊禦，氣流墨中，無縱詭隨，聲動簡外，乃稱絕席之雄，直方之舉耳。,必使 理有 典刑 辞有 风轨 总 法家 之式 秉 儒家 之文 不畏 彊 御 气 流墨 中 无纵 诡随 声动 简外 乃称 绝席 之雄 直方 之举 耳,氣,734,734,典刑,709,711,709,711,same_segment,0,
sentence,辞有,1,0.02571860816944126,liuxie_shipin__liuxie_23,liuxie_shipin__liuxie_23__part01,文心雕龍·奏啟,劉勰,必使理有典刑，辭有風軌，總法家之式，秉儒家之文，不畏彊禦，氣流墨中，無縱詭隨，聲動簡外，乃稱絕席之雄，直方之舉耳。,必使理有典刑，辭有風軌，總法家之式，秉儒家之文，不畏彊禦，氣流墨中，無縱詭隨，聲動簡外，乃稱絕席之雄，直方之舉耳。,必使 理有 典刑 辞有 风轨 总 法家 之式 秉 儒家 之文 不畏 彊 御 气 流墨 中 无纵 诡随 声动 简外 乃称 绝席 之雄 直方 之举 耳,氣,734,734,辭有,712,714,712,714,same_segment,0,
sentence,儒家,1,0.02571860816944126,liuxie_shipin__liuxie_23,liuxie_shipin__liuxie_23__part01,文心雕龍·奏啟,劉勰,必使理有典刑，辭有風軌，總法家之式，秉儒家之文，不畏彊禦，氣流墨中，無縱詭隨，聲動簡外，乃稱絕席之雄，直方之舉耳。,必使理有典刑，辭有風軌，總法家之式，秉儒家之文，不畏彊禦，氣流墨中，無縱詭隨，聲動簡外，乃稱絕席之雄，直方之舉耳。,必使 理有 典刑 辞有 风轨 总 法家 之式 秉 儒家 之文 不畏 彊 御 气 流墨 中 无纵 诡随 声动 简外 乃称 绝席 之雄 直方 之举 耳,氣,734,734,儒家,724,726,724,726,same_segment,0,
sentence,不畏,1,0.02571860816944126,liuxie_shipin__liuxie_23,liuxie_shipin__liuxie_23__part01,文心雕龍·奏啟,劉勰,必使理有典刑，辭有風軌，總法家之式，秉儒家之文，不畏彊禦，氣流墨中，無縱詭隨，聲動簡外，乃稱絕席之雄，直方之舉耳。,必使理有典刑，辭有風軌，總法家之式，秉儒家之文，不畏彊禦，氣流墨中，無縱詭隨，聲動簡外，乃稱絕席之雄，直方之舉耳。,必使 理有 典刑 辞有 风轨 总 法家 之式 秉 儒家 之文 不畏 彊 御 气 流墨 中 无纵 诡随 声动 简外 乃称 绝席 之雄 直方 之举 耳,氣,734,734,不畏,729,731,729,731,same_segment,0,
sentence,流墨,1,0.02571860816944126,liuxie_shipin__liuxie_23,liuxie_shipin__liuxie_23__part01,文心雕龍·奏啟,劉勰,必使理有典刑，辭有風軌，總法家之式，秉儒家之文，不畏彊禦，氣流墨中，無縱詭隨，聲動簡外，乃稱絕席之雄，直方之舉耳。,必使理有典刑，辭有風軌，總法家之式，秉儒家之文，不畏彊禦，氣流墨中，無縱詭隨，聲動簡外，乃稱絕席之雄，直方之舉耳。,必使 理有 典刑 辞有 风轨 总 法家 之式 秉 儒家 之文 不畏 彊 御 气 流墨 中 无纵 诡随 声动 简外 乃称 绝席 之雄 直方 之举 耳,氣,734,734,流墨,735,737,735,737,same_segment,0,
sentence,无纵,1,0.02571860816944126,liuxie_shipin__liuxie_23,liuxie_shipin__liuxie_23__part01,文心雕龍·奏啟,劉勰,必使理有典刑，辭有風軌，總法家之式，秉儒家之文，不畏彊禦，氣流墨中，無縱詭隨，聲動簡外，乃稱絕席之雄，直方之舉耳。,必使理有典刑，辭有風軌，總法家之式，秉儒家之文，不畏彊禦，氣流墨中，無縱詭隨，聲動簡外，乃稱絕席之雄，直方之舉耳。,必使 理有 典刑 辞有 风轨 总 法家 之式 秉 儒家 之文 不畏 彊 御 气 流墨 中 无纵 诡随 声动 简外 乃称 绝席 之雄 直方 之举 耳,氣,734,734,無縱,739,741,739,741,same_segment,0,
sentence,诡随,1,0.02571860816944126,liuxie_shipin__liuxie_23,liuxie_shipin__liuxie_23__part01,文心雕龍·奏啟,劉勰,必使理有典刑，辭有風軌，總法家之式，秉儒家之文，不畏彊禦，氣流墨中，無縱詭隨，聲動簡外，乃稱絕席之雄，直方之舉耳。,必使理有典刑，辭有風軌，總法家之式，秉儒家之文，不畏彊禦，氣流墨中，無縱詭隨，聲動簡外，乃稱絕席之雄，直方之舉耳。,必使 理有 典刑 辞有 风轨 总 法家 之式 秉 儒家 之文 不畏 彊 御 气 流墨 中 无纵 诡随 声动 简外 乃称 绝席 之雄 直方 之举 耳,氣,734,734,詭隨,741,743,741,743,same_segment,0,
sentence,声动,1,0.02571860816944126,liuxie_shipin__liuxie_23,liuxie_shipin__liuxie_23__part01,文心雕龍·奏啟,劉勰,必使理有典刑，辭有風軌，總法家之式，秉儒家之文，不畏彊禦，氣流墨中，無縱詭隨，聲動簡外，乃稱絕席之雄，直方之舉耳。,必使理有典刑，辭有風軌，總法家之式，秉儒家之文，不畏彊禦，氣流墨中，無縱詭隨，聲動簡外，乃稱絕席之雄，直方之舉耳。,必使 理有 典刑 辞有 风轨 总 法家 之式 秉 儒家 之文 不畏 彊 御 气 流墨 中 无纵 诡随 声动 简外 乃称 绝席 之雄 直方 之举 耳,氣,734,734,聲動,744,746,744,746,same_segment,0,
sentence,简外,1,0.02571860816944126,liuxie_shipin__liuxie_23,liuxie_shipin__liuxie_23__part01,文心雕龍·奏啟,劉勰,必使理有典刑，辭有風軌，總法家之式，秉儒家之文，不畏彊禦，氣流墨中，無縱詭隨，聲動簡外，乃稱絕席之雄，直方之舉耳。,必使理有典刑，辭有風軌，總法家之式，秉儒家之文，不畏彊禦，氣流墨中，無縱詭隨，聲動簡外，乃稱絕席之雄，直方之舉耳。,必使 理有 典刑 辞有 风轨 总 法家 之式 秉 儒家 之文 不畏 彊 御 气 流墨 中 无纵 诡随 声动 简外 乃称 绝席 之雄 直方 之举 耳,氣,734,734,簡外,746,748,746,748,same_segment,0,
sentence,绝席,1,0.02571860816944126,liuxie_shipin__liuxie_23,liuxie_shipin__liuxie_23__part01,文心雕龍·奏啟,劉勰,必使理有典刑，辭有風軌，總法家之式，秉儒家之文，不畏彊禦，氣流墨中，無縱詭隨，聲動簡外，乃稱絕席之雄，直方之舉耳。,必使理有典刑，辭有風軌，總法家之式，秉儒家之文，不畏彊禦，氣流墨中，無縱詭隨，聲動簡外，乃稱絕席之雄，直方之舉耳。,必使 理有 典刑 辞有 风轨 总 法家 之式 秉 儒家 之文 不畏 彊 御 气 流墨 中 无纵 诡随 声动 简外 乃称 绝席 之雄 直方 之举 耳,氣,734,734,絕席,751,753,751,753,same_segment,0,
sentence,之雄,1,0.02571860816944126,liuxie_shipin__liuxie_23,liuxie_shipin__liuxie_23__part01,文心雕龍·奏啟,劉勰,必使理有典刑，辭有風軌，總法家之式，秉儒家之文，不畏彊禦，氣流墨中，無縱詭隨，聲動簡外，乃稱絕席之雄，直方之舉耳。,必使理有典刑，辭有風軌，總法家之式，秉儒家之文，不畏彊禦，氣流墨中，無縱詭隨，聲動簡外，乃稱絕席之雄，直方之舉耳。,必使 理有 典刑 辞有 风轨 总 法家 之式 秉 儒家 之文 不畏 彊 御 气 流墨 中 无纵 诡随 声动 简外 乃称 绝席 之雄 直方 之举 耳,氣,734,734,之雄,753,755,753,755,same_segment,0,
sentence,直方,1,0.02571860816944126,liuxie_shipin__liuxie_23,liuxie_shipin__liuxie_23__part01,文心雕龍·奏啟,劉勰,必使理有典刑，辭有風軌，總法家之式，秉儒家之文，不畏彊禦，氣流墨中，無縱詭隨，聲動簡外，乃稱絕席之雄，直方之舉耳。,必使理有典刑，辭有風軌，總法家之式，秉儒家之文，不畏彊禦，氣流墨中，無縱詭隨，聲動簡外，乃稱絕席之雄，直方之舉耳。,必使 理有 典刑 辞有 风轨 总 法家 之式 秉 儒家 之文 不畏 彊 御 气 流墨 中 无纵 诡随 声动 简外 乃称 绝席 之雄 直方 之举 耳,氣,734,734,直方,756,758,756,758,same_segment,0,
sentence,鲁丕,1,0.02571860816944126,liuxie_shipin__liuxie_24,liuxie_shipin__liuxie_24__part01,文心雕龍·議對,劉勰,及後漢魯丕，辭氣質素，以儒雅中策，獨入高第。,及後漢魯丕，辭氣質素，以儒雅中策，獨入高第。,及 后汉 鲁丕 辞 气 质素 以 儒雅 中策 独入 高 第,氣,905,905,魯丕,901,903,901,903,same_segment,0,
sentence,中策,1,0.02571860816944126,liuxie_shipin__liuxie_24,liuxie_shipin__liuxie_24__part01,文心雕龍·議對,劉勰,及後漢魯丕，辭氣質素，以儒雅中策，獨入高第。,及後漢魯丕，辭氣質素，以儒雅中策，獨入高第。,及 后汉 鲁丕 辞 气 质素 以 儒雅 中策 独入 高 第,氣,905,905,中策,912,914,912,914,same_segment,0,
sentence,独入,1,0.02571860816944126,liuxie_shipin__liuxie_24,liuxie_shipin__liuxie_24__part01,文心雕龍·議對,劉勰,及後漢魯丕，辭氣質素，以儒雅中策，獨入高第。,及後漢魯丕，辭氣質素，以儒雅中策，獨入高第。,及 后汉 鲁丕 辞 气 质素 以 儒雅 中策 独入 高 第,氣,905,905,獨入,915,917,915,917,same_segment,0,
sentence,汉来,1,0.02571860816944126,liuxie_shipin__liuxie_25,liuxie_shipin__liuxie_25__part01,文心雕龍·書記,劉勰,漢來筆札，辭氣紛紜。,漢來筆札，辭氣紛紜。,汉来 笔札 辞 气 纷纭,氣,197,197,漢來,191,193,191,193,same_segment,0,
sentence,之报,1,0.02571860816944126,liuxie_shipin__liuxie_25,liuxie_shipin__liuxie_25__part01,文心雕龍·書記,劉勰,觀史遷之報任安，東方朔之難公孫，楊惲之酬會宗，子雲之答劉歆，志氣槃桓，各含殊采；,觀史遷之報任安，東方朔之難公孫，楊惲之酬會宗，子雲之答劉歆，志氣槃桓，各含殊采；,观 史迁 之报 任安 东方朔 之难 公孙 杨恽 之酬 会宗 子云之答 刘歆 志 气 槃 桓 各 含殊 采,氣,232,232,之報,204,206,204,206,same_segment,0,
sentence,任安,1,0.02571860816944126,liuxie_shipin__liuxie_25,liuxie_shipin__liuxie_25__part01,文心雕龍·書記,劉勰,觀史遷之報任安，東方朔之難公孫，楊惲之酬會宗，子雲之答劉歆，志氣槃桓，各含殊采；,觀史遷之報任安，東方朔之難公孫，楊惲之酬會宗，子雲之答劉歆，志氣槃桓，各含殊采；,观 史迁 之报 任安 东方朔 之难 公孙 杨恽 之酬 会宗 子云之答 刘歆 志 气 槃 桓 各 含殊 采,氣,232,232,任安,206,208,206,208,same_segment,0,
sentence,杨恽,1,0.02571860816944126,liuxie_shipin__liuxie_25,liuxie_shipin__liuxie_25__part01,文心雕龍·書記,劉勰,觀史遷之報任安，東方朔之難公孫，楊惲之酬會宗，子雲之答劉歆，志氣槃桓，各含殊采；,觀史遷之報任安，東方朔之難公孫，楊惲之酬會宗，子雲之答劉歆，志氣槃桓，各含殊采；,观 史迁 之报 任安 东方朔 之难 公孙 杨恽 之酬 会宗 子云之答 刘歆 志 气 槃 桓 各 含殊 采,氣,232,232,楊惲,217,219,217,219,same_segment,0,
sentence,之酬,1,0.02571860816944126,liuxie_shipin__liuxie_25,liuxie_shipin__liuxie_25__part01,文心雕龍·書記,劉勰,觀史遷之報任安，東方朔之難公孫，楊惲之酬會宗，子雲之答劉歆，志氣槃桓，各含殊采；,觀史遷之報任安，東方朔之難公孫，楊惲之酬會宗，子雲之答劉歆，志氣槃桓，各含殊采；,观 史迁 之报 任安 东方朔 之难 公孙 杨恽 之酬 会宗 子云之答 刘歆 志 气 槃 桓 各 含殊 采,氣,232,232,之酬,219,221,219,221,same_segment,0,
sentence,会宗,1,0.02571860816944126,liuxie_shipin__liuxie_25,liuxie_shipin__liuxie_25__part01,文心雕龍·書記,劉勰,觀史遷之報任安，東方朔之難公孫，楊惲之酬會宗，子雲之答劉歆，志氣槃桓，各含殊采；,觀史遷之報任安，東方朔之難公孫，楊惲之酬會宗，子雲之答劉歆，志氣槃桓，各含殊采；,观 史迁 之报 任安 东方朔 之难 公孙 杨恽 之酬 会宗 子云之答 刘歆 志 气 槃 桓 各 含殊 采,氣,232,232,會宗,221,223,221,223,same_segment,0,
sentence,子云之答,1,0.02571860816944126,liuxie_shipin__liuxie_25,liuxie_shipin__liuxie_25__part01,文心雕龍·書記,劉勰,觀史遷之報任安，東方朔之難公孫，楊惲之酬會宗，子雲之答劉歆，志氣槃桓，各含殊采；,觀史遷之報任安，東方朔之難公孫，楊惲之酬會宗，子雲之答劉歆，志氣槃桓，各含殊采；,观 史迁 之报 任安 东方朔 之难 公孙 杨恽 之酬 会宗 子云之答 刘歆 志 气 槃 桓 各 含殊 采,氣,232,232,子雲之答,224,228,224,228,same_segment,0,
sentence,含殊,1,0.02571860816944126,liuxie_shipin__liuxie_25,liuxie_shipin__liuxie_25__part01,文心雕龍·書記,劉勰,觀史遷之報任安，東方朔之難公孫，楊惲之酬會宗，子雲之答劉歆，志氣槃桓，各含殊采；,觀史遷之報任安，東方朔之難公孫，楊惲之酬會宗，子雲之答劉歆，志氣槃桓，各含殊采；,观 史迁 之报 任安 东方朔 之难 公孙 杨恽 之酬 会宗 子云之答 刘歆 志 气 槃 桓 各 含殊 采,氣,232,232,含殊,237,239,237,239,same_segment,0,
sentence,书体,1,0.02571860816944126,liuxie_shipin__liuxie_25,liuxie_shipin__liuxie_25__part01,文心雕龍·書記,劉勰,詳總書體，本在盡言，言以散鬱陶，託風采，故宜滌暢以任氣，優柔以懌懷。,詳總書體，本在盡言，言以散鬱陶，託風采，故宜滌暢以任氣，優柔以懌懷。,详 总 书体 本 在 尽言 言以 散 郁陶 托 风采 故宜 涤畅 以任 气 优柔 以怿怀,氣,388,388,書體,364,366,364,366,same_segment,0,
sentence,尽言,1,0.02571860816944126,liuxie_shipin__liuxie_25,liuxie_shipin__liuxie_25__part01,文心雕龍·書記,劉勰,詳總書體，本在盡言，言以散鬱陶，託風采，故宜滌暢以任氣，優柔以懌懷。,詳總書體，本在盡言，言以散鬱陶，託風采，故宜滌暢以任氣，優柔以懌懷。,详 总 书体 本 在 尽言 言以 散 郁陶 托 风采 故宜 涤畅 以任 气 优柔 以怿怀,氣,388,388,盡言,369,371,369,371,same_segment,0,
sentence,涤畅,1,0.02571860816944126,liuxie_shipin__liuxie_25,liuxie_shipin__liuxie_25__part01,文心雕龍·書記,劉勰,詳總書體，本在盡言，言以散鬱陶，託風采，故宜滌暢以任氣，優柔以懌懷。,詳總書體，本在盡言，言以散鬱陶，託風采，故宜滌暢以任氣，優柔以懌懷。,详 总 书体 本 在 尽言 言以 散 郁陶 托 风采 故宜 涤畅 以任 气 优柔 以怿怀,氣,388,388,滌暢,384,386,384,386,same_segment,0,
sentence,以怿怀,1,0.02571860816944126,liuxie_shipin__liuxie_25,liuxie_shipin__liuxie_25__part01,文心雕龍·書記,劉勰,詳總書體，本在盡言，言以散鬱陶，託風采，故宜滌暢以任氣，優柔以懌懷。,詳總書體，本在盡言，言以散鬱陶，託風采，故宜滌暢以任氣，優柔以懌懷。,详 总 书体 本 在 尽言 言以 散 郁陶 托 风采 故宜 涤畅 以任 气 优柔 以怿怀,氣,388,388,以懌懷,392,395,392,395,same_segment,0,
sentence,神居,1,0.02571860816944126,liuxie_shipin__liuxie_26,liuxie_shipin__liuxie_26__part01,文心雕龍·神思,劉勰,神居胸臆，而志氣統其關鍵；,神居胸臆，而志氣統其關鍵；,神居 胸臆 而志 气 统其 关键,氣,106,106,神居,99,101,99,101,same_segment,0,
sentence,统其,1,0.02571860816944126,liuxie_shipin__liuxie_26,liuxie_shipin__liuxie_26__part01,文心雕龍·神思,劉勰,神居胸臆，而志氣統其關鍵；,神居胸臆，而志氣統其關鍵；,神居 胸臆 而志 气 统其 关键,氣,106,106,統其,107,109,107,109,same_segment,0,
sentence,辞前,1,0.02571860816944126,liuxie_shipin__liuxie_26,liuxie_shipin__liuxie_26__part01,文心雕龍·神思,劉勰,方其搦翰，氣倍辭前，暨乎篇成，半折心始，何則，意翻空而易奇，言徵實而難巧也。,方其搦翰，氣倍辭前，暨乎篇成，半折心始，何則，意翻空而易奇，言徵實而難巧也。,方其 搦 翰 气 倍 辞前 暨乎 篇 成 半折 心始 何则 意翻 空而易奇 言 征实 而 难巧 也,氣,293,293,辭前,295,297,295,297,same_segment,0,
sentence,半折,1,0.02571860816944126,liuxie_shipin__liuxie_26,liuxie_shipin__liuxie_26__part01,文心雕龍·神思,劉勰,方其搦翰，氣倍辭前，暨乎篇成，半折心始，何則，意翻空而易奇，言徵實而難巧也。,方其搦翰，氣倍辭前，暨乎篇成，半折心始，何則，意翻空而易奇，言徵實而難巧也。,方其 搦 翰 气 倍 辞前 暨乎 篇 成 半折 心始 何则 意翻 空而易奇 言 征实 而 难巧 也,氣,293,293,半折,303,305,303,305,same_segment,0,
sentence,心始,1,0.02571860816944126,liuxie_shipin__liuxie_26,liuxie_shipin__liuxie_26__part01,文心雕龍·神思,劉勰,方其搦翰，氣倍辭前，暨乎篇成，半折心始，何則，意翻空而易奇，言徵實而難巧也。,方其搦翰，氣倍辭前，暨乎篇成，半折心始，何則，意翻空而易奇，言徵實而難巧也。,方其 搦 翰 气 倍 辞前 暨乎 篇 成 半折 心始 何则 意翻 空而易奇 言 征实 而 难巧 也,氣,293,293,心始,305,307,305,307,same_segment,0,
sentence,意翻,1,0.02571860816944126,liuxie_shipin__liuxie_26,liuxie_shipin__liuxie_26__part01,文心雕龍·神思,劉勰,方其搦翰，氣倍辭前，暨乎篇成，半折心始，何則，意翻空而易奇，言徵實而難巧也。,方其搦翰，氣倍辭前，暨乎篇成，半折心始，何則，意翻空而易奇，言徵實而難巧也。,方其 搦 翰 气 倍 辞前 暨乎 篇 成 半折 心始 何则 意翻 空而易奇 言 征实 而 难巧 也,氣,293,293,意翻,311,313,311,313,same_segment,0,
sentence,空而易奇,1,0.02571860816944126,liuxie_shipin__liuxie_26,liuxie_shipin__liuxie_26__part01,文心雕龍·神思,劉勰,方其搦翰，氣倍辭前，暨乎篇成，半折心始，何則，意翻空而易奇，言徵實而難巧也。,方其搦翰，氣倍辭前，暨乎篇成，半折心始，何則，意翻空而易奇，言徵實而難巧也。,方其 搦 翰 气 倍 辞前 暨乎 篇 成 半折 心始 何则 意翻 空而易奇 言 征实 而 难巧 也,氣,293,293,空而易奇,313,317,313,317,same_segment,0,
sentence,征实,1,0.02571860816944126,liuxie_shipin__liuxie_26,liuxie_shipin__liuxie_26__part01,文心雕龍·神思,劉勰,方其搦翰，氣倍辭前，暨乎篇成，半折心始，何則，意翻空而易奇，言徵實而難巧也。,方其搦翰，氣倍辭前，暨乎篇成，半折心始，何則，意翻空而易奇，言徵實而難巧也。,方其 搦 翰 气 倍 辞前 暨乎 篇 成 半折 心始 何则 意翻 空而易奇 言 征实 而 难巧 也,氣,293,293,徵實,319,321,319,321,same_segment,0,
sentence,难巧,1,0.02571860816944126,liuxie_shipin__liuxie_26,liuxie_shipin__liuxie_26__part01,文心雕龍·神思,劉勰,方其搦翰，氣倍辭前，暨乎篇成，半折心始，何則，意翻空而易奇，言徵實而難巧也。,方其搦翰，氣倍辭前，暨乎篇成，半折心始，何則，意翻空而易奇，言徵實而難巧也。,方其 搦 翰 气 倍 辞前 暨乎 篇 成 半折 心始 何则 意翻 空而易奇 言 征实 而 难巧 也,氣,293,293,難巧,322,324,322,324,same_segment,0,
sentence,禀才,1,0.02571860816944126,liuxie_shipin__liuxie_26,liuxie_shipin__liuxie_26__part01,文心雕龍·神思,劉勰,人之稟才，遲速異分，文之制體，大小殊功，相如含筆而腐毫，揚雄輟翰而驚夢，桓譚疾感於苦思，王充氣竭於思慮，張衡研京以十年，左思練都以一紀，雖有巨文，亦思之緩也。,人之稟才，遲速異分，文之制體，大小殊功，相如含筆而腐毫，揚雄輟翰而驚夢，桓譚疾感於苦思，王充氣竭於思慮，張衡研京以十年，左思練都以一紀，雖有巨文，亦思之緩也。,人 之 禀才 迟速 异分 文之制体 大小 殊功 相如 含笔 而 腐毫 扬雄 辍翰 而 惊梦 桓 谭疾 感于 苦思 王充 气 竭于 思虑 张衡 研京以 十年 左思 练 都 以 一纪 虽有 巨文 亦 思之缓 也,氣,441,441,稟才,397,399,397,399,same_segment,0,
sentence,文之制体,1,0.02571860816944126,liuxie_shipin__liuxie_26,liuxie_shipin__liuxie_26__part01,文心雕龍·神思,劉勰,人之稟才，遲速異分，文之制體，大小殊功，相如含筆而腐毫，揚雄輟翰而驚夢，桓譚疾感於苦思，王充氣竭於思慮，張衡研京以十年，左思練都以一紀，雖有巨文，亦思之緩也。,人之稟才，遲速異分，文之制體，大小殊功，相如含筆而腐毫，揚雄輟翰而驚夢，桓譚疾感於苦思，王充氣竭於思慮，張衡研京以十年，左思練都以一紀，雖有巨文，亦思之緩也。,人 之 禀才 迟速 异分 文之制体 大小 殊功 相如 含笔 而 腐毫 扬雄 辍翰 而 惊梦 桓 谭疾 感于 苦思 王充 气 竭于 思虑 张衡 研京以 十年 左思 练 都 以 一纪 虽有 巨文 亦 思之缓 也,氣,441,441,文之制體,405,409,405,409,same_segment,0,
sentence,殊功,1,0.02571860816944126,liuxie_shipin__liuxie_26,liuxie_shipin__liuxie_26__part01,文心雕龍·神思,劉勰,人之稟才，遲速異分，文之制體，大小殊功，相如含筆而腐毫，揚雄輟翰而驚夢，桓譚疾感於苦思，王充氣竭於思慮，張衡研京以十年，左思練都以一紀，雖有巨文，亦思之緩也。,人之稟才，遲速異分，文之制體，大小殊功，相如含筆而腐毫，揚雄輟翰而驚夢，桓譚疾感於苦思，王充氣竭於思慮，張衡研京以十年，左思練都以一紀，雖有巨文，亦思之緩也。,人 之 禀才 迟速 异分 文之制体 大小 殊功 相如 含笔 而 腐毫 扬雄 辍翰 而 惊梦 桓 谭疾 感于 苦思 王充 气 竭于 思虑 张衡 研京以 十年 左思 练 都 以 一纪 虽有 巨文 亦 思之缓 也,氣,441,441,殊功,412,414,412,414,same_segment,0,
sentence,含笔,1,0.02571860816944126,liuxie_shipin__liuxie_26,liuxie_shipin__liuxie_26__part01,文心雕龍·神思,劉勰,人之稟才，遲速異分，文之制體，大小殊功，相如含筆而腐毫，揚雄輟翰而驚夢，桓譚疾感於苦思，王充氣竭於思慮，張衡研京以十年，左思練都以一紀，雖有巨文，亦思之緩也。,人之稟才，遲速異分，文之制體，大小殊功，相如含筆而腐毫，揚雄輟翰而驚夢，桓譚疾感於苦思，王充氣竭於思慮，張衡研京以十年，左思練都以一紀，雖有巨文，亦思之緩也。,人 之 禀才 迟速 异分 文之制体 大小 殊功 相如 含笔 而 腐毫 扬雄 辍翰 而 惊梦 桓 谭疾 感于 苦思 王充 气 竭于 思虑 张衡 研京以 十年 左思 练 都 以 一纪 虽有 巨文 亦 思之缓 也,氣,441,441,含筆,417,419,417,419,same_segment,0,
sentence,腐毫,1,0.02571860816944126,liuxie_shipin__liuxie_26,liuxie_shipin__liuxie_26__part01,文心雕龍·神思,劉勰,人之稟才，遲速異分，文之制體，大小殊功，相如含筆而腐毫，揚雄輟翰而驚夢，桓譚疾感於苦思，王充氣竭於思慮，張衡研京以十年，左思練都以一紀，雖有巨文，亦思之緩也。,人之稟才，遲速異分，文之制體，大小殊功，相如含筆而腐毫，揚雄輟翰而驚夢，桓譚疾感於苦思，王充氣竭於思慮，張衡研京以十年，左思練都以一紀，雖有巨文，亦思之緩也。,人 之 禀才 迟速 异分 文之制体 大小 殊功 相如 含笔 而 腐毫 扬雄 辍翰 而 惊梦 桓 谭疾 感于 苦思 王充 气 竭于 思虑 张衡 研京以 十年 左思 练 都 以 一纪 虽有 巨文 亦 思之缓 也,氣,441,441,腐毫,420,422,420,422,same_segment,0,
sentence,辍翰,1,0.02571860816944126,liuxie_shipin__liuxie_26,liuxie_shipin__liuxie_26__part01,文心雕龍·神思,劉勰,人之稟才，遲速異分，文之制體，大小殊功，相如含筆而腐毫，揚雄輟翰而驚夢，桓譚疾感於苦思，王充氣竭於思慮，張衡研京以十年，左思練都以一紀，雖有巨文，亦思之緩也。,人之稟才，遲速異分，文之制體，大小殊功，相如含筆而腐毫，揚雄輟翰而驚夢，桓譚疾感於苦思，王充氣竭於思慮，張衡研京以十年，左思練都以一紀，雖有巨文，亦思之緩也。,人 之 禀才 迟速 异分 文之制体 大小 殊功 相如 含笔 而 腐毫 扬雄 辍翰 而 惊梦 桓 谭疾 感于 苦思 王充 气 竭于 思虑 张衡 研京以 十年 左思 练 都 以 一纪 虽有 巨文 亦 思之缓 也,氣,441,441,輟翰,425,427,425,427,same_segment,0,
sentence,惊梦,1,0.02571860816944126,liuxie_shipin__liuxie_26,liuxie_shipin__liuxie_26__part01,文心雕龍·神思,劉勰,人之稟才，遲速異分，文之制體，大小殊功，相如含筆而腐毫，揚雄輟翰而驚夢，桓譚疾感於苦思，王充氣竭於思慮，張衡研京以十年，左思練都以一紀，雖有巨文，亦思之緩也。,人之稟才，遲速異分，文之制體，大小殊功，相如含筆而腐毫，揚雄輟翰而驚夢，桓譚疾感於苦思，王充氣竭於思慮，張衡研京以十年，左思練都以一紀，雖有巨文，亦思之緩也。,人 之 禀才 迟速 异分 文之制体 大小 殊功 相如 含笔 而 腐毫 扬雄 辍翰 而 惊梦 桓 谭疾 感于 苦思 王充 气 竭于 思虑 张衡 研京以 十年 左思 练 都 以 一纪 虽有 巨文 亦 思之缓 也,氣,441,441,驚夢,428,430,428,430,same_segment,0,
sentence,谭疾,1,0.02571860816944126,liuxie_shipin__liuxie_26,liuxie_shipin__liuxie_26__part01,文心雕龍·神思,劉勰,人之稟才，遲速異分，文之制體，大小殊功，相如含筆而腐毫，揚雄輟翰而驚夢，桓譚疾感於苦思，王充氣竭於思慮，張衡研京以十年，左思練都以一紀，雖有巨文，亦思之緩也。,人之稟才，遲速異分，文之制體，大小殊功，相如含筆而腐毫，揚雄輟翰而驚夢，桓譚疾感於苦思，王充氣竭於思慮，張衡研京以十年，左思練都以一紀，雖有巨文，亦思之緩也。,人 之 禀才 迟速 异分 文之制体 大小 殊功 相如 含笔 而 腐毫 扬雄 辍翰 而 惊梦 桓 谭疾 感于 苦思 王充 气 竭于 思虑 张衡 研京以 十年 左思 练 都 以 一纪 虽有 巨文 亦 思之缓 也,氣,441,441,譚疾,432,434,432,434,same_segment,0,
sentence,感于,1,0.02571860816944126,liuxie_shipin__liuxie_26,liuxie_shipin__liuxie_26__part01,文心雕龍·神思,劉勰,人之稟才，遲速異分，文之制體，大小殊功，相如含筆而腐毫，揚雄輟翰而驚夢，桓譚疾感於苦思，王充氣竭於思慮，張衡研京以十年，左思練都以一紀，雖有巨文，亦思之緩也。,人之稟才，遲速異分，文之制體，大小殊功，相如含筆而腐毫，揚雄輟翰而驚夢，桓譚疾感於苦思，王充氣竭於思慮，張衡研京以十年，左思練都以一紀，雖有巨文，亦思之緩也。,人 之 禀才 迟速 异分 文之制体 大小 殊功 相如 含笔 而 腐毫 扬雄 辍翰 而 惊梦 桓 谭疾 感于 苦思 王充 气 竭于 思虑 张衡 研京以 十年 左思 练 都 以 一纪 虽有 巨文 亦 思之缓 也,氣,441,441,感於,434,436,434,436,same_segment,0,
sentence,苦思,1,0.02571860816944126,liuxie_shipin__liuxie_26,liuxie_shipin__liuxie_26__part01,文心雕龍·神思,劉勰,人之稟才，遲速異分，文之制體，大小殊功，相如含筆而腐毫，揚雄輟翰而驚夢，桓譚疾感於苦思，王充氣竭於思慮，張衡研京以十年，左思練都以一紀，雖有巨文，亦思之緩也。,人之稟才，遲速異分，文之制體，大小殊功，相如含筆而腐毫，揚雄輟翰而驚夢，桓譚疾感於苦思，王充氣竭於思慮，張衡研京以十年，左思練都以一紀，雖有巨文，亦思之緩也。,人 之 禀才 迟速 异分 文之制体 大小 殊功 相如 含笔 而 腐毫 扬雄 辍翰 而 惊梦 桓 谭疾 感于 苦思 王充 气 竭于 思虑 张衡 研京以 十年 左思 练 都 以 一纪 虽有 巨文 亦 思之缓 也,氣,441,441,苦思,436,438,436,438,same_segment,0,
sentence,竭于,1,0.02571860816944126,liuxie_shipin__liuxie_26,liuxie_shipin__liuxie_26__part01,文心雕龍·神思,劉勰,人之稟才，遲速異分，文之制體，大小殊功，相如含筆而腐毫，揚雄輟翰而驚夢，桓譚疾感於苦思，王充氣竭於思慮，張衡研京以十年，左思練都以一紀，雖有巨文，亦思之緩也。,人之稟才，遲速異分，文之制體，大小殊功，相如含筆而腐毫，揚雄輟翰而驚夢，桓譚疾感於苦思，王充氣竭於思慮，張衡研京以十年，左思練都以一紀，雖有巨文，亦思之緩也。,人 之 禀才 迟速 异分 文之制体 大小 殊功 相如 含笔 而 腐毫 扬雄 辍翰 而 惊梦 桓 谭疾 感于 苦思 王充 气 竭于 思虑 张衡 研京以 十年 左思 练 都 以 一纪 虽有 巨文 亦 思之缓 也,氣,441,441,竭於,442,444,442,444,same_segment,0,
sentence,研京以,1,0.02571860816944126,liuxie_shipin__liuxie_26,liuxie_shipin__liuxie_26__part01,文心雕龍·神思,劉勰,人之稟才，遲速異分，文之制體，大小殊功，相如含筆而腐毫，揚雄輟翰而驚夢，桓譚疾感於苦思，王充氣竭於思慮，張衡研京以十年，左思練都以一紀，雖有巨文，亦思之緩也。,人之稟才，遲速異分，文之制體，大小殊功，相如含筆而腐毫，揚雄輟翰而驚夢，桓譚疾感於苦思，王充氣竭於思慮，張衡研京以十年，左思練都以一紀，雖有巨文，亦思之緩也。,人 之 禀才 迟速 异分 文之制体 大小 殊功 相如 含笔 而 腐毫 扬雄 辍翰 而 惊梦 桓 谭疾 感于 苦思 王充 气 竭于 思虑 张衡 研京以 十年 左思 练 都 以 一纪 虽有 巨文 亦 思之缓 也,氣,441,441,研京以,449,452,449,452,same_segment,0,
sentence,十年,1,0.02571860816944126,liuxie_shipin__liuxie_26,liuxie_shipin__liuxie_26__part01,文心雕龍·神思,劉勰,人之稟才，遲速異分，文之制體，大小殊功，相如含筆而腐毫，揚雄輟翰而驚夢，桓譚疾感於苦思，王充氣竭於思慮，張衡研京以十年，左思練都以一紀，雖有巨文，亦思之緩也。,人之稟才，遲速異分，文之制體，大小殊功，相如含筆而腐毫，揚雄輟翰而驚夢，桓譚疾感於苦思，王充氣竭於思慮，張衡研京以十年，左思練都以一紀，雖有巨文，亦思之緩也。,人 之 禀才 迟速 异分 文之制体 大小 殊功 相如 含笔 而 腐毫 扬雄 辍翰 而 惊梦 桓 谭疾 感于 苦思 王充 气 竭于 思虑 张衡 研京以 十年 左思 练 都 以 一纪 虽有 巨文 亦 思之缓 也,氣,441,441,十年,452,454,452,454,same_segment,0,
sentence,一纪,1,0.02571860816944126,liuxie_shipin__liuxie_26,liuxie_shipin__liuxie_26__part01,文心雕龍·神思,劉勰,人之稟才，遲速異分，文之制體，大小殊功，相如含筆而腐毫，揚雄輟翰而驚夢，桓譚疾感於苦思，王充氣竭於思慮，張衡研京以十年，左思練都以一紀，雖有巨文，亦思之緩也。,人之稟才，遲速異分，文之制體，大小殊功，相如含筆而腐毫，揚雄輟翰而驚夢，桓譚疾感於苦思，王充氣竭於思慮，張衡研京以十年，左思練都以一紀，雖有巨文，亦思之緩也。,人 之 禀才 迟速 异分 文之制体 大小 殊功 相如 含笔 而 腐毫 扬雄 辍翰 而 惊梦 桓 谭疾 感于 苦思 王充 气 竭于 思虑 张衡 研京以 十年 左思 练 都 以 一纪 虽有 巨文 亦 思之缓 也,氣,441,441,一紀,460,462,460,462,same_segment,0,
sentence,巨文,1,0.02571860816944126,liuxie_shipin__liuxie_26,liuxie_shipin__liuxie_26__part01,文心雕龍·神思,劉勰,人之稟才，遲速異分，文之制體，大小殊功，相如含筆而腐毫，揚雄輟翰而驚夢，桓譚疾感於苦思，王充氣竭於思慮，張衡研京以十年，左思練都以一紀，雖有巨文，亦思之緩也。,人之稟才，遲速異分，文之制體，大小殊功，相如含筆而腐毫，揚雄輟翰而驚夢，桓譚疾感於苦思，王充氣竭於思慮，張衡研京以十年，左思練都以一紀，雖有巨文，亦思之緩也。,人 之 禀才 迟速 异分 文之制体 大小 殊功 相如 含笔 而 腐毫 扬雄 辍翰 而 惊梦 桓 谭疾 感于 苦思 王充 气 竭于 思虑 张衡 研京以 十年 左思 练 都 以 一纪 虽有 巨文 亦 思之缓 也,氣,441,441,巨文,465,467,465,467,same_segment,0,
sentence,思之缓,1,0.02571860816944126,liuxie_shipin__liuxie_26,liuxie_shipin__liuxie_26__part01,文心雕龍·神思,劉勰,人之稟才，遲速異分，文之制體，大小殊功，相如含筆而腐毫，揚雄輟翰而驚夢，桓譚疾感於苦思，王充氣竭於思慮，張衡研京以十年，左思練都以一紀，雖有巨文，亦思之緩也。,人之稟才，遲速異分，文之制體，大小殊功，相如含筆而腐毫，揚雄輟翰而驚夢，桓譚疾感於苦思，王充氣竭於思慮，張衡研京以十年，左思練都以一紀，雖有巨文，亦思之緩也。,人 之 禀才 迟速 异分 文之制体 大小 殊功 相如 含笔 而 腐毫 扬雄 辍翰 而 惊梦 桓 谭疾 感于 苦思 王充 气 竭于 思虑 张衡 研京以 十年 左思 练 都 以 一纪 虽有 巨文 亦 思之缓 也,氣,441,441,思之緩,469,472,469,472,same_segment,0,
sentence,有庸俊,1,0.02571860816944126,liuxie_shipin__liuxie_27,liuxie_shipin__liuxie_27__part01,文心雕龍·體性,劉勰,然才有庸俊，氣有剛柔，學有淺深，習有雅鄭，並情性所鑠，陶染所凝，是以筆區雲譎，文苑波詭者矣。,然才有庸俊，氣有剛柔，學有淺深，習有雅鄭，並情性所鑠，陶染所凝，是以筆區雲譎，文苑波詭者矣。,然才 有庸俊 气 有 刚柔 学有 浅深 习有 雅郑 并 情性 所铄 陶染 所 凝 是 以 笔区 云谲 文苑 波诡 者 矣,氣,34,34,有庸俊,30,33,30,33,same_segment,0,
sentence,学有,1,0.02571860816944126,liuxie_shipin__liuxie_27,liuxie_shipin__liuxie_27__part01,文心雕龍·體性,劉勰,然才有庸俊，氣有剛柔，學有淺深，習有雅鄭，並情性所鑠，陶染所凝，是以筆區雲譎，文苑波詭者矣。,然才有庸俊，氣有剛柔，學有淺深，習有雅鄭，並情性所鑠，陶染所凝，是以筆區雲譎，文苑波詭者矣。,然才 有庸俊 气 有 刚柔 学有 浅深 习有 雅郑 并 情性 所铄 陶染 所 凝 是 以 笔区 云谲 文苑 波诡 者 矣,氣,34,34,學有,39,41,39,41,same_segment,0,
sentence,习有,1,0.02571860816944126,liuxie_shipin__liuxie_27,liuxie_shipin__liuxie_27__part01,文心雕龍·體性,劉勰,然才有庸俊，氣有剛柔，學有淺深，習有雅鄭，並情性所鑠，陶染所凝，是以筆區雲譎，文苑波詭者矣。,然才有庸俊，氣有剛柔，學有淺深，習有雅鄭，並情性所鑠，陶染所凝，是以筆區雲譎，文苑波詭者矣。,然才 有庸俊 气 有 刚柔 学有 浅深 习有 雅郑 并 情性 所铄 陶染 所 凝 是 以 笔区 云谲 文苑 波诡 者 矣,氣,34,34,習有,44,46,44,46,same_segment,0,
sentence,所铄,1,0.02571860816944126,liuxie_shipin__liuxie_27,liuxie_shipin__liuxie_27__part01,文心雕龍·體性,劉勰,然才有庸俊，氣有剛柔，學有淺深，習有雅鄭，並情性所鑠，陶染所凝，是以筆區雲譎，文苑波詭者矣。,然才有庸俊，氣有剛柔，學有淺深，習有雅鄭，並情性所鑠，陶染所凝，是以筆區雲譎，文苑波詭者矣。,然才 有庸俊 气 有 刚柔 学有 浅深 习有 雅郑 并 情性 所铄 陶染 所 凝 是 以 笔区 云谲 文苑 波诡 者 矣,氣,34,34,所鑠,52,54,52,54,same_segment,0,
sentence,陶染,1,0.02571860816944126,liuxie_shipin__liuxie_27,liuxie_shipin__liuxie_27__part01,文心雕龍·體性,劉勰,然才有庸俊，氣有剛柔，學有淺深，習有雅鄭，並情性所鑠，陶染所凝，是以筆區雲譎，文苑波詭者矣。,然才有庸俊，氣有剛柔，學有淺深，習有雅鄭，並情性所鑠，陶染所凝，是以筆區雲譎，文苑波詭者矣。,然才 有庸俊 气 有 刚柔 学有 浅深 习有 雅郑 并 情性 所铄 陶染 所 凝 是 以 笔区 云谲 文苑 波诡 者 矣,氣,34,34,陶染,55,57,55,57,same_segment,0,
sentence,笔区,1,0.02571860816944126,liuxie_shipin__liuxie_27,liuxie_shipin__liuxie_27__part01,文心雕龍·體性,劉勰,然才有庸俊，氣有剛柔，學有淺深，習有雅鄭，並情性所鑠，陶染所凝，是以筆區雲譎，文苑波詭者矣。,然才有庸俊，氣有剛柔，學有淺深，習有雅鄭，並情性所鑠，陶染所凝，是以筆區雲譎，文苑波詭者矣。,然才 有庸俊 气 有 刚柔 学有 浅深 习有 雅郑 并 情性 所铄 陶染 所 凝 是 以 笔区 云谲 文苑 波诡 者 矣,氣,34,34,筆區,62,64,62,64,same_segment,0,
sentence,云谲,1,0.02571860816944126,liuxie_shipin__liuxie_27,liuxie_shipin__liuxie_27__part01,文心雕龍·體性,劉勰,然才有庸俊，氣有剛柔，學有淺深，習有雅鄭，並情性所鑠，陶染所凝，是以筆區雲譎，文苑波詭者矣。,然才有庸俊，氣有剛柔，學有淺深，習有雅鄭，並情性所鑠，陶染所凝，是以筆區雲譎，文苑波詭者矣。,然才 有庸俊 气 有 刚柔 学有 浅深 习有 雅郑 并 情性 所铄 陶染 所 凝 是 以 笔区 云谲 文苑 波诡 者 矣,氣,34,34,雲譎,64,66,64,66,same_segment,0,
sentence,波诡,1,0.02571860816944126,liuxie_shipin__liuxie_27,liuxie_shipin__liuxie_27__part01,文心雕龍·體性,劉勰,然才有庸俊，氣有剛柔，學有淺深，習有雅鄭，並情性所鑠，陶染所凝，是以筆區雲譎，文苑波詭者矣。,然才有庸俊，氣有剛柔，學有淺深，習有雅鄭，並情性所鑠，陶染所凝，是以筆區雲譎，文苑波詭者矣。,然才 有庸俊 气 有 刚柔 学有 浅深 习有 雅郑 并 情性 所铄 陶染 所 凝 是 以 笔区 云谲 文苑 波诡 者 矣,氣,34,34,波詭,69,71,69,71,same_segment,0,
sentence,风趣,1,0.02571860816944126,liuxie_shipin__liuxie_27,liuxie_shipin__liuxie_27__part01,文心雕龍·體性,劉勰,風趣剛柔，寧或改其氣；,風趣剛柔，寧或改其氣；,风趣 刚柔 宁 或 改其 气,氣,97,97,風趣,88,90,88,90,same_segment,0,
sentence,改其,1,0.02571860816944126,liuxie_shipin__liuxie_27,liuxie_shipin__liuxie_27__part01,文心雕龍·體性,劉勰,風趣剛柔，寧或改其氣；,風趣剛柔，寧或改其氣；,风趣 刚柔 宁 或 改其 气,氣,97,97,改其,95,97,95,97,same_segment,0,
sentence,功以,1,0.02571860816944126,liuxie_shipin__liuxie_27,liuxie_shipin__liuxie_27__part01,文心雕龍·體性,劉勰,若夫八體屢遷，功以學成，才力居中，肇自血氣；,若夫八體屢遷，功以學成，才力居中，肇自血氣；,若夫 八体 屡迁 功以 学成 才力 居中 肇自血 气,氣,367,367,功以,354,356,354,356,same_segment,0,
sentence,学成,1,0.02571860816944126,liuxie_shipin__liuxie_27,liuxie_shipin__liuxie_27__part01,文心雕龍·體性,劉勰,若夫八體屢遷，功以學成，才力居中，肇自血氣；,若夫八體屢遷，功以學成，才力居中，肇自血氣；,若夫 八体 屡迁 功以 学成 才力 居中 肇自血 气,氣,367,367,學成,356,358,356,358,same_segment,0,
sentence,志以,1,0.02571860816944126,liuxie_shipin__liuxie_27,liuxie_shipin__liuxie_27__part01,文心雕龍·體性,劉勰,氣以實志，志以定言，吐納英華，莫非情性。,氣以實志，志以定言，吐納英華，莫非情性。,气 以 实志 志以 定言 吐纳 英华 莫非 情性,氣,369,369,志以,374,376,374,376,same_segment,0,
sentence,定言,1,0.02571860816944126,liuxie_shipin__liuxie_27,liuxie_shipin__liuxie_27__part01,文心雕龍·體性,劉勰,氣以實志，志以定言，吐納英華，莫非情性。,氣以實志，志以定言，吐納英華，莫非情性。,气 以 实志 志以 定言 吐纳 英华 莫非 情性,氣,369,369,定言,376,378,376,378,same_segment,0,
sentence,故言壮,1,0.02571860816944126,liuxie_shipin__liuxie_27,liuxie_shipin__liuxie_27__part01,文心雕龍·體性,劉勰,公幹氣褊，故言壯而情駭；,公幹氣褊，故言壯而情駭；,公干 气 褊 故言壮 而 情骇,氣,477,477,故言壯,480,483,480,483,same_segment,0,
sentence,情骇,1,0.02571860816944126,liuxie_shipin__liuxie_27,liuxie_shipin__liuxie_27__part01,文心雕龍·體性,劉勰,公幹氣褊，故言壯而情駭；,公幹氣褊，故言壯而情駭；,公干 气 褊 故言壮 而 情骇,氣,477,477,情駭,484,486,484,486,same_segment,0,
sentence,恒资,1,0.02571860816944126,liuxie_shipin__liuxie_27,liuxie_shipin__liuxie_27__part01,文心雕龍·體性,劉勰,豈非自然之恆資，才氣之大略哉！,豈非自然之恆資，才氣之大略哉！,岂非 自然 之 恒资 才 气 之 大略 哉,氣,554,554,恆資,550,552,550,552,same_segment,0,
sentence,风冠,1,0.02571860816944126,liuxie_shipin__liuxie_28,liuxie_shipin__liuxie_28__part01,文心雕龍·風骨,劉勰,《詩》總六義，風冠其首，斯乃化感之本源，志氣之符契也。,《詩》總六義，風冠其首，斯乃化感之本源，志氣之符契也。,诗 总 六义 风冠 其首 斯乃化 感 之 本源 志 气 之 符契 也,氣,21,21,風冠,7,9,7,9,same_segment,0,
sentence,其首,1,0.02571860816944126,liuxie_shipin__liuxie_28,liuxie_shipin__liuxie_28__part01,文心雕龍·風骨,劉勰,《詩》總六義，風冠其首，斯乃化感之本源，志氣之符契也。,《詩》總六義，風冠其首，斯乃化感之本源，志氣之符契也。,诗 总 六义 风冠 其首 斯乃化 感 之 本源 志 气 之 符契 也,氣,21,21,其首,9,11,9,11,same_segment,0,
sentence,斯乃化,1,0.02571860816944126,liuxie_shipin__liuxie_28,liuxie_shipin__liuxie_28__part01,文心雕龍·風骨,劉勰,《詩》總六義，風冠其首，斯乃化感之本源，志氣之符契也。,《詩》總六義，風冠其首，斯乃化感之本源，志氣之符契也。,诗 总 六义 风冠 其首 斯乃化 感 之 本源 志 气 之 符契 也,氣,21,21,斯乃化,12,15,12,15,same_segment,0,
sentence,之待骨,1,0.02571860816944126,liuxie_shipin__liuxie_28,liuxie_shipin__liuxie_28__part01,文心雕龍·風骨,劉勰,故辭之待骨，如體之樹骸，情之含風，猶形之包氣。,故辭之待骨，如體之樹骸，情之含風，猶形之包氣。,故辞 之待骨 如体 之 树骸 情之 含风 犹形 之包 气,氣,70,70,之待骨,51,54,51,54,same_segment,0,
sentence,如体,1,0.02571860816944126,liuxie_shipin__liuxie_28,liuxie_shipin__liuxie_28__part01,文心雕龍·風骨,劉勰,故辭之待骨，如體之樹骸，情之含風，猶形之包氣。,故辭之待骨，如體之樹骸，情之含風，猶形之包氣。,故辞 之待骨 如体 之 树骸 情之 含风 犹形 之包 气,氣,70,70,如體,55,57,55,57,same_segment,0,
sentence,树骸,1,0.02571860816944126,liuxie_shipin__liuxie_28,liuxie_shipin__liuxie_28__part01,文心雕龍·風骨,劉勰,故辭之待骨，如體之樹骸，情之含風，猶形之包氣。,故辭之待骨，如體之樹骸，情之含風，猶形之包氣。,故辞 之待骨 如体 之 树骸 情之 含风 犹形 之包 气,氣,70,70,樹骸,58,60,58,60,same_segment,0,
sentence,情之,1,0.02571860816944126,liuxie_shipin__liuxie_28,liuxie_shipin__liuxie_28__part01,文心雕龍·風骨,劉勰,故辭之待骨，如體之樹骸，情之含風，猶形之包氣。,故辭之待骨，如體之樹骸，情之含風，猶形之包氣。,故辞 之待骨 如体 之 树骸 情之 含风 犹形 之包 气,氣,70,70,情之,61,63,61,63,same_segment,0,
sentence,含风,1,0.02571860816944126,liuxie_shipin__liuxie_28,liuxie_shipin__liuxie_28__part01,文心雕龍·風骨,劉勰,故辭之待骨，如體之樹骸，情之含風，猶形之包氣。,故辭之待骨，如體之樹骸，情之含風，猶形之包氣。,故辞 之待骨 如体 之 树骸 情之 含风 犹形 之包 气,氣,70,70,含風,63,65,63,65,same_segment,0,
sentence,犹形,1,0.02571860816944126,liuxie_shipin__liuxie_28,liuxie_shipin__liuxie_28__part01,文心雕龍·風骨,劉勰,故辭之待骨，如體之樹骸，情之含風，猶形之包氣。,故辭之待骨，如體之樹骸，情之含風，猶形之包氣。,故辞 之待骨 如体 之 树骸 情之 含风 犹形 之包 气,氣,70,70,猶形,66,68,66,68,same_segment,0,
sentence,之包,1,0.02571860816944126,liuxie_shipin__liuxie_28,liuxie_shipin__liuxie_28__part01,文心雕龍·風骨,劉勰,故辭之待骨，如體之樹骸，情之含風，猶形之包氣。,故辭之待骨，如體之樹骸，情之含風，猶形之包氣。,故辞 之待骨 如体 之 树骸 情之 含风 犹形 之包 气,氣,70,70,之包,68,70,68,70,same_segment,0,
sentence,骏爽,1,0.02571860816944126,liuxie_shipin__liuxie_28,liuxie_shipin__liuxie_28__part01,文心雕龍·風骨,劉勰,意氣駿爽，則文風清焉。,意氣駿爽，則文風清焉。,意 气 骏爽 则 文风 清焉,氣,84,84,駿爽,85,87,85,87,same_segment,0,
sentence,文风,1,0.02571860816944126,liuxie_shipin__liuxie_28,liuxie_shipin__liuxie_28__part01,文心雕龍·風骨,劉勰,意氣駿爽，則文風清焉。,意氣駿爽，則文風清焉。,意 气 骏爽 则 文风 清焉,氣,84,84,文風,89,91,89,91,same_segment,0,
sentence,清焉,1,0.02571860816944126,liuxie_shipin__liuxie_28,liuxie_shipin__liuxie_28__part01,文心雕龍·風骨,劉勰,意氣駿爽，則文風清焉。,意氣駿爽，則文風清焉。,意 气 骏爽 则 文风 清焉,氣,84,84,清焉,91,93,91,93,same_segment,0,
sentence,裁篇,1,0.02571860816944126,liuxie_shipin__liuxie_28,liuxie_shipin__liuxie_28__part01,文心雕龍·風骨,劉勰,是以綴慮裁篇，務盈守氣，剛健既實，輝光乃新，其為文用，譬征鳥之使翼也。,是以綴慮裁篇，務盈守氣，剛健既實，輝光乃新，其為文用，譬征鳥之使翼也。,是 以 缀虑 裁篇 务盈守 气 刚健 既实 辉光 乃新 其为 文用 譬 征鸟 之 使翼 也,氣,126,126,裁篇,120,122,120,122,same_segment,0,
sentence,务盈守,1,0.02571860816944126,liuxie_shipin__liuxie_28,liuxie_shipin__liuxie_28__part01,文心雕龍·風骨,劉勰,是以綴慮裁篇，務盈守氣，剛健既實，輝光乃新，其為文用，譬征鳥之使翼也。,是以綴慮裁篇，務盈守氣，剛健既實，輝光乃新，其為文用，譬征鳥之使翼也。,是 以 缀虑 裁篇 务盈守 气 刚健 既实 辉光 乃新 其为 文用 譬 征鸟 之 使翼 也,氣,126,126,務盈守,123,126,123,126,same_segment,0,
sentence,既实,1,0.02571860816944126,liuxie_shipin__liuxie_28,liuxie_shipin__liuxie_28__part01,文心雕龍·風骨,劉勰,是以綴慮裁篇，務盈守氣，剛健既實，輝光乃新，其為文用，譬征鳥之使翼也。,是以綴慮裁篇，務盈守氣，剛健既實，輝光乃新，其為文用，譬征鳥之使翼也。,是 以 缀虑 裁篇 务盈守 气 刚健 既实 辉光 乃新 其为 文用 譬 征鸟 之 使翼 也,氣,126,126,既實,130,132,130,132,same_segment,0,
sentence,乃新,1,0.02571860816944126,liuxie_shipin__liuxie_28,liuxie_shipin__liuxie_28__part01,文心雕龍·風骨,劉勰,是以綴慮裁篇，務盈守氣，剛健既實，輝光乃新，其為文用，譬征鳥之使翼也。,是以綴慮裁篇，務盈守氣，剛健既實，輝光乃新，其為文用，譬征鳥之使翼也。,是 以 缀虑 裁篇 务盈守 气 刚健 既实 辉光 乃新 其为 文用 譬 征鸟 之 使翼 也,氣,126,126,乃新,135,137,135,137,same_segment,0,
sentence,征鸟,1,0.02571860816944126,liuxie_shipin__liuxie_28,liuxie_shipin__liuxie_28__part01,文心雕龍·風骨,劉勰,是以綴慮裁篇，務盈守氣，剛健既實，輝光乃新，其為文用，譬征鳥之使翼也。,是以綴慮裁篇，務盈守氣，剛健既實，輝光乃新，其為文用，譬征鳥之使翼也。,是 以 缀虑 裁篇 务盈守 气 刚健 既实 辉光 乃新 其为 文用 譬 征鸟 之 使翼 也,氣,126,126,征鳥,144,146,144,146,same_segment,0,
sentence,使翼,1,0.02571860816944126,liuxie_shipin__liuxie_28,liuxie_shipin__liuxie_28__part01,文心雕龍·風骨,劉勰,是以綴慮裁篇，務盈守氣，剛健既實，輝光乃新，其為文用，譬征鳥之使翼也。,是以綴慮裁篇，務盈守氣，剛健既實，輝光乃新，其為文用，譬征鳥之使翼也。,是 以 缀虑 裁篇 务盈守 气 刚健 既实 辉光 乃新 其为 文用 譬 征鸟 之 使翼 也,氣,126,126,使翼,147,149,147,149,same_segment,0,
sentence,思不,1,0.02571860816944126,liuxie_shipin__liuxie_28,liuxie_shipin__liuxie_28__part01,文心雕龍·風骨,劉勰,思不環周，索莫乏氣，則無風之驗也。,思不環周，索莫乏氣，則無風之驗也。,思不 环周 索莫乏 气 则 无风 之验 也,氣,221,221,思不,213,215,213,215,same_segment,0,
sentence,环周,1,0.02571860816944126,liuxie_shipin__liuxie_28,liuxie_shipin__liuxie_28__part01,文心雕龍·風骨,劉勰,思不環周，索莫乏氣，則無風之驗也。,思不環周，索莫乏氣，則無風之驗也。,思不 环周 索莫乏 气 则 无风 之验 也,氣,221,221,環周,215,217,215,217,same_segment,0,
sentence,索莫乏,1,0.02571860816944126,liuxie_shipin__liuxie_28,liuxie_shipin__liuxie_28__part01,文心雕龍·風骨,劉勰,思不環周，索莫乏氣，則無風之驗也。,思不環周，索莫乏氣，則無風之驗也。,思不 环周 索莫乏 气 则 无风 之验 也,氣,221,221,索莫乏,218,221,218,221,same_segment,0,
sentence,无风,1,0.02571860816944126,liuxie_shipin__liuxie_28,liuxie_shipin__liuxie_28__part01,文心雕龍·風骨,劉勰,思不環周，索莫乏氣，則無風之驗也。,思不環周，索莫乏氣，則無風之驗也。,思不 环周 索莫乏 气 则 无风 之验 也,氣,221,221,無風,224,226,224,226,same_segment,0,
sentence,赋仙,1,0.02571860816944126,liuxie_shipin__liuxie_28,liuxie_shipin__liuxie_28__part01,文心雕龍·風骨,劉勰,相如賦仙，氣號凌雲，蔚為辭宗，迺其風力遒也。,相如賦仙，氣號凌雲，蔚為辭宗，迺其風力遒也。,相如 赋仙 气 号 凌云 蔚为 辞宗 迺 其 风力 遒 也,氣,258,258,賦仙,255,257,255,257,same_segment,0,
sentence,故其论,1,0.02571860816944126,liuxie_shipin__liuxie_28,liuxie_shipin__liuxie_28__part01,文心雕龍·風骨,劉勰,故其論孔融，則云體氣高妙；,故其論孔融，則云體氣高妙；,故其论 孔融 则 云体 气 高妙,氣,330,330,故其論,321,324,321,324,same_segment,0,
sentence,云体,1,0.02571860816944126,liuxie_shipin__liuxie_28,liuxie_shipin__liuxie_28__part01,文心雕龍·風骨,劉勰,故其論孔融，則云體氣高妙；,故其論孔融，則云體氣高妙；,故其论 孔融 则 云体 气 高妙,氣,330,330,云體,328,330,328,330,same_segment,0,
sentence,云时,1,0.02571860816944126,liuxie_shipin__liuxie_28,liuxie_shipin__liuxie_28__part01,文心雕龍·風骨,劉勰,論徐幹，則云時有齊氣；,論徐幹，則云時有齊氣；,论 徐干 则 云时 有 齐 气,氣,343,343,云時,339,341,339,341,same_segment,0,
sentence,信含,1,0.02571860816944126,liuxie_shipin__liuxie_28,liuxie_shipin__liuxie_28__part01,文心雕龍·風骨,劉勰,公幹亦云，孔氏卓卓，信含異氣，筆墨之性，殆不可勝，並重氣之旨也。,公幹亦云，孔氏卓卓，信含異氣，筆墨之性，殆不可勝，並重氣之旨也。,公干 亦 云 孔氏 卓卓 信含 异 气 笔墨 之性 殆 不可 胜 并重 气 之旨 也,氣,368,368,信含,365,367,365,367,same_segment,0,
sentence,笔墨,1,0.02571860816944126,liuxie_shipin__liuxie_28,liuxie_shipin__liuxie_28__part01,文心雕龍·風骨,劉勰,公幹亦云，孔氏卓卓，信含異氣，筆墨之性，殆不可勝，並重氣之旨也。,公幹亦云，孔氏卓卓，信含異氣，筆墨之性，殆不可勝，並重氣之旨也。,公干 亦 云 孔氏 卓卓 信含 异 气 笔墨 之性 殆 不可 胜 并重 气 之旨 也,氣,368,368,筆墨,370,372,370,372,same_segment,0,
sentence,之性,1,0.02571860816944126,liuxie_shipin__liuxie_28,liuxie_shipin__liuxie_28__part01,文心雕龍·風骨,劉勰,公幹亦云，孔氏卓卓，信含異氣，筆墨之性，殆不可勝，並重氣之旨也。,公幹亦云，孔氏卓卓，信含異氣，筆墨之性，殆不可勝，並重氣之旨也。,公干 亦 云 孔氏 卓卓 信含 异 气 笔墨 之性 殆 不可 胜 并重 气 之旨 也,氣,368,368,之性,372,374,372,374,same_segment,0,
sentence,并重,1,0.02571860816944126,liuxie_shipin__liuxie_28,liuxie_shipin__liuxie_28__part01,文心雕龍·風骨,劉勰,公幹亦云，孔氏卓卓，信含異氣，筆墨之性，殆不可勝，並重氣之旨也。,公幹亦云，孔氏卓卓，信含異氣，筆墨之性，殆不可勝，並重氣之旨也。,公干 亦 云 孔氏 卓卓 信含 异 气 笔墨 之性 殆 不可 胜 并重 气 之旨 也,氣,368,368,並重,380,382,380,382,same_segment,0,
sentence,翰飞,1,0.02571860816944126,liuxie_shipin__liuxie_28,liuxie_shipin__liuxie_28__part01,文心雕龍·風骨,劉勰,鷹隼乏采而翰飛戾天，骨勁而氣猛也；,鷹隼乏采而翰飛戾天，骨勁而氣猛也；,鹰隼 乏采 而 翰飞 戾 天 骨劲 而 气 猛 也,氣,418,418,翰飛,410,412,410,412,same_segment,0,
sentence,骨劲,1,0.02571860816944126,liuxie_shipin__liuxie_28,liuxie_shipin__liuxie_28__part01,文心雕龍·風骨,劉勰,鷹隼乏采而翰飛戾天，骨勁而氣猛也；,鷹隼乏采而翰飛戾天，骨勁而氣猛也；,鹰隼 乏采 而 翰飞 戾 天 骨劲 而 气 猛 也,氣,418,418,骨勁,415,417,415,417,same_segment,0,
sentence,辞共体,1,0.02571860816944126,liuxie_shipin__liuxie_28,liuxie_shipin__liuxie_28__part01,文心雕龍·風骨,劉勰,情與氣偕，辭共體並。,情與氣偕，辭共體並。,情 与 气 偕 辞共体 并,氣,673,673,辭共體,676,679,676,679,same_segment,0,
sentence,风昧,1,0.02571860816944126,liuxie_shipin__liuxie_29,liuxie_shipin__liuxie_29__part01,文心雕龍·通變,劉勰,競今疎古，風昧氣衰也。,競今疎古，風昧氣衰也。,竞今 疎 古 风昧 气 衰 也,氣,332,332,風昧,330,332,330,332,same_segment,0,
sentence,规略,1,0.02571860816944126,liuxie_shipin__liuxie_29,liuxie_shipin__liuxie_29__part01,文心雕龍·通變,劉勰,是以規略文統，宜宏大體，先博覽以精閱，總綱紀而攝契，然後拓衢路，置關鍵，長轡遠馭，從容按節，憑情以會通，負氣以適變，采如宛虹之奮鬐，光若長離之振翼，迺穎脫之文矣。,是以規略文統，宜宏大體，先博覽以精閱，總綱紀而攝契，然後拓衢路，置關鍵，長轡遠馭，從容按節，憑情以會通，負氣以適變，采如宛虹之奮鬐，光若長離之振翼，迺穎脫之文矣。,是 以 规略 文统 宜 宏大 体 先 博览 以 精阅 总 纲纪 而 摄契 然后 拓衢 路 置 关键 长辔远驭 从容 按节 凭情 以 会通 负 气 以 适变 采如 宛虹 之奋 鬐 光若 长离 之 振翼 迺 颖脱 之文 矣,氣,716,716,規略,665,667,665,667,same_segment,0,
sentence,文统,1,0.02571860816944126,liuxie_shipin__liuxie_29,liuxie_shipin__liuxie_29__part01,文心雕龍·通變,劉勰,是以規略文統，宜宏大體，先博覽以精閱，總綱紀而攝契，然後拓衢路，置關鍵，長轡遠馭，從容按節，憑情以會通，負氣以適變，采如宛虹之奮鬐，光若長離之振翼，迺穎脫之文矣。,是以規略文統，宜宏大體，先博覽以精閱，總綱紀而攝契，然後拓衢路，置關鍵，長轡遠馭，從容按節，憑情以會通，負氣以適變，采如宛虹之奮鬐，光若長離之振翼，迺穎脫之文矣。,是 以 规略 文统 宜 宏大 体 先 博览 以 精阅 总 纲纪 而 摄契 然后 拓衢 路 置 关键 长辔远驭 从容 按节 凭情 以 会通 负 气 以 适变 采如 宛虹 之奋 鬐 光若 长离 之 振翼 迺 颖脱 之文 矣,氣,716,716,文統,667,669,667,669,same_segment,0,
sentence,宏大,1,0.02571860816944126,liuxie_shipin__liuxie_29,liuxie_shipin__liuxie_29__part01,文心雕龍·通變,劉勰,是以規略文統，宜宏大體，先博覽以精閱，總綱紀而攝契，然後拓衢路，置關鍵，長轡遠馭，從容按節，憑情以會通，負氣以適變，采如宛虹之奮鬐，光若長離之振翼，迺穎脫之文矣。,是以規略文統，宜宏大體，先博覽以精閱，總綱紀而攝契，然後拓衢路，置關鍵，長轡遠馭，從容按節，憑情以會通，負氣以適變，采如宛虹之奮鬐，光若長離之振翼，迺穎脫之文矣。,是 以 规略 文统 宜 宏大 体 先 博览 以 精阅 总 纲纪 而 摄契 然后 拓衢 路 置 关键 长辔远驭 从容 按节 凭情 以 会通 负 气 以 适变 采如 宛虹 之奋 鬐 光若 长离 之 振翼 迺 颖脱 之文 矣,氣,716,716,宏大,671,673,671,673,same_segment,0,
sentence,博览,1,0.02571860816944126,liuxie_shipin__liuxie_29,liuxie_shipin__liuxie_29__part01,文心雕龍·通變,劉勰,是以規略文統，宜宏大體，先博覽以精閱，總綱紀而攝契，然後拓衢路，置關鍵，長轡遠馭，從容按節，憑情以會通，負氣以適變，采如宛虹之奮鬐，光若長離之振翼，迺穎脫之文矣。,是以規略文統，宜宏大體，先博覽以精閱，總綱紀而攝契，然後拓衢路，置關鍵，長轡遠馭，從容按節，憑情以會通，負氣以適變，采如宛虹之奮鬐，光若長離之振翼，迺穎脫之文矣。,是 以 规略 文统 宜 宏大 体 先 博览 以 精阅 总 纲纪 而 摄契 然后 拓衢 路 置 关键 长辔远驭 从容 按节 凭情 以 会通 负 气 以 适变 采如 宛虹 之奋 鬐 光若 长离 之 振翼 迺 颖脱 之文 矣,氣,716,716,博覽,676,678,676,678,same_segment,0,
sentence,精阅,1,0.02571860816944126,liuxie_shipin__liuxie_29,liuxie_shipin__liuxie_29__part01,文心雕龍·通變,劉勰,是以規略文統，宜宏大體，先博覽以精閱，總綱紀而攝契，然後拓衢路，置關鍵，長轡遠馭，從容按節，憑情以會通，負氣以適變，采如宛虹之奮鬐，光若長離之振翼，迺穎脫之文矣。,是以規略文統，宜宏大體，先博覽以精閱，總綱紀而攝契，然後拓衢路，置關鍵，長轡遠馭，從容按節，憑情以會通，負氣以適變，采如宛虹之奮鬐，光若長離之振翼，迺穎脫之文矣。,是 以 规略 文统 宜 宏大 体 先 博览 以 精阅 总 纲纪 而 摄契 然后 拓衢 路 置 关键 长辔远驭 从容 按节 凭情 以 会通 负 气 以 适变 采如 宛虹 之奋 鬐 光若 长离 之 振翼 迺 颖脱 之文 矣,氣,716,716,精閱,679,681,679,681,same_segment,0,
sentence,纲纪,1,0.02571860816944126,liuxie_shipin__liuxie_29,liuxie_shipin__liuxie_29__part01,文心雕龍·通變,劉勰,是以規略文統，宜宏大體，先博覽以精閱，總綱紀而攝契，然後拓衢路，置關鍵，長轡遠馭，從容按節，憑情以會通，負氣以適變，采如宛虹之奮鬐，光若長離之振翼，迺穎脫之文矣。,是以規略文統，宜宏大體，先博覽以精閱，總綱紀而攝契，然後拓衢路，置關鍵，長轡遠馭，從容按節，憑情以會通，負氣以適變，采如宛虹之奮鬐，光若長離之振翼，迺穎脫之文矣。,是 以 规略 文统 宜 宏大 体 先 博览 以 精阅 总 纲纪 而 摄契 然后 拓衢 路 置 关键 长辔远驭 从容 按节 凭情 以 会通 负 气 以 适变 采如 宛虹 之奋 鬐 光若 长离 之 振翼 迺 颖脱 之文 矣,氣,716,716,綱紀,683,685,683,685,same_segment,0,
sentence,摄契,1,0.02571860816944126,liuxie_shipin__liuxie_29,liuxie_shipin__liuxie_29__part01,文心雕龍·通變,劉勰,是以規略文統，宜宏大體，先博覽以精閱，總綱紀而攝契，然後拓衢路，置關鍵，長轡遠馭，從容按節，憑情以會通，負氣以適變，采如宛虹之奮鬐，光若長離之振翼，迺穎脫之文矣。,是以規略文統，宜宏大體，先博覽以精閱，總綱紀而攝契，然後拓衢路，置關鍵，長轡遠馭，從容按節，憑情以會通，負氣以適變，采如宛虹之奮鬐，光若長離之振翼，迺穎脫之文矣。,是 以 规略 文统 宜 宏大 体 先 博览 以 精阅 总 纲纪 而 摄契 然后 拓衢 路 置 关键 长辔远驭 从容 按节 凭情 以 会通 负 气 以 适变 采如 宛虹 之奋 鬐 光若 长离 之 振翼 迺 颖脱 之文 矣,氣,716,716,攝契,686,688,686,688,same_segment,0,
sentence,拓衢,1,0.02571860816944126,liuxie_shipin__liuxie_29,liuxie_shipin__liuxie_29__part01,文心雕龍·通變,劉勰,是以規略文統，宜宏大體，先博覽以精閱，總綱紀而攝契，然後拓衢路，置關鍵，長轡遠馭，從容按節，憑情以會通，負氣以適變，采如宛虹之奮鬐，光若長離之振翼，迺穎脫之文矣。,是以規略文統，宜宏大體，先博覽以精閱，總綱紀而攝契，然後拓衢路，置關鍵，長轡遠馭，從容按節，憑情以會通，負氣以適變，采如宛虹之奮鬐，光若長離之振翼，迺穎脫之文矣。,是 以 规略 文统 宜 宏大 体 先 博览 以 精阅 总 纲纪 而 摄契 然后 拓衢 路 置 关键 长辔远驭 从容 按节 凭情 以 会通 负 气 以 适变 采如 宛虹 之奋 鬐 光若 长离 之 振翼 迺 颖脱 之文 矣,氣,716,716,拓衢,691,693,691,693,same_segment,0,
sentence,长辔远驭,1,0.02571860816944126,liuxie_shipin__liuxie_29,liuxie_shipin__liuxie_29__part01,文心雕龍·通變,劉勰,是以規略文統，宜宏大體，先博覽以精閱，總綱紀而攝契，然後拓衢路，置關鍵，長轡遠馭，從容按節，憑情以會通，負氣以適變，采如宛虹之奮鬐，光若長離之振翼，迺穎脫之文矣。,是以規略文統，宜宏大體，先博覽以精閱，總綱紀而攝契，然後拓衢路，置關鍵，長轡遠馭，從容按節，憑情以會通，負氣以適變，采如宛虹之奮鬐，光若長離之振翼，迺穎脫之文矣。,是 以 规略 文统 宜 宏大 体 先 博览 以 精阅 总 纲纪 而 摄契 然后 拓衢 路 置 关键 长辔远驭 从容 按节 凭情 以 会通 负 气 以 适变 采如 宛虹 之奋 鬐 光若 长离 之 振翼 迺 颖脱 之文 矣,氣,716,716,長轡遠馭,699,703,699,703,same_segment,0,
sentence,按节,1,0.02571860816944126,liuxie_shipin__liuxie_29,liuxie_shipin__liuxie_29__part01,文心雕龍·通變,劉勰,是以規略文統，宜宏大體，先博覽以精閱，總綱紀而攝契，然後拓衢路，置關鍵，長轡遠馭，從容按節，憑情以會通，負氣以適變，采如宛虹之奮鬐，光若長離之振翼，迺穎脫之文矣。,是以規略文統，宜宏大體，先博覽以精閱，總綱紀而攝契，然後拓衢路，置關鍵，長轡遠馭，從容按節，憑情以會通，負氣以適變，采如宛虹之奮鬐，光若長離之振翼，迺穎脫之文矣。,是 以 规略 文统 宜 宏大 体 先 博览 以 精阅 总 纲纪 而 摄契 然后 拓衢 路 置 关键 长辔远驭 从容 按节 凭情 以 会通 负 气 以 适变 采如 宛虹 之奋 鬐 光若 长离 之 振翼 迺 颖脱 之文 矣,氣,716,716,按節,706,708,706,708,same_segment,0,
sentence,凭情,1,0.02571860816944126,liuxie_shipin__liuxie_29,liuxie_shipin__liuxie_29__part01,文心雕龍·通變,劉勰,是以規略文統，宜宏大體，先博覽以精閱，總綱紀而攝契，然後拓衢路，置關鍵，長轡遠馭，從容按節，憑情以會通，負氣以適變，采如宛虹之奮鬐，光若長離之振翼，迺穎脫之文矣。,是以規略文統，宜宏大體，先博覽以精閱，總綱紀而攝契，然後拓衢路，置關鍵，長轡遠馭，從容按節，憑情以會通，負氣以適變，采如宛虹之奮鬐，光若長離之振翼，迺穎脫之文矣。,是 以 规略 文统 宜 宏大 体 先 博览 以 精阅 总 纲纪 而 摄契 然后 拓衢 路 置 关键 长辔远驭 从容 按节 凭情 以 会通 负 气 以 适变 采如 宛虹 之奋 鬐 光若 长离 之 振翼 迺 颖脱 之文 矣,氣,716,716,憑情,709,711,709,711,same_segment,0,
sentence,采如,1,0.02571860816944126,liuxie_shipin__liuxie_29,liuxie_shipin__liuxie_29__part01,文心雕龍·通變,劉勰,是以規略文統，宜宏大體，先博覽以精閱，總綱紀而攝契，然後拓衢路，置關鍵，長轡遠馭，從容按節，憑情以會通，負氣以適變，采如宛虹之奮鬐，光若長離之振翼，迺穎脫之文矣。,是以規略文統，宜宏大體，先博覽以精閱，總綱紀而攝契，然後拓衢路，置關鍵，長轡遠馭，從容按節，憑情以會通，負氣以適變，采如宛虹之奮鬐，光若長離之振翼，迺穎脫之文矣。,是 以 规略 文统 宜 宏大 体 先 博览 以 精阅 总 纲纪 而 摄契 然后 拓衢 路 置 关键 长辔远驭 从容 按节 凭情 以 会通 负 气 以 适变 采如 宛虹 之奋 鬐 光若 长离 之 振翼 迺 颖脱 之文 矣,氣,716,716,采如,721,723,721,723,same_segment,0,
sentence,之奋,1,0.02571860816944126,liuxie_shipin__liuxie_29,liuxie_shipin__liuxie_29__part01,文心雕龍·通變,劉勰,是以規略文統，宜宏大體，先博覽以精閱，總綱紀而攝契，然後拓衢路，置關鍵，長轡遠馭，從容按節，憑情以會通，負氣以適變，采如宛虹之奮鬐，光若長離之振翼，迺穎脫之文矣。,是以規略文統，宜宏大體，先博覽以精閱，總綱紀而攝契，然後拓衢路，置關鍵，長轡遠馭，從容按節，憑情以會通，負氣以適變，采如宛虹之奮鬐，光若長離之振翼，迺穎脫之文矣。,是 以 规略 文统 宜 宏大 体 先 博览 以 精阅 总 纲纪 而 摄契 然后 拓衢 路 置 关键 长辔远驭 从容 按节 凭情 以 会通 负 气 以 适变 采如 宛虹 之奋 鬐 光若 长离 之 振翼 迺 颖脱 之文 矣,氣,716,716,之奮,725,727,725,727,same_segment,0,
sentence,光若,1,0.02571860816944126,liuxie_shipin__liuxie_29,liuxie_shipin__liuxie_29__part01,文心雕龍·通變,劉勰,是以規略文統，宜宏大體，先博覽以精閱，總綱紀而攝契，然後拓衢路，置關鍵，長轡遠馭，從容按節，憑情以會通，負氣以適變，采如宛虹之奮鬐，光若長離之振翼，迺穎脫之文矣。,是以規略文統，宜宏大體，先博覽以精閱，總綱紀而攝契，然後拓衢路，置關鍵，長轡遠馭，從容按節，憑情以會通，負氣以適變，采如宛虹之奮鬐，光若長離之振翼，迺穎脫之文矣。,是 以 规略 文统 宜 宏大 体 先 博览 以 精阅 总 纲纪 而 摄契 然后 拓衢 路 置 关键 长辔远驭 从容 按节 凭情 以 会通 负 气 以 适变 采如 宛虹 之奋 鬐 光若 长离 之 振翼 迺 颖脱 之文 矣,氣,716,716,光若,729,731,729,731,same_segment,0,
sentence,长离,1,0.02571860816944126,liuxie_shipin__liuxie_29,liuxie_shipin__liuxie_29__part01,文心雕龍·通變,劉勰,是以規略文統，宜宏大體，先博覽以精閱，總綱紀而攝契，然後拓衢路，置關鍵，長轡遠馭，從容按節，憑情以會通，負氣以適變，采如宛虹之奮鬐，光若長離之振翼，迺穎脫之文矣。,是以規略文統，宜宏大體，先博覽以精閱，總綱紀而攝契，然後拓衢路，置關鍵，長轡遠馭，從容按節，憑情以會通，負氣以適變，采如宛虹之奮鬐，光若長離之振翼，迺穎脫之文矣。,是 以 规略 文统 宜 宏大 体 先 博览 以 精阅 总 纲纪 而 摄契 然后 拓衢 路 置 关键 长辔远驭 从容 按节 凭情 以 会通 负 气 以 适变 采如 宛虹 之奋 鬐 光若 长离 之 振翼 迺 颖脱 之文 矣,氣,716,716,長離,731,733,731,733,same_segment,0,
sentence,振翼,1,0.02571860816944126,liuxie_shipin__liuxie_29,liuxie_shipin__liuxie_29__part01,文心雕龍·通變,劉勰,是以規略文統，宜宏大體，先博覽以精閱，總綱紀而攝契，然後拓衢路，置關鍵，長轡遠馭，從容按節，憑情以會通，負氣以適變，采如宛虹之奮鬐，光若長離之振翼，迺穎脫之文矣。,是以規略文統，宜宏大體，先博覽以精閱，總綱紀而攝契，然後拓衢路，置關鍵，長轡遠馭，從容按節，憑情以會通，負氣以適變，采如宛虹之奮鬐，光若長離之振翼，迺穎脫之文矣。,是 以 规略 文统 宜 宏大 体 先 博览 以 精阅 总 纲纪 而 摄契 然后 拓衢 路 置 关键 长辔远驭 从容 按节 凭情 以 会通 负 气 以 适变 采如 宛虹 之奋 鬐 光若 长离 之 振翼 迺 颖脱 之文 矣,氣,716,716,振翼,734,736,734,736,same_segment,0,
sentence,颖脱,1,0.02571860816944126,liuxie_shipin__liuxie_29,liuxie_shipin__liuxie_29__part01,文心雕龍·通變,劉勰,是以規略文統，宜宏大體，先博覽以精閱，總綱紀而攝契，然後拓衢路，置關鍵，長轡遠馭，從容按節，憑情以會通，負氣以適變，采如宛虹之奮鬐，光若長離之振翼，迺穎脫之文矣。,是以規略文統，宜宏大體，先博覽以精閱，總綱紀而攝契，然後拓衢路，置關鍵，長轡遠馭，從容按節，憑情以會通，負氣以適變，采如宛虹之奮鬐，光若長離之振翼，迺穎脫之文矣。,是 以 规略 文统 宜 宏大 体 先 博览 以 精阅 总 纲纪 而 摄契 然后 拓衢 路 置 关键 长辔远驭 从容 按节 凭情 以 会通 负 气 以 适变 采如 宛虹 之奋 鬐 光若 长离 之 振翼 迺 颖脱 之文 矣,氣,716,716,穎脫,738,740,738,740,same_segment,0,
sentence,所谈,1,0.02571860816944126,liuxie_shipin__liuxie_30,liuxie_shipin__liuxie_30__part01,文心雕龍·定勢,劉勰,公幹所談，頗亦兼氣。,公幹所談，頗亦兼氣。,公干 所谈 颇 亦 兼 气,氣,556,556,所談,550,552,550,552,same_segment,0,
sentence,声合,1,0.02571860816944126,liuxie_shipin__liuxie_33,liuxie_shipin__liuxie_33__part01,文心雕龍·聲律,劉勰,聲合宮商，肇自血氣，先王因之以制樂歌。,聲合宮商，肇自血氣，先王因之以制樂歌。,声合 宫商 肇自血 气 先王 因 之 以制 乐歌,氣,21,21,聲合,13,15,13,15,same_segment,0,
sentence,乐歌,1,0.02571860816944126,liuxie_shipin__liuxie_33,liuxie_shipin__liuxie_33__part01,文心雕龍·聲律,劉勰,聲合宮商，肇自血氣，先王因之以制樂歌。,聲合宮商，肇自血氣，先王因之以制樂歌。,声合 宫商 肇自血 气 先王 因 之 以制 乐歌,氣,21,21,樂歌,29,31,29,31,same_segment,0,
sentence,力穷于,1,0.02571860816944126,liuxie_shipin__liuxie_33,liuxie_shipin__liuxie_33__part01,文心雕龍·聲律,劉勰,氣力窮於和韻。,氣力窮於和韻。,气 力穷于 和韵,氣,382,382,力窮於,383,386,383,386,same_segment,0,
sentence,和韵,1,0.02571860816944126,liuxie_shipin__liuxie_33,liuxie_shipin__liuxie_33__part01,文心雕龍·聲律,劉勰,氣力窮於和韻。,氣力窮於和韻。,气 力穷于 和韵,氣,382,382,和韻,386,388,386,388,same_segment,0,
sentence,一定,1,0.02571860816944126,liuxie_shipin__liuxie_33,liuxie_shipin__liuxie_33__part01,文心雕龍·聲律,劉勰,韻氣一定，故餘聲易遣；,韻氣一定，故餘聲易遣；,韵 气 一定 故 余声 易遣,氣,406,406,一定,407,409,407,409,same_segment,0,
sentence,易遣,1,0.02571860816944126,liuxie_shipin__liuxie_33,liuxie_shipin__liuxie_33__part01,文心雕龍·聲律,劉勰,韻氣一定，故餘聲易遣；,韻氣一定，故餘聲易遣；,韵 气 一定 故 余声 易遣,氣,406,406,易遣,413,415,413,415,same_segment,0,
sentence,改韵,1,0.02571860816944126,liuxie_shipin__liuxie_34,liuxie_shipin__liuxie_34__part01,文心雕龍·章句,劉勰,若乃改韻從調，所以節文辭氣，賈誼枚乘，兩韻輒易；,若乃改韻從調，所以節文辭氣，賈誼枚乘，兩韻輒易；,若 乃 改韵 从 调 所以 节 文辞 气 贾谊 枚 乘 两韵辄易,氣,548,548,改韻,538,540,538,540,same_segment,0,
sentence,两韵辄易,1,0.02571860816944126,liuxie_shipin__liuxie_34,liuxie_shipin__liuxie_34__part01,文心雕龍·章句,劉勰,若乃改韻從調，所以節文辭氣，賈誼枚乘，兩韻輒易；,若乃改韻從調，所以節文辭氣，賈誼枚乘，兩韻輒易；,若 乃 改韵 从 调 所以 节 文辞 气 贾谊 枚 乘 两韵辄易,氣,548,548,兩韻輒易,555,559,555,559,same_segment,0,
sentence,无奇,1,0.02571860816944126,liuxie_shipin__liuxie_35,liuxie_shipin__liuxie_35__part01,文心雕龍·麗辭,劉勰,若氣無奇類，文乏異采，碌碌麗辭，則昏睡耳目。,若氣無奇類，文乏異采，碌碌麗辭，則昏睡耳目。,若 气 无奇 类 文乏 异采 碌碌 丽辞 则 昏睡 耳目,氣,654,654,無奇,655,657,655,657,same_segment,0,
sentence,文乏,1,0.02571860816944126,liuxie_shipin__liuxie_35,liuxie_shipin__liuxie_35__part01,文心雕龍·麗辭,劉勰,若氣無奇類，文乏異采，碌碌麗辭，則昏睡耳目。,若氣無奇類，文乏異采，碌碌麗辭，則昏睡耳目。,若 气 无奇 类 文乏 异采 碌碌 丽辞 则 昏睡 耳目,氣,654,654,文乏,659,661,659,661,same_segment,0,
sentence,昏睡,1,0.02571860816944126,liuxie_shipin__liuxie_35,liuxie_shipin__liuxie_35__part01,文心雕龍·麗辭,劉勰,若氣無奇類，文乏異采，碌碌麗辭，則昏睡耳目。,若氣無奇類，文乏異采，碌碌麗辭，則昏睡耳目。,若 气 无奇 类 文乏 异采 碌碌 丽辞 则 昏睡 耳目,氣,654,654,昏睡,670,672,670,672,same_segment,0,
sentence,宫殿,1,0.02571860816944126,liuxie_shipin__liuxie_37,liuxie_shipin__liuxie_37__part01,文心雕龍·夸飾,劉勰,至如氣貌山海，體勢宮殿，嵯峨揭業，熠燿焜煌之狀，光采煒煒而欲然，聲貌岌岌其將動矣。,至如氣貌山海，體勢宮殿，嵯峨揭業，熠燿焜煌之狀，光采煒煒而欲然，聲貌岌岌其將動矣。,至 如 气 貌 山海 体势 宫殿 嵯峨 揭业 熠燿 焜 煌 之状 光采 炜炜 而欲然 声貌 岌岌 其将动 矣,氣,424,424,宮殿,431,433,431,433,same_segment,0,
sentence,揭业,1,0.02571860816944126,liuxie_shipin__liuxie_37,liuxie_shipin__liuxie_37__part01,文心雕龍·夸飾,劉勰,至如氣貌山海，體勢宮殿，嵯峨揭業，熠燿焜煌之狀，光采煒煒而欲然，聲貌岌岌其將動矣。,至如氣貌山海，體勢宮殿，嵯峨揭業，熠燿焜煌之狀，光采煒煒而欲然，聲貌岌岌其將動矣。,至 如 气 貌 山海 体势 宫殿 嵯峨 揭业 熠燿 焜 煌 之状 光采 炜炜 而欲然 声貌 岌岌 其将动 矣,氣,424,424,揭業,436,438,436,438,same_segment,0,
sentence,熠燿,1,0.02571860816944126,liuxie_shipin__liuxie_37,liuxie_shipin__liuxie_37__part01,文心雕龍·夸飾,劉勰,至如氣貌山海，體勢宮殿，嵯峨揭業，熠燿焜煌之狀，光采煒煒而欲然，聲貌岌岌其將動矣。,至如氣貌山海，體勢宮殿，嵯峨揭業，熠燿焜煌之狀，光采煒煒而欲然，聲貌岌岌其將動矣。,至 如 气 貌 山海 体势 宫殿 嵯峨 揭业 熠燿 焜 煌 之状 光采 炜炜 而欲然 声貌 岌岌 其将动 矣,氣,424,424,熠燿,439,441,439,441,same_segment,0,
sentence,炜炜,1,0.02571860816944126,liuxie_shipin__liuxie_37,liuxie_shipin__liuxie_37__part01,文心雕龍·夸飾,劉勰,至如氣貌山海，體勢宮殿，嵯峨揭業，熠燿焜煌之狀，光采煒煒而欲然，聲貌岌岌其將動矣。,至如氣貌山海，體勢宮殿，嵯峨揭業，熠燿焜煌之狀，光采煒煒而欲然，聲貌岌岌其將動矣。,至 如 气 貌 山海 体势 宫殿 嵯峨 揭业 熠燿 焜 煌 之状 光采 炜炜 而欲然 声貌 岌岌 其将动 矣,氣,424,424,煒煒,448,450,448,450,same_segment,0,
sentence,而欲然,1,0.02571860816944126,liuxie_shipin__liuxie_37,liuxie_shipin__liuxie_37__part01,文心雕龍·夸飾,劉勰,至如氣貌山海，體勢宮殿，嵯峨揭業，熠燿焜煌之狀，光采煒煒而欲然，聲貌岌岌其將動矣。,至如氣貌山海，體勢宮殿，嵯峨揭業，熠燿焜煌之狀，光采煒煒而欲然，聲貌岌岌其將動矣。,至 如 气 貌 山海 体势 宫殿 嵯峨 揭业 熠燿 焜 煌 之状 光采 炜炜 而欲然 声貌 岌岌 其将动 矣,氣,424,424,而欲然,450,453,450,453,same_segment,0,
sentence,岌岌,1,0.02571860816944126,liuxie_shipin__liuxie_37,liuxie_shipin__liuxie_37__part01,文心雕龍·夸飾,劉勰,至如氣貌山海，體勢宮殿，嵯峨揭業，熠燿焜煌之狀，光采煒煒而欲然，聲貌岌岌其將動矣。,至如氣貌山海，體勢宮殿，嵯峨揭業，熠燿焜煌之狀，光采煒煒而欲然，聲貌岌岌其將動矣。,至 如 气 貌 山海 体势 宫殿 嵯峨 揭业 熠燿 焜 煌 之状 光采 炜炜 而欲然 声貌 岌岌 其将动 矣,氣,424,424,岌岌,456,458,456,458,same_segment,0,
sentence,其将动,1,0.02571860816944126,liuxie_shipin__liuxie_37,liuxie_shipin__liuxie_37__part01,文心雕龍·夸飾,劉勰,至如氣貌山海，體勢宮殿，嵯峨揭業，熠燿焜煌之狀，光采煒煒而欲然，聲貌岌岌其將動矣。,至如氣貌山海，體勢宮殿，嵯峨揭業，熠燿焜煌之狀，光采煒煒而欲然，聲貌岌岌其將動矣。,至 如 气 貌 山海 体势 宫殿 嵯峨 揭业 熠燿 焜 煌 之状 光采 炜炜 而欲然 声貌 岌岌 其将动 矣,氣,424,424,其將動,458,461,458,461,same_segment,0,
sentence,挟声,1,0.02571860816944126,liuxie_shipin__liuxie_37,liuxie_shipin__liuxie_37__part01,文心雕龍·夸飾,劉勰,於是後進之才，獎氣挾聲，軒翥而欲奮飛，騰擲而羞跼步，辭入煒燁，春藻不能程其豔；,於是後進之才，獎氣挾聲，軒翥而欲奮飛，騰擲而羞跼步，辭入煒燁，春藻不能程其豔；,于是 后进 之才 奖 气 挟声 轩翥 而 欲 奋飞 腾掷 而 羞 跼 步 辞入 炜烨 春藻 不能 程其艳,氣,486,486,挾聲,487,489,487,489,same_segment,0,
sentence,腾掷,1,0.02571860816944126,liuxie_shipin__liuxie_37,liuxie_shipin__liuxie_37__part01,文心雕龍·夸飾,劉勰,於是後進之才，獎氣挾聲，軒翥而欲奮飛，騰擲而羞跼步，辭入煒燁，春藻不能程其豔；,於是後進之才，獎氣挾聲，軒翥而欲奮飛，騰擲而羞跼步，辭入煒燁，春藻不能程其豔；,于是 后进 之才 奖 气 挟声 轩翥 而 欲 奋飞 腾掷 而 羞 跼 步 辞入 炜烨 春藻 不能 程其艳,氣,486,486,騰擲,497,499,497,499,same_segment,0,
sentence,辞入,1,0.02571860816944126,liuxie_shipin__liuxie_37,liuxie_shipin__liuxie_37__part01,文心雕龍·夸飾,劉勰,於是後進之才，獎氣挾聲，軒翥而欲奮飛，騰擲而羞跼步，辭入煒燁，春藻不能程其豔；,於是後進之才，獎氣挾聲，軒翥而欲奮飛，騰擲而羞跼步，辭入煒燁，春藻不能程其豔；,于是 后进 之才 奖 气 挟声 轩翥 而 欲 奋飞 腾掷 而 羞 跼 步 辞入 炜烨 春藻 不能 程其艳,氣,486,486,辭入,504,506,504,506,same_segment,0,
sentence,春藻,1,0.02571860816944126,liuxie_shipin__liuxie_37,liuxie_shipin__liuxie_37__part01,文心雕龍·夸飾,劉勰,於是後進之才，獎氣挾聲，軒翥而欲奮飛，騰擲而羞跼步，辭入煒燁，春藻不能程其豔；,於是後進之才，獎氣挾聲，軒翥而欲奮飛，騰擲而羞跼步，辭入煒燁，春藻不能程其豔；,于是 后进 之才 奖 气 挟声 轩翥 而 欲 奋飞 腾掷 而 羞 跼 步 辞入 炜烨 春藻 不能 程其艳,氣,486,486,春藻,509,511,509,511,same_segment,0,
sentence,程其艳,1,0.02571860816944126,liuxie_shipin__liuxie_37,liuxie_shipin__liuxie_37__part01,文心雕龍·夸飾,劉勰,於是後進之才，獎氣挾聲，軒翥而欲奮飛，騰擲而羞跼步，辭入煒燁，春藻不能程其豔；,於是後進之才，獎氣挾聲，軒翥而欲奮飛，騰擲而羞跼步，辭入煒燁，春藻不能程其豔；,于是 后进 之才 奖 气 挟声 轩翥 而 欲 奋飞 腾掷 而 羞 跼 步 辞入 炜烨 春藻 不能 程其艳,氣,486,486,程其豔,513,516,513,516,same_segment,0,
sentence,鹏运,1,0.02571860816944126,liuxie_shipin__liuxie_37,liuxie_shipin__liuxie_37__part01,文心雕龍·夸飾,劉勰,言必鵬運，氣靡鴻漸。,言必鵬運，氣靡鴻漸。,言必 鹏运 气 靡 鸿渐,氣,647,647,鵬運,644,646,644,646,same_segment,0,
sentence,鸿渐,1,0.02571860816944126,liuxie_shipin__liuxie_37,liuxie_shipin__liuxie_37__part01,文心雕龍·夸飾,劉勰,言必鵬運，氣靡鴻漸。,言必鵬運，氣靡鴻漸。,言必 鹏运 气 靡 鸿渐,氣,647,647,鴻漸,649,651,649,651,same_segment,0,
sentence,寒而事伤,1,0.02571860816944126,liuxie_shipin__liuxie_40,liuxie_shipin__liuxie_40__part01,文心雕龍·隱秀,劉勰,「凉飈動秋草，邊馬有歸心」，氣寒而事傷，此覉旅之怨曲也。,，氣寒而事傷，此覉旅之怨曲也。,气 寒而事伤 此 覉 旅 之 怨曲 也,氣,705,705,寒而事傷,706,710,706,710,same_segment,1,原文句內被排除引詩未參與計數
sentence,怨曲,1,0.02571860816944126,liuxie_shipin__liuxie_40,liuxie_shipin__liuxie_40__part01,文心雕龍·隱秀,劉勰,「凉飈動秋草，邊馬有歸心」，氣寒而事傷，此覉旅之怨曲也。,，氣寒而事傷，此覉旅之怨曲也。,气 寒而事伤 此 覉 旅 之 怨曲 也,氣,705,705,怨曲,715,717,715,717,same_segment,1,原文句內被排除引詩未參與計數
sentence,制养,1,0.02571860816944126,liuxie_shipin__liuxie_42,liuxie_shipin__liuxie_42__part01,文心雕龍·養氣,劉勰,昔王充著述，制養氣之篇，驗己而作，豈虛造哉！,昔王充著述，制養氣之篇，驗己而作，豈虛造哉！,昔 王充 著述 制养 气 之篇 验己 而作 岂 虚造 哉,氣,8,8,制養,6,8,6,8,same_segment,0,
sentence,验己,1,0.02571860816944126,liuxie_shipin__liuxie_42,liuxie_shipin__liuxie_42__part01,文心雕龍·養氣,劉勰,昔王充著述，制養氣之篇，驗己而作，豈虛造哉！,昔王充著述，制養氣之篇，驗己而作，豈虛造哉！,昔 王充 著述 制养 气 之篇 验己 而作 岂 虚造 哉,氣,8,8,驗己,12,14,12,14,same_segment,0,
sentence,虚造,1,0.02571860816944126,liuxie_shipin__liuxie_42,liuxie_shipin__liuxie_42__part01,文心雕龍·養氣,劉勰,昔王充著述，制養氣之篇，驗己而作，豈虛造哉！,昔王充著述，制養氣之篇，驗己而作，豈虛造哉！,昔 王充 著述 制养 气 之篇 验己 而作 岂 虚造 哉,氣,8,8,虛造,18,20,18,20,same_segment,0,
sentence,钻砺,1,0.02571860816944126,liuxie_shipin__liuxie_42,liuxie_shipin__liuxie_42__part01,文心雕龍·養氣,劉勰,鑽礪過分，則神疲而氣衰；,鑽礪過分，則神疲而氣衰；,钻砺 过分 则 神疲而 气 衰,氣,64,64,鑽礪,55,57,55,57,same_segment,0,
sentence,过分,1,0.02571860816944126,liuxie_shipin__liuxie_42,liuxie_shipin__liuxie_42__part01,文心雕龍·養氣,劉勰,鑽礪過分，則神疲而氣衰；,鑽礪過分，則神疲而氣衰；,钻砺 过分 则 神疲而 气 衰,氣,64,64,過分,57,59,57,59,same_segment,0,
sentence,神疲而,1,0.02571860816944126,liuxie_shipin__liuxie_42,liuxie_shipin__liuxie_42__part01,文心雕龍·養氣,劉勰,鑽礪過分，則神疲而氣衰；,鑽礪過分，則神疲而氣衰；,钻砺 过分 则 神疲而 气 衰,氣,64,64,神疲而,61,64,61,64,same_segment,0,
sentence,凡童,1,0.02571860816944126,liuxie_shipin__liuxie_42,liuxie_shipin__liuxie_42__part01,文心雕龍·養氣,劉勰,凡童少鑒淺而志盛，長艾識堅而氣衰，志盛者思銳以勝勞，氣衰者慮密以傷神，斯實中人之常資，歲時之大較也。,凡童少鑒淺而志盛，長艾識堅而氣衰，志盛者思銳以勝勞，氣衰者慮密以傷神，斯實中人之常資，歲時之大較也。,凡童 少鉴 浅 而志盛 长艾 识坚 而 气 衰 志 盛者 思锐 以胜劳 气 衰者虑 密以 伤神 斯实 中人 之常资 岁时 之 大较 也,氣,211,211,凡童,197,199,197,199,same_segment,0,
sentence,少鉴,1,0.02571860816944126,liuxie_shipin__liuxie_42,liuxie_shipin__liuxie_42__part01,文心雕龍·養氣,劉勰,凡童少鑒淺而志盛，長艾識堅而氣衰，志盛者思銳以勝勞，氣衰者慮密以傷神，斯實中人之常資，歲時之大較也。,凡童少鑒淺而志盛，長艾識堅而氣衰，志盛者思銳以勝勞，氣衰者慮密以傷神，斯實中人之常資，歲時之大較也。,凡童 少鉴 浅 而志盛 长艾 识坚 而 气 衰 志 盛者 思锐 以胜劳 气 衰者虑 密以 伤神 斯实 中人 之常资 岁时 之 大较 也,氣,211,211,少鑒,199,201,199,201,same_segment,0,
sentence,而志盛,1,0.02571860816944126,liuxie_shipin__liuxie_42,liuxie_shipin__liuxie_42__part01,文心雕龍·養氣,劉勰,凡童少鑒淺而志盛，長艾識堅而氣衰，志盛者思銳以勝勞，氣衰者慮密以傷神，斯實中人之常資，歲時之大較也。,凡童少鑒淺而志盛，長艾識堅而氣衰，志盛者思銳以勝勞，氣衰者慮密以傷神，斯實中人之常資，歲時之大較也。,凡童 少鉴 浅 而志盛 长艾 识坚 而 气 衰 志 盛者 思锐 以胜劳 气 衰者虑 密以 伤神 斯实 中人 之常资 岁时 之 大较 也,氣,211,211,而志盛,202,205,202,205,same_segment,0,
sentence,长艾,1,0.02571860816944126,liuxie_shipin__liuxie_42,liuxie_shipin__liuxie_42__part01,文心雕龍·養氣,劉勰,凡童少鑒淺而志盛，長艾識堅而氣衰，志盛者思銳以勝勞，氣衰者慮密以傷神，斯實中人之常資，歲時之大較也。,凡童少鑒淺而志盛，長艾識堅而氣衰，志盛者思銳以勝勞，氣衰者慮密以傷神，斯實中人之常資，歲時之大較也。,凡童 少鉴 浅 而志盛 长艾 识坚 而 气 衰 志 盛者 思锐 以胜劳 气 衰者虑 密以 伤神 斯实 中人 之常资 岁时 之 大较 也,氣,211,211,長艾,206,208,206,208,same_segment,0,
sentence,识坚,1,0.02571860816944126,liuxie_shipin__liuxie_42,liuxie_shipin__liuxie_42__part01,文心雕龍·養氣,劉勰,凡童少鑒淺而志盛，長艾識堅而氣衰，志盛者思銳以勝勞，氣衰者慮密以傷神，斯實中人之常資，歲時之大較也。,凡童少鑒淺而志盛，長艾識堅而氣衰，志盛者思銳以勝勞，氣衰者慮密以傷神，斯實中人之常資，歲時之大較也。,凡童 少鉴 浅 而志盛 长艾 识坚 而 气 衰 志 盛者 思锐 以胜劳 气 衰者虑 密以 伤神 斯实 中人 之常资 岁时 之 大较 也,氣,211,211,識堅,208,210,208,210,same_segment,0,
sentence,盛者,1,0.02571860816944126,liuxie_shipin__liuxie_42,liuxie_shipin__liuxie_42__part01,文心雕龍·養氣,劉勰,凡童少鑒淺而志盛，長艾識堅而氣衰，志盛者思銳以勝勞，氣衰者慮密以傷神，斯實中人之常資，歲時之大較也。,凡童少鑒淺而志盛，長艾識堅而氣衰，志盛者思銳以勝勞，氣衰者慮密以傷神，斯實中人之常資，歲時之大較也。,凡童 少鉴 浅 而志盛 长艾 识坚 而 气 衰 志 盛者 思锐 以胜劳 气 衰者虑 密以 伤神 斯实 中人 之常资 岁时 之 大较 也,氣,211,211,盛者,215,217,215,217,same_segment,0,
sentence,以胜劳,1,0.02571860816944126,liuxie_shipin__liuxie_42,liuxie_shipin__liuxie_42__part01,文心雕龍·養氣,劉勰,凡童少鑒淺而志盛，長艾識堅而氣衰，志盛者思銳以勝勞，氣衰者慮密以傷神，斯實中人之常資，歲時之大較也。,凡童少鑒淺而志盛，長艾識堅而氣衰，志盛者思銳以勝勞，氣衰者慮密以傷神，斯實中人之常資，歲時之大較也。,凡童 少鉴 浅 而志盛 长艾 识坚 而 气 衰 志 盛者 思锐 以胜劳 气 衰者虑 密以 伤神 斯实 中人 之常资 岁时 之 大较 也,氣,211,211,以勝勞,219,222,219,222,same_segment,0,
sentence,衰者虑,1,0.02571860816944126,liuxie_shipin__liuxie_42,liuxie_shipin__liuxie_42__part01,文心雕龍·養氣,劉勰,凡童少鑒淺而志盛，長艾識堅而氣衰，志盛者思銳以勝勞，氣衰者慮密以傷神，斯實中人之常資，歲時之大較也。,凡童少鑒淺而志盛，長艾識堅而氣衰，志盛者思銳以勝勞，氣衰者慮密以傷神，斯實中人之常資，歲時之大較也。,凡童 少鉴 浅 而志盛 长艾 识坚 而 气 衰 志 盛者 思锐 以胜劳 气 衰者虑 密以 伤神 斯实 中人 之常资 岁时 之 大较 也,氣,211,211,衰者慮,224,227,224,227,same_segment,0,
sentence,伤神,1,0.02571860816944126,liuxie_shipin__liuxie_42,liuxie_shipin__liuxie_42__part01,文心雕龍·養氣,劉勰,凡童少鑒淺而志盛，長艾識堅而氣衰，志盛者思銳以勝勞，氣衰者慮密以傷神，斯實中人之常資，歲時之大較也。,凡童少鑒淺而志盛，長艾識堅而氣衰，志盛者思銳以勝勞，氣衰者慮密以傷神，斯實中人之常資，歲時之大較也。,凡童 少鉴 浅 而志盛 长艾 识坚 而 气 衰 志 盛者 思锐 以胜劳 气 衰者虑 密以 伤神 斯实 中人 之常资 岁时 之 大较 也,氣,211,211,傷神,229,231,229,231,same_segment,0,
sentence,斯实,1,0.02571860816944126,liuxie_shipin__liuxie_42,liuxie_shipin__liuxie_42__part01,文心雕龍·養氣,劉勰,凡童少鑒淺而志盛，長艾識堅而氣衰，志盛者思銳以勝勞，氣衰者慮密以傷神，斯實中人之常資，歲時之大較也。,凡童少鑒淺而志盛，長艾識堅而氣衰，志盛者思銳以勝勞，氣衰者慮密以傷神，斯實中人之常資，歲時之大較也。,凡童 少鉴 浅 而志盛 长艾 识坚 而 气 衰 志 盛者 思锐 以胜劳 气 衰者虑 密以 伤神 斯实 中人 之常资 岁时 之 大较 也,氣,211,211,斯實,232,234,232,234,same_segment,0,
sentence,中人,1,0.02571860816944126,liuxie_shipin__liuxie_42,liuxie_shipin__liuxie_42__part01,文心雕龍·養氣,劉勰,凡童少鑒淺而志盛，長艾識堅而氣衰，志盛者思銳以勝勞，氣衰者慮密以傷神，斯實中人之常資，歲時之大較也。,凡童少鑒淺而志盛，長艾識堅而氣衰，志盛者思銳以勝勞，氣衰者慮密以傷神，斯實中人之常資，歲時之大較也。,凡童 少鉴 浅 而志盛 长艾 识坚 而 气 衰 志 盛者 思锐 以胜劳 气 衰者虑 密以 伤神 斯实 中人 之常资 岁时 之 大较 也,氣,211,211,中人,234,236,234,236,same_segment,0,
sentence,之常资,1,0.02571860816944126,liuxie_shipin__liuxie_42,liuxie_shipin__liuxie_42__part01,文心雕龍·養氣,劉勰,凡童少鑒淺而志盛，長艾識堅而氣衰，志盛者思銳以勝勞，氣衰者慮密以傷神，斯實中人之常資，歲時之大較也。,凡童少鑒淺而志盛，長艾識堅而氣衰，志盛者思銳以勝勞，氣衰者慮密以傷神，斯實中人之常資，歲時之大較也。,凡童 少鉴 浅 而志盛 长艾 识坚 而 气 衰 志 盛者 思锐 以胜劳 气 衰者虑 密以 伤神 斯实 中人 之常资 岁时 之 大较 也,氣,211,211,之常資,236,239,236,239,same_segment,0,
sentence,岁时,1,0.02571860816944126,liuxie_shipin__liuxie_42,liuxie_shipin__liuxie_42__part01,文心雕龍·養氣,劉勰,凡童少鑒淺而志盛，長艾識堅而氣衰，志盛者思銳以勝勞，氣衰者慮密以傷神，斯實中人之常資，歲時之大較也。,凡童少鑒淺而志盛，長艾識堅而氣衰，志盛者思銳以勝勞，氣衰者慮密以傷神，斯實中人之常資，歲時之大較也。,凡童 少鉴 浅 而志盛 长艾 识坚 而 气 衰 志 盛者 思锐 以胜劳 气 衰者虑 密以 伤神 斯实 中人 之常资 岁时 之 大较 也,氣,211,211,歲時,240,242,240,242,same_segment,0,
sentence,器分,1,0.02571860816944126,liuxie_shipin__liuxie_42,liuxie_shipin__liuxie_42__part01,文心雕龍·養氣,劉勰,若夫器分有限，智用無涯，或慚鳧企鶴，瀝辭鐫思，於是精氣內銷，有似尾閭之波，神志外傷，同乎牛山之木；,若夫器分有限，智用無涯，或慚鳧企鶴，瀝辭鐫思，於是精氣內銷，有似尾閭之波，神志外傷，同乎牛山之木；,若夫 器分 有限 智用 无涯 或 惭凫企鹤 沥辞 镌思 于是 精 气 内销 有似 尾闾 之波 神志 外伤 同乎 牛山 之木,氣,273,273,器分,249,251,249,251,same_segment,0,
sentence,有限,1,0.02571860816944126,liuxie_shipin__liuxie_42,liuxie_shipin__liuxie_42__part01,文心雕龍·養氣,劉勰,若夫器分有限，智用無涯，或慚鳧企鶴，瀝辭鐫思，於是精氣內銷，有似尾閭之波，神志外傷，同乎牛山之木；,若夫器分有限，智用無涯，或慚鳧企鶴，瀝辭鐫思，於是精氣內銷，有似尾閭之波，神志外傷，同乎牛山之木；,若夫 器分 有限 智用 无涯 或 惭凫企鹤 沥辞 镌思 于是 精 气 内销 有似 尾闾 之波 神志 外伤 同乎 牛山 之木,氣,273,273,有限,251,253,251,253,same_segment,0,
sentence,智用,1,0.02571860816944126,liuxie_shipin__liuxie_42,liuxie_shipin__liuxie_42__part01,文心雕龍·養氣,劉勰,若夫器分有限，智用無涯，或慚鳧企鶴，瀝辭鐫思，於是精氣內銷，有似尾閭之波，神志外傷，同乎牛山之木；,若夫器分有限，智用無涯，或慚鳧企鶴，瀝辭鐫思，於是精氣內銷，有似尾閭之波，神志外傷，同乎牛山之木；,若夫 器分 有限 智用 无涯 或 惭凫企鹤 沥辞 镌思 于是 精 气 内销 有似 尾闾 之波 神志 外伤 同乎 牛山 之木,氣,273,273,智用,254,256,254,256,same_segment,0,
sentence,惭凫企鹤,1,0.02571860816944126,liuxie_shipin__liuxie_42,liuxie_shipin__liuxie_42__part01,文心雕龍·養氣,劉勰,若夫器分有限，智用無涯，或慚鳧企鶴，瀝辭鐫思，於是精氣內銷，有似尾閭之波，神志外傷，同乎牛山之木；,若夫器分有限，智用無涯，或慚鳧企鶴，瀝辭鐫思，於是精氣內銷，有似尾閭之波，神志外傷，同乎牛山之木；,若夫 器分 有限 智用 无涯 或 惭凫企鹤 沥辞 镌思 于是 精 气 内销 有似 尾闾 之波 神志 外伤 同乎 牛山 之木,氣,273,273,慚鳧企鶴,260,264,260,264,same_segment,0,
sentence,沥辞,1,0.02571860816944126,liuxie_shipin__liuxie_42,liuxie_shipin__liuxie_42__part01,文心雕龍·養氣,劉勰,若夫器分有限，智用無涯，或慚鳧企鶴，瀝辭鐫思，於是精氣內銷，有似尾閭之波，神志外傷，同乎牛山之木；,若夫器分有限，智用無涯，或慚鳧企鶴，瀝辭鐫思，於是精氣內銷，有似尾閭之波，神志外傷，同乎牛山之木；,若夫 器分 有限 智用 无涯 或 惭凫企鹤 沥辞 镌思 于是 精 气 内销 有似 尾闾 之波 神志 外伤 同乎 牛山 之木,氣,273,273,瀝辭,265,267,265,267,same_segment,0,
sentence,镌思,1,0.02571860816944126,liuxie_shipin__liuxie_42,liuxie_shipin__liuxie_42__part01,文心雕龍·養氣,劉勰,若夫器分有限，智用無涯，或慚鳧企鶴，瀝辭鐫思，於是精氣內銷，有似尾閭之波，神志外傷，同乎牛山之木；,若夫器分有限，智用無涯，或慚鳧企鶴，瀝辭鐫思，於是精氣內銷，有似尾閭之波，神志外傷，同乎牛山之木；,若夫 器分 有限 智用 无涯 或 惭凫企鹤 沥辞 镌思 于是 精 气 内销 有似 尾闾 之波 神志 外伤 同乎 牛山 之木,氣,273,273,鐫思,267,269,267,269,same_segment,0,
sentence,内销,1,0.02571860816944126,liuxie_shipin__liuxie_42,liuxie_shipin__liuxie_42__part01,文心雕龍·養氣,劉勰,若夫器分有限，智用無涯，或慚鳧企鶴，瀝辭鐫思，於是精氣內銷，有似尾閭之波，神志外傷，同乎牛山之木；,若夫器分有限，智用無涯，或慚鳧企鶴，瀝辭鐫思，於是精氣內銷，有似尾閭之波，神志外傷，同乎牛山之木；,若夫 器分 有限 智用 无涯 或 惭凫企鹤 沥辞 镌思 于是 精 气 内销 有似 尾闾 之波 神志 外伤 同乎 牛山 之木,氣,273,273,內銷,274,276,274,276,same_segment,0,
sentence,尾闾,1,0.02571860816944126,liuxie_shipin__liuxie_42,liuxie_shipin__liuxie_42__part01,文心雕龍·養氣,劉勰,若夫器分有限，智用無涯，或慚鳧企鶴，瀝辭鐫思，於是精氣內銷，有似尾閭之波，神志外傷，同乎牛山之木；,若夫器分有限，智用無涯，或慚鳧企鶴，瀝辭鐫思，於是精氣內銷，有似尾閭之波，神志外傷，同乎牛山之木；,若夫 器分 有限 智用 无涯 或 惭凫企鹤 沥辞 镌思 于是 精 气 内销 有似 尾闾 之波 神志 外伤 同乎 牛山 之木,氣,273,273,尾閭,279,281,279,281,same_segment,0,
sentence,之波,1,0.02571860816944126,liuxie_shipin__liuxie_42,liuxie_shipin__liuxie_42__part01,文心雕龍·養氣,劉勰,若夫器分有限，智用無涯，或慚鳧企鶴，瀝辭鐫思，於是精氣內銷，有似尾閭之波，神志外傷，同乎牛山之木；,若夫器分有限，智用無涯，或慚鳧企鶴，瀝辭鐫思，於是精氣內銷，有似尾閭之波，神志外傷，同乎牛山之木；,若夫 器分 有限 智用 无涯 或 惭凫企鹤 沥辞 镌思 于是 精 气 内销 有似 尾闾 之波 神志 外伤 同乎 牛山 之木,氣,273,273,之波,281,283,281,283,same_segment,0,
sentence,神志,1,0.02571860816944126,liuxie_shipin__liuxie_42,liuxie_shipin__liuxie_42__part01,文心雕龍·養氣,劉勰,若夫器分有限，智用無涯，或慚鳧企鶴，瀝辭鐫思，於是精氣內銷，有似尾閭之波，神志外傷，同乎牛山之木；,若夫器分有限，智用無涯，或慚鳧企鶴，瀝辭鐫思，於是精氣內銷，有似尾閭之波，神志外傷，同乎牛山之木；,若夫 器分 有限 智用 无涯 或 惭凫企鹤 沥辞 镌思 于是 精 气 内销 有似 尾闾 之波 神志 外伤 同乎 牛山 之木,氣,273,273,神志,284,286,284,286,same_segment,0,
sentence,外伤,1,0.02571860816944126,liuxie_shipin__liuxie_42,liuxie_shipin__liuxie_42__part01,文心雕龍·養氣,劉勰,若夫器分有限，智用無涯，或慚鳧企鶴，瀝辭鐫思，於是精氣內銷，有似尾閭之波，神志外傷，同乎牛山之木；,若夫器分有限，智用無涯，或慚鳧企鶴，瀝辭鐫思，於是精氣內銷，有似尾閭之波，神志外傷，同乎牛山之木；,若夫 器分 有限 智用 无涯 或 惭凫企鹤 沥辞 镌思 于是 精 气 内销 有似 尾闾 之波 神志 外伤 同乎 牛山 之木,氣,273,273,外傷,286,288,286,288,same_segment,0,
sentence,牛山,1,0.02571860816944126,liuxie_shipin__liuxie_42,liuxie_shipin__liuxie_42__part01,文心雕龍·養氣,劉勰,若夫器分有限，智用無涯，或慚鳧企鶴，瀝辭鐫思，於是精氣內銷，有似尾閭之波，神志外傷，同乎牛山之木；,若夫器分有限，智用無涯，或慚鳧企鶴，瀝辭鐫思，於是精氣內銷，有似尾閭之波，神志外傷，同乎牛山之木；,若夫 器分 有限 智用 无涯 或 惭凫企鹤 沥辞 镌思 于是 精 气 内销 有似 尾闾 之波 神志 外伤 同乎 牛山 之木,氣,273,273,牛山,291,293,291,293,same_segment,0,
sentence,销铄,1,0.02571860816944126,liuxie_shipin__liuxie_42,liuxie_shipin__liuxie_42__part01,文心雕龍·養氣,劉勰,若銷鑠精膽，蹙迫和氣，秉牘以驅齡，灑翰以伐性，豈聖賢之素心，會文之直理哉！,若銷鑠精膽，蹙迫和氣，秉牘以驅齡，灑翰以伐性，豈聖賢之素心，會文之直理哉！,若 销铄 精胆 蹙迫 和 气 秉牍 以 驱龄 洒翰 以伐性 岂 圣贤 之 素心 会文 之 直理 哉,氣,423,423,銷鑠,415,417,415,417,same_segment,0,
sentence,精胆,1,0.02571860816944126,liuxie_shipin__liuxie_42,liuxie_shipin__liuxie_42__part01,文心雕龍·養氣,劉勰,若銷鑠精膽，蹙迫和氣，秉牘以驅齡，灑翰以伐性，豈聖賢之素心，會文之直理哉！,若銷鑠精膽，蹙迫和氣，秉牘以驅齡，灑翰以伐性，豈聖賢之素心，會文之直理哉！,若 销铄 精胆 蹙迫 和 气 秉牍 以 驱龄 洒翰 以伐性 岂 圣贤 之 素心 会文 之 直理 哉,氣,423,423,精膽,417,419,417,419,same_segment,0,
sentence,蹙迫,1,0.02571860816944126,liuxie_shipin__liuxie_42,liuxie_shipin__liuxie_42__part01,文心雕龍·養氣,劉勰,若銷鑠精膽，蹙迫和氣，秉牘以驅齡，灑翰以伐性，豈聖賢之素心，會文之直理哉！,若銷鑠精膽，蹙迫和氣，秉牘以驅齡，灑翰以伐性，豈聖賢之素心，會文之直理哉！,若 销铄 精胆 蹙迫 和 气 秉牍 以 驱龄 洒翰 以伐性 岂 圣贤 之 素心 会文 之 直理 哉,氣,423,423,蹙迫,420,422,420,422,same_segment,0,
sentence,秉牍,1,0.02571860816944126,liuxie_shipin__liuxie_42,liuxie_shipin__liuxie_42__part01,文心雕龍·養氣,劉勰,若銷鑠精膽，蹙迫和氣，秉牘以驅齡，灑翰以伐性，豈聖賢之素心，會文之直理哉！,若銷鑠精膽，蹙迫和氣，秉牘以驅齡，灑翰以伐性，豈聖賢之素心，會文之直理哉！,若 销铄 精胆 蹙迫 和 气 秉牍 以 驱龄 洒翰 以伐性 岂 圣贤 之 素心 会文 之 直理 哉,氣,423,423,秉牘,425,427,425,427,same_segment,0,
sentence,驱龄,1,0.02571860816944126,liuxie_shipin__liuxie_42,liuxie_shipin__liuxie_42__part01,文心雕龍·養氣,劉勰,若銷鑠精膽，蹙迫和氣，秉牘以驅齡，灑翰以伐性，豈聖賢之素心，會文之直理哉！,若銷鑠精膽，蹙迫和氣，秉牘以驅齡，灑翰以伐性，豈聖賢之素心，會文之直理哉！,若 销铄 精胆 蹙迫 和 气 秉牍 以 驱龄 洒翰 以伐性 岂 圣贤 之 素心 会文 之 直理 哉,氣,423,423,驅齡,428,430,428,430,same_segment,0,
sentence,洒翰,1,0.02571860816944126,liuxie_shipin__liuxie_42,liuxie_shipin__liuxie_42__part01,文心雕龍·養氣,劉勰,若銷鑠精膽，蹙迫和氣，秉牘以驅齡，灑翰以伐性，豈聖賢之素心，會文之直理哉！,若銷鑠精膽，蹙迫和氣，秉牘以驅齡，灑翰以伐性，豈聖賢之素心，會文之直理哉！,若 销铄 精胆 蹙迫 和 气 秉牍 以 驱龄 洒翰 以伐性 岂 圣贤 之 素心 会文 之 直理 哉,氣,423,423,灑翰,431,433,431,433,same_segment,0,
sentence,以伐性,1,0.02571860816944126,liuxie_shipin__liuxie_42,liuxie_shipin__liuxie_42__part01,文心雕龍·養氣,劉勰,若銷鑠精膽，蹙迫和氣，秉牘以驅齡，灑翰以伐性，豈聖賢之素心，會文之直理哉！,若銷鑠精膽，蹙迫和氣，秉牘以驅齡，灑翰以伐性，豈聖賢之素心，會文之直理哉！,若 销铄 精胆 蹙迫 和 气 秉牍 以 驱龄 洒翰 以伐性 岂 圣贤 之 素心 会文 之 直理 哉,氣,423,423,以伐性,433,436,433,436,same_segment,0,
sentence,素心,1,0.02571860816944126,liuxie_shipin__liuxie_42,liuxie_shipin__liuxie_42__part01,文心雕龍·養氣,劉勰,若銷鑠精膽，蹙迫和氣，秉牘以驅齡，灑翰以伐性，豈聖賢之素心，會文之直理哉！,若銷鑠精膽，蹙迫和氣，秉牘以驅齡，灑翰以伐性，豈聖賢之素心，會文之直理哉！,若 销铄 精胆 蹙迫 和 气 秉牍 以 驱龄 洒翰 以伐性 岂 圣贤 之 素心 会文 之 直理 哉,氣,423,423,素心,441,443,441,443,same_segment,0,
sentence,直理,1,0.02571860816944126,liuxie_shipin__liuxie_42,liuxie_shipin__liuxie_42__part01,文心雕龍·養氣,劉勰,若銷鑠精膽，蹙迫和氣，秉牘以驅齡，灑翰以伐性，豈聖賢之素心，會文之直理哉！,若銷鑠精膽，蹙迫和氣，秉牘以驅齡，灑翰以伐性，豈聖賢之素心，會文之直理哉！,若 销铄 精胆 蹙迫 和 气 秉牍 以 驱龄 洒翰 以伐性 岂 圣贤 之 素心 会文 之 直理 哉,氣,423,423,直理,447,449,447,449,same_segment,0,
sentence,节宣,1,0.02571860816944126,liuxie_shipin__liuxie_42,liuxie_shipin__liuxie_42__part01,文心雕龍·養氣,劉勰,是以吐納文蓺，務在節宣，清和其心，條暢其氣，煩而即捨，勿使壅滯，意得則舒懷以命筆，理伏則投筆以卷懷，逍遙以針勞，談笑以藥勌，常弄閑於才鋒，賈餘於文勇，使刃發如新，湊理無滯，雖非胎息之邁術，斯亦衛氣之一方也。,是以吐納文蓺，務在節宣，清和其心，條暢其氣，煩而即捨，勿使壅滯，意得則舒懷以命筆，理伏則投筆以卷懷，逍遙以針勞，談笑以藥勌，常弄閑於才鋒，賈餘於文勇，使刃發如新，湊理無滯，雖非胎息之邁術，斯亦衛氣之一方也。,是 以 吐纳 文 蓺 务 在 节宣 清 和 其心 条畅 其 气 烦而 即舍 勿 使 壅滞 意得 则 舒怀 以 命笔 理伏 则 投笔 以 卷怀 逍遥 以 针劳 谈笑 以药 勌 常弄 闲于 才锋 贾余 于 文勇 使刃 发如新 凑理 无滞 虽非 胎息 之 迈术 斯亦卫 气 之 一方 也,氣,505,505,節宣,494,496,494,496,same_segment,0,
sentence,条畅,1,0.02571860816944126,liuxie_shipin__liuxie_42,liuxie_shipin__liuxie_42__part01,文心雕龍·養氣,劉勰,是以吐納文蓺，務在節宣，清和其心，條暢其氣，煩而即捨，勿使壅滯，意得則舒懷以命筆，理伏則投筆以卷懷，逍遙以針勞，談笑以藥勌，常弄閑於才鋒，賈餘於文勇，使刃發如新，湊理無滯，雖非胎息之邁術，斯亦衛氣之一方也。,是以吐納文蓺，務在節宣，清和其心，條暢其氣，煩而即捨，勿使壅滯，意得則舒懷以命筆，理伏則投筆以卷懷，逍遙以針勞，談笑以藥勌，常弄閑於才鋒，賈餘於文勇，使刃發如新，湊理無滯，雖非胎息之邁術，斯亦衛氣之一方也。,是 以 吐纳 文 蓺 务 在 节宣 清 和 其心 条畅 其 气 烦而 即舍 勿 使 壅滞 意得 则 舒怀 以 命笔 理伏 则 投笔 以 卷怀 逍遥 以 针劳 谈笑 以药 勌 常弄 闲于 才锋 贾余 于 文勇 使刃 发如新 凑理 无滞 虽非 胎息 之 迈术 斯亦卫 气 之 一方 也,氣,505,505,條暢,502,504,502,504,same_segment,0,
sentence,烦而,1,0.02571860816944126,liuxie_shipin__liuxie_42,liuxie_shipin__liuxie_42__part01,文心雕龍·養氣,劉勰,是以吐納文蓺，務在節宣，清和其心，條暢其氣，煩而即捨，勿使壅滯，意得則舒懷以命筆，理伏則投筆以卷懷，逍遙以針勞，談笑以藥勌，常弄閑於才鋒，賈餘於文勇，使刃發如新，湊理無滯，雖非胎息之邁術，斯亦衛氣之一方也。,是以吐納文蓺，務在節宣，清和其心，條暢其氣，煩而即捨，勿使壅滯，意得則舒懷以命筆，理伏則投筆以卷懷，逍遙以針勞，談笑以藥勌，常弄閑於才鋒，賈餘於文勇，使刃發如新，湊理無滯，雖非胎息之邁術，斯亦衛氣之一方也。,是 以 吐纳 文 蓺 务 在 节宣 清 和 其心 条畅 其 气 烦而 即舍 勿 使 壅滞 意得 则 舒怀 以 命笔 理伏 则 投笔 以 卷怀 逍遥 以 针劳 谈笑 以药 勌 常弄 闲于 才锋 贾余 于 文勇 使刃 发如新 凑理 无滞 虽非 胎息 之 迈术 斯亦卫 气 之 一方 也,氣,505,505,煩而,507,509,507,509,same_segment,0,
sentence,即舍,1,0.02571860816944126,liuxie_shipin__liuxie_42,liuxie_shipin__liuxie_42__part01,文心雕龍·養氣,劉勰,是以吐納文蓺，務在節宣，清和其心，條暢其氣，煩而即捨，勿使壅滯，意得則舒懷以命筆，理伏則投筆以卷懷，逍遙以針勞，談笑以藥勌，常弄閑於才鋒，賈餘於文勇，使刃發如新，湊理無滯，雖非胎息之邁術，斯亦衛氣之一方也。,是以吐納文蓺，務在節宣，清和其心，條暢其氣，煩而即捨，勿使壅滯，意得則舒懷以命筆，理伏則投筆以卷懷，逍遙以針勞，談笑以藥勌，常弄閑於才鋒，賈餘於文勇，使刃發如新，湊理無滯，雖非胎息之邁術，斯亦衛氣之一方也。,是 以 吐纳 文 蓺 务 在 节宣 清 和 其心 条畅 其 气 烦而 即舍 勿 使 壅滞 意得 则 舒怀 以 命笔 理伏 则 投笔 以 卷怀 逍遥 以 针劳 谈笑 以药 勌 常弄 闲于 才锋 贾余 于 文勇 使刃 发如新 凑理 无滞 虽非 胎息 之 迈术 斯亦卫 气 之 一方 也,氣,505,505,即捨,509,511,509,511,same_segment,0,
sentence,壅滞,1,0.02571860816944126,liuxie_shipin__liuxie_42,liuxie_shipin__liuxie_42__part01,文心雕龍·養氣,劉勰,是以吐納文蓺，務在節宣，清和其心，條暢其氣，煩而即捨，勿使壅滯，意得則舒懷以命筆，理伏則投筆以卷懷，逍遙以針勞，談笑以藥勌，常弄閑於才鋒，賈餘於文勇，使刃發如新，湊理無滯，雖非胎息之邁術，斯亦衛氣之一方也。,是以吐納文蓺，務在節宣，清和其心，條暢其氣，煩而即捨，勿使壅滯，意得則舒懷以命筆，理伏則投筆以卷懷，逍遙以針勞，談笑以藥勌，常弄閑於才鋒，賈餘於文勇，使刃發如新，湊理無滯，雖非胎息之邁術，斯亦衛氣之一方也。,是 以 吐纳 文 蓺 务 在 节宣 清 和 其心 条畅 其 气 烦而 即舍 勿 使 壅滞 意得 则 舒怀 以 命笔 理伏 则 投笔 以 卷怀 逍遥 以 针劳 谈笑 以药 勌 常弄 闲于 才锋 贾余 于 文勇 使刃 发如新 凑理 无滞 虽非 胎息 之 迈术 斯亦卫 气 之 一方 也,氣,505,505,壅滯,514,516,514,516,same_segment,0,
sentence,意得,1,0.02571860816944126,liuxie_shipin__liuxie_42,liuxie_shipin__liuxie_42__part01,文心雕龍·養氣,劉勰,是以吐納文蓺，務在節宣，清和其心，條暢其氣，煩而即捨，勿使壅滯，意得則舒懷以命筆，理伏則投筆以卷懷，逍遙以針勞，談笑以藥勌，常弄閑於才鋒，賈餘於文勇，使刃發如新，湊理無滯，雖非胎息之邁術，斯亦衛氣之一方也。,是以吐納文蓺，務在節宣，清和其心，條暢其氣，煩而即捨，勿使壅滯，意得則舒懷以命筆，理伏則投筆以卷懷，逍遙以針勞，談笑以藥勌，常弄閑於才鋒，賈餘於文勇，使刃發如新，湊理無滯，雖非胎息之邁術，斯亦衛氣之一方也。,是 以 吐纳 文 蓺 务 在 节宣 清 和 其心 条畅 其 气 烦而 即舍 勿 使 壅滞 意得 则 舒怀 以 命笔 理伏 则 投笔 以 卷怀 逍遥 以 针劳 谈笑 以药 勌 常弄 闲于 才锋 贾余 于 文勇 使刃 发如新 凑理 无滞 虽非 胎息 之 迈术 斯亦卫 气 之 一方 也,氣,505,505,意得,517,519,517,519,same_segment,0,
sentence,舒怀,1,0.02571860816944126,liuxie_shipin__liuxie_42,liuxie_shipin__liuxie_42__part01,文心雕龍·養氣,劉勰,是以吐納文蓺，務在節宣，清和其心，條暢其氣，煩而即捨，勿使壅滯，意得則舒懷以命筆，理伏則投筆以卷懷，逍遙以針勞，談笑以藥勌，常弄閑於才鋒，賈餘於文勇，使刃發如新，湊理無滯，雖非胎息之邁術，斯亦衛氣之一方也。,是以吐納文蓺，務在節宣，清和其心，條暢其氣，煩而即捨，勿使壅滯，意得則舒懷以命筆，理伏則投筆以卷懷，逍遙以針勞，談笑以藥勌，常弄閑於才鋒，賈餘於文勇，使刃發如新，湊理無滯，雖非胎息之邁術，斯亦衛氣之一方也。,是 以 吐纳 文 蓺 务 在 节宣 清 和 其心 条畅 其 气 烦而 即舍 勿 使 壅滞 意得 则 舒怀 以 命笔 理伏 则 投笔 以 卷怀 逍遥 以 针劳 谈笑 以药 勌 常弄 闲于 才锋 贾余 于 文勇 使刃 发如新 凑理 无滞 虽非 胎息 之 迈术 斯亦卫 气 之 一方 也,氣,505,505,舒懷,520,522,520,522,same_segment,0,
sentence,命笔,1,0.02571860816944126,liuxie_shipin__liuxie_42,liuxie_shipin__liuxie_42__part01,文心雕龍·養氣,劉勰,是以吐納文蓺，務在節宣，清和其心，條暢其氣，煩而即捨，勿使壅滯，意得則舒懷以命筆，理伏則投筆以卷懷，逍遙以針勞，談笑以藥勌，常弄閑於才鋒，賈餘於文勇，使刃發如新，湊理無滯，雖非胎息之邁術，斯亦衛氣之一方也。,是以吐納文蓺，務在節宣，清和其心，條暢其氣，煩而即捨，勿使壅滯，意得則舒懷以命筆，理伏則投筆以卷懷，逍遙以針勞，談笑以藥勌，常弄閑於才鋒，賈餘於文勇，使刃發如新，湊理無滯，雖非胎息之邁術，斯亦衛氣之一方也。,是 以 吐纳 文 蓺 务 在 节宣 清 和 其心 条畅 其 气 烦而 即舍 勿 使 壅滞 意得 则 舒怀 以 命笔 理伏 则 投笔 以 卷怀 逍遥 以 针劳 谈笑 以药 勌 常弄 闲于 才锋 贾余 于 文勇 使刃 发如新 凑理 无滞 虽非 胎息 之 迈术 斯亦卫 气 之 一方 也,氣,505,505,命筆,523,525,523,525,same_segment,0,
sentence,理伏,1,0.02571860816944126,liuxie_shipin__liuxie_42,liuxie_shipin__liuxie_42__part01,文心雕龍·養氣,劉勰,是以吐納文蓺，務在節宣，清和其心，條暢其氣，煩而即捨，勿使壅滯，意得則舒懷以命筆，理伏則投筆以卷懷，逍遙以針勞，談笑以藥勌，常弄閑於才鋒，賈餘於文勇，使刃發如新，湊理無滯，雖非胎息之邁術，斯亦衛氣之一方也。,是以吐納文蓺，務在節宣，清和其心，條暢其氣，煩而即捨，勿使壅滯，意得則舒懷以命筆，理伏則投筆以卷懷，逍遙以針勞，談笑以藥勌，常弄閑於才鋒，賈餘於文勇，使刃發如新，湊理無滯，雖非胎息之邁術，斯亦衛氣之一方也。,是 以 吐纳 文 蓺 务 在 节宣 清 和 其心 条畅 其 气 烦而 即舍 勿 使 壅滞 意得 则 舒怀 以 命笔 理伏 则 投笔 以 卷怀 逍遥 以 针劳 谈笑 以药 勌 常弄 闲于 才锋 贾余 于 文勇 使刃 发如新 凑理 无滞 虽非 胎息 之 迈术 斯亦卫 气 之 一方 也,氣,505,505,理伏,526,528,526,528,same_segment,0,
sentence,投笔,1,0.02571860816944126,liuxie_shipin__liuxie_42,liuxie_shipin__liuxie_42__part01,文心雕龍·養氣,劉勰,是以吐納文蓺，務在節宣，清和其心，條暢其氣，煩而即捨，勿使壅滯，意得則舒懷以命筆，理伏則投筆以卷懷，逍遙以針勞，談笑以藥勌，常弄閑於才鋒，賈餘於文勇，使刃發如新，湊理無滯，雖非胎息之邁術，斯亦衛氣之一方也。,是以吐納文蓺，務在節宣，清和其心，條暢其氣，煩而即捨，勿使壅滯，意得則舒懷以命筆，理伏則投筆以卷懷，逍遙以針勞，談笑以藥勌，常弄閑於才鋒，賈餘於文勇，使刃發如新，湊理無滯，雖非胎息之邁術，斯亦衛氣之一方也。,是 以 吐纳 文 蓺 务 在 节宣 清 和 其心 条畅 其 气 烦而 即舍 勿 使 壅滞 意得 则 舒怀 以 命笔 理伏 则 投笔 以 卷怀 逍遥 以 针劳 谈笑 以药 勌 常弄 闲于 才锋 贾余 于 文勇 使刃 发如新 凑理 无滞 虽非 胎息 之 迈术 斯亦卫 气 之 一方 也,氣,505,505,投筆,529,531,529,531,same_segment,0,
sentence,卷怀,1,0.02571860816944126,liuxie_shipin__liuxie_42,liuxie_shipin__liuxie_42__part01,文心雕龍·養氣,劉勰,是以吐納文蓺，務在節宣，清和其心，條暢其氣，煩而即捨，勿使壅滯，意得則舒懷以命筆，理伏則投筆以卷懷，逍遙以針勞，談笑以藥勌，常弄閑於才鋒，賈餘於文勇，使刃發如新，湊理無滯，雖非胎息之邁術，斯亦衛氣之一方也。,是以吐納文蓺，務在節宣，清和其心，條暢其氣，煩而即捨，勿使壅滯，意得則舒懷以命筆，理伏則投筆以卷懷，逍遙以針勞，談笑以藥勌，常弄閑於才鋒，賈餘於文勇，使刃發如新，湊理無滯，雖非胎息之邁術，斯亦衛氣之一方也。,是 以 吐纳 文 蓺 务 在 节宣 清 和 其心 条畅 其 气 烦而 即舍 勿 使 壅滞 意得 则 舒怀 以 命笔 理伏 则 投笔 以 卷怀 逍遥 以 针劳 谈笑 以药 勌 常弄 闲于 才锋 贾余 于 文勇 使刃 发如新 凑理 无滞 虽非 胎息 之 迈术 斯亦卫 气 之 一方 也,氣,505,505,卷懷,532,534,532,534,same_segment,0,
sentence,逍遥,1,0.02571860816944126,liuxie_shipin__liuxie_42,liuxie_shipin__liuxie_42__part01,文心雕龍·養氣,劉勰,是以吐納文蓺，務在節宣，清和其心，條暢其氣，煩而即捨，勿使壅滯，意得則舒懷以命筆，理伏則投筆以卷懷，逍遙以針勞，談笑以藥勌，常弄閑於才鋒，賈餘於文勇，使刃發如新，湊理無滯，雖非胎息之邁術，斯亦衛氣之一方也。,是以吐納文蓺，務在節宣，清和其心，條暢其氣，煩而即捨，勿使壅滯，意得則舒懷以命筆，理伏則投筆以卷懷，逍遙以針勞，談笑以藥勌，常弄閑於才鋒，賈餘於文勇，使刃發如新，湊理無滯，雖非胎息之邁術，斯亦衛氣之一方也。,是 以 吐纳 文 蓺 务 在 节宣 清 和 其心 条畅 其 气 烦而 即舍 勿 使 壅滞 意得 则 舒怀 以 命笔 理伏 则 投笔 以 卷怀 逍遥 以 针劳 谈笑 以药 勌 常弄 闲于 才锋 贾余 于 文勇 使刃 发如新 凑理 无滞 虽非 胎息 之 迈术 斯亦卫 气 之 一方 也,氣,505,505,逍遙,535,537,535,537,same_segment,0,
sentence,针劳,1,0.02571860816944126,liuxie_shipin__liuxie_42,liuxie_shipin__liuxie_42__part01,文心雕龍·養氣,劉勰,是以吐納文蓺，務在節宣，清和其心，條暢其氣，煩而即捨，勿使壅滯，意得則舒懷以命筆，理伏則投筆以卷懷，逍遙以針勞，談笑以藥勌，常弄閑於才鋒，賈餘於文勇，使刃發如新，湊理無滯，雖非胎息之邁術，斯亦衛氣之一方也。,是以吐納文蓺，務在節宣，清和其心，條暢其氣，煩而即捨，勿使壅滯，意得則舒懷以命筆，理伏則投筆以卷懷，逍遙以針勞，談笑以藥勌，常弄閑於才鋒，賈餘於文勇，使刃發如新，湊理無滯，雖非胎息之邁術，斯亦衛氣之一方也。,是 以 吐纳 文 蓺 务 在 节宣 清 和 其心 条畅 其 气 烦而 即舍 勿 使 壅滞 意得 则 舒怀 以 命笔 理伏 则 投笔 以 卷怀 逍遥 以 针劳 谈笑 以药 勌 常弄 闲于 才锋 贾余 于 文勇 使刃 发如新 凑理 无滞 虽非 胎息 之 迈术 斯亦卫 气 之 一方 也,氣,505,505,針勞,538,540,538,540,same_segment,0,
sentence,以药,1,0.02571860816944126,liuxie_shipin__liuxie_42,liuxie_shipin__liuxie_42__part01,文心雕龍·養氣,劉勰,是以吐納文蓺，務在節宣，清和其心，條暢其氣，煩而即捨，勿使壅滯，意得則舒懷以命筆，理伏則投筆以卷懷，逍遙以針勞，談笑以藥勌，常弄閑於才鋒，賈餘於文勇，使刃發如新，湊理無滯，雖非胎息之邁術，斯亦衛氣之一方也。,是以吐納文蓺，務在節宣，清和其心，條暢其氣，煩而即捨，勿使壅滯，意得則舒懷以命筆，理伏則投筆以卷懷，逍遙以針勞，談笑以藥勌，常弄閑於才鋒，賈餘於文勇，使刃發如新，湊理無滯，雖非胎息之邁術，斯亦衛氣之一方也。,是 以 吐纳 文 蓺 务 在 节宣 清 和 其心 条畅 其 气 烦而 即舍 勿 使 壅滞 意得 则 舒怀 以 命笔 理伏 则 投笔 以 卷怀 逍遥 以 针劳 谈笑 以药 勌 常弄 闲于 才锋 贾余 于 文勇 使刃 发如新 凑理 无滞 虽非 胎息 之 迈术 斯亦卫 气 之 一方 也,氣,505,505,以藥,543,545,543,545,same_segment,0,
sentence,常弄,1,0.02571860816944126,liuxie_shipin__liuxie_42,liuxie_shipin__liuxie_42__part01,文心雕龍·養氣,劉勰,是以吐納文蓺，務在節宣，清和其心，條暢其氣，煩而即捨，勿使壅滯，意得則舒懷以命筆，理伏則投筆以卷懷，逍遙以針勞，談笑以藥勌，常弄閑於才鋒，賈餘於文勇，使刃發如新，湊理無滯，雖非胎息之邁術，斯亦衛氣之一方也。,是以吐納文蓺，務在節宣，清和其心，條暢其氣，煩而即捨，勿使壅滯，意得則舒懷以命筆，理伏則投筆以卷懷，逍遙以針勞，談笑以藥勌，常弄閑於才鋒，賈餘於文勇，使刃發如新，湊理無滯，雖非胎息之邁術，斯亦衛氣之一方也。,是 以 吐纳 文 蓺 务 在 节宣 清 和 其心 条畅 其 气 烦而 即舍 勿 使 壅滞 意得 则 舒怀 以 命笔 理伏 则 投笔 以 卷怀 逍遥 以 针劳 谈笑 以药 勌 常弄 闲于 才锋 贾余 于 文勇 使刃 发如新 凑理 无滞 虽非 胎息 之 迈术 斯亦卫 气 之 一方 也,氣,505,505,常弄,547,549,547,549,same_segment,0,
sentence,文勇,1,0.02571860816944126,liuxie_shipin__liuxie_42,liuxie_shipin__liuxie_42__part01,文心雕龍·養氣,劉勰,是以吐納文蓺，務在節宣，清和其心，條暢其氣，煩而即捨，勿使壅滯，意得則舒懷以命筆，理伏則投筆以卷懷，逍遙以針勞，談笑以藥勌，常弄閑於才鋒，賈餘於文勇，使刃發如新，湊理無滯，雖非胎息之邁術，斯亦衛氣之一方也。,是以吐納文蓺，務在節宣，清和其心，條暢其氣，煩而即捨，勿使壅滯，意得則舒懷以命筆，理伏則投筆以卷懷，逍遙以針勞，談笑以藥勌，常弄閑於才鋒，賈餘於文勇，使刃發如新，湊理無滯，雖非胎息之邁術，斯亦衛氣之一方也。,是 以 吐纳 文 蓺 务 在 节宣 清 和 其心 条畅 其 气 烦而 即舍 勿 使 壅滞 意得 则 舒怀 以 命笔 理伏 则 投笔 以 卷怀 逍遥 以 针劳 谈笑 以药 勌 常弄 闲于 才锋 贾余 于 文勇 使刃 发如新 凑理 无滞 虽非 胎息 之 迈术 斯亦卫 气 之 一方 也,氣,505,505,文勇,557,559,557,559,same_segment,0,
sentence,使刃,1,0.02571860816944126,liuxie_shipin__liuxie_42,liuxie_shipin__liuxie_42__part01,文心雕龍·養氣,劉勰,是以吐納文蓺，務在節宣，清和其心，條暢其氣，煩而即捨，勿使壅滯，意得則舒懷以命筆，理伏則投筆以卷懷，逍遙以針勞，談笑以藥勌，常弄閑於才鋒，賈餘於文勇，使刃發如新，湊理無滯，雖非胎息之邁術，斯亦衛氣之一方也。,是以吐納文蓺，務在節宣，清和其心，條暢其氣，煩而即捨，勿使壅滯，意得則舒懷以命筆，理伏則投筆以卷懷，逍遙以針勞，談笑以藥勌，常弄閑於才鋒，賈餘於文勇，使刃發如新，湊理無滯，雖非胎息之邁術，斯亦衛氣之一方也。,是 以 吐纳 文 蓺 务 在 节宣 清 和 其心 条畅 其 气 烦而 即舍 勿 使 壅滞 意得 则 舒怀 以 命笔 理伏 则 投笔 以 卷怀 逍遥 以 针劳 谈笑 以药 勌 常弄 闲于 才锋 贾余 于 文勇 使刃 发如新 凑理 无滞 虽非 胎息 之 迈术 斯亦卫 气 之 一方 也,氣,505,505,使刃,560,562,560,562,same_segment,0,
sentence,发如新,1,0.02571860816944126,liuxie_shipin__liuxie_42,liuxie_shipin__liuxie_42__part01,文心雕龍·養氣,劉勰,是以吐納文蓺，務在節宣，清和其心，條暢其氣，煩而即捨，勿使壅滯，意得則舒懷以命筆，理伏則投筆以卷懷，逍遙以針勞，談笑以藥勌，常弄閑於才鋒，賈餘於文勇，使刃發如新，湊理無滯，雖非胎息之邁術，斯亦衛氣之一方也。,是以吐納文蓺，務在節宣，清和其心，條暢其氣，煩而即捨，勿使壅滯，意得則舒懷以命筆，理伏則投筆以卷懷，逍遙以針勞，談笑以藥勌，常弄閑於才鋒，賈餘於文勇，使刃發如新，湊理無滯，雖非胎息之邁術，斯亦衛氣之一方也。,是 以 吐纳 文 蓺 务 在 节宣 清 和 其心 条畅 其 气 烦而 即舍 勿 使 壅滞 意得 则 舒怀 以 命笔 理伏 则 投笔 以 卷怀 逍遥 以 针劳 谈笑 以药 勌 常弄 闲于 才锋 贾余 于 文勇 使刃 发如新 凑理 无滞 虽非 胎息 之 迈术 斯亦卫 气 之 一方 也,氣,505,505,發如新,562,565,562,565,same_segment,0,
sentence,胎息,1,0.02571860816944126,liuxie_shipin__liuxie_42,liuxie_shipin__liuxie_42__part01,文心雕龍·養氣,劉勰,是以吐納文蓺，務在節宣，清和其心，條暢其氣，煩而即捨，勿使壅滯，意得則舒懷以命筆，理伏則投筆以卷懷，逍遙以針勞，談笑以藥勌，常弄閑於才鋒，賈餘於文勇，使刃發如新，湊理無滯，雖非胎息之邁術，斯亦衛氣之一方也。,是以吐納文蓺，務在節宣，清和其心，條暢其氣，煩而即捨，勿使壅滯，意得則舒懷以命筆，理伏則投筆以卷懷，逍遙以針勞，談笑以藥勌，常弄閑於才鋒，賈餘於文勇，使刃發如新，湊理無滯，雖非胎息之邁術，斯亦衛氣之一方也。,是 以 吐纳 文 蓺 务 在 节宣 清 和 其心 条畅 其 气 烦而 即舍 勿 使 壅滞 意得 则 舒怀 以 命笔 理伏 则 投笔 以 卷怀 逍遥 以 针劳 谈笑 以药 勌 常弄 闲于 才锋 贾余 于 文勇 使刃 发如新 凑理 无滞 虽非 胎息 之 迈术 斯亦卫 气 之 一方 也,氣,505,505,胎息,573,575,573,575,same_segment,0,
sentence,迈术,1,0.02571860816944126,liuxie_shipin__liuxie_42,liuxie_shipin__liuxie_42__part01,文心雕龍·養氣,劉勰,是以吐納文蓺，務在節宣，清和其心，條暢其氣，煩而即捨，勿使壅滯，意得則舒懷以命筆，理伏則投筆以卷懷，逍遙以針勞，談笑以藥勌，常弄閑於才鋒，賈餘於文勇，使刃發如新，湊理無滯，雖非胎息之邁術，斯亦衛氣之一方也。,是以吐納文蓺，務在節宣，清和其心，條暢其氣，煩而即捨，勿使壅滯，意得則舒懷以命筆，理伏則投筆以卷懷，逍遙以針勞，談笑以藥勌，常弄閑於才鋒，賈餘於文勇，使刃發如新，湊理無滯，雖非胎息之邁術，斯亦衛氣之一方也。,是 以 吐纳 文 蓺 务 在 节宣 清 和 其心 条畅 其 气 烦而 即舍 勿 使 壅滞 意得 则 舒怀 以 命笔 理伏 则 投笔 以 卷怀 逍遥 以 针劳 谈笑 以药 勌 常弄 闲于 才锋 贾余 于 文勇 使刃 发如新 凑理 无滞 虽非 胎息 之 迈术 斯亦卫 气 之 一方 也,氣,505,505,邁術,576,578,576,578,same_segment,0,
sentence,斯亦卫,1,0.02571860816944126,liuxie_shipin__liuxie_42,liuxie_shipin__liuxie_42__part01,文心雕龍·養氣,劉勰,是以吐納文蓺，務在節宣，清和其心，條暢其氣，煩而即捨，勿使壅滯，意得則舒懷以命筆，理伏則投筆以卷懷，逍遙以針勞，談笑以藥勌，常弄閑於才鋒，賈餘於文勇，使刃發如新，湊理無滯，雖非胎息之邁術，斯亦衛氣之一方也。,是以吐納文蓺，務在節宣，清和其心，條暢其氣，煩而即捨，勿使壅滯，意得則舒懷以命筆，理伏則投筆以卷懷，逍遙以針勞，談笑以藥勌，常弄閑於才鋒，賈餘於文勇，使刃發如新，湊理無滯，雖非胎息之邁術，斯亦衛氣之一方也。,是 以 吐纳 文 蓺 务 在 节宣 清 和 其心 条畅 其 气 烦而 即舍 勿 使 壅滞 意得 则 舒怀 以 命笔 理伏 则 投笔 以 卷怀 逍遥 以 针劳 谈笑 以药 勌 常弄 闲于 才锋 贾余 于 文勇 使刃 发如新 凑理 无滞 虽非 胎息 之 迈术 斯亦卫 气 之 一方 也,氣,505,505,斯亦衛,579,582,579,582,same_segment,0,
sentence,一方,1,0.02571860816944126,liuxie_shipin__liuxie_42,liuxie_shipin__liuxie_42__part01,文心雕龍·養氣,劉勰,是以吐納文蓺，務在節宣，清和其心，條暢其氣，煩而即捨，勿使壅滯，意得則舒懷以命筆，理伏則投筆以卷懷，逍遙以針勞，談笑以藥勌，常弄閑於才鋒，賈餘於文勇，使刃發如新，湊理無滯，雖非胎息之邁術，斯亦衛氣之一方也。,是以吐納文蓺，務在節宣，清和其心，條暢其氣，煩而即捨，勿使壅滯，意得則舒懷以命筆，理伏則投筆以卷懷，逍遙以針勞，談笑以藥勌，常弄閑於才鋒，賈餘於文勇，使刃發如新，湊理無滯，雖非胎息之邁術，斯亦衛氣之一方也。,是 以 吐纳 文 蓺 务 在 节宣 清 和 其心 条畅 其 气 烦而 即舍 勿 使 壅滞 意得 则 舒怀 以 命笔 理伏 则 投笔 以 卷怀 逍遥 以 针劳 谈笑 以药 勌 常弄 闲于 才锋 贾余 于 文勇 使刃 发如新 凑理 无滞 虽非 胎息 之 迈术 斯亦卫 气 之 一方 也,氣,505,505,一方,584,586,584,586,same_segment,0,
sentence,元神,1,0.02571860816944126,liuxie_shipin__liuxie_42,liuxie_shipin__liuxie_42__part01,文心雕龍·養氣,劉勰,元神宜寶，素氣資養。,元神宜寶，素氣資養。,元神 宜宝 素 气 资养,氣,611,611,元神,605,607,605,607,same_segment,0,
sentence,宜宝,1,0.02571860816944126,liuxie_shipin__liuxie_42,liuxie_shipin__liuxie_42__part01,文心雕龍·養氣,劉勰,元神宜寶，素氣資養。,元神宜寶，素氣資養。,元神 宜宝 素 气 资养,氣,611,611,宜寶,607,609,607,609,same_segment,0,
sentence,资养,1,0.02571860816944126,liuxie_shipin__liuxie_42,liuxie_shipin__liuxie_42__part01,文心雕龍·養氣,劉勰,元神宜寶，素氣資養。,元神宜寶，素氣資養。,元神 宜宝 素 气 资养,氣,611,611,資養,612,614,612,614,same_segment,0,
sentence,夫才量,1,0.02571860816944126,liuxie_shipin__liuxie_43,liuxie_shipin__liuxie_43__part01,文心雕龍·附會,劉勰,夫才量學文，宜正體製，必以情志為神明，事義為骨髓，辭采為肌膚，宮商為聲氣，然後品藻元黃，摛振金玉，獻可替否，以裁厥中。,夫才量學文，宜正體製，必以情志為神明，事義為骨髓，辭采為肌膚，宮商為聲氣，然後品藻元黃，摛振金玉，獻可替否，以裁厥中。,夫才量 学文 宜正 体制 必以 情志 为 神明 事义 为 骨髓 辞采 为 肌肤 宫商 为声 气 然后 品藻 元 黄 摛 振 金玉 献可替否 以裁厥 中,氣,86,86,夫才量,51,54,51,54,same_segment,0,
sentence,为声,1,0.02571860816944126,liuxie_shipin__liuxie_43,liuxie_shipin__liuxie_43__part01,文心雕龍·附會,劉勰,夫才量學文，宜正體製，必以情志為神明，事義為骨髓，辭采為肌膚，宮商為聲氣，然後品藻元黃，摛振金玉，獻可替否，以裁厥中。,夫才量學文，宜正體製，必以情志為神明，事義為骨髓，辭采為肌膚，宮商為聲氣，然後品藻元黃，摛振金玉，獻可替否，以裁厥中。,夫才量 学文 宜正 体制 必以 情志 为 神明 事义 为 骨髓 辞采 为 肌肤 宫商 为声 气 然后 品藻 元 黄 摛 振 金玉 献可替否 以裁厥 中,氣,86,86,為聲,84,86,84,86,same_segment,0,
sentence,献可替否,1,0.02571860816944126,liuxie_shipin__liuxie_43,liuxie_shipin__liuxie_43__part01,文心雕龍·附會,劉勰,夫才量學文，宜正體製，必以情志為神明，事義為骨髓，辭采為肌膚，宮商為聲氣，然後品藻元黃，摛振金玉，獻可替否，以裁厥中。,夫才量學文，宜正體製，必以情志為神明，事義為骨髓，辭采為肌膚，宮商為聲氣，然後品藻元黃，摛振金玉，獻可替否，以裁厥中。,夫才量 学文 宜正 体制 必以 情志 为 神明 事义 为 骨髓 辞采 为 肌肤 宫商 为声 气 然后 品藻 元 黄 摛 振 金玉 献可替否 以裁厥 中,氣,86,86,獻可替否,100,104,100,104,same_segment,0,
sentence,以裁厥,1,0.02571860816944126,liuxie_shipin__liuxie_43,liuxie_shipin__liuxie_43__part01,文心雕龍·附會,劉勰,夫才量學文，宜正體製，必以情志為神明，事義為骨髓，辭采為肌膚，宮商為聲氣，然後品藻元黃，摛振金玉，獻可替否，以裁厥中。,夫才量學文，宜正體製，必以情志為神明，事義為骨髓，辭采為肌膚，宮商為聲氣，然後品藻元黃，摛振金玉，獻可替否，以裁厥中。,夫才量 学文 宜正 体制 必以 情志 为 神明 事义 为 骨髓 辞采 为 肌肤 宫商 为声 气 然后 品藻 元 黄 摛 振 金玉 献可替否 以裁厥 中,氣,86,86,以裁厥,105,108,105,108,same_segment,0,
sentence,数逢,1,0.02571860816944126,liuxie_shipin__liuxie_44,liuxie_shipin__liuxie_44__part01,文心雕龍·總術,劉勰,數逢其極，機入其巧，則義味騰躍而生，辭氣叢雜而至，視之則錦繪，聽之則絲簧，味之則甘腴，佩之則芬芳，斷章之功，於斯盛矣。,數逢其極，機入其巧，則義味騰躍而生，辭氣叢雜而至，視之則錦繪，聽之則絲簧，味之則甘腴，佩之則芬芳，斷章之功，於斯盛矣。,数逢 其极 机入 其巧 则 义味 腾跃 而生 辞 气 丛杂 而 至 视之则 锦绘 听 之 则 丝簧 味之则 甘腴 佩之则 芬芳 断章 之功 于斯 盛 矣,氣,569,569,數逢,550,552,550,552,same_segment,0,
sentence,机入,1,0.02571860816944126,liuxie_shipin__liuxie_44,liuxie_shipin__liuxie_44__part01,文心雕龍·總術,劉勰,數逢其極，機入其巧，則義味騰躍而生，辭氣叢雜而至，視之則錦繪，聽之則絲簧，味之則甘腴，佩之則芬芳，斷章之功，於斯盛矣。,數逢其極，機入其巧，則義味騰躍而生，辭氣叢雜而至，視之則錦繪，聽之則絲簧，味之則甘腴，佩之則芬芳，斷章之功，於斯盛矣。,数逢 其极 机入 其巧 则 义味 腾跃 而生 辞 气 丛杂 而 至 视之则 锦绘 听 之 则 丝簧 味之则 甘腴 佩之则 芬芳 断章 之功 于斯 盛 矣,氣,569,569,機入,555,557,555,557,same_segment,0,
sentence,其巧,1,0.02571860816944126,liuxie_shipin__liuxie_44,liuxie_shipin__liuxie_44__part01,文心雕龍·總術,劉勰,數逢其極，機入其巧，則義味騰躍而生，辭氣叢雜而至，視之則錦繪，聽之則絲簧，味之則甘腴，佩之則芬芳，斷章之功，於斯盛矣。,數逢其極，機入其巧，則義味騰躍而生，辭氣叢雜而至，視之則錦繪，聽之則絲簧，味之則甘腴，佩之則芬芳，斷章之功，於斯盛矣。,数逢 其极 机入 其巧 则 义味 腾跃 而生 辞 气 丛杂 而 至 视之则 锦绘 听 之 则 丝簧 味之则 甘腴 佩之则 芬芳 断章 之功 于斯 盛 矣,氣,569,569,其巧,557,559,557,559,same_segment,0,
sentence,义味,1,0.02571860816944126,liuxie_shipin__liuxie_44,liuxie_shipin__liuxie_44__part01,文心雕龍·總術,劉勰,數逢其極，機入其巧，則義味騰躍而生，辭氣叢雜而至，視之則錦繪，聽之則絲簧，味之則甘腴，佩之則芬芳，斷章之功，於斯盛矣。,數逢其極，機入其巧，則義味騰躍而生，辭氣叢雜而至，視之則錦繪，聽之則絲簧，味之則甘腴，佩之則芬芳，斷章之功，於斯盛矣。,数逢 其极 机入 其巧 则 义味 腾跃 而生 辞 气 丛杂 而 至 视之则 锦绘 听 之 则 丝簧 味之则 甘腴 佩之则 芬芳 断章 之功 于斯 盛 矣,氣,569,569,義味,561,563,561,563,same_segment,0,
sentence,而生,1,0.02571860816944126,liuxie_shipin__liuxie_44,liuxie_shipin__liuxie_44__part01,文心雕龍·總術,劉勰,數逢其極，機入其巧，則義味騰躍而生，辭氣叢雜而至，視之則錦繪，聽之則絲簧，味之則甘腴，佩之則芬芳，斷章之功，於斯盛矣。,數逢其極，機入其巧，則義味騰躍而生，辭氣叢雜而至，視之則錦繪，聽之則絲簧，味之則甘腴，佩之則芬芳，斷章之功，於斯盛矣。,数逢 其极 机入 其巧 则 义味 腾跃 而生 辞 气 丛杂 而 至 视之则 锦绘 听 之 则 丝簧 味之则 甘腴 佩之则 芬芳 断章 之功 于斯 盛 矣,氣,569,569,而生,565,567,565,567,same_segment,0,
sentence,丛杂,1,0.02571860816944126,liuxie_shipin__liuxie_44,liuxie_shipin__liuxie_44__part01,文心雕龍·總術,劉勰,數逢其極，機入其巧，則義味騰躍而生，辭氣叢雜而至，視之則錦繪，聽之則絲簧，味之則甘腴，佩之則芬芳，斷章之功，於斯盛矣。,數逢其極，機入其巧，則義味騰躍而生，辭氣叢雜而至，視之則錦繪，聽之則絲簧，味之則甘腴，佩之則芬芳，斷章之功，於斯盛矣。,数逢 其极 机入 其巧 则 义味 腾跃 而生 辞 气 丛杂 而 至 视之则 锦绘 听 之 则 丝簧 味之则 甘腴 佩之则 芬芳 断章 之功 于斯 盛 矣,氣,569,569,叢雜,570,572,570,572,same_segment,0,
sentence,视之则,1,0.02571860816944126,liuxie_shipin__liuxie_44,liuxie_shipin__liuxie_44__part01,文心雕龍·總術,劉勰,數逢其極，機入其巧，則義味騰躍而生，辭氣叢雜而至，視之則錦繪，聽之則絲簧，味之則甘腴，佩之則芬芳，斷章之功，於斯盛矣。,數逢其極，機入其巧，則義味騰躍而生，辭氣叢雜而至，視之則錦繪，聽之則絲簧，味之則甘腴，佩之則芬芳，斷章之功，於斯盛矣。,数逢 其极 机入 其巧 则 义味 腾跃 而生 辞 气 丛杂 而 至 视之则 锦绘 听 之 则 丝簧 味之则 甘腴 佩之则 芬芳 断章 之功 于斯 盛 矣,氣,569,569,視之則,575,578,575,578,same_segment,0,
sentence,锦绘,1,0.02571860816944126,liuxie_shipin__liuxie_44,liuxie_shipin__liuxie_44__part01,文心雕龍·總術,劉勰,數逢其極，機入其巧，則義味騰躍而生，辭氣叢雜而至，視之則錦繪，聽之則絲簧，味之則甘腴，佩之則芬芳，斷章之功，於斯盛矣。,數逢其極，機入其巧，則義味騰躍而生，辭氣叢雜而至，視之則錦繪，聽之則絲簧，味之則甘腴，佩之則芬芳，斷章之功，於斯盛矣。,数逢 其极 机入 其巧 则 义味 腾跃 而生 辞 气 丛杂 而 至 视之则 锦绘 听 之 则 丝簧 味之则 甘腴 佩之则 芬芳 断章 之功 于斯 盛 矣,氣,569,569,錦繪,578,580,578,580,same_segment,0,
sentence,丝簧,1,0.02571860816944126,liuxie_shipin__liuxie_44,liuxie_shipin__liuxie_44__part01,文心雕龍·總術,劉勰,數逢其極，機入其巧，則義味騰躍而生，辭氣叢雜而至，視之則錦繪，聽之則絲簧，味之則甘腴，佩之則芬芳，斷章之功，於斯盛矣。,數逢其極，機入其巧，則義味騰躍而生，辭氣叢雜而至，視之則錦繪，聽之則絲簧，味之則甘腴，佩之則芬芳，斷章之功，於斯盛矣。,数逢 其极 机入 其巧 则 义味 腾跃 而生 辞 气 丛杂 而 至 视之则 锦绘 听 之 则 丝簧 味之则 甘腴 佩之则 芬芳 断章 之功 于斯 盛 矣,氣,569,569,絲簧,584,586,584,586,same_segment,0,
sentence,味之则,1,0.02571860816944126,liuxie_shipin__liuxie_44,liuxie_shipin__liuxie_44__part01,文心雕龍·總術,劉勰,數逢其極，機入其巧，則義味騰躍而生，辭氣叢雜而至，視之則錦繪，聽之則絲簧，味之則甘腴，佩之則芬芳，斷章之功，於斯盛矣。,數逢其極，機入其巧，則義味騰躍而生，辭氣叢雜而至，視之則錦繪，聽之則絲簧，味之則甘腴，佩之則芬芳，斷章之功，於斯盛矣。,数逢 其极 机入 其巧 则 义味 腾跃 而生 辞 气 丛杂 而 至 视之则 锦绘 听 之 则 丝簧 味之则 甘腴 佩之则 芬芳 断章 之功 于斯 盛 矣,氣,569,569,味之則,587,590,587,590,same_segment,0,
sentence,甘腴,1,0.02571860816944126,liuxie_shipin__liuxie_44,liuxie_shipin__liuxie_44__part01,文心雕龍·總術,劉勰,數逢其極，機入其巧，則義味騰躍而生，辭氣叢雜而至，視之則錦繪，聽之則絲簧，味之則甘腴，佩之則芬芳，斷章之功，於斯盛矣。,數逢其極，機入其巧，則義味騰躍而生，辭氣叢雜而至，視之則錦繪，聽之則絲簧，味之則甘腴，佩之則芬芳，斷章之功，於斯盛矣。,数逢 其极 机入 其巧 则 义味 腾跃 而生 辞 气 丛杂 而 至 视之则 锦绘 听 之 则 丝簧 味之则 甘腴 佩之则 芬芳 断章 之功 于斯 盛 矣,氣,569,569,甘腴,590,592,590,592,same_segment,0,
sentence,佩之则,1,0.02571860816944126,liuxie_shipin__liuxie_44,liuxie_shipin__liuxie_44__part01,文心雕龍·總術,劉勰,數逢其極，機入其巧，則義味騰躍而生，辭氣叢雜而至，視之則錦繪，聽之則絲簧，味之則甘腴，佩之則芬芳，斷章之功，於斯盛矣。,數逢其極，機入其巧，則義味騰躍而生，辭氣叢雜而至，視之則錦繪，聽之則絲簧，味之則甘腴，佩之則芬芳，斷章之功，於斯盛矣。,数逢 其极 机入 其巧 则 义味 腾跃 而生 辞 气 丛杂 而 至 视之则 锦绘 听 之 则 丝簧 味之则 甘腴 佩之则 芬芳 断章 之功 于斯 盛 矣,氣,569,569,佩之則,593,596,593,596,same_segment,0,
sentence,从宦,1,0.02571860816944126,liuxie_shipin__liuxie_45,liuxie_shipin__liuxie_45__part01,文心雕龍·時序,劉勰,偉長從宦於青土，公幹徇質於海隅，德璉綜其斐然之思，元瑜展其翩翩之樂，文蔚休伯之儔，于俶德祖之侶，俊雅觴豆之前，雍容袵席之上，灑筆以成酣歌，和墨以藉談笑，觀其時文，雅好慷慨，良由世積亂離，風衰俗怨，並志深而筆長，故梗概而多氣也，至明帝纂戎，制詩度曲，徵篇章之士，置崇文之觀，何劉群才，迭相照耀。,偉長從宦於青土，公幹徇質於海隅，德璉綜其斐然之思，元瑜展其翩翩之樂，文蔚休伯之儔，于俶德祖之侶，俊雅觴豆之前，雍容袵席之上，灑筆以成酣歌，和墨以藉談笑，觀其時文，雅好慷慨，良由世積亂離，風衰俗怨，並志深而筆長，故梗概而多氣也，至明帝纂戎，制詩度曲，徵篇章之士，置崇文之觀，何劉群才，迭相照耀。,伟长 从宦 于 青土 公干 徇质 于 海隅 德琏 综其 斐然 之思 元瑜展 其 翩翩 之 乐 文蔚 休伯 之 俦 于 俶 德祖 之侣 俊雅 觞豆 之前 雍容 袵 席 之上 洒笔 以成 酣歌 和 墨以 藉 谈笑 观 其时 文 雅好 慷慨 良由世积 乱离 风衰俗 怨 并志深 而 笔长 故 梗概 而 多 气 也 至明 帝纂 戎 制诗 度曲 征 篇章 之士 置 崇文 之观 何刘 群才 迭 相 照耀,氣,1128,1128,從宦,1020,1022,1020,1022,same_segment,0,
sentence,徇质,1,0.02571860816944126,liuxie_shipin__liuxie_45,liuxie_shipin__liuxie_45__part01,文心雕龍·時序,劉勰,偉長從宦於青土，公幹徇質於海隅，德璉綜其斐然之思，元瑜展其翩翩之樂，文蔚休伯之儔，于俶德祖之侶，俊雅觴豆之前，雍容袵席之上，灑筆以成酣歌，和墨以藉談笑，觀其時文，雅好慷慨，良由世積亂離，風衰俗怨，並志深而筆長，故梗概而多氣也，至明帝纂戎，制詩度曲，徵篇章之士，置崇文之觀，何劉群才，迭相照耀。,偉長從宦於青土，公幹徇質於海隅，德璉綜其斐然之思，元瑜展其翩翩之樂，文蔚休伯之儔，于俶德祖之侶，俊雅觴豆之前，雍容袵席之上，灑筆以成酣歌，和墨以藉談笑，觀其時文，雅好慷慨，良由世積亂離，風衰俗怨，並志深而筆長，故梗概而多氣也，至明帝纂戎，制詩度曲，徵篇章之士，置崇文之觀，何劉群才，迭相照耀。,伟长 从宦 于 青土 公干 徇质 于 海隅 德琏 综其 斐然 之思 元瑜展 其 翩翩 之 乐 文蔚 休伯 之 俦 于 俶 德祖 之侣 俊雅 觞豆 之前 雍容 袵 席 之上 洒笔 以成 酣歌 和 墨以 藉 谈笑 观 其时 文 雅好 慷慨 良由世积 乱离 风衰俗 怨 并志深 而 笔长 故 梗概 而 多 气 也 至明 帝纂 戎 制诗 度曲 征 篇章 之士 置 崇文 之观 何刘 群才 迭 相 照耀,氣,1128,1128,徇質,1028,1030,1028,1030,same_segment,0,
sentence,综其,1,0.02571860816944126,liuxie_shipin__liuxie_45,liuxie_shipin__liuxie_45__part01,文心雕龍·時序,劉勰,偉長從宦於青土，公幹徇質於海隅，德璉綜其斐然之思，元瑜展其翩翩之樂，文蔚休伯之儔，于俶德祖之侶，俊雅觴豆之前，雍容袵席之上，灑筆以成酣歌，和墨以藉談笑，觀其時文，雅好慷慨，良由世積亂離，風衰俗怨，並志深而筆長，故梗概而多氣也，至明帝纂戎，制詩度曲，徵篇章之士，置崇文之觀，何劉群才，迭相照耀。,偉長從宦於青土，公幹徇質於海隅，德璉綜其斐然之思，元瑜展其翩翩之樂，文蔚休伯之儔，于俶德祖之侶，俊雅觴豆之前，雍容袵席之上，灑筆以成酣歌，和墨以藉談笑，觀其時文，雅好慷慨，良由世積亂離，風衰俗怨，並志深而筆長，故梗概而多氣也，至明帝纂戎，制詩度曲，徵篇章之士，置崇文之觀，何劉群才，迭相照耀。,伟长 从宦 于 青土 公干 徇质 于 海隅 德琏 综其 斐然 之思 元瑜展 其 翩翩 之 乐 文蔚 休伯 之 俦 于 俶 德祖 之侣 俊雅 觞豆 之前 雍容 袵 席 之上 洒笔 以成 酣歌 和 墨以 藉 谈笑 观 其时 文 雅好 慷慨 良由世积 乱离 风衰俗 怨 并志深 而 笔长 故 梗概 而 多 气 也 至明 帝纂 戎 制诗 度曲 征 篇章 之士 置 崇文 之观 何刘 群才 迭 相 照耀,氣,1128,1128,綜其,1036,1038,1036,1038,same_segment,0,
sentence,元瑜展,1,0.02571860816944126,liuxie_shipin__liuxie_45,liuxie_shipin__liuxie_45__part01,文心雕龍·時序,劉勰,偉長從宦於青土，公幹徇質於海隅，德璉綜其斐然之思，元瑜展其翩翩之樂，文蔚休伯之儔，于俶德祖之侶，俊雅觴豆之前，雍容袵席之上，灑筆以成酣歌，和墨以藉談笑，觀其時文，雅好慷慨，良由世積亂離，風衰俗怨，並志深而筆長，故梗概而多氣也，至明帝纂戎，制詩度曲，徵篇章之士，置崇文之觀，何劉群才，迭相照耀。,偉長從宦於青土，公幹徇質於海隅，德璉綜其斐然之思，元瑜展其翩翩之樂，文蔚休伯之儔，于俶德祖之侶，俊雅觴豆之前，雍容袵席之上，灑筆以成酣歌，和墨以藉談笑，觀其時文，雅好慷慨，良由世積亂離，風衰俗怨，並志深而筆長，故梗概而多氣也，至明帝纂戎，制詩度曲，徵篇章之士，置崇文之觀，何劉群才，迭相照耀。,伟长 从宦 于 青土 公干 徇质 于 海隅 德琏 综其 斐然 之思 元瑜展 其 翩翩 之 乐 文蔚 休伯 之 俦 于 俶 德祖 之侣 俊雅 觞豆 之前 雍容 袵 席 之上 洒笔 以成 酣歌 和 墨以 藉 谈笑 观 其时 文 雅好 慷慨 良由世积 乱离 风衰俗 怨 并志深 而 笔长 故 梗概 而 多 气 也 至明 帝纂 戎 制诗 度曲 征 篇章 之士 置 崇文 之观 何刘 群才 迭 相 照耀,氣,1128,1128,元瑜展,1043,1046,1043,1046,same_segment,0,
sentence,文蔚,1,0.02571860816944126,liuxie_shipin__liuxie_45,liuxie_shipin__liuxie_45__part01,文心雕龍·時序,劉勰,偉長從宦於青土，公幹徇質於海隅，德璉綜其斐然之思，元瑜展其翩翩之樂，文蔚休伯之儔，于俶德祖之侶，俊雅觴豆之前，雍容袵席之上，灑筆以成酣歌，和墨以藉談笑，觀其時文，雅好慷慨，良由世積亂離，風衰俗怨，並志深而筆長，故梗概而多氣也，至明帝纂戎，制詩度曲，徵篇章之士，置崇文之觀，何劉群才，迭相照耀。,偉長從宦於青土，公幹徇質於海隅，德璉綜其斐然之思，元瑜展其翩翩之樂，文蔚休伯之儔，于俶德祖之侶，俊雅觴豆之前，雍容袵席之上，灑筆以成酣歌，和墨以藉談笑，觀其時文，雅好慷慨，良由世積亂離，風衰俗怨，並志深而筆長，故梗概而多氣也，至明帝纂戎，制詩度曲，徵篇章之士，置崇文之觀，何劉群才，迭相照耀。,伟长 从宦 于 青土 公干 徇质 于 海隅 德琏 综其 斐然 之思 元瑜展 其 翩翩 之 乐 文蔚 休伯 之 俦 于 俶 德祖 之侣 俊雅 觞豆 之前 雍容 袵 席 之上 洒笔 以成 酣歌 和 墨以 藉 谈笑 观 其时 文 雅好 慷慨 良由世积 乱离 风衰俗 怨 并志深 而 笔长 故 梗概 而 多 气 也 至明 帝纂 戎 制诗 度曲 征 篇章 之士 置 崇文 之观 何刘 群才 迭 相 照耀,氣,1128,1128,文蔚,1052,1054,1052,1054,same_segment,0,
sentence,休伯,1,0.02571860816944126,liuxie_shipin__liuxie_45,liuxie_shipin__liuxie_45__part01,文心雕龍·時序,劉勰,偉長從宦於青土，公幹徇質於海隅，德璉綜其斐然之思，元瑜展其翩翩之樂，文蔚休伯之儔，于俶德祖之侶，俊雅觴豆之前，雍容袵席之上，灑筆以成酣歌，和墨以藉談笑，觀其時文，雅好慷慨，良由世積亂離，風衰俗怨，並志深而筆長，故梗概而多氣也，至明帝纂戎，制詩度曲，徵篇章之士，置崇文之觀，何劉群才，迭相照耀。,偉長從宦於青土，公幹徇質於海隅，德璉綜其斐然之思，元瑜展其翩翩之樂，文蔚休伯之儔，于俶德祖之侶，俊雅觴豆之前，雍容袵席之上，灑筆以成酣歌，和墨以藉談笑，觀其時文，雅好慷慨，良由世積亂離，風衰俗怨，並志深而筆長，故梗概而多氣也，至明帝纂戎，制詩度曲，徵篇章之士，置崇文之觀，何劉群才，迭相照耀。,伟长 从宦 于 青土 公干 徇质 于 海隅 德琏 综其 斐然 之思 元瑜展 其 翩翩 之 乐 文蔚 休伯 之 俦 于 俶 德祖 之侣 俊雅 觞豆 之前 雍容 袵 席 之上 洒笔 以成 酣歌 和 墨以 藉 谈笑 观 其时 文 雅好 慷慨 良由世积 乱离 风衰俗 怨 并志深 而 笔长 故 梗概 而 多 气 也 至明 帝纂 戎 制诗 度曲 征 篇章 之士 置 崇文 之观 何刘 群才 迭 相 照耀,氣,1128,1128,休伯,1054,1056,1054,1056,same_segment,0,
sentence,德祖,1,0.02571860816944126,liuxie_shipin__liuxie_45,liuxie_shipin__liuxie_45__part01,文心雕龍·時序,劉勰,偉長從宦於青土，公幹徇質於海隅，德璉綜其斐然之思，元瑜展其翩翩之樂，文蔚休伯之儔，于俶德祖之侶，俊雅觴豆之前，雍容袵席之上，灑筆以成酣歌，和墨以藉談笑，觀其時文，雅好慷慨，良由世積亂離，風衰俗怨，並志深而筆長，故梗概而多氣也，至明帝纂戎，制詩度曲，徵篇章之士，置崇文之觀，何劉群才，迭相照耀。,偉長從宦於青土，公幹徇質於海隅，德璉綜其斐然之思，元瑜展其翩翩之樂，文蔚休伯之儔，于俶德祖之侶，俊雅觴豆之前，雍容袵席之上，灑筆以成酣歌，和墨以藉談笑，觀其時文，雅好慷慨，良由世積亂離，風衰俗怨，並志深而筆長，故梗概而多氣也，至明帝纂戎，制詩度曲，徵篇章之士，置崇文之觀，何劉群才，迭相照耀。,伟长 从宦 于 青土 公干 徇质 于 海隅 德琏 综其 斐然 之思 元瑜展 其 翩翩 之 乐 文蔚 休伯 之 俦 于 俶 德祖 之侣 俊雅 觞豆 之前 雍容 袵 席 之上 洒笔 以成 酣歌 和 墨以 藉 谈笑 观 其时 文 雅好 慷慨 良由世积 乱离 风衰俗 怨 并志深 而 笔长 故 梗概 而 多 气 也 至明 帝纂 戎 制诗 度曲 征 篇章 之士 置 崇文 之观 何刘 群才 迭 相 照耀,氣,1128,1128,德祖,1061,1063,1061,1063,same_segment,0,
sentence,之侣,1,0.02571860816944126,liuxie_shipin__liuxie_45,liuxie_shipin__liuxie_45__part01,文心雕龍·時序,劉勰,偉長從宦於青土，公幹徇質於海隅，德璉綜其斐然之思，元瑜展其翩翩之樂，文蔚休伯之儔，于俶德祖之侶，俊雅觴豆之前，雍容袵席之上，灑筆以成酣歌，和墨以藉談笑，觀其時文，雅好慷慨，良由世積亂離，風衰俗怨，並志深而筆長，故梗概而多氣也，至明帝纂戎，制詩度曲，徵篇章之士，置崇文之觀，何劉群才，迭相照耀。,偉長從宦於青土，公幹徇質於海隅，德璉綜其斐然之思，元瑜展其翩翩之樂，文蔚休伯之儔，于俶德祖之侶，俊雅觴豆之前，雍容袵席之上，灑筆以成酣歌，和墨以藉談笑，觀其時文，雅好慷慨，良由世積亂離，風衰俗怨，並志深而筆長，故梗概而多氣也，至明帝纂戎，制詩度曲，徵篇章之士，置崇文之觀，何劉群才，迭相照耀。,伟长 从宦 于 青土 公干 徇质 于 海隅 德琏 综其 斐然 之思 元瑜展 其 翩翩 之 乐 文蔚 休伯 之 俦 于 俶 德祖 之侣 俊雅 觞豆 之前 雍容 袵 席 之上 洒笔 以成 酣歌 和 墨以 藉 谈笑 观 其时 文 雅好 慷慨 良由世积 乱离 风衰俗 怨 并志深 而 笔长 故 梗概 而 多 气 也 至明 帝纂 戎 制诗 度曲 征 篇章 之士 置 崇文 之观 何刘 群才 迭 相 照耀,氣,1128,1128,之侶,1063,1065,1063,1065,same_segment,0,
sentence,俊雅,1,0.02571860816944126,liuxie_shipin__liuxie_45,liuxie_shipin__liuxie_45__part01,文心雕龍·時序,劉勰,偉長從宦於青土，公幹徇質於海隅，德璉綜其斐然之思，元瑜展其翩翩之樂，文蔚休伯之儔，于俶德祖之侶，俊雅觴豆之前，雍容袵席之上，灑筆以成酣歌，和墨以藉談笑，觀其時文，雅好慷慨，良由世積亂離，風衰俗怨，並志深而筆長，故梗概而多氣也，至明帝纂戎，制詩度曲，徵篇章之士，置崇文之觀，何劉群才，迭相照耀。,偉長從宦於青土，公幹徇質於海隅，德璉綜其斐然之思，元瑜展其翩翩之樂，文蔚休伯之儔，于俶德祖之侶，俊雅觴豆之前，雍容袵席之上，灑筆以成酣歌，和墨以藉談笑，觀其時文，雅好慷慨，良由世積亂離，風衰俗怨，並志深而筆長，故梗概而多氣也，至明帝纂戎，制詩度曲，徵篇章之士，置崇文之觀，何劉群才，迭相照耀。,伟长 从宦 于 青土 公干 徇质 于 海隅 德琏 综其 斐然 之思 元瑜展 其 翩翩 之 乐 文蔚 休伯 之 俦 于 俶 德祖 之侣 俊雅 觞豆 之前 雍容 袵 席 之上 洒笔 以成 酣歌 和 墨以 藉 谈笑 观 其时 文 雅好 慷慨 良由世积 乱离 风衰俗 怨 并志深 而 笔长 故 梗概 而 多 气 也 至明 帝纂 戎 制诗 度曲 征 篇章 之士 置 崇文 之观 何刘 群才 迭 相 照耀,氣,1128,1128,俊雅,1066,1068,1066,1068,same_segment,0,
sentence,觞豆,1,0.02571860816944126,liuxie_shipin__liuxie_45,liuxie_shipin__liuxie_45__part01,文心雕龍·時序,劉勰,偉長從宦於青土，公幹徇質於海隅，德璉綜其斐然之思，元瑜展其翩翩之樂，文蔚休伯之儔，于俶德祖之侶，俊雅觴豆之前，雍容袵席之上，灑筆以成酣歌，和墨以藉談笑，觀其時文，雅好慷慨，良由世積亂離，風衰俗怨，並志深而筆長，故梗概而多氣也，至明帝纂戎，制詩度曲，徵篇章之士，置崇文之觀，何劉群才，迭相照耀。,偉長從宦於青土，公幹徇質於海隅，德璉綜其斐然之思，元瑜展其翩翩之樂，文蔚休伯之儔，于俶德祖之侶，俊雅觴豆之前，雍容袵席之上，灑筆以成酣歌，和墨以藉談笑，觀其時文，雅好慷慨，良由世積亂離，風衰俗怨，並志深而筆長，故梗概而多氣也，至明帝纂戎，制詩度曲，徵篇章之士，置崇文之觀，何劉群才，迭相照耀。,伟长 从宦 于 青土 公干 徇质 于 海隅 德琏 综其 斐然 之思 元瑜展 其 翩翩 之 乐 文蔚 休伯 之 俦 于 俶 德祖 之侣 俊雅 觞豆 之前 雍容 袵 席 之上 洒笔 以成 酣歌 和 墨以 藉 谈笑 观 其时 文 雅好 慷慨 良由世积 乱离 风衰俗 怨 并志深 而 笔长 故 梗概 而 多 气 也 至明 帝纂 戎 制诗 度曲 征 篇章 之士 置 崇文 之观 何刘 群才 迭 相 照耀,氣,1128,1128,觴豆,1068,1070,1068,1070,same_segment,0,
sentence,雍容,1,0.02571860816944126,liuxie_shipin__liuxie_45,liuxie_shipin__liuxie_45__part01,文心雕龍·時序,劉勰,偉長從宦於青土，公幹徇質於海隅，德璉綜其斐然之思，元瑜展其翩翩之樂，文蔚休伯之儔，于俶德祖之侶，俊雅觴豆之前，雍容袵席之上，灑筆以成酣歌，和墨以藉談笑，觀其時文，雅好慷慨，良由世積亂離，風衰俗怨，並志深而筆長，故梗概而多氣也，至明帝纂戎，制詩度曲，徵篇章之士，置崇文之觀，何劉群才，迭相照耀。,偉長從宦於青土，公幹徇質於海隅，德璉綜其斐然之思，元瑜展其翩翩之樂，文蔚休伯之儔，于俶德祖之侶，俊雅觴豆之前，雍容袵席之上，灑筆以成酣歌，和墨以藉談笑，觀其時文，雅好慷慨，良由世積亂離，風衰俗怨，並志深而筆長，故梗概而多氣也，至明帝纂戎，制詩度曲，徵篇章之士，置崇文之觀，何劉群才，迭相照耀。,伟长 从宦 于 青土 公干 徇质 于 海隅 德琏 综其 斐然 之思 元瑜展 其 翩翩 之 乐 文蔚 休伯 之 俦 于 俶 德祖 之侣 俊雅 觞豆 之前 雍容 袵 席 之上 洒笔 以成 酣歌 和 墨以 藉 谈笑 观 其时 文 雅好 慷慨 良由世积 乱离 风衰俗 怨 并志深 而 笔长 故 梗概 而 多 气 也 至明 帝纂 戎 制诗 度曲 征 篇章 之士 置 崇文 之观 何刘 群才 迭 相 照耀,氣,1128,1128,雍容,1073,1075,1073,1075,same_segment,0,
sentence,洒笔,1,0.02571860816944126,liuxie_shipin__liuxie_45,liuxie_shipin__liuxie_45__part01,文心雕龍·時序,劉勰,偉長從宦於青土，公幹徇質於海隅，德璉綜其斐然之思，元瑜展其翩翩之樂，文蔚休伯之儔，于俶德祖之侶，俊雅觴豆之前，雍容袵席之上，灑筆以成酣歌，和墨以藉談笑，觀其時文，雅好慷慨，良由世積亂離，風衰俗怨，並志深而筆長，故梗概而多氣也，至明帝纂戎，制詩度曲，徵篇章之士，置崇文之觀，何劉群才，迭相照耀。,偉長從宦於青土，公幹徇質於海隅，德璉綜其斐然之思，元瑜展其翩翩之樂，文蔚休伯之儔，于俶德祖之侶，俊雅觴豆之前，雍容袵席之上，灑筆以成酣歌，和墨以藉談笑，觀其時文，雅好慷慨，良由世積亂離，風衰俗怨，並志深而筆長，故梗概而多氣也，至明帝纂戎，制詩度曲，徵篇章之士，置崇文之觀，何劉群才，迭相照耀。,伟长 从宦 于 青土 公干 徇质 于 海隅 德琏 综其 斐然 之思 元瑜展 其 翩翩 之 乐 文蔚 休伯 之 俦 于 俶 德祖 之侣 俊雅 觞豆 之前 雍容 袵 席 之上 洒笔 以成 酣歌 和 墨以 藉 谈笑 观 其时 文 雅好 慷慨 良由世积 乱离 风衰俗 怨 并志深 而 笔长 故 梗概 而 多 气 也 至明 帝纂 戎 制诗 度曲 征 篇章 之士 置 崇文 之观 何刘 群才 迭 相 照耀,氣,1128,1128,灑筆,1080,1082,1080,1082,same_segment,0,
sentence,以成,1,0.02571860816944126,liuxie_shipin__liuxie_45,liuxie_shipin__liuxie_45__part01,文心雕龍·時序,劉勰,偉長從宦於青土，公幹徇質於海隅，德璉綜其斐然之思，元瑜展其翩翩之樂，文蔚休伯之儔，于俶德祖之侶，俊雅觴豆之前，雍容袵席之上，灑筆以成酣歌，和墨以藉談笑，觀其時文，雅好慷慨，良由世積亂離，風衰俗怨，並志深而筆長，故梗概而多氣也，至明帝纂戎，制詩度曲，徵篇章之士，置崇文之觀，何劉群才，迭相照耀。,偉長從宦於青土，公幹徇質於海隅，德璉綜其斐然之思，元瑜展其翩翩之樂，文蔚休伯之儔，于俶德祖之侶，俊雅觴豆之前，雍容袵席之上，灑筆以成酣歌，和墨以藉談笑，觀其時文，雅好慷慨，良由世積亂離，風衰俗怨，並志深而筆長，故梗概而多氣也，至明帝纂戎，制詩度曲，徵篇章之士，置崇文之觀，何劉群才，迭相照耀。,伟长 从宦 于 青土 公干 徇质 于 海隅 德琏 综其 斐然 之思 元瑜展 其 翩翩 之 乐 文蔚 休伯 之 俦 于 俶 德祖 之侣 俊雅 觞豆 之前 雍容 袵 席 之上 洒笔 以成 酣歌 和 墨以 藉 谈笑 观 其时 文 雅好 慷慨 良由世积 乱离 风衰俗 怨 并志深 而 笔长 故 梗概 而 多 气 也 至明 帝纂 戎 制诗 度曲 征 篇章 之士 置 崇文 之观 何刘 群才 迭 相 照耀,氣,1128,1128,以成,1082,1084,1082,1084,same_segment,0,
sentence,酣歌,1,0.02571860816944126,liuxie_shipin__liuxie_45,liuxie_shipin__liuxie_45__part01,文心雕龍·時序,劉勰,偉長從宦於青土，公幹徇質於海隅，德璉綜其斐然之思，元瑜展其翩翩之樂，文蔚休伯之儔，于俶德祖之侶，俊雅觴豆之前，雍容袵席之上，灑筆以成酣歌，和墨以藉談笑，觀其時文，雅好慷慨，良由世積亂離，風衰俗怨，並志深而筆長，故梗概而多氣也，至明帝纂戎，制詩度曲，徵篇章之士，置崇文之觀，何劉群才，迭相照耀。,偉長從宦於青土，公幹徇質於海隅，德璉綜其斐然之思，元瑜展其翩翩之樂，文蔚休伯之儔，于俶德祖之侶，俊雅觴豆之前，雍容袵席之上，灑筆以成酣歌，和墨以藉談笑，觀其時文，雅好慷慨，良由世積亂離，風衰俗怨，並志深而筆長，故梗概而多氣也，至明帝纂戎，制詩度曲，徵篇章之士，置崇文之觀，何劉群才，迭相照耀。,伟长 从宦 于 青土 公干 徇质 于 海隅 德琏 综其 斐然 之思 元瑜展 其 翩翩 之 乐 文蔚 休伯 之 俦 于 俶 德祖 之侣 俊雅 觞豆 之前 雍容 袵 席 之上 洒笔 以成 酣歌 和 墨以 藉 谈笑 观 其时 文 雅好 慷慨 良由世积 乱离 风衰俗 怨 并志深 而 笔长 故 梗概 而 多 气 也 至明 帝纂 戎 制诗 度曲 征 篇章 之士 置 崇文 之观 何刘 群才 迭 相 照耀,氣,1128,1128,酣歌,1084,1086,1084,1086,same_segment,0,
sentence,墨以,1,0.02571860816944126,liuxie_shipin__liuxie_45,liuxie_shipin__liuxie_45__part01,文心雕龍·時序,劉勰,偉長從宦於青土，公幹徇質於海隅，德璉綜其斐然之思，元瑜展其翩翩之樂，文蔚休伯之儔，于俶德祖之侶，俊雅觴豆之前，雍容袵席之上，灑筆以成酣歌，和墨以藉談笑，觀其時文，雅好慷慨，良由世積亂離，風衰俗怨，並志深而筆長，故梗概而多氣也，至明帝纂戎，制詩度曲，徵篇章之士，置崇文之觀，何劉群才，迭相照耀。,偉長從宦於青土，公幹徇質於海隅，德璉綜其斐然之思，元瑜展其翩翩之樂，文蔚休伯之儔，于俶德祖之侶，俊雅觴豆之前，雍容袵席之上，灑筆以成酣歌，和墨以藉談笑，觀其時文，雅好慷慨，良由世積亂離，風衰俗怨，並志深而筆長，故梗概而多氣也，至明帝纂戎，制詩度曲，徵篇章之士，置崇文之觀，何劉群才，迭相照耀。,伟长 从宦 于 青土 公干 徇质 于 海隅 德琏 综其 斐然 之思 元瑜展 其 翩翩 之 乐 文蔚 休伯 之 俦 于 俶 德祖 之侣 俊雅 觞豆 之前 雍容 袵 席 之上 洒笔 以成 酣歌 和 墨以 藉 谈笑 观 其时 文 雅好 慷慨 良由世积 乱离 风衰俗 怨 并志深 而 笔长 故 梗概 而 多 气 也 至明 帝纂 戎 制诗 度曲 征 篇章 之士 置 崇文 之观 何刘 群才 迭 相 照耀,氣,1128,1128,墨以,1088,1090,1088,1090,same_segment,0,
sentence,其时,1,0.02571860816944126,liuxie_shipin__liuxie_45,liuxie_shipin__liuxie_45__part01,文心雕龍·時序,劉勰,偉長從宦於青土，公幹徇質於海隅，德璉綜其斐然之思，元瑜展其翩翩之樂，文蔚休伯之儔，于俶德祖之侶，俊雅觴豆之前，雍容袵席之上，灑筆以成酣歌，和墨以藉談笑，觀其時文，雅好慷慨，良由世積亂離，風衰俗怨，並志深而筆長，故梗概而多氣也，至明帝纂戎，制詩度曲，徵篇章之士，置崇文之觀，何劉群才，迭相照耀。,偉長從宦於青土，公幹徇質於海隅，德璉綜其斐然之思，元瑜展其翩翩之樂，文蔚休伯之儔，于俶德祖之侶，俊雅觴豆之前，雍容袵席之上，灑筆以成酣歌，和墨以藉談笑，觀其時文，雅好慷慨，良由世積亂離，風衰俗怨，並志深而筆長，故梗概而多氣也，至明帝纂戎，制詩度曲，徵篇章之士，置崇文之觀，何劉群才，迭相照耀。,伟长 从宦 于 青土 公干 徇质 于 海隅 德琏 综其 斐然 之思 元瑜展 其 翩翩 之 乐 文蔚 休伯 之 俦 于 俶 德祖 之侣 俊雅 觞豆 之前 雍容 袵 席 之上 洒笔 以成 酣歌 和 墨以 藉 谈笑 观 其时 文 雅好 慷慨 良由世积 乱离 风衰俗 怨 并志深 而 笔长 故 梗概 而 多 气 也 至明 帝纂 戎 制诗 度曲 征 篇章 之士 置 崇文 之观 何刘 群才 迭 相 照耀,氣,1128,1128,其時,1095,1097,1095,1097,same_segment,0,
sentence,良由世积,1,0.02571860816944126,liuxie_shipin__liuxie_45,liuxie_shipin__liuxie_45__part01,文心雕龍·時序,劉勰,偉長從宦於青土，公幹徇質於海隅，德璉綜其斐然之思，元瑜展其翩翩之樂，文蔚休伯之儔，于俶德祖之侶，俊雅觴豆之前，雍容袵席之上，灑筆以成酣歌，和墨以藉談笑，觀其時文，雅好慷慨，良由世積亂離，風衰俗怨，並志深而筆長，故梗概而多氣也，至明帝纂戎，制詩度曲，徵篇章之士，置崇文之觀，何劉群才，迭相照耀。,偉長從宦於青土，公幹徇質於海隅，德璉綜其斐然之思，元瑜展其翩翩之樂，文蔚休伯之儔，于俶德祖之侶，俊雅觴豆之前，雍容袵席之上，灑筆以成酣歌，和墨以藉談笑，觀其時文，雅好慷慨，良由世積亂離，風衰俗怨，並志深而筆長，故梗概而多氣也，至明帝纂戎，制詩度曲，徵篇章之士，置崇文之觀，何劉群才，迭相照耀。,伟长 从宦 于 青土 公干 徇质 于 海隅 德琏 综其 斐然 之思 元瑜展 其 翩翩 之 乐 文蔚 休伯 之 俦 于 俶 德祖 之侣 俊雅 觞豆 之前 雍容 袵 席 之上 洒笔 以成 酣歌 和 墨以 藉 谈笑 观 其时 文 雅好 慷慨 良由世积 乱离 风衰俗 怨 并志深 而 笔长 故 梗概 而 多 气 也 至明 帝纂 戎 制诗 度曲 征 篇章 之士 置 崇文 之观 何刘 群才 迭 相 照耀,氣,1128,1128,良由世積,1104,1108,1104,1108,same_segment,0,
sentence,乱离,1,0.02571860816944126,liuxie_shipin__liuxie_45,liuxie_shipin__liuxie_45__part01,文心雕龍·時序,劉勰,偉長從宦於青土，公幹徇質於海隅，德璉綜其斐然之思，元瑜展其翩翩之樂，文蔚休伯之儔，于俶德祖之侶，俊雅觴豆之前，雍容袵席之上，灑筆以成酣歌，和墨以藉談笑，觀其時文，雅好慷慨，良由世積亂離，風衰俗怨，並志深而筆長，故梗概而多氣也，至明帝纂戎，制詩度曲，徵篇章之士，置崇文之觀，何劉群才，迭相照耀。,偉長從宦於青土，公幹徇質於海隅，德璉綜其斐然之思，元瑜展其翩翩之樂，文蔚休伯之儔，于俶德祖之侶，俊雅觴豆之前，雍容袵席之上，灑筆以成酣歌，和墨以藉談笑，觀其時文，雅好慷慨，良由世積亂離，風衰俗怨，並志深而筆長，故梗概而多氣也，至明帝纂戎，制詩度曲，徵篇章之士，置崇文之觀，何劉群才，迭相照耀。,伟长 从宦 于 青土 公干 徇质 于 海隅 德琏 综其 斐然 之思 元瑜展 其 翩翩 之 乐 文蔚 休伯 之 俦 于 俶 德祖 之侣 俊雅 觞豆 之前 雍容 袵 席 之上 洒笔 以成 酣歌 和 墨以 藉 谈笑 观 其时 文 雅好 慷慨 良由世积 乱离 风衰俗 怨 并志深 而 笔长 故 梗概 而 多 气 也 至明 帝纂 戎 制诗 度曲 征 篇章 之士 置 崇文 之观 何刘 群才 迭 相 照耀,氣,1128,1128,亂離,1108,1110,1108,1110,same_segment,0,
sentence,风衰俗,1,0.02571860816944126,liuxie_shipin__liuxie_45,liuxie_shipin__liuxie_45__part01,文心雕龍·時序,劉勰,偉長從宦於青土，公幹徇質於海隅，德璉綜其斐然之思，元瑜展其翩翩之樂，文蔚休伯之儔，于俶德祖之侶，俊雅觴豆之前，雍容袵席之上，灑筆以成酣歌，和墨以藉談笑，觀其時文，雅好慷慨，良由世積亂離，風衰俗怨，並志深而筆長，故梗概而多氣也，至明帝纂戎，制詩度曲，徵篇章之士，置崇文之觀，何劉群才，迭相照耀。,偉長從宦於青土，公幹徇質於海隅，德璉綜其斐然之思，元瑜展其翩翩之樂，文蔚休伯之儔，于俶德祖之侶，俊雅觴豆之前，雍容袵席之上，灑筆以成酣歌，和墨以藉談笑，觀其時文，雅好慷慨，良由世積亂離，風衰俗怨，並志深而筆長，故梗概而多氣也，至明帝纂戎，制詩度曲，徵篇章之士，置崇文之觀，何劉群才，迭相照耀。,伟长 从宦 于 青土 公干 徇质 于 海隅 德琏 综其 斐然 之思 元瑜展 其 翩翩 之 乐 文蔚 休伯 之 俦 于 俶 德祖 之侣 俊雅 觞豆 之前 雍容 袵 席 之上 洒笔 以成 酣歌 和 墨以 藉 谈笑 观 其时 文 雅好 慷慨 良由世积 乱离 风衰俗 怨 并志深 而 笔长 故 梗概 而 多 气 也 至明 帝纂 戎 制诗 度曲 征 篇章 之士 置 崇文 之观 何刘 群才 迭 相 照耀,氣,1128,1128,風衰俗,1111,1114,1111,1114,same_segment,0,
sentence,并志深,1,0.02571860816944126,liuxie_shipin__liuxie_45,liuxie_shipin__liuxie_45__part01,文心雕龍·時序,劉勰,偉長從宦於青土，公幹徇質於海隅，德璉綜其斐然之思，元瑜展其翩翩之樂，文蔚休伯之儔，于俶德祖之侶，俊雅觴豆之前，雍容袵席之上，灑筆以成酣歌，和墨以藉談笑，觀其時文，雅好慷慨，良由世積亂離，風衰俗怨，並志深而筆長，故梗概而多氣也，至明帝纂戎，制詩度曲，徵篇章之士，置崇文之觀，何劉群才，迭相照耀。,偉長從宦於青土，公幹徇質於海隅，德璉綜其斐然之思，元瑜展其翩翩之樂，文蔚休伯之儔，于俶德祖之侶，俊雅觴豆之前，雍容袵席之上，灑筆以成酣歌，和墨以藉談笑，觀其時文，雅好慷慨，良由世積亂離，風衰俗怨，並志深而筆長，故梗概而多氣也，至明帝纂戎，制詩度曲，徵篇章之士，置崇文之觀，何劉群才，迭相照耀。,伟长 从宦 于 青土 公干 徇质 于 海隅 德琏 综其 斐然 之思 元瑜展 其 翩翩 之 乐 文蔚 休伯 之 俦 于 俶 德祖 之侣 俊雅 觞豆 之前 雍容 袵 席 之上 洒笔 以成 酣歌 和 墨以 藉 谈笑 观 其时 文 雅好 慷慨 良由世积 乱离 风衰俗 怨 并志深 而 笔长 故 梗概 而 多 气 也 至明 帝纂 戎 制诗 度曲 征 篇章 之士 置 崇文 之观 何刘 群才 迭 相 照耀,氣,1128,1128,並志深,1116,1119,1116,1119,same_segment,0,
sentence,笔长,1,0.02571860816944126,liuxie_shipin__liuxie_45,liuxie_shipin__liuxie_45__part01,文心雕龍·時序,劉勰,偉長從宦於青土，公幹徇質於海隅，德璉綜其斐然之思，元瑜展其翩翩之樂，文蔚休伯之儔，于俶德祖之侶，俊雅觴豆之前，雍容袵席之上，灑筆以成酣歌，和墨以藉談笑，觀其時文，雅好慷慨，良由世積亂離，風衰俗怨，並志深而筆長，故梗概而多氣也，至明帝纂戎，制詩度曲，徵篇章之士，置崇文之觀，何劉群才，迭相照耀。,偉長從宦於青土，公幹徇質於海隅，德璉綜其斐然之思，元瑜展其翩翩之樂，文蔚休伯之儔，于俶德祖之侶，俊雅觴豆之前，雍容袵席之上，灑筆以成酣歌，和墨以藉談笑，觀其時文，雅好慷慨，良由世積亂離，風衰俗怨，並志深而筆長，故梗概而多氣也，至明帝纂戎，制詩度曲，徵篇章之士，置崇文之觀，何劉群才，迭相照耀。,伟长 从宦 于 青土 公干 徇质 于 海隅 德琏 综其 斐然 之思 元瑜展 其 翩翩 之 乐 文蔚 休伯 之 俦 于 俶 德祖 之侣 俊雅 觞豆 之前 雍容 袵 席 之上 洒笔 以成 酣歌 和 墨以 藉 谈笑 观 其时 文 雅好 慷慨 良由世积 乱离 风衰俗 怨 并志深 而 笔长 故 梗概 而 多 气 也 至明 帝纂 戎 制诗 度曲 征 篇章 之士 置 崇文 之观 何刘 群才 迭 相 照耀,氣,1128,1128,筆長,1120,1122,1120,1122,same_segment,0,
sentence,至明,1,0.02571860816944126,liuxie_shipin__liuxie_45,liuxie_shipin__liuxie_45__part01,文心雕龍·時序,劉勰,偉長從宦於青土，公幹徇質於海隅，德璉綜其斐然之思，元瑜展其翩翩之樂，文蔚休伯之儔，于俶德祖之侶，俊雅觴豆之前，雍容袵席之上，灑筆以成酣歌，和墨以藉談笑，觀其時文，雅好慷慨，良由世積亂離，風衰俗怨，並志深而筆長，故梗概而多氣也，至明帝纂戎，制詩度曲，徵篇章之士，置崇文之觀，何劉群才，迭相照耀。,偉長從宦於青土，公幹徇質於海隅，德璉綜其斐然之思，元瑜展其翩翩之樂，文蔚休伯之儔，于俶德祖之侶，俊雅觴豆之前，雍容袵席之上，灑筆以成酣歌，和墨以藉談笑，觀其時文，雅好慷慨，良由世積亂離，風衰俗怨，並志深而筆長，故梗概而多氣也，至明帝纂戎，制詩度曲，徵篇章之士，置崇文之觀，何劉群才，迭相照耀。,伟长 从宦 于 青土 公干 徇质 于 海隅 德琏 综其 斐然 之思 元瑜展 其 翩翩 之 乐 文蔚 休伯 之 俦 于 俶 德祖 之侣 俊雅 觞豆 之前 雍容 袵 席 之上 洒笔 以成 酣歌 和 墨以 藉 谈笑 观 其时 文 雅好 慷慨 良由世积 乱离 风衰俗 怨 并志深 而 笔长 故 梗概 而 多 气 也 至明 帝纂 戎 制诗 度曲 征 篇章 之士 置 崇文 之观 何刘 群才 迭 相 照耀,氣,1128,1128,至明,1131,1133,1131,1133,same_segment,0,
sentence,帝纂,1,0.02571860816944126,liuxie_shipin__liuxie_45,liuxie_shipin__liuxie_45__part01,文心雕龍·時序,劉勰,偉長從宦於青土，公幹徇質於海隅，德璉綜其斐然之思，元瑜展其翩翩之樂，文蔚休伯之儔，于俶德祖之侶，俊雅觴豆之前，雍容袵席之上，灑筆以成酣歌，和墨以藉談笑，觀其時文，雅好慷慨，良由世積亂離，風衰俗怨，並志深而筆長，故梗概而多氣也，至明帝纂戎，制詩度曲，徵篇章之士，置崇文之觀，何劉群才，迭相照耀。,偉長從宦於青土，公幹徇質於海隅，德璉綜其斐然之思，元瑜展其翩翩之樂，文蔚休伯之儔，于俶德祖之侶，俊雅觴豆之前，雍容袵席之上，灑筆以成酣歌，和墨以藉談笑，觀其時文，雅好慷慨，良由世積亂離，風衰俗怨，並志深而筆長，故梗概而多氣也，至明帝纂戎，制詩度曲，徵篇章之士，置崇文之觀，何劉群才，迭相照耀。,伟长 从宦 于 青土 公干 徇质 于 海隅 德琏 综其 斐然 之思 元瑜展 其 翩翩 之 乐 文蔚 休伯 之 俦 于 俶 德祖 之侣 俊雅 觞豆 之前 雍容 袵 席 之上 洒笔 以成 酣歌 和 墨以 藉 谈笑 观 其时 文 雅好 慷慨 良由世积 乱离 风衰俗 怨 并志深 而 笔长 故 梗概 而 多 气 也 至明 帝纂 戎 制诗 度曲 征 篇章 之士 置 崇文 之观 何刘 群才 迭 相 照耀,氣,1128,1128,帝纂,1133,1135,1133,1135,same_segment,0,
sentence,制诗,1,0.02571860816944126,liuxie_shipin__liuxie_45,liuxie_shipin__liuxie_45__part01,文心雕龍·時序,劉勰,偉長從宦於青土，公幹徇質於海隅，德璉綜其斐然之思，元瑜展其翩翩之樂，文蔚休伯之儔，于俶德祖之侶，俊雅觴豆之前，雍容袵席之上，灑筆以成酣歌，和墨以藉談笑，觀其時文，雅好慷慨，良由世積亂離，風衰俗怨，並志深而筆長，故梗概而多氣也，至明帝纂戎，制詩度曲，徵篇章之士，置崇文之觀，何劉群才，迭相照耀。,偉長從宦於青土，公幹徇質於海隅，德璉綜其斐然之思，元瑜展其翩翩之樂，文蔚休伯之儔，于俶德祖之侶，俊雅觴豆之前，雍容袵席之上，灑筆以成酣歌，和墨以藉談笑，觀其時文，雅好慷慨，良由世積亂離，風衰俗怨，並志深而筆長，故梗概而多氣也，至明帝纂戎，制詩度曲，徵篇章之士，置崇文之觀，何劉群才，迭相照耀。,伟长 从宦 于 青土 公干 徇质 于 海隅 德琏 综其 斐然 之思 元瑜展 其 翩翩 之 乐 文蔚 休伯 之 俦 于 俶 德祖 之侣 俊雅 觞豆 之前 雍容 袵 席 之上 洒笔 以成 酣歌 和 墨以 藉 谈笑 观 其时 文 雅好 慷慨 良由世积 乱离 风衰俗 怨 并志深 而 笔长 故 梗概 而 多 气 也 至明 帝纂 戎 制诗 度曲 征 篇章 之士 置 崇文 之观 何刘 群才 迭 相 照耀,氣,1128,1128,制詩,1137,1139,1137,1139,same_segment,0,
sentence,度曲,1,0.02571860816944126,liuxie_shipin__liuxie_45,liuxie_shipin__liuxie_45__part01,文心雕龍·時序,劉勰,偉長從宦於青土，公幹徇質於海隅，德璉綜其斐然之思，元瑜展其翩翩之樂，文蔚休伯之儔，于俶德祖之侶，俊雅觴豆之前，雍容袵席之上，灑筆以成酣歌，和墨以藉談笑，觀其時文，雅好慷慨，良由世積亂離，風衰俗怨，並志深而筆長，故梗概而多氣也，至明帝纂戎，制詩度曲，徵篇章之士，置崇文之觀，何劉群才，迭相照耀。,偉長從宦於青土，公幹徇質於海隅，德璉綜其斐然之思，元瑜展其翩翩之樂，文蔚休伯之儔，于俶德祖之侶，俊雅觴豆之前，雍容袵席之上，灑筆以成酣歌，和墨以藉談笑，觀其時文，雅好慷慨，良由世積亂離，風衰俗怨，並志深而筆長，故梗概而多氣也，至明帝纂戎，制詩度曲，徵篇章之士，置崇文之觀，何劉群才，迭相照耀。,伟长 从宦 于 青土 公干 徇质 于 海隅 德琏 综其 斐然 之思 元瑜展 其 翩翩 之 乐 文蔚 休伯 之 俦 于 俶 德祖 之侣 俊雅 觞豆 之前 雍容 袵 席 之上 洒笔 以成 酣歌 和 墨以 藉 谈笑 观 其时 文 雅好 慷慨 良由世积 乱离 风衰俗 怨 并志深 而 笔长 故 梗概 而 多 气 也 至明 帝纂 戎 制诗 度曲 征 篇章 之士 置 崇文 之观 何刘 群才 迭 相 照耀,氣,1128,1128,度曲,1139,1141,1139,1141,same_segment,0,
sentence,之观,1,0.02571860816944126,liuxie_shipin__liuxie_45,liuxie_shipin__liuxie_45__part01,文心雕龍·時序,劉勰,偉長從宦於青土，公幹徇質於海隅，德璉綜其斐然之思，元瑜展其翩翩之樂，文蔚休伯之儔，于俶德祖之侶，俊雅觴豆之前，雍容袵席之上，灑筆以成酣歌，和墨以藉談笑，觀其時文，雅好慷慨，良由世積亂離，風衰俗怨，並志深而筆長，故梗概而多氣也，至明帝纂戎，制詩度曲，徵篇章之士，置崇文之觀，何劉群才，迭相照耀。,偉長從宦於青土，公幹徇質於海隅，德璉綜其斐然之思，元瑜展其翩翩之樂，文蔚休伯之儔，于俶德祖之侶，俊雅觴豆之前，雍容袵席之上，灑筆以成酣歌，和墨以藉談笑，觀其時文，雅好慷慨，良由世積亂離，風衰俗怨，並志深而筆長，故梗概而多氣也，至明帝纂戎，制詩度曲，徵篇章之士，置崇文之觀，何劉群才，迭相照耀。,伟长 从宦 于 青土 公干 徇质 于 海隅 德琏 综其 斐然 之思 元瑜展 其 翩翩 之 乐 文蔚 休伯 之 俦 于 俶 德祖 之侣 俊雅 觞豆 之前 雍容 袵 席 之上 洒笔 以成 酣歌 和 墨以 藉 谈笑 观 其时 文 雅好 慷慨 良由世积 乱离 风衰俗 怨 并志深 而 笔长 故 梗概 而 多 气 也 至明 帝纂 戎 制诗 度曲 征 篇章 之士 置 崇文 之观 何刘 群才 迭 相 照耀,氣,1128,1128,之觀,1151,1153,1151,1153,same_segment,0,
sentence,何刘,1,0.02571860816944126,liuxie_shipin__liuxie_45,liuxie_shipin__liuxie_45__part01,文心雕龍·時序,劉勰,偉長從宦於青土，公幹徇質於海隅，德璉綜其斐然之思，元瑜展其翩翩之樂，文蔚休伯之儔，于俶德祖之侶，俊雅觴豆之前，雍容袵席之上，灑筆以成酣歌，和墨以藉談笑，觀其時文，雅好慷慨，良由世積亂離，風衰俗怨，並志深而筆長，故梗概而多氣也，至明帝纂戎，制詩度曲，徵篇章之士，置崇文之觀，何劉群才，迭相照耀。,偉長從宦於青土，公幹徇質於海隅，德璉綜其斐然之思，元瑜展其翩翩之樂，文蔚休伯之儔，于俶德祖之侶，俊雅觴豆之前，雍容袵席之上，灑筆以成酣歌，和墨以藉談笑，觀其時文，雅好慷慨，良由世積亂離，風衰俗怨，並志深而筆長，故梗概而多氣也，至明帝纂戎，制詩度曲，徵篇章之士，置崇文之觀，何劉群才，迭相照耀。,伟长 从宦 于 青土 公干 徇质 于 海隅 德琏 综其 斐然 之思 元瑜展 其 翩翩 之 乐 文蔚 休伯 之 俦 于 俶 德祖 之侣 俊雅 觞豆 之前 雍容 袵 席 之上 洒笔 以成 酣歌 和 墨以 藉 谈笑 观 其时 文 雅好 慷慨 良由世积 乱离 风衰俗 怨 并志深 而 笔长 故 梗概 而 多 气 也 至明 帝纂 戎 制诗 度曲 征 篇章 之士 置 崇文 之观 何刘 群才 迭 相 照耀,氣,1128,1128,何劉,1154,1156,1154,1156,same_segment,0,
sentence,照耀,1,0.02571860816944126,liuxie_shipin__liuxie_45,liuxie_shipin__liuxie_45__part01,文心雕龍·時序,劉勰,偉長從宦於青土，公幹徇質於海隅，德璉綜其斐然之思，元瑜展其翩翩之樂，文蔚休伯之儔，于俶德祖之侶，俊雅觴豆之前，雍容袵席之上，灑筆以成酣歌，和墨以藉談笑，觀其時文，雅好慷慨，良由世積亂離，風衰俗怨，並志深而筆長，故梗概而多氣也，至明帝纂戎，制詩度曲，徵篇章之士，置崇文之觀，何劉群才，迭相照耀。,偉長從宦於青土，公幹徇質於海隅，德璉綜其斐然之思，元瑜展其翩翩之樂，文蔚休伯之儔，于俶德祖之侶，俊雅觴豆之前，雍容袵席之上，灑筆以成酣歌，和墨以藉談笑，觀其時文，雅好慷慨，良由世積亂離，風衰俗怨，並志深而筆長，故梗概而多氣也，至明帝纂戎，制詩度曲，徵篇章之士，置崇文之觀，何劉群才，迭相照耀。,伟长 从宦 于 青土 公干 徇质 于 海隅 德琏 综其 斐然 之思 元瑜展 其 翩翩 之 乐 文蔚 休伯 之 俦 于 俶 德祖 之侣 俊雅 觞豆 之前 雍容 袵 席 之上 洒笔 以成 酣歌 和 墨以 藉 谈笑 观 其时 文 雅好 慷慨 良由世积 乱离 风衰俗 怨 并志深 而 笔长 故 梗概 而 多 气 也 至明 帝纂 戎 制诗 度曲 征 篇章 之士 置 崇文 之观 何刘 群才 迭 相 照耀,氣,1128,1128,照耀,1161,1163,1161,1163,same_segment,0,
sentence,自中,1,0.02571860816944126,liuxie_shipin__liuxie_45,liuxie_shipin__liuxie_45__part01,文心雕龍·時序,劉勰,自中朝貴元，江左稱盛，因談餘氣，流成文體。,自中朝貴元，江左稱盛，因談餘氣，流成文體。,自中 朝贵 元 江左 称盛 因谈余 气 流成 文体,氣,1538,1538,自中,1524,1526,1524,1526,same_segment,0,
sentence,朝贵,1,0.02571860816944126,liuxie_shipin__liuxie_45,liuxie_shipin__liuxie_45__part01,文心雕龍·時序,劉勰,自中朝貴元，江左稱盛，因談餘氣，流成文體。,自中朝貴元，江左稱盛，因談餘氣，流成文體。,自中 朝贵 元 江左 称盛 因谈余 气 流成 文体,氣,1538,1538,朝貴,1526,1528,1526,1528,same_segment,0,
sentence,称盛,1,0.02571860816944126,liuxie_shipin__liuxie_45,liuxie_shipin__liuxie_45__part01,文心雕龍·時序,劉勰,自中朝貴元，江左稱盛，因談餘氣，流成文體。,自中朝貴元，江左稱盛，因談餘氣，流成文體。,自中 朝贵 元 江左 称盛 因谈余 气 流成 文体,氣,1538,1538,稱盛,1532,1534,1532,1534,same_segment,0,
sentence,因谈余,1,0.02571860816944126,liuxie_shipin__liuxie_45,liuxie_shipin__liuxie_45__part01,文心雕龍·時序,劉勰,自中朝貴元，江左稱盛，因談餘氣，流成文體。,自中朝貴元，江左稱盛，因談餘氣，流成文體。,自中 朝贵 元 江左 称盛 因谈余 气 流成 文体,氣,1538,1538,因談餘,1535,1538,1535,1538,same_segment,0,
sentence,流成,1,0.02571860816944126,liuxie_shipin__liuxie_45,liuxie_shipin__liuxie_45__part01,文心雕龍·時序,劉勰,自中朝貴元，江左稱盛，因談餘氣，流成文體。,自中朝貴元，江左稱盛，因談餘氣，流成文體。,自中 朝贵 元 江左 称盛 因谈余 气 流成 文体,氣,1538,1538,流成,1540,1542,1540,1542,same_segment,0,
sentence,盖阳,1,0.02571860816944126,liuxie_shipin__liuxie_46,liuxie_shipin__liuxie_46__part01,文心雕龍·物色,劉勰,蓋陽氣萌而玄駒步，陰律凝而丹鳥羞，微蟲猶或入感，四時之動物深矣。,蓋陽氣萌而玄駒步，陰律凝而丹鳥羞，微蟲猶或入感，四時之動物深矣。,盖阳 气 萌而 玄驹 步 阴律 凝而 丹鸟 羞 微虫 犹 或 入感 四时 之 动物 深 矣,氣,22,22,蓋陽,20,22,20,22,same_segment,0,
sentence,萌而,1,0.02571860816944126,liuxie_shipin__liuxie_46,liuxie_shipin__liuxie_46__part01,文心雕龍·物色,劉勰,蓋陽氣萌而玄駒步，陰律凝而丹鳥羞，微蟲猶或入感，四時之動物深矣。,蓋陽氣萌而玄駒步，陰律凝而丹鳥羞，微蟲猶或入感，四時之動物深矣。,盖阳 气 萌而 玄驹 步 阴律 凝而 丹鸟 羞 微虫 犹 或 入感 四时 之 动物 深 矣,氣,22,22,萌而,23,25,23,25,same_segment,0,
sentence,玄驹,1,0.02571860816944126,liuxie_shipin__liuxie_46,liuxie_shipin__liuxie_46__part01,文心雕龍·物色,劉勰,蓋陽氣萌而玄駒步，陰律凝而丹鳥羞，微蟲猶或入感，四時之動物深矣。,蓋陽氣萌而玄駒步，陰律凝而丹鳥羞，微蟲猶或入感，四時之動物深矣。,盖阳 气 萌而 玄驹 步 阴律 凝而 丹鸟 羞 微虫 犹 或 入感 四时 之 动物 深 矣,氣,22,22,玄駒,25,27,25,27,same_segment,0,
sentence,阴律,1,0.02571860816944126,liuxie_shipin__liuxie_46,liuxie_shipin__liuxie_46__part01,文心雕龍·物色,劉勰,蓋陽氣萌而玄駒步，陰律凝而丹鳥羞，微蟲猶或入感，四時之動物深矣。,蓋陽氣萌而玄駒步，陰律凝而丹鳥羞，微蟲猶或入感，四時之動物深矣。,盖阳 气 萌而 玄驹 步 阴律 凝而 丹鸟 羞 微虫 犹 或 入感 四时 之 动物 深 矣,氣,22,22,陰律,29,31,29,31,same_segment,0,
sentence,丹鸟,1,0.02571860816944126,liuxie_shipin__liuxie_46,liuxie_shipin__liuxie_46__part01,文心雕龍·物色,劉勰,蓋陽氣萌而玄駒步，陰律凝而丹鳥羞，微蟲猶或入感，四時之動物深矣。,蓋陽氣萌而玄駒步，陰律凝而丹鳥羞，微蟲猶或入感，四時之動物深矣。,盖阳 气 萌而 玄驹 步 阴律 凝而 丹鸟 羞 微虫 犹 或 入感 四时 之 动物 深 矣,氣,22,22,丹鳥,33,35,33,35,same_segment,0,
sentence,微虫,1,0.02571860816944126,liuxie_shipin__liuxie_46,liuxie_shipin__liuxie_46__part01,文心雕龍·物色,劉勰,蓋陽氣萌而玄駒步，陰律凝而丹鳥羞，微蟲猶或入感，四時之動物深矣。,蓋陽氣萌而玄駒步，陰律凝而丹鳥羞，微蟲猶或入感，四時之動物深矣。,盖阳 气 萌而 玄驹 步 阴律 凝而 丹鸟 羞 微虫 犹 或 入感 四时 之 动物 深 矣,氣,22,22,微蟲,37,39,37,39,same_segment,0,
sentence,入感,1,0.02571860816944126,liuxie_shipin__liuxie_46,liuxie_shipin__liuxie_46__part01,文心雕龍·物色,劉勰,蓋陽氣萌而玄駒步，陰律凝而丹鳥羞，微蟲猶或入感，四時之動物深矣。,蓋陽氣萌而玄駒步，陰律凝而丹鳥羞，微蟲猶或入感，四時之動物深矣。,盖阳 气 萌而 玄驹 步 阴律 凝而 丹鸟 羞 微虫 犹 或 入感 四时 之 动物 深 矣,氣,22,22,入感,41,43,41,43,same_segment,0,
sentence,其惠心,1,0.02571860816944126,liuxie_shipin__liuxie_46,liuxie_shipin__liuxie_46__part01,文心雕龍·物色,劉勰,若夫珪璋挺其惠心，英華秀其清氣，物色相召，人誰獲安！,若夫珪璋挺其惠心，英華秀其清氣，物色相召，人誰獲安！,若夫 珪 璋 挺 其惠心 英华 秀其清 气 物色 相召 人 谁 获安,氣,66,66,其惠心,57,60,57,60,same_segment,0,
sentence,秀其清,1,0.02571860816944126,liuxie_shipin__liuxie_46,liuxie_shipin__liuxie_46__part01,文心雕龍·物色,劉勰,若夫珪璋挺其惠心，英華秀其清氣，物色相召，人誰獲安！,若夫珪璋挺其惠心，英華秀其清氣，物色相召，人誰獲安！,若夫 珪 璋 挺 其惠心 英华 秀其清 气 物色 相召 人 谁 获安,氣,66,66,秀其清,63,66,63,66,same_segment,0,
sentence,相召,1,0.02571860816944126,liuxie_shipin__liuxie_46,liuxie_shipin__liuxie_46__part01,文心雕龍·物色,劉勰,若夫珪璋挺其惠心，英華秀其清氣，物色相召，人誰獲安！,若夫珪璋挺其惠心，英華秀其清氣，物色相召，人誰獲安！,若夫 珪 璋 挺 其惠心 英华 秀其清 气 物色 相召 人 谁 获安,氣,66,66,相召,70,72,70,72,same_segment,0,
sentence,获安,1,0.02571860816944126,liuxie_shipin__liuxie_46,liuxie_shipin__liuxie_46__part01,文心雕龍·物色,劉勰,若夫珪璋挺其惠心，英華秀其清氣，物色相召，人誰獲安！,若夫珪璋挺其惠心，英華秀其清氣，物色相召，人誰獲安！,若夫 珪 璋 挺 其惠心 英华 秀其清 气 物色 相召 人 谁 获安,氣,66,66,獲安,75,77,75,77,same_segment,0,
sentence,天高,1,0.02571860816944126,liuxie_shipin__liuxie_46,liuxie_shipin__liuxie_46__part01,文心雕龍·物色,劉勰,天高氣清，陰沈之志遠；,天高氣清，陰沈之志遠；,天高 气 清 阴沈 之 志远,氣,104,104,天高,102,104,102,104,same_segment,0,
sentence,阴沈,1,0.02571860816944126,liuxie_shipin__liuxie_46,liuxie_shipin__liuxie_46__part01,文心雕龍·物色,劉勰,天高氣清，陰沈之志遠；,天高氣清，陰沈之志遠；,天高 气 清 阴沈 之 志远,氣,104,104,陰沈,107,109,107,109,same_segment,0,
sentence,志远,1,0.02571860816944126,liuxie_shipin__liuxie_46,liuxie_shipin__liuxie_46__part01,文心雕龍·物色,劉勰,天高氣清，陰沈之志遠；,天高氣清，陰沈之志遠；,天高 气 清 阴沈 之 志远,氣,104,104,志遠,110,112,110,112,same_segment,0,
sentence,随物,1,0.02571860816944126,liuxie_shipin__liuxie_46,liuxie_shipin__liuxie_46__part01,文心雕龍·物色,劉勰,寫氣圖貌，既隨物以宛轉；,寫氣圖貌，既隨物以宛轉；,写 气 图貌 既 随物 以 宛转,氣,205,205,隨物,210,212,210,212,same_segment,0,
sentence,于笔,1,0.02571860816944126,liuxie_shipin__liuxie_47,liuxie_shipin__liuxie_47__part01,文心雕龍·才略,劉勰,枚乘之《七發》，鄒陽之上書，膏潤於筆，氣形於言矣。,枚乘之《七發》，鄒陽之上書，膏潤於筆，氣形於言矣。,枚 乘 之 七发 邹阳 之 上书 膏润 于笔 气 形于 言 矣,氣,345,345,於筆,342,344,342,344,same_segment,0,
sentence,有篇美,1,0.02571860816944126,liuxie_shipin__liuxie_47,liuxie_shipin__liuxie_47__part01,文心雕龍·才略,劉勰,孔融氣盛於為筆，禰衡思銳於為文，有篇美焉。,孔融氣盛於為筆，禰衡思銳於為文，有篇美焉。,孔融 气 盛于 为 笔 祢衡 思锐 于 为 文 有篇美 焉,氣,798,798,有篇美,812,815,812,815,same_segment,0,
sentence,以遣论,1,0.02571860816944126,liuxie_shipin__liuxie_47,liuxie_shipin__liuxie_47__part01,文心雕龍·才略,劉勰,嵇康師心以遣論，阮籍使氣以命詩，殊聲而合響，異翮而同飛。,嵇康師心以遣論，阮籍使氣以命詩，殊聲而合響，異翮而同飛。,嵇康 师心 以遣论 阮籍 使 气 以命 诗 殊声 而 合响 异翮 而 同飞,氣,1161,1161,以遣論,1154,1157,1154,1157,same_segment,0,
sentence,以命,1,0.02571860816944126,liuxie_shipin__liuxie_47,liuxie_shipin__liuxie_47__part01,文心雕龍·才略,劉勰,嵇康師心以遣論，阮籍使氣以命詩，殊聲而合響，異翮而同飛。,嵇康師心以遣論，阮籍使氣以命詩，殊聲而合響，異翮而同飛。,嵇康 师心 以遣论 阮籍 使 气 以命 诗 殊声 而 合响 异翮 而 同飞,氣,1161,1161,以命,1162,1164,1162,1164,same_segment,0,
sentence,殊声,1,0.02571860816944126,liuxie_shipin__liuxie_47,liuxie_shipin__liuxie_47__part01,文心雕龍·才略,劉勰,嵇康師心以遣論，阮籍使氣以命詩，殊聲而合響，異翮而同飛。,嵇康師心以遣論，阮籍使氣以命詩，殊聲而合響，異翮而同飛。,嵇康 师心 以遣论 阮籍 使 气 以命 诗 殊声 而 合响 异翮 而 同飞,氣,1161,1161,殊聲,1166,1168,1166,1168,same_segment,0,
sentence,合响,1,0.02571860816944126,liuxie_shipin__liuxie_47,liuxie_shipin__liuxie_47__part01,文心雕龍·才略,劉勰,嵇康師心以遣論，阮籍使氣以命詩，殊聲而合響，異翮而同飛。,嵇康師心以遣論，阮籍使氣以命詩，殊聲而合響，異翮而同飛。,嵇康 师心 以遣论 阮籍 使 气 以命 诗 殊声 而 合响 异翮 而 同飞,氣,1161,1161,合響,1169,1171,1169,1171,same_segment,0,
sentence,异翮,1,0.02571860816944126,liuxie_shipin__liuxie_47,liuxie_shipin__liuxie_47__part01,文心雕龍·才略,劉勰,嵇康師心以遣論，阮籍使氣以命詩，殊聲而合響，異翮而同飛。,嵇康師心以遣論，阮籍使氣以命詩，殊聲而合響，異翮而同飛。,嵇康 师心 以遣论 阮籍 使 气 以命 诗 殊声 而 合响 异翮 而 同飞,氣,1161,1161,異翮,1172,1174,1172,1174,same_segment,0,
sentence,同飞,1,0.02571860816944126,liuxie_shipin__liuxie_47,liuxie_shipin__liuxie_47__part01,文心雕龍·才略,劉勰,嵇康師心以遣論，阮籍使氣以命詩，殊聲而合響，異翮而同飛。,嵇康師心以遣論，阮籍使氣以命詩，殊聲而合響，異翮而同飛。,嵇康 师心 以遣论 阮籍 使 气 以命 诗 殊声 而 合响 异翮 而 同飞,氣,1161,1161,同飛,1175,1177,1175,1177,same_segment,0,
sentence,夫有,1,0.02571860816944126,liuxie_shipin__liuxie_50,liuxie_shipin__liuxie_50__part01,文心雕龍·序志,劉勰,夫有肖貌天地，稟性五才，擬耳目於日月，方聲氣乎風雷，其超出萬物亦已靈矣。,夫有肖貌天地，稟性五才，擬耳目於日月，方聲氣乎風雷，其超出萬物亦已靈矣。,夫有 肖貌 天地 禀性 五才 拟 耳目 于 日月 方声 气 乎 风雷 其 超出 万物 亦 已灵 矣,氣,123,123,夫有,102,104,102,104,same_segment,0,
sentence,肖貌,1,0.02571860816944126,liuxie_shipin__liuxie_50,liuxie_shipin__liuxie_50__part01,文心雕龍·序志,劉勰,夫有肖貌天地，稟性五才，擬耳目於日月，方聲氣乎風雷，其超出萬物亦已靈矣。,夫有肖貌天地，稟性五才，擬耳目於日月，方聲氣乎風雷，其超出萬物亦已靈矣。,夫有 肖貌 天地 禀性 五才 拟 耳目 于 日月 方声 气 乎 风雷 其 超出 万物 亦 已灵 矣,氣,123,123,肖貌,104,106,104,106,same_segment,0,
sentence,禀性,1,0.02571860816944126,liuxie_shipin__liuxie_50,liuxie_shipin__liuxie_50__part01,文心雕龍·序志,劉勰,夫有肖貌天地，稟性五才，擬耳目於日月，方聲氣乎風雷，其超出萬物亦已靈矣。,夫有肖貌天地，稟性五才，擬耳目於日月，方聲氣乎風雷，其超出萬物亦已靈矣。,夫有 肖貌 天地 禀性 五才 拟 耳目 于 日月 方声 气 乎 风雷 其 超出 万物 亦 已灵 矣,氣,123,123,稟性,109,111,109,111,same_segment,0,
sentence,五才,1,0.02571860816944126,liuxie_shipin__liuxie_50,liuxie_shipin__liuxie_50__part01,文心雕龍·序志,劉勰,夫有肖貌天地，稟性五才，擬耳目於日月，方聲氣乎風雷，其超出萬物亦已靈矣。,夫有肖貌天地，稟性五才，擬耳目於日月，方聲氣乎風雷，其超出萬物亦已靈矣。,夫有 肖貌 天地 禀性 五才 拟 耳目 于 日月 方声 气 乎 风雷 其 超出 万物 亦 已灵 矣,氣,123,123,五才,111,113,111,113,same_segment,0,
sentence,方声,1,0.02571860816944126,liuxie_shipin__liuxie_50,liuxie_shipin__liuxie_50__part01,文心雕龍·序志,劉勰,夫有肖貌天地，稟性五才，擬耳目於日月，方聲氣乎風雷，其超出萬物亦已靈矣。,夫有肖貌天地，稟性五才，擬耳目於日月，方聲氣乎風雷，其超出萬物亦已靈矣。,夫有 肖貌 天地 禀性 五才 拟 耳目 于 日月 方声 气 乎 风雷 其 超出 万物 亦 已灵 矣,氣,123,123,方聲,121,123,121,123,same_segment,0,
sentence,风雷,1,0.02571860816944126,liuxie_shipin__liuxie_50,liuxie_shipin__liuxie_50__part01,文心雕龍·序志,劉勰,夫有肖貌天地，稟性五才，擬耳目於日月，方聲氣乎風雷，其超出萬物亦已靈矣。,夫有肖貌天地，稟性五才，擬耳目於日月，方聲氣乎風雷，其超出萬物亦已靈矣。,夫有 肖貌 天地 禀性 五才 拟 耳目 于 日月 方声 气 乎 风雷 其 超出 万物 亦 已灵 矣,氣,123,123,風雷,125,127,125,127,same_segment,0,
sentence,超出,1,0.02571860816944126,liuxie_shipin__liuxie_50,liuxie_shipin__liuxie_50__part01,文心雕龍·序志,劉勰,夫有肖貌天地，稟性五才，擬耳目於日月，方聲氣乎風雷，其超出萬物亦已靈矣。,夫有肖貌天地，稟性五才，擬耳目於日月，方聲氣乎風雷，其超出萬物亦已靈矣。,夫有 肖貌 天地 禀性 五才 拟 耳目 于 日月 方声 气 乎 风雷 其 超出 万物 亦 已灵 矣,氣,123,123,超出,129,131,129,131,same_segment,0,
sentence,已灵,1,0.02571860816944126,liuxie_shipin__liuxie_50,liuxie_shipin__liuxie_50__part01,文心雕龍·序志,劉勰,夫有肖貌天地，稟性五才，擬耳目於日月，方聲氣乎風雷，其超出萬物亦已靈矣。,夫有肖貌天地，稟性五才，擬耳目於日月，方聲氣乎風雷，其超出萬物亦已靈矣。,夫有 肖貌 天地 禀性 五才 拟 耳目 于 日月 方声 气 乎 风雷 其 超出 万物 亦 已灵 矣,氣,123,123,已靈,134,136,134,136,same_segment,0,
sentence,感人,1,0.02571860816944126,liuxie_shipin__shipin_01,liuxie_shipin__shipin_01__part01,詩品·序,鍾嶸,氣之動物，物之感人，故搖盪性情，行諸舞詠。,氣之動物，物之感人，故搖盪性情，行諸舞詠。,气 之 动物 物 之 感人 故 摇荡 性情 行诸 舞咏,氣,0,0,感人,7,9,7,9,same_segment,0,
sentence,摇荡,1,0.02571860816944126,liuxie_shipin__shipin_01,liuxie_shipin__shipin_01__part01,詩品·序,鍾嶸,氣之動物，物之感人，故搖盪性情，行諸舞詠。,氣之動物，物之感人，故搖盪性情，行諸舞詠。,气 之 动物 物 之 感人 故 摇荡 性情 行诸 舞咏,氣,0,0,搖盪,11,13,11,13,same_segment,0,
sentence,行诸,1,0.02571860816944126,liuxie_shipin__shipin_01,liuxie_shipin__shipin_01__part01,詩品·序,鍾嶸,氣之動物，物之感人，故搖盪性情，行諸舞詠。,氣之動物，物之感人，故搖盪性情，行諸舞詠。,气 之 动物 物 之 感人 故 摇荡 性情 行诸 舞咏,氣,0,0,行諸,16,18,16,18,same_segment,0,
sentence,舞咏,1,0.02571860816944126,liuxie_shipin__shipin_01,liuxie_shipin__shipin_01__part01,詩品·序,鍾嶸,氣之動物，物之感人，故搖盪性情，行諸舞詠。,氣之動物，物之感人，故搖盪性情，行諸舞詠。,气 之 动物 物 之 感人 故 摇荡 性情 行诸 舞咏,氣,0,0,舞詠,18,20,18,20,same_segment,0,
sentence,刘越,1,0.02571860816944126,liuxie_shipin__shipin_01,liuxie_shipin__shipin_01__part01,詩品·序,鍾嶸,劉越石仗清剛之氣，贊成厥美。,劉越石仗清剛之氣，贊成厥美。,刘越 石仗 清刚 之 气 赞成 厥 美,氣,443,443,劉越,436,438,436,438,same_segment,0,
sentence,石仗,1,0.02571860816944126,liuxie_shipin__shipin_01,liuxie_shipin__shipin_01__part01,詩品·序,鍾嶸,劉越石仗清剛之氣，贊成厥美。,劉越石仗清剛之氣，贊成厥美。,刘越 石仗 清刚 之 气 赞成 厥 美,氣,443,443,石仗,438,440,438,440,same_segment,0,
sentence,清刚,1,0.02571860816944126,liuxie_shipin__shipin_01,liuxie_shipin__shipin_01__part01,詩品·序,鍾嶸,劉越石仗清剛之氣，贊成厥美。,劉越石仗清剛之氣，贊成厥美。,刘越 石仗 清刚 之 气 赞成 厥 美,氣,443,443,清剛,440,442,440,442,same_segment,0,
sentence,赞成,1,0.02571860816944126,liuxie_shipin__shipin_01,liuxie_shipin__shipin_01__part01,詩品·序,鍾嶸,劉越石仗清剛之氣，贊成厥美。,劉越石仗清剛之氣，贊成厥美。,刘越 石仗 清刚 之 气 赞成 厥 美,氣,443,443,贊成,445,447,445,447,same_segment,0,
sentence,负戈外,1,0.02571860816944126,liuxie_shipin__shipin_01,liuxie_shipin__shipin_01__part01,詩品·序,鍾嶸,或負戈外戍，殺氣雄邊；,或負戈外戍，殺氣雄邊；,或 负戈外 戍 杀 气 雄边,氣,873,873,負戈外,867,870,867,870,same_segment,0,
sentence,雄边,1,0.02571860816944126,liuxie_shipin__shipin_01,liuxie_shipin__shipin_01__part01,詩品·序,鍾嶸,或負戈外戍，殺氣雄邊；,或負戈外戍，殺氣雄邊；,或 负戈外 戍 杀 气 雄边,氣,873,873,雄邊,874,876,874,876,same_segment,0,
sentence,奇高,1,0.02571860816944126,liuxie_shipin__shipin_02,liuxie_shipin__shipin_02__part01,詩品·卷上,鍾嶸,骨氣奇高，詞采華茂，情兼雅怨，體被文質，粲溢今古，卓爾不群。,骨氣奇高，詞采華茂，情兼雅怨，體被文質，粲溢今古，卓爾不群。,骨 气 奇高 词采 华茂 情兼雅怨 体 被 文质 粲溢 今古 卓尔不群,氣,226,226,奇高,227,229,227,229,same_segment,0,
sentence,华茂,1,0.02571860816944126,liuxie_shipin__shipin_02,liuxie_shipin__shipin_02__part01,詩品·卷上,鍾嶸,骨氣奇高，詞采華茂，情兼雅怨，體被文質，粲溢今古，卓爾不群。,骨氣奇高，詞采華茂，情兼雅怨，體被文質，粲溢今古，卓爾不群。,骨 气 奇高 词采 华茂 情兼雅怨 体 被 文质 粲溢 今古 卓尔不群,氣,226,226,華茂,232,234,232,234,same_segment,0,
sentence,情兼雅怨,1,0.02571860816944126,liuxie_shipin__shipin_02,liuxie_shipin__shipin_02__part01,詩品·卷上,鍾嶸,骨氣奇高，詞采華茂，情兼雅怨，體被文質，粲溢今古，卓爾不群。,骨氣奇高，詞采華茂，情兼雅怨，體被文質，粲溢今古，卓爾不群。,骨 气 奇高 词采 华茂 情兼雅怨 体 被 文质 粲溢 今古 卓尔不群,氣,226,226,情兼雅怨,235,239,235,239,same_segment,0,
sentence,粲溢,1,0.02571860816944126,liuxie_shipin__shipin_02,liuxie_shipin__shipin_02__part01,詩品·卷上,鍾嶸,骨氣奇高，詞采華茂，情兼雅怨，體被文質，粲溢今古，卓爾不群。,骨氣奇高，詞采華茂，情兼雅怨，體被文質，粲溢今古，卓爾不群。,骨 气 奇高 词采 华茂 情兼雅怨 体 被 文质 粲溢 今古 卓尔不群,氣,226,226,粲溢,245,247,245,247,same_segment,0,
sentence,卓尔不群,1,0.02571860816944126,liuxie_shipin__shipin_02,liuxie_shipin__shipin_02__part01,詩品·卷上,鍾嶸,骨氣奇高，詞采華茂，情兼雅怨，體被文質，粲溢今古，卓爾不群。,骨氣奇高，詞采華茂，情兼雅怨，體被文質，粲溢今古，卓爾不群。,骨 气 奇高 词采 华茂 情兼雅怨 体 被 文质 粲溢 今古 卓尔不群,氣,226,226,卓爾不群,250,254,250,254,same_segment,0,
sentence,动多振绝,1,0.02571860816944126,liuxie_shipin__shipin_02,liuxie_shipin__shipin_02__part01,詩品·卷上,鍾嶸,仗氣愛奇，動多振絕。,仗氣愛奇，動多振絕。,仗 气 爱奇 动多振绝,氣,367,367,動多振絕,371,375,371,375,same_segment,0,
sentence,雕润,1,0.02571860816944126,liuxie_shipin__shipin_02,liuxie_shipin__shipin_02__part01,詩品·卷上,鍾嶸,但氣過其文，雕潤恨少。,但氣過其文，雕潤恨少。,但 气 过其文 雕润 恨少,氣,387,387,雕潤,392,394,392,394,same_segment,0,
sentence,少于,1,0.02571860816944126,liuxie_shipin__shipin_02,liuxie_shipin__shipin_02__part01,詩品·卷上,鍾嶸,氣少於公幹，文劣於仲宣。,氣少於公幹，文劣於仲宣。,气 少于 公干 文 劣于 仲宣,氣,574,574,少於,575,577,575,577,same_segment,0,
sentence,劣于,1,0.02571860816944126,liuxie_shipin__shipin_02,liuxie_shipin__shipin_02__part01,詩品·卷上,鍾嶸,氣少於公幹，文劣於仲宣。,氣少於公幹，文劣於仲宣。,气 少于 公干 文 劣于 仲宣,氣,574,574,劣於,581,583,581,583,same_segment,0,
sentence,虽名,1,0.02571860816944126,liuxie_shipin__shipin_03,liuxie_shipin__shipin_03__part01,詩品·卷中,鍾嶸,雖名高曩代，而疏亮之士，猶恨其兒女情多，風雲氣少。,雖名高曩代，而疏亮之士，猶恨其兒女情多，風雲氣少。,虽名 高 曩 代 而 疏亮 之士 犹恨 其 儿女情 多 风云 气 少,氣,207,207,雖名,185,187,185,187,same_segment,0,
sentence,疏亮,1,0.02571860816944126,liuxie_shipin__shipin_03,liuxie_shipin__shipin_03__part01,詩品·卷中,鍾嶸,雖名高曩代，而疏亮之士，猶恨其兒女情多，風雲氣少。,雖名高曩代，而疏亮之士，猶恨其兒女情多，風雲氣少。,虽名 高 曩 代 而 疏亮 之士 犹恨 其 儿女情 多 风云 气 少,氣,207,207,疏亮,192,194,192,194,same_segment,0,
sentence,犹恨,1,0.02571860816944126,liuxie_shipin__shipin_03,liuxie_shipin__shipin_03__part01,詩品·卷中,鍾嶸,雖名高曩代，而疏亮之士，猶恨其兒女情多，風雲氣少。,雖名高曩代，而疏亮之士，猶恨其兒女情多，風雲氣少。,虽名 高 曩 代 而 疏亮 之士 犹恨 其 儿女情 多 风云 气 少,氣,207,207,猶恨,197,199,197,199,same_segment,0,
sentence,儿女情,1,0.02571860816944126,liuxie_shipin__shipin_03,liuxie_shipin__shipin_03__part01,詩品·卷中,鍾嶸,雖名高曩代，而疏亮之士，猶恨其兒女情多，風雲氣少。,雖名高曩代，而疏亮之士，猶恨其兒女情多，風雲氣少。,虽名 高 曩 代 而 疏亮 之士 犹恨 其 儿女情 多 风云 气 少,氣,207,207,兒女情,200,203,200,203,same_segment,0,
sentence,凄戾,1,0.02571860816944126,liuxie_shipin__shipin_03,liuxie_shipin__shipin_03__part01,詩品·卷中,鍾嶸,善為淒戾之詞，自有清拔之氣。,善為淒戾之詞，自有清拔之氣。,善为 凄戾 之词 自有 清拔 之 气,氣,453,453,淒戾,443,445,443,445,same_segment,0,
sentence,调警拔,1,0.02571860816944126,liuxie_shipin__shipin_03,liuxie_shipin__shipin_03__part01,詩品·卷中,鍾嶸,觀此五子，文雖不多，氣調警拔，吾許其進，則鮑照、江淹未足逮止。,觀此五子，文雖不多，氣調警拔，吾許其進，則鮑照、江淹未足逮止。,观此 五子 文 虽 不 多 气 调警拔 吾许 其进 则 鲍照 江淹 未足 逮止,氣,671,671,調警拔,672,675,672,675,same_segment,0,
sentence,吾许,1,0.02571860816944126,liuxie_shipin__shipin_03,liuxie_shipin__shipin_03__part01,詩品·卷中,鍾嶸,觀此五子，文雖不多，氣調警拔，吾許其進，則鮑照、江淹未足逮止。,觀此五子，文雖不多，氣調警拔，吾許其進，則鮑照、江淹未足逮止。,观此 五子 文 虽 不 多 气 调警拔 吾许 其进 则 鲍照 江淹 未足 逮止,氣,671,671,吾許,676,678,676,678,same_segment,0,
sentence,其进,1,0.02571860816944126,liuxie_shipin__shipin_03,liuxie_shipin__shipin_03__part01,詩品·卷中,鍾嶸,觀此五子，文雖不多，氣調警拔，吾許其進，則鮑照、江淹未足逮止。,觀此五子，文雖不多，氣調警拔，吾許其進，則鮑照、江淹未足逮止。,观此 五子 文 虽 不 多 气 调警拔 吾许 其进 则 鲍照 江淹 未足 逮止,氣,671,671,其進,678,680,678,680,same_segment,0,
sentence,逮止,1,0.02571860816944126,liuxie_shipin__shipin_03,liuxie_shipin__shipin_03__part01,詩品·卷中,鍾嶸,觀此五子，文雖不多，氣調警拔，吾許其進，則鮑照、江淹未足逮止。,觀此五子，文雖不多，氣調警拔，吾許其進，則鮑照、江淹未足逮止。,观此 五子 文 虽 不 多 气 调警拔 吾许 其进 则 鲍照 江淹 未足 逮止,氣,671,671,逮止,689,691,689,691,same_segment,0,
sentence,逸诗,1,0.02571860816944126,liuxie_shipin__shipin_04,liuxie_shipin__shipin_04__part01,詩品·卷下,鍾嶸,希逸詩，氣候清雅，不逮於范、袁。,希逸詩，氣候清雅，不逮於范、袁。,希 逸诗 气 候 清雅 不 逮于 范 袁,氣,450,450,逸詩,447,449,447,449,same_segment,0,
sentence,尝语,1,0.02571860816944126,liuxie_shipin__shipin_04,liuxie_shipin__shipin_04__part01,詩品·卷下,鍾嶸,嘗語徐太尉云：“我詩有生氣，須人捉著。,嘗語徐太尉云：“我詩有生氣，須人捉著。,尝语 徐 太尉 云 我 诗 有生 气 须 人 捉 著,氣,1233,1233,嘗語,1221,1223,1221,1223,same_segment,0,
