method,collocate,a,b,c,d,N,R1,C1,exp_verified,ratio_verified,p_verified,passed,token_length
window5,辞,5,729,39,34532,35305,734,44,0.9147712788556862,5.465847163735447,0.002128691736164573,True,1
window5,公干,4,730,13,34558,35305,734,17,0.35343435773969695,11.317518833146337,0.00035542108719082327,True,2
window5,不可,4,730,33,34538,35305,734,37,0.7692394844922815,5.199941085499669,0.007102906464104178,True,2
window5,孔融,3,731,6,34565,35305,734,9,0.18711230703866308,16.033151680290644,0.000684603486470157,True,2
window5,人,3,731,28,34543,35305,734,31,0.6444979464665062,4.654785971697284,0.02612069499570235,True,1
window5,志,3,731,6,34565,35305,734,9,0.18711230703866308,16.033151680290644,0.000684603486470157,True,1
window5,衰,3,731,0,34571,35305,734,3,0.06237076901288769,48.09945504087194,8.950336688275547e-06,True,1
window5,元,2,732,6,34565,35305,734,8,0.16632205070103384,12.024863760217984,0.011122062205545295,True,1
window5,体,2,732,5,34566,35305,734,7,0.1455317943634046,13.742701440249125,0.008457437726974522,True,1
window5,高妙,2,732,0,34571,35305,734,2,0.04158051267525846,48.09945504087194,0.00043165810943468806,True,2
window5,异,2,732,11,34560,35305,734,13,0.27027333238918,7.399916160134144,0.02892821589830861,True,1
window5,文以,2,732,4,34567,35305,734,6,0.12474153802577538,16.033151680290647,0.006125106662313348,True,2
window5,为主,2,732,3,34568,35305,734,5,0.10395128168814616,19.239782016348773,0.0041403390551669654,True,2
window5,清浊,2,732,6,34565,35305,734,8,0.16632205070103384,12.024863760217984,0.011122062205545295,True,2
window5,有体,2,732,1,34570,35305,734,3,0.06237076901288769,32.066303360581294,0.0012770736549275127,True,2
window5,力强,2,732,1,34570,35305,734,3,0.06237076901288769,32.066303360581294,0.0012770736549275127,True,2
window5,清,2,732,4,34567,35305,734,6,0.12474153802577538,16.033151680290647,0.006125106662313348,True,1
window5,桓,2,732,9,34562,35305,734,11,0.22869281971392155,8.745355461976715,0.020964163559821402,True,1
window5,韵,2,732,7,34564,35305,734,9,0.18711230703866308,10.68876778686043,0.0141041932681382,True,1
window5,宫商,2,732,13,34558,35305,734,15,0.3118538450644385,6.413260672116258,0.03789412392251854,True,2
window5,刚柔,2,732,4,34567,35305,734,6,0.12474153802577538,16.033151680290647,0.006125106662313348,True,2
window5,以任,2,732,0,34571,35305,734,2,0.04158051267525846,48.09945504087194,0.00043165810943468806,True,2
window5,大略,2,732,3,34568,35305,734,5,0.10395128168814616,19.239782016348773,0.0041403390551669654,True,2
window5,祢衡,2,732,2,34569,35305,734,4,0.08316102535051692,24.04972752043597,0.0025189019680976004,True,2
window5,王充,2,732,0,34571,35305,734,2,0.04158051267525846,48.09945504087194,0.00043165810943468806,True,2
window5,肇自血,2,732,0,34571,35305,734,2,0.04158051267525846,48.09945504087194,0.00043165810943468806,True,3
window5,思锐,2,732,0,34571,35305,734,2,0.04158051267525846,48.09945504087194,0.00043165810943468806,True,2
window5,干时,1,733,0,34571,35305,734,1,0.02079025633762923,48.09945504087194,0.020790256337629234,True,2
window5,有齐,1,733,0,34571,35305,734,1,0.02079025633762923,48.09945504087194,0.020790256337629234,True,2
window5,之匹,1,733,1,34570,35305,734,2,0.04158051267525846,24.04972752043597,0.041148854565823775,True,2
window5,过人,1,733,0,34571,35305,734,1,0.02079025633762923,48.09945504087194,0.020790256337629234,True,2
window5,不齐,1,733,0,34571,35305,734,1,0.02079025633762923,48.09945504087194,0.020790256337629234,True,2
window5,巧拙,1,733,1,34570,35305,734,2,0.04158051267525846,24.04972752043597,0.041148854565823775,True,2
window5,有素,1,733,0,34571,35305,734,1,0.02079025633762923,48.09945504087194,0.020790256337629234,True,2
window5,有逸,1,733,0,34571,35305,734,1,0.02079025633762923,48.09945504087194,0.020790256337629234,True,2
window5,含毫,1,733,1,34570,35305,734,2,0.04158051267525846,24.04972752043597,0.041148854565823775,True,2
window5,寥廓,1,733,1,34570,35305,734,2,0.04158051267525846,24.04972752043597,0.041148854565823775,True,2
window5,优文,1,733,1,34570,35305,734,2,0.04158051267525846,24.04972752043597,0.041148854565823775,True,2
window5,茝,1,733,1,34570,35305,734,2,0.04158051267525846,24.04972752043597,0.041148854565823775,True,1
window5,芬馥,1,733,0,34571,35305,734,1,0.02079025633762923,48.09945504087194,0.020790256337629234,True,2
window5,非容,1,733,0,34571,35305,734,1,0.02079025633762923,48.09945504087194,0.020790256337629234,True,2
window5,所假,1,733,0,34571,35305,734,1,0.02079025633762923,48.09945504087194,0.020790256337629234,True,2
window5,挺,1,733,1,34570,35305,734,2,0.04158051267525846,24.04972752043597,0.041148854565823775,True,1
window5,有生,1,733,1,34570,35305,734,2,0.04158051267525846,24.04972752043597,0.041148854565823775,True,2
window5,之三,1,733,1,34570,35305,734,2,0.04158051267525846,24.04972752043597,0.041148854565823775,True,2
window5,希,1,733,1,34570,35305,734,2,0.04158051267525846,24.04972752043597,0.041148854565823775,True,1
window5,怀灵,1,733,0,34571,35305,734,1,0.02079025633762923,48.09945504087194,0.020790256337629234,True,2
window5,发乎,1,733,1,34570,35305,734,2,0.04158051267525846,24.04972752043597,0.041148854565823775,True,2
window5,芜音,1,733,0,34571,35305,734,1,0.02079025633762923,48.09945504087194,0.020790256337629234,True,2
window5,固亦多,1,733,0,34571,35305,734,1,0.02079025633762923,48.09945504087194,0.020790256337629234,True,3
window5,仲宣以,1,733,0,34571,35305,734,1,0.02079025633762923,48.09945504087194,0.020790256337629234,True,3
window5,质为体,1,733,0,34571,35305,734,1,0.02079025633762923,48.09945504087194,0.020790256337629234,True,3
window5,标能,1,733,0,34571,35305,734,1,0.02079025633762923,48.09945504087194,0.020790256337629234,True,2
window5,独映,1,733,0,34571,35305,734,1,0.02079025633762923,48.09945504087194,0.020790256337629234,True,2
window5,许之风,1,733,0,34571,35305,734,1,0.02079025633762923,48.09945504087194,0.020790256337629234,True,3
window5,大变,1,733,0,34571,35305,734,1,0.02079025633762923,48.09945504087194,0.020790256337629234,True,2
window5,太元,1,733,0,34571,35305,734,1,0.02079025633762923,48.09945504087194,0.020790256337629234,True,2
window5,延年,1,733,1,34570,35305,734,2,0.04158051267525846,24.04972752043597,0.041148854565823775,True,2
window5,内运,1,733,0,34571,35305,734,1,0.02079025633762923,48.09945504087194,0.020790256337629234,True,2
window5,放言,1,733,1,34570,35305,734,2,0.04158051267525846,24.04972752043597,0.041148854565823775,True,2
window5,落纸,1,733,0,34571,35305,734,1,0.02079025633762923,48.09945504087194,0.020790256337629234,True,2
window5,灵变,1,733,0,34571,35305,734,1,0.02079025633762923,48.09945504087194,0.020790256337629234,True,2
window5,许询,1,733,1,34570,35305,734,2,0.04158051267525846,24.04972752043597,0.041148854565823775,True,2
window5,极其,1,733,0,34571,35305,734,1,0.02079025633762923,48.09945504087194,0.020790256337629234,True,2
window5,仲文玄,1,733,0,34571,35305,734,1,0.02079025633762923,48.09945504087194,0.020790256337629234,True,3
window5,谢混情,1,733,0,34571,35305,734,1,0.02079025633762923,48.09945504087194,0.020790256337629234,True,3
window5,同貌,1,733,0,34571,35305,734,1,0.02079025633762923,48.09945504087194,0.020790256337629234,True,2
window5,而俱动,1,733,0,34571,35305,734,1,0.02079025633762923,48.09945504087194,0.020790256337629234,True,3
window5,于魄,1,733,0,34571,35305,734,1,0.02079025633762923,48.09945504087194,0.020790256337629234,True,2
window5,芳草,1,733,0,34571,35305,734,1,0.02079025633762923,48.09945504087194,0.020790256337629234,True,2
window5,宁其,1,733,0,34571,35305,734,1,0.02079025633762923,48.09945504087194,0.020790256337629234,True,2
window5,而皆悦,1,733,0,34571,35305,734,1,0.02079025633762923,48.09945504087194,0.020790256337629234,True,3
window5,魂,1,733,0,34571,35305,734,1,0.02079025633762923,48.09945504087194,0.020790256337629234,True,1
window5,不其然,1,733,0,34571,35305,734,1,0.02079025633762923,48.09945504087194,0.020790256337629234,True,3
window5,品藻,1,733,1,34570,35305,734,2,0.04158051267525846,24.04972752043597,0.041148854565823775,True,2
window5,风采,1,733,1,34570,35305,734,2,0.04158051267525846,24.04972752043597,0.041148854565823775,True,2
window5,精理,1,733,1,34570,35305,734,2,0.04158051267525846,24.04972752043597,0.041148854565823775,True,2
window5,成采,1,733,0,34571,35305,734,1,0.02079025633762923,48.09945504087194,0.020790256337629234,True,2
window5,山海,1,733,1,34570,35305,734,2,0.04158051267525846,24.04972752043597,0.041148854565823775,True,2
window5,槃,1,733,1,34570,35305,734,2,0.04158051267525846,24.04972752043597,0.041148854565823775,True,1
window5,腾跃,1,733,1,34570,35305,734,2,0.04158051267525846,24.04972752043597,0.041148854565823775,True,2
window5,云蜺,1,733,1,34570,35305,734,2,0.04158051267525846,24.04972752043597,0.041148854565823775,True,2
window5,肌肤,1,733,1,34570,35305,734,2,0.04158051267525846,24.04972752043597,0.041148854565823775,True,2
window5,轹古,1,733,0,34571,35305,734,1,0.02079025633762923,48.09945504087194,0.020790256337629234,True,2
window5,辞来切,1,733,0,34571,35305,734,1,0.02079025633762923,48.09945504087194,0.020790256337629234,True,3
window5,惊采绝艳,1,733,0,34571,35305,734,1,0.02079025633762923,48.09945504087194,0.020790256337629234,True,4
window5,恩荣,1,733,0,34571,35305,734,1,0.02079025633762923,48.09945504087194,0.020790256337629234,True,2
window5,叙酣宴,1,733,0,34571,35305,734,1,0.02079025633762923,48.09945504087194,0.020790256337629234,True,3
window5,以使,1,733,0,34571,35305,734,1,0.02079025633762923,48.09945504087194,0.020790256337629234,True,2
window5,而志,1,733,1,34570,35305,734,2,0.04158051267525846,24.04972752043597,0.041148854565823775,True,2
window5,采言,1,733,0,34571,35305,734,1,0.02079025633762923,48.09945504087194,0.020790256337629234,True,2
window5,乐盲,1,733,0,34571,35305,734,1,0.02079025633762923,48.09945504087194,0.020790256337629234,True,2
window5,被律,1,733,0,34571,35305,734,1,0.02079025633762923,48.09945504087194,0.020790256337629234,True,2
window5,志感,1,733,0,34571,35305,734,1,0.02079025633762923,48.09945504087194,0.020790256337629234,True,2
window5,丝篁,1,733,0,34571,35305,734,1,0.02079025633762923,48.09945504087194,0.020790256337629234,True,2
window5,赵代之音,1,733,0,34571,35305,734,1,0.02079025633762923,48.09945504087194,0.020790256337629234,True,4
window5,齐楚,1,733,1,34570,35305,734,2,0.04158051267525846,24.04972752043597,0.041148854565823775,True,2
window5,曼声,1,733,0,34571,35305,734,1,0.02079025633762923,48.09945504087194,0.020790256337629234,True,2
window5,协律,1,733,0,34571,35305,734,1,0.02079025633762923,48.09945504087194,0.020790256337629234,True,2
window5,朱马,1,733,0,34571,35305,734,1,0.02079025633762923,48.09945504087194,0.020790256337629234,True,2
window5,祖,1,733,0,34571,35305,734,1,0.02079025633762923,48.09945504087194,0.020790256337629234,True,1
window5,爽,1,733,0,34571,35305,734,1,0.02079025633762923,48.09945504087194,0.020790256337629234,True,1
window5,才丽,1,733,0,34571,35305,734,1,0.02079025633762923,48.09945504087194,0.020790256337629234,True,2
window5,宰割,1,733,0,34571,35305,734,1,0.02079025633762923,48.09945504087194,0.020790256337629234,True,2
window5,辞调,1,733,0,34571,35305,734,1,0.02079025633762923,48.09945504087194,0.020790256337629234,True,2
window5,音靡,1,733,0,34571,35305,734,1,0.02079025633762923,48.09945504087194,0.020790256337629234,True,2
window5,梗概,1,733,1,34570,35305,734,2,0.04158051267525846,24.04972752043597,0.041148854565823775,True,2
window5,图貌,1,733,1,34570,35305,734,2,0.04158051267525846,24.04972752043597,0.041148854565823775,True,2
window5,臧洪,1,733,0,34571,35305,734,1,0.02079025633762923,48.09945504087194,0.020790256337629234,True,2
window5,歃辞,1,733,0,34571,35305,734,1,0.02079025633762923,48.09945504087194,0.020790256337629234,True,2
window5,截,1,733,0,34571,35305,734,1,0.02079025633762923,48.09945504087194,0.020790256337629234,True,1
window5,奖,1,733,1,34570,35305,734,2,0.04158051267525846,24.04972752043597,0.041148854565823775,True,1
window5,盛于,1,733,1,34570,35305,734,2,0.04158051267525846,24.04972752043597,0.041148854565823775,True,2
window5,弘润,1,733,1,34570,35305,734,2,0.04158051267525846,24.04972752043597,0.041148854565823775,True,2
window5,藻溢于,1,733,0,34571,35305,734,1,0.02079025633762923,48.09945504087194,0.020790256337629234,True,3
window5,辞盈乎,1,733,0,34571,35305,734,1,0.02079025633762923,48.09945504087194,0.020790256337629234,True,3
window5,对问,1,733,1,34570,35305,734,2,0.04158051267525846,24.04972752043597,0.041148854565823775,True,2
window5,以申,1,733,0,34571,35305,734,1,0.02079025633762923,48.09945504087194,0.020790256337629234,True,2
window5,放怀,1,733,0,34571,35305,734,1,0.02079025633762923,48.09945504087194,0.020790256337629234,True,2
window5,实使,1,733,0,34571,35305,734,1,0.02079025633762923,48.09945504087194,0.020790256337629234,True,2
window5,百氏,1,733,1,34570,35305,734,2,0.04158051267525846,24.04972752043597,0.041148854565823775,True,2
window5,负,1,733,1,34570,35305,734,2,0.04158051267525846,24.04972752043597,0.041148854565823775,True,1
window5,列,1,733,1,34570,35305,734,2,0.04158051267525846,24.04972752043597,0.041148854565823775,True,1
window5,御寇,1,733,0,34571,35305,734,1,0.02079025633762923,48.09945504087194,0.020790256337629234,True,2
window5,伟而,1,733,0,34571,35305,734,1,0.02079025633762923,48.09945504087194,0.020790256337629234,True,2
window5,采奇,1,733,0,34571,35305,734,1,0.02079025633762923,48.09945504087194,0.020790256337629234,True,2
window5,华采,1,733,1,34570,35305,734,2,0.04158051267525846,24.04972752043597,0.041148854565823775,True,2
window5,而辞,1,733,1,34570,35305,734,2,0.04158051267525846,24.04972752043597,0.041148854565823775,True,2
window5,师心,1,733,1,34570,35305,734,2,0.04158051267525846,24.04972752043597,0.041148854565823775,True,2
window5,邹阳,1,733,1,34570,35305,734,2,0.04158051267525846,24.04972752043597,0.041148854565823775,True,2
window5,封策,1,733,0,34571,35305,734,1,0.02079025633762923,48.09945504087194,0.020790256337629234,True,2
window5,风雨,1,733,0,34571,35305,734,1,0.02079025633762923,48.09945504087194,0.020790256337629234,True,2
window5,之润,1,733,0,34571,35305,734,1,0.02079025633762923,48.09945504087194,0.020790256337629234,True,2
window5,武,1,733,1,34570,35305,734,2,0.04158051267525846,24.04972752043597,0.041148854565823775,True,1
window5,使声,1,733,0,34571,35305,734,1,0.02079025633762923,48.09945504087194,0.020790256337629234,True,2
window5,冲风,1,733,0,34571,35305,734,1,0.02079025633762923,48.09945504087194,0.020790256337629234,True,2
window5,所击,1,733,0,34571,35305,734,1,0.02079025633762923,48.09945504087194,0.020790256337629234,True,2
window5,欃枪,1,733,0,34571,35305,734,1,0.02079025633762923,48.09945504087194,0.020790256337629234,True,2
window5,所扫,1,733,0,34571,35305,734,1,0.02079025633762923,48.09945504087194,0.020790256337629234,True,2
window5,奋其,1,733,0,34571,35305,734,1,0.02079025633762923,48.09945504087194,0.020790256337629234,True,2
window5,武怒,1,733,0,34571,35305,734,1,0.02079025633762923,48.09945504087194,0.020790256337629234,True,2
window5,彊,1,733,1,34570,35305,734,2,0.04158051267525846,24.04972752043597,0.041148854565823775,True,1
window5,刚健,1,733,1,34570,35305,734,2,0.04158051267525846,24.04972752043597,0.041148854565823775,True,2
window5,使义,1,733,0,34571,35305,734,1,0.02079025633762923,48.09945504087194,0.020790256337629234,True,2
window5,必事昭而理,1,733,0,34571,35305,734,1,0.02079025633762923,48.09945504087194,0.020790256337629234,True,5
window5,盛而,1,733,0,34571,35305,734,1,0.02079025633762923,48.09945504087194,0.020790256337629234,True,2
window5,辞断,1,733,0,34571,35305,734,1,0.02079025633762923,48.09945504087194,0.020790256337629234,True,2
window5,此其要,1,733,0,34571,35305,734,1,0.02079025633762923,48.09945504087194,0.020790256337629234,True,3
window5,文自,1,733,1,34570,35305,734,2,0.04158051267525846,24.04972752043597,0.041148854565823775,True,2
window5,体乏,1,733,0,34571,35305,734,1,0.02079025633762923,48.09945504087194,0.020790256337629234,True,2
window5,之荐,1,733,0,34571,35305,734,1,0.02079025633762923,48.09945504087194,0.020790256337629234,True,2
window5,采飞,1,733,0,34571,35305,734,1,0.02079025633762923,48.09945504087194,0.020790256337629234,True,2
window5,言必,1,733,1,34570,35305,734,2,0.04158051267525846,24.04972752043597,0.041148854565823775,True,2
window5,膏润,1,733,1,34570,35305,734,2,0.04158051267525846,24.04972752043597,0.041148854565823775,True,2
window5,故位,1,733,0,34571,35305,734,1,0.02079025633762923,48.09945504087194,0.020790256337629234,True,2
window5,鸷击,1,733,0,34571,35305,734,1,0.02079025633762923,48.09945504087194,0.020790256337629234,True,2
window5,砥砺,1,733,0,34571,35305,734,1,0.02079025633762923,48.09945504087194,0.020790256337629234,True,2
window5,振风,1,733,0,34571,35305,734,1,0.02079025633762923,48.09945504087194,0.020790256337629234,True,2
window5,简上,1,733,0,34571,35305,734,1,0.02079025633762923,48.09945504087194,0.020790256337629234,True,2
window5,凝霜,1,733,0,34571,35305,734,1,0.02079025633762923,48.09945504087194,0.020790256337629234,True,2
window5,戾,1,733,1,34570,35305,734,2,0.04158051267525846,24.04972752043597,0.041148854565823775,True,1
window5,儒家,1,733,0,34571,35305,734,1,0.02079025633762923,48.09945504087194,0.020790256337629234,True,2
window5,不畏,1,733,0,34571,35305,734,1,0.02079025633762923,48.09945504087194,0.020790256337629234,True,2
window5,御,1,733,1,34570,35305,734,2,0.04158051267525846,24.04972752043597,0.041148854565823775,True,1
window5,流墨,1,733,0,34571,35305,734,1,0.02079025633762923,48.09945504087194,0.020790256337629234,True,2
window5,无纵,1,733,0,34571,35305,734,1,0.02079025633762923,48.09945504087194,0.020790256337629234,True,2
window5,诡随,1,733,0,34571,35305,734,1,0.02079025633762923,48.09945504087194,0.020790256337629234,True,2
window5,声动,1,733,0,34571,35305,734,1,0.02079025633762923,48.09945504087194,0.020790256337629234,True,2
window5,鲁丕,1,733,0,34571,35305,734,1,0.02079025633762923,48.09945504087194,0.020790256337629234,True,2
window5,中策,1,733,0,34571,35305,734,1,0.02079025633762923,48.09945504087194,0.020790256337629234,True,2
window5,独入,1,733,0,34571,35305,734,1,0.02079025633762923,48.09945504087194,0.020790256337629234,True,2
window5,汉来,1,733,0,34571,35305,734,1,0.02079025633762923,48.09945504087194,0.020790256337629234,True,2
window5,之酬,1,733,0,34571,35305,734,1,0.02079025633762923,48.09945504087194,0.020790256337629234,True,2
window5,会宗,1,733,0,34571,35305,734,1,0.02079025633762923,48.09945504087194,0.020790256337629234,True,2
window5,子云之答,1,733,0,34571,35305,734,1,0.02079025633762923,48.09945504087194,0.020790256337629234,True,4
window5,含殊,1,733,0,34571,35305,734,1,0.02079025633762923,48.09945504087194,0.020790256337629234,True,2
window5,实志,1,733,1,34570,35305,734,2,0.04158051267525846,24.04972752043597,0.041148854565823775,True,2
window5,涤畅,1,733,0,34571,35305,734,1,0.02079025633762923,48.09945504087194,0.020790256337629234,True,2
window5,优柔,1,733,1,34570,35305,734,2,0.04158051267525846,24.04972752043597,0.041148854565823775,True,2
window5,以怿怀,1,733,0,34571,35305,734,1,0.02079025633762923,48.09945504087194,0.020790256337629234,True,3
window5,然才,1,733,1,34570,35305,734,2,0.04158051267525846,24.04972752043597,0.041148854565823775,True,2
window5,神居,1,733,0,34571,35305,734,1,0.02079025633762923,48.09945504087194,0.020790256337629234,True,2
window5,统其,1,733,0,34571,35305,734,1,0.02079025633762923,48.09945504087194,0.020790256337629234,True,2
window5,搦,1,733,0,34571,35305,734,1,0.02079025633762923,48.09945504087194,0.020790256337629234,True,1
window5,辞前,1,733,0,34571,35305,734,1,0.02079025633762923,48.09945504087194,0.020790256337629234,True,2
window5,谭疾,1,733,0,34571,35305,734,1,0.02079025633762923,48.09945504087194,0.020790256337629234,True,2
window5,感于,1,733,0,34571,35305,734,1,0.02079025633762923,48.09945504087194,0.020790256337629234,True,2
window5,苦思,1,733,0,34571,35305,734,1,0.02079025633762923,48.09945504087194,0.020790256337629234,True,2
window5,竭于,1,733,0,34571,35305,734,1,0.02079025633762923,48.09945504087194,0.020790256337629234,True,2
window5,研京以,1,733,0,34571,35305,734,1,0.02079025633762923,48.09945504087194,0.020790256337629234,True,3
window5,十年,1,733,0,34571,35305,734,1,0.02079025633762923,48.09945504087194,0.020790256337629234,True,2
window5,缀虑,1,733,1,34570,35305,734,2,0.04158051267525846,24.04972752043597,0.041148854565823775,True,2
window5,有庸俊,1,733,0,34571,35305,734,1,0.02079025633762923,48.09945504087194,0.020790256337629234,True,3
window5,学有,1,733,0,34571,35305,734,1,0.02079025633762923,48.09945504087194,0.020790256337629234,True,2
window5,习有,1,733,0,34571,35305,734,1,0.02079025633762923,48.09945504087194,0.020790256337629234,True,2
window5,风趣,1,733,0,34571,35305,734,1,0.02079025633762923,48.09945504087194,0.020790256337629234,True,2
window5,宁,1,733,1,34570,35305,734,2,0.04158051267525846,24.04972752043597,0.041148854565823775,True,1
window5,改其,1,733,0,34571,35305,734,1,0.02079025633762923,48.09945504087194,0.020790256337629234,True,2
window5,竞今,1,733,1,34570,35305,734,2,0.04158051267525846,24.04972752043597,0.041148854565823775,True,2
window5,功以,1,733,0,34571,35305,734,1,0.02079025633762923,48.09945504087194,0.020790256337629234,True,2
window5,学成,1,733,0,34571,35305,734,1,0.02079025633762923,48.09945504087194,0.020790256337629234,True,2
window5,志以,1,733,0,34571,35305,734,1,0.02079025633762923,48.09945504087194,0.020790256337629234,True,2
window5,定言,1,733,0,34571,35305,734,1,0.02079025633762923,48.09945504087194,0.020790256337629234,True,2
window5,褊,1,733,0,34571,35305,734,1,0.02079025633762923,48.09945504087194,0.020790256337629234,True,1
window5,故言壮,1,733,0,34571,35305,734,1,0.02079025633762923,48.09945504087194,0.020790256337629234,True,3
window5,情骇,1,733,0,34571,35305,734,1,0.02079025633762923,48.09945504087194,0.020790256337629234,True,2
window5,恒资,1,733,0,34571,35305,734,1,0.02079025633762923,48.09945504087194,0.020790256337629234,True,2
window5,斯乃化,1,733,0,34571,35305,734,1,0.02079025633762923,48.09945504087194,0.020790256337629234,True,3
window5,树骸,1,733,0,34571,35305,734,1,0.02079025633762923,48.09945504087194,0.020790256337629234,True,2
window5,情之,1,733,0,34571,35305,734,1,0.02079025633762923,48.09945504087194,0.020790256337629234,True,2
window5,含风,1,733,0,34571,35305,734,1,0.02079025633762923,48.09945504087194,0.020790256337629234,True,2
window5,犹形,1,733,0,34571,35305,734,1,0.02079025633762923,48.09945504087194,0.020790256337629234,True,2
window5,之包,1,733,0,34571,35305,734,1,0.02079025633762923,48.09945504087194,0.020790256337629234,True,2
window5,骏爽,1,733,0,34571,35305,734,1,0.02079025633762923,48.09945504087194,0.020790256337629234,True,2
window5,文风,1,733,0,34571,35305,734,1,0.02079025633762923,48.09945504087194,0.020790256337629234,True,2
window5,清焉,1,733,0,34571,35305,734,1,0.02079025633762923,48.09945504087194,0.020790256337629234,True,2
window5,裁篇,1,733,0,34571,35305,734,1,0.02079025633762923,48.09945504087194,0.020790256337629234,True,2
window5,务盈守,1,733,0,34571,35305,734,1,0.02079025633762923,48.09945504087194,0.020790256337629234,True,3
window5,既实,1,733,0,34571,35305,734,1,0.02079025633762923,48.09945504087194,0.020790256337629234,True,2
window5,乃新,1,733,0,34571,35305,734,1,0.02079025633762923,48.09945504087194,0.020790256337629234,True,2
window5,凝而,1,733,1,34570,35305,734,2,0.04158051267525846,24.04972752043597,0.041148854565823775,True,2
window5,思不,1,733,0,34571,35305,734,1,0.02079025633762923,48.09945504087194,0.020790256337629234,True,2
window5,环周,1,733,0,34571,35305,734,1,0.02079025633762923,48.09945504087194,0.020790256337629234,True,2
window5,索莫乏,1,733,0,34571,35305,734,1,0.02079025633762923,48.09945504087194,0.020790256337629234,True,3
window5,无风,1,733,0,34571,35305,734,1,0.02079025633762923,48.09945504087194,0.020790256337629234,True,2
window5,之验,1,733,1,34570,35305,734,2,0.04158051267525846,24.04972752043597,0.041148854565823775,True,2
window5,赋仙,1,733,0,34571,35305,734,1,0.02079025633762923,48.09945504087194,0.020790256337629234,True,2
window5,文称,1,733,1,34570,35305,734,2,0.04158051267525846,24.04972752043597,0.041148854565823775,True,2
window5,故其论,1,733,0,34571,35305,734,1,0.02079025633762923,48.09945504087194,0.020790256337629234,True,3
window5,云体,1,733,0,34571,35305,734,1,0.02079025633762923,48.09945504087194,0.020790256337629234,True,2
window5,云时,1,733,0,34571,35305,734,1,0.02079025633762923,48.09945504087194,0.020790256337629234,True,2
window5,逸,1,733,1,34570,35305,734,2,0.04158051267525846,24.04972752043597,0.041148854565823775,True,1
window5,卓卓,1,733,1,34570,35305,734,2,0.04158051267525846,24.04972752043597,0.041148854565823775,True,2
window5,信含,1,733,0,34571,35305,734,1,0.02079025633762923,48.09945504087194,0.020790256337629234,True,2
window5,笔墨,1,733,0,34571,35305,734,1,0.02079025633762923,48.09945504087194,0.020790256337629234,True,2
window5,之性,1,733,0,34571,35305,734,1,0.02079025633762923,48.09945504087194,0.020790256337629234,True,2
window5,并重,1,733,0,34571,35305,734,1,0.02079025633762923,48.09945504087194,0.020790256337629234,True,2
window5,翰飞,1,733,0,34571,35305,734,1,0.02079025633762923,48.09945504087194,0.020790256337629234,True,2
window5,骨劲,1,733,0,34571,35305,734,1,0.02079025633762923,48.09945504087194,0.020790256337629234,True,2
window5,猛,1,733,0,34571,35305,734,1,0.02079025633762923,48.09945504087194,0.020790256337629234,True,1
window5,辞共体,1,733,0,34571,35305,734,1,0.02079025633762923,48.09945504087194,0.020790256337629234,True,3
window5,风昧,1,733,0,34571,35305,734,1,0.02079025633762923,48.09945504087194,0.020790256337629234,True,2
window5,按节,1,733,0,34571,35305,734,1,0.02079025633762923,48.09945504087194,0.020790256337629234,True,2
window5,凭情,1,733,0,34571,35305,734,1,0.02079025633762923,48.09945504087194,0.020790256337629234,True,2
window5,适变,1,733,1,34570,35305,734,2,0.04158051267525846,24.04972752043597,0.041148854565823775,True,2
window5,采如,1,733,0,34571,35305,734,1,0.02079025633762923,48.09945504087194,0.020790256337629234,True,2
window5,宛虹,1,733,1,34570,35305,734,2,0.04158051267525846,24.04972752043597,0.041148854565823775,True,2
window5,之奋,1,733,0,34571,35305,734,1,0.02079025633762923,48.09945504087194,0.020790256337629234,True,2
window5,所谈,1,733,0,34571,35305,734,1,0.02079025633762923,48.09945504087194,0.020790256337629234,True,2
window5,声合,1,733,0,34571,35305,734,1,0.02079025633762923,48.09945504087194,0.020790256337629234,True,2
window5,乐歌,1,733,0,34571,35305,734,1,0.02079025633762923,48.09945504087194,0.020790256337629234,True,2
window5,力穷于,1,733,0,34571,35305,734,1,0.02079025633762923,48.09945504087194,0.020790256337629234,True,3
window5,和韵,1,733,0,34571,35305,734,1,0.02079025633762923,48.09945504087194,0.020790256337629234,True,2
window5,一定,1,733,0,34571,35305,734,1,0.02079025633762923,48.09945504087194,0.020790256337629234,True,2
window5,余声,1,733,1,34570,35305,734,2,0.04158051267525846,24.04972752043597,0.041148854565823775,True,2
window5,易遣,1,733,0,34571,35305,734,1,0.02079025633762923,48.09945504087194,0.020790256337629234,True,2
window5,两韵辄易,1,733,0,34571,35305,734,1,0.02079025633762923,48.09945504087194,0.020790256337629234,True,4
window5,无奇,1,733,0,34571,35305,734,1,0.02079025633762923,48.09945504087194,0.020790256337629234,True,2
window5,文乏,1,733,0,34571,35305,734,1,0.02079025633762923,48.09945504087194,0.020790256337629234,True,2
window5,碌碌,1,733,1,34570,35305,734,2,0.04158051267525846,24.04972752043597,0.041148854565823775,True,2
window5,宫殿,1,733,0,34571,35305,734,1,0.02079025633762923,48.09945504087194,0.020790256337629234,True,2
window5,嵯峨,1,733,1,34570,35305,734,2,0.04158051267525846,24.04972752043597,0.041148854565823775,True,2
window5,挟声,1,733,0,34571,35305,734,1,0.02079025633762923,48.09945504087194,0.020790256337629234,True,2
window5,步,1,733,1,34570,35305,734,2,0.04158051267525846,24.04972752043597,0.041148854565823775,True,1
window5,鹏运,1,733,0,34571,35305,734,1,0.02079025633762923,48.09945504087194,0.020790256337629234,True,2
window5,鸿渐,1,733,0,34571,35305,734,1,0.02079025633762923,48.09945504087194,0.020790256337629234,True,2
window5,寒而事伤,1,733,0,34571,35305,734,1,0.02079025633762923,48.09945504087194,0.020790256337629234,True,4
window5,覉,1,733,0,34571,35305,734,1,0.02079025633762923,48.09945504087194,0.020790256337629234,True,1
window5,旅,1,733,0,34571,35305,734,1,0.02079025633762923,48.09945504087194,0.020790256337629234,True,1
window5,制养,1,733,0,34571,35305,734,1,0.02079025633762923,48.09945504087194,0.020790256337629234,True,2
window5,验己,1,733,0,34571,35305,734,1,0.02079025633762923,48.09945504087194,0.020790256337629234,True,2
window5,虚造,1,733,0,34571,35305,734,1,0.02079025633762923,48.09945504087194,0.020790256337629234,True,2
window5,钻砺,1,733,0,34571,35305,734,1,0.02079025633762923,48.09945504087194,0.020790256337629234,True,2
window5,过分,1,733,0,34571,35305,734,1,0.02079025633762923,48.09945504087194,0.020790256337629234,True,2
window5,神疲而,1,733,0,34571,35305,734,1,0.02079025633762923,48.09945504087194,0.020790256337629234,True,3
window5,而志盛,1,733,0,34571,35305,734,1,0.02079025633762923,48.09945504087194,0.020790256337629234,True,3
window5,长艾,1,733,0,34571,35305,734,1,0.02079025633762923,48.09945504087194,0.020790256337629234,True,2
window5,识坚,1,733,0,34571,35305,734,1,0.02079025633762923,48.09945504087194,0.020790256337629234,True,2
window5,盛者,1,733,0,34571,35305,734,1,0.02079025633762923,48.09945504087194,0.020790256337629234,True,2
window5,以胜劳,1,733,0,34571,35305,734,1,0.02079025633762923,48.09945504087194,0.020790256337629234,True,3
window5,衰者虑,1,733,0,34571,35305,734,1,0.02079025633762923,48.09945504087194,0.020790256337629234,True,3
window5,密以,1,733,1,34570,35305,734,2,0.04158051267525846,24.04972752043597,0.041148854565823775,True,2
window5,伤神,1,733,0,34571,35305,734,1,0.02079025633762923,48.09945504087194,0.020790256337629234,True,2
window5,斯实,1,733,0,34571,35305,734,1,0.02079025633762923,48.09945504087194,0.020790256337629234,True,2
window5,中人,1,733,0,34571,35305,734,1,0.02079025633762923,48.09945504087194,0.020790256337629234,True,2
window5,惭凫企鹤,1,733,0,34571,35305,734,1,0.02079025633762923,48.09945504087194,0.020790256337629234,True,4
window5,沥辞,1,733,0,34571,35305,734,1,0.02079025633762923,48.09945504087194,0.020790256337629234,True,2
window5,镌思,1,733,0,34571,35305,734,1,0.02079025633762923,48.09945504087194,0.020790256337629234,True,2
window5,内销,1,733,0,34571,35305,734,1,0.02079025633762923,48.09945504087194,0.020790256337629234,True,2
window5,尾闾,1,733,0,34571,35305,734,1,0.02079025633762923,48.09945504087194,0.020790256337629234,True,2
window5,之波,1,733,0,34571,35305,734,1,0.02079025633762923,48.09945504087194,0.020790256337629234,True,2
window5,神志,1,733,0,34571,35305,734,1,0.02079025633762923,48.09945504087194,0.020790256337629234,True,2
window5,销铄,1,733,0,34571,35305,734,1,0.02079025633762923,48.09945504087194,0.020790256337629234,True,2
window5,精胆,1,733,0,34571,35305,734,1,0.02079025633762923,48.09945504087194,0.020790256337629234,True,2
window5,蹙迫,1,733,0,34571,35305,734,1,0.02079025633762923,48.09945504087194,0.020790256337629234,True,2
window5,秉牍,1,733,0,34571,35305,734,1,0.02079025633762923,48.09945504087194,0.020790256337629234,True,2
window5,驱龄,1,733,0,34571,35305,734,1,0.02079025633762923,48.09945504087194,0.020790256337629234,True,2
window5,洒翰,1,733,0,34571,35305,734,1,0.02079025633762923,48.09945504087194,0.020790256337629234,True,2
window5,以伐性,1,733,0,34571,35305,734,1,0.02079025633762923,48.09945504087194,0.020790256337629234,True,3
window5,条畅,1,733,0,34571,35305,734,1,0.02079025633762923,48.09945504087194,0.020790256337629234,True,2
window5,烦而,1,733,0,34571,35305,734,1,0.02079025633762923,48.09945504087194,0.020790256337629234,True,2
window5,即舍,1,733,0,34571,35305,734,1,0.02079025633762923,48.09945504087194,0.020790256337629234,True,2
window5,壅滞,1,733,0,34571,35305,734,1,0.02079025633762923,48.09945504087194,0.020790256337629234,True,2
window5,胎息,1,733,0,34571,35305,734,1,0.02079025633762923,48.09945504087194,0.020790256337629234,True,2
window5,迈术,1,733,0,34571,35305,734,1,0.02079025633762923,48.09945504087194,0.020790256337629234,True,2
window5,斯亦卫,1,733,0,34571,35305,734,1,0.02079025633762923,48.09945504087194,0.020790256337629234,True,3
window5,一方,1,733,0,34571,35305,734,1,0.02079025633762923,48.09945504087194,0.020790256337629234,True,2
window5,元神,1,733,0,34571,35305,734,1,0.02079025633762923,48.09945504087194,0.020790256337629234,True,2
window5,宜宝,1,733,0,34571,35305,734,1,0.02079025633762923,48.09945504087194,0.020790256337629234,True,2
window5,素,1,733,0,34571,35305,734,1,0.02079025633762923,48.09945504087194,0.020790256337629234,True,1
window5,资养,1,733,0,34571,35305,734,1,0.02079025633762923,48.09945504087194,0.020790256337629234,True,2
window5,为声,1,733,0,34571,35305,734,1,0.02079025633762923,48.09945504087194,0.020790256337629234,True,2
window5,义味,1,733,0,34571,35305,734,1,0.02079025633762923,48.09945504087194,0.020790256337629234,True,2
window5,而生,1,733,0,34571,35305,734,1,0.02079025633762923,48.09945504087194,0.020790256337629234,True,2
window5,丛杂,1,733,0,34571,35305,734,1,0.02079025633762923,48.09945504087194,0.020790256337629234,True,2
window5,视之则,1,733,0,34571,35305,734,1,0.02079025633762923,48.09945504087194,0.020790256337629234,True,3
window5,锦绘,1,733,0,34571,35305,734,1,0.02079025633762923,48.09945504087194,0.020790256337629234,True,2
window5,笔长,1,733,0,34571,35305,734,1,0.02079025633762923,48.09945504087194,0.020790256337629234,True,2
window5,至明,1,733,0,34571,35305,734,1,0.02079025633762923,48.09945504087194,0.020790256337629234,True,2
window5,帝纂,1,733,0,34571,35305,734,1,0.02079025633762923,48.09945504087194,0.020790256337629234,True,2
window5,戎,1,733,0,34571,35305,734,1,0.02079025633762923,48.09945504087194,0.020790256337629234,True,1
window5,制诗,1,733,0,34571,35305,734,1,0.02079025633762923,48.09945504087194,0.020790256337629234,True,2
window5,朝贵,1,733,0,34571,35305,734,1,0.02079025633762923,48.09945504087194,0.020790256337629234,True,2
window5,称盛,1,733,0,34571,35305,734,1,0.02079025633762923,48.09945504087194,0.020790256337629234,True,2
window5,因谈余,1,733,0,34571,35305,734,1,0.02079025633762923,48.09945504087194,0.020790256337629234,True,3
window5,流成,1,733,0,34571,35305,734,1,0.02079025633762923,48.09945504087194,0.020790256337629234,True,2
window5,盖阳,1,733,0,34571,35305,734,1,0.02079025633762923,48.09945504087194,0.020790256337629234,True,2
window5,萌而,1,733,0,34571,35305,734,1,0.02079025633762923,48.09945504087194,0.020790256337629234,True,2
window5,玄驹,1,733,0,34571,35305,734,1,0.02079025633762923,48.09945504087194,0.020790256337629234,True,2
window5,阴律,1,733,0,34571,35305,734,1,0.02079025633762923,48.09945504087194,0.020790256337629234,True,2
window5,动物,1,733,1,34570,35305,734,2,0.04158051267525846,24.04972752043597,0.041148854565823775,True,2
window5,其惠心,1,733,0,34571,35305,734,1,0.02079025633762923,48.09945504087194,0.020790256337629234,True,3
window5,秀其清,1,733,0,34571,35305,734,1,0.02079025633762923,48.09945504087194,0.020790256337629234,True,3
window5,相召,1,733,0,34571,35305,734,1,0.02079025633762923,48.09945504087194,0.020790256337629234,True,2
window5,获安,1,733,0,34571,35305,734,1,0.02079025633762923,48.09945504087194,0.020790256337629234,True,2
window5,天高,1,733,0,34571,35305,734,1,0.02079025633762923,48.09945504087194,0.020790256337629234,True,2
window5,阴沈,1,733,0,34571,35305,734,1,0.02079025633762923,48.09945504087194,0.020790256337629234,True,2
window5,志远,1,733,0,34571,35305,734,1,0.02079025633762923,48.09945504087194,0.020790256337629234,True,2
window5,随物,1,733,0,34571,35305,734,1,0.02079025633762923,48.09945504087194,0.020790256337629234,True,2
window5,于笔,1,733,0,34571,35305,734,1,0.02079025633762923,48.09945504087194,0.020790256337629234,True,2
window5,以遣论,1,733,0,34571,35305,734,1,0.02079025633762923,48.09945504087194,0.020790256337629234,True,3
window5,阮籍,1,733,1,34570,35305,734,2,0.04158051267525846,24.04972752043597,0.041148854565823775,True,2
window5,以命,1,733,0,34571,35305,734,1,0.02079025633762923,48.09945504087194,0.020790256337629234,True,2
window5,殊声,1,733,0,34571,35305,734,1,0.02079025633762923,48.09945504087194,0.020790256337629234,True,2
window5,合响,1,733,0,34571,35305,734,1,0.02079025633762923,48.09945504087194,0.020790256337629234,True,2
window5,方声,1,733,0,34571,35305,734,1,0.02079025633762923,48.09945504087194,0.020790256337629234,True,2
window5,风雷,1,733,0,34571,35305,734,1,0.02079025633762923,48.09945504087194,0.020790256337629234,True,2
window5,超出,1,733,0,34571,35305,734,1,0.02079025633762923,48.09945504087194,0.020790256337629234,True,2
window5,感人,1,733,0,34571,35305,734,1,0.02079025633762923,48.09945504087194,0.020790256337629234,True,2
window5,刘越,1,733,0,34571,35305,734,1,0.02079025633762923,48.09945504087194,0.020790256337629234,True,2
window5,石仗,1,733,0,34571,35305,734,1,0.02079025633762923,48.09945504087194,0.020790256337629234,True,2
window5,清刚,1,733,0,34571,35305,734,1,0.02079025633762923,48.09945504087194,0.020790256337629234,True,2
window5,赞成,1,733,0,34571,35305,734,1,0.02079025633762923,48.09945504087194,0.020790256337629234,True,2
window5,负戈外,1,733,0,34571,35305,734,1,0.02079025633762923,48.09945504087194,0.020790256337629234,True,3
window5,戍,1,733,0,34571,35305,734,1,0.02079025633762923,48.09945504087194,0.020790256337629234,True,1
window5,杀,1,733,0,34571,35305,734,1,0.02079025633762923,48.09945504087194,0.020790256337629234,True,1
window5,雄边,1,733,0,34571,35305,734,1,0.02079025633762923,48.09945504087194,0.020790256337629234,True,2
window5,奇高,1,733,0,34571,35305,734,1,0.02079025633762923,48.09945504087194,0.020790256337629234,True,2
window5,词采,1,733,1,34570,35305,734,2,0.04158051267525846,24.04972752043597,0.041148854565823775,True,2
window5,华茂,1,733,0,34571,35305,734,1,0.02079025633762923,48.09945504087194,0.020790256337629234,True,2
window5,情兼雅怨,1,733,0,34571,35305,734,1,0.02079025633762923,48.09945504087194,0.020790256337629234,True,4
window5,仗,1,733,0,34571,35305,734,1,0.02079025633762923,48.09945504087194,0.020790256337629234,True,1
window5,动多振绝,1,733,0,34571,35305,734,1,0.02079025633762923,48.09945504087194,0.020790256337629234,True,4
window5,过其文,1,733,1,34570,35305,734,2,0.04158051267525846,24.04972752043597,0.041148854565823775,True,3
window5,雕润,1,733,0,34571,35305,734,1,0.02079025633762923,48.09945504087194,0.020790256337629234,True,2
window5,恨少,1,733,1,34570,35305,734,2,0.04158051267525846,24.04972752043597,0.041148854565823775,True,2
window5,少于,1,733,0,34571,35305,734,1,0.02079025633762923,48.09945504087194,0.020790256337629234,True,2
window5,劣于,1,733,0,34571,35305,734,1,0.02079025633762923,48.09945504087194,0.020790256337629234,True,2
window5,犹恨,1,733,0,34571,35305,734,1,0.02079025633762923,48.09945504087194,0.020790256337629234,True,2
window5,儿女情,1,733,0,34571,35305,734,1,0.02079025633762923,48.09945504087194,0.020790256337629234,True,3
window5,凄戾,1,733,0,34571,35305,734,1,0.02079025633762923,48.09945504087194,0.020790256337629234,True,2
window5,清拔,1,733,1,34570,35305,734,2,0.04158051267525846,24.04972752043597,0.041148854565823775,True,2
window5,调警拔,1,733,0,34571,35305,734,1,0.02079025633762923,48.09945504087194,0.020790256337629234,True,3
window5,吾许,1,733,0,34571,35305,734,1,0.02079025633762923,48.09945504087194,0.020790256337629234,True,2
window5,其进,1,733,0,34571,35305,734,1,0.02079025633762923,48.09945504087194,0.020790256337629234,True,2
window5,太尉,1,733,1,34570,35305,734,2,0.04158051267525846,24.04972752043597,0.041148854565823775,True,2
window5,清雅,1,733,1,34570,35305,734,2,0.04158051267525846,24.04972752043597,0.041148854565823775,True,2
window5,逸诗,1,733,0,34571,35305,734,1,0.02079025633762923,48.09945504087194,0.020790256337629234,True,2
window5,候,1,733,0,34571,35305,734,1,0.02079025633762923,48.09945504087194,0.020790256337629234,True,1
window5,范,1,733,0,34571,35305,734,1,0.02079025633762923,48.09945504087194,0.020790256337629234,True,1
window5,捉,1,733,0,34571,35305,734,1,0.02079025633762923,48.09945504087194,0.020790256337629234,True,1
window10,之,32,1015,727,33531,35305,1047,759,22.508794788273615,1.4216665219530549,0.030765104570843988,True,1
window10,公干,5,1042,12,34246,35305,1047,17,0.5041495538875513,9.91769200516883,0.00010442010906567971,True,2
window10,文,5,1042,56,34202,35305,1047,61,1.8090072227729783,2.7639469522601656,0.03452781834983787,True,1
window10,辞,5,1042,39,34219,35305,1047,44,1.304857668885427,3.8318355474515933,0.009474128915133176,True,1
window10,不可,4,1043,33,34225,35305,1047,37,1.0972666761082,3.6454219262242185,0.02337869789413381,True,2
window10,孔融,3,1044,6,34252,35305,1047,9,0.26690270499929186,11.240050939191342,0.0019106326974414353,True,2
window10,志,3,1044,6,34252,35305,1047,9,0.26690270499929186,11.240050939191342,0.0019106326974414353,True,1
window10,使,3,1044,22,34236,35305,1047,25,0.7413964027758108,4.046418338108882,0.03681733473658048,True,1
window10,总,3,1044,12,34246,35305,1047,15,0.44483784166548646,6.744030563514804,0.009062044411229597,True,1
window10,衰,3,1044,0,34258,35305,1047,3,0.0889675683330973,33.72015281757402,2.6008955624588842e-05,True,1
window10,元,2,1045,6,34252,35305,1047,8,0.23724684888825945,8.430038204393506,0.021845857263150758,True,1
window10,长于,2,1045,4,34254,35305,1047,6,0.1779351366661946,11.24005093919134,0.012173532982257079,True,2
window10,徐,2,1045,1,34257,35305,1047,3,0.0889675683330973,22.48010187838268,0.002583946185635589,True,1
window10,体,2,1045,5,34253,35305,1047,7,0.20759099277722703,9.63432937644972,0.01670999934612516,True,1
window10,高妙,2,1045,0,34258,35305,1047,2,0.05931171222206486,33.720152817574025,0.0008786546989615886,True,2
window10,文以,2,1045,4,34254,35305,1047,6,0.1779351366661946,11.24005093919134,0.012173532982257079,True,2
window10,为主,2,1045,3,34255,35305,1047,5,0.14827928055516215,13.488061127029608,0.008277814570339742,True,2
window10,清浊,2,1045,6,34252,35305,1047,8,0.23724684888825945,8.430038204393506,0.021845857263150758,True,2
window10,有体,2,1045,1,34257,35305,1047,3,0.0889675683330973,22.48010187838268,0.002583946185635589,True,2
window10,力强,2,1045,1,34257,35305,1047,3,0.0889675683330973,22.48010187838268,0.002583946185635589,True,2
window10,而致,2,1045,1,34257,35305,1047,3,0.0889675683330973,22.48010187838268,0.002583946185635589,True,2
window10,遒,2,1045,3,34255,35305,1047,5,0.14827928055516215,13.488061127029608,0.008277814570339742,True,1
window10,当时,2,1045,4,34254,35305,1047,6,0.1779351366661946,11.24005093919134,0.012173532982257079,True,2
window10,清,2,1045,4,34254,35305,1047,6,0.1779351366661946,11.24005093919134,0.012173532982257079,True,1
window10,乘,2,1045,10,34248,35305,1047,12,0.3558702733323892,5.62002546959567,0.04762050327227189,True,1
window10,桓,2,1045,9,34249,35305,1047,11,0.32621441722135675,6.13093687592255,0.04046404810631621,True,1
window10,韵,2,1045,7,34251,35305,1047,9,0.26690270499929186,7.493367292794227,0.02754163571049626,True,1
window10,刚柔,2,1045,4,34254,35305,1047,6,0.1779351366661946,11.24005093919134,0.012173532982257079,True,2
window10,情性,2,1045,6,34252,35305,1047,8,0.23724684888825945,8.430038204393506,0.021845857263150758,True,2
window10,英华,2,1045,4,34254,35305,1047,6,0.1779351366661946,11.24005093919134,0.012173532982257079,True,2
window10,耳目,2,1045,4,34254,35305,1047,6,0.1779351366661946,11.24005093919134,0.012173532982257079,True,2
window10,以任,2,1045,0,34258,35305,1047,2,0.05931171222206486,33.720152817574025,0.0008786546989615886,True,2
window10,大略,2,1045,3,34255,35305,1047,5,0.14827928055516215,13.488061127029608,0.008277814570339742,True,2
window10,置,2,1045,3,34255,35305,1047,5,0.14827928055516215,13.488061127029608,0.008277814570339742,True,1
window10,法家,2,1045,1,34257,35305,1047,3,0.0889675683330973,22.48010187838268,0.002583946185635589,True,2
window10,祢衡,2,1045,2,34256,35305,1047,4,0.11862342444412972,16.860076408787013,0.005066164068148951,True,2
window10,关键,2,1045,1,34257,35305,1047,3,0.0889675683330973,22.48010187838268,0.002583946185635589,True,2
window10,王充,2,1045,0,34258,35305,1047,2,0.05931171222206486,33.720152817574025,0.0008786546989615886,True,2
window10,肇自血,2,1045,0,34258,35305,1047,2,0.05931171222206486,33.720152817574025,0.0008786546989615886,True,3
window10,羞,2,1045,0,34258,35305,1047,2,0.05931171222206486,33.720152817574025,0.0008786546989615886,True,1
window10,步,2,1045,0,34258,35305,1047,2,0.05931171222206486,33.720152817574025,0.0008786546989615886,True,1
window10,思锐,2,1045,0,34258,35305,1047,2,0.05931171222206486,33.720152817574025,0.0008786546989615886,True,2
window10,干时,1,1046,0,34258,35305,1047,1,0.02965585611103243,33.720152817574025,0.029655856111032435,True,2
window10,有齐,1,1046,0,34258,35305,1047,1,0.02965585611103243,33.720152817574025,0.029655856111032435,True,2
window10,过人,1,1046,0,34258,35305,1047,1,0.02965585611103243,33.720152817574025,0.029655856111032435,True,2
window10,不齐,1,1046,0,34258,35305,1047,1,0.02965585611103243,33.720152817574025,0.029655856111032435,True,2
window10,有素,1,1046,0,34258,35305,1047,1,0.02965585611103243,33.720152817574025,0.029655856111032435,True,2
window10,父兄,1,1046,0,34258,35305,1047,1,0.02965585611103243,33.720152817574025,0.029655856111032435,True,2
window10,以移,1,1046,0,34258,35305,1047,1,0.02965585611103243,33.720152817574025,0.029655856111032435,True,2
window10,子弟,1,1046,0,34258,35305,1047,1,0.02965585611103243,33.720152817574025,0.029655856111032435,True,2
window10,有逸,1,1046,0,34258,35305,1047,1,0.02965585611103243,33.720152817574025,0.029655856111032435,True,2
window10,妙绝,1,1046,0,34258,35305,1047,1,0.02965585611103243,33.720152817574025,0.029655856111032435,True,2
window10,芬馥,1,1046,0,34258,35305,1047,1,0.02965585611103243,33.720152817574025,0.029655856111032435,True,2
window10,非容,1,1046,0,34258,35305,1047,1,0.02965585611103243,33.720152817574025,0.029655856111032435,True,2
window10,所假,1,1046,0,34258,35305,1047,1,0.02965585611103243,33.720152817574025,0.029655856111032435,True,2
window10,虽虞夏,1,1046,0,34258,35305,1047,1,0.02965585611103243,33.720152817574025,0.029655856111032435,True,3
window10,怀灵,1,1046,0,34258,35305,1047,1,0.02965585611103243,33.720152817574025,0.029655856111032435,True,2
window10,清辞丽曲,1,1046,0,34258,35305,1047,1,0.02965585611103243,33.720152817574025,0.029655856111032435,True,4
window10,芜音,1,1046,0,34258,35305,1047,1,0.02965585611103243,33.720152817574025,0.029655856111032435,True,2
window10,固亦多,1,1046,0,34258,35305,1047,1,0.02965585611103243,33.720152817574025,0.029655856111032435,True,3
window10,仲宣以,1,1046,0,34258,35305,1047,1,0.02965585611103243,33.720152817574025,0.029655856111032435,True,3
window10,质为体,1,1046,0,34258,35305,1047,1,0.02965585611103243,33.720152817574025,0.029655856111032435,True,3
window10,标能,1,1046,0,34258,35305,1047,1,0.02965585611103243,33.720152817574025,0.029655856111032435,True,2
window10,独映,1,1046,0,34258,35305,1047,1,0.02965585611103243,33.720152817574025,0.029655856111032435,True,2
window10,仲文始,1,1046,0,34258,35305,1047,1,0.02965585611103243,33.720152817574025,0.029655856111032435,True,3
window10,革孙,1,1046,0,34258,35305,1047,1,0.02965585611103243,33.720152817574025,0.029655856111032435,True,2
window10,许之风,1,1046,0,34258,35305,1047,1,0.02965585611103243,33.720152817574025,0.029655856111032435,True,3
window10,大变,1,1046,0,34258,35305,1047,1,0.02965585611103243,33.720152817574025,0.029655856111032435,True,2
window10,太元,1,1046,0,34258,35305,1047,1,0.02965585611103243,33.720152817574025,0.029655856111032435,True,2
window10,蕴思,1,1046,0,34258,35305,1047,1,0.02965585611103243,33.720152817574025,0.029655856111032435,True,2
window10,内运,1,1046,0,34258,35305,1047,1,0.02965585611103243,33.720152817574025,0.029655856111032435,True,2
window10,落纸,1,1046,0,34258,35305,1047,1,0.02965585611103243,33.720152817574025,0.029655856111032435,True,2
window10,郭璞举,1,1046,0,34258,35305,1047,1,0.02965585611103243,33.720152817574025,0.029655856111032435,True,3
window10,灵变,1,1046,0,34258,35305,1047,1,0.02965585611103243,33.720152817574025,0.029655856111032435,True,2
window10,极其,1,1046,0,34258,35305,1047,1,0.02965585611103243,33.720152817574025,0.029655856111032435,True,2
window10,仲文玄,1,1046,0,34258,35305,1047,1,0.02965585611103243,33.720152817574025,0.029655856111032435,True,3
window10,谢混情,1,1046,0,34258,35305,1047,1,0.02965585611103243,33.720152817574025,0.029655856111032435,True,3
window10,得名,1,1046,0,34258,35305,1047,1,0.02965585611103243,33.720152817574025,0.029655856111032435,True,2
window10,未盛,1,1046,0,34258,35305,1047,1,0.02965585611103243,33.720152817574025,0.029655856111032435,True,2
window10,蛾眉,1,1046,0,34258,35305,1047,1,0.02965585611103243,33.720152817574025,0.029655856111032435,True,2
window10,同貌,1,1046,0,34258,35305,1047,1,0.02965585611103243,33.720152817574025,0.029655856111032435,True,2
window10,而俱动,1,1046,0,34258,35305,1047,1,0.02965585611103243,33.720152817574025,0.029655856111032435,True,3
window10,于魄,1,1046,0,34258,35305,1047,1,0.02965585611103243,33.720152817574025,0.029655856111032435,True,2
window10,芳草,1,1046,0,34258,35305,1047,1,0.02965585611103243,33.720152817574025,0.029655856111032435,True,2
window10,宁其,1,1046,0,34258,35305,1047,1,0.02965585611103243,33.720152817574025,0.029655856111032435,True,2
window10,而皆悦,1,1046,0,34258,35305,1047,1,0.02965585611103243,33.720152817574025,0.029655856111032435,True,3
window10,魂,1,1046,0,34258,35305,1047,1,0.02965585611103243,33.720152817574025,0.029655856111032435,True,1
window10,不其然,1,1046,0,34258,35305,1047,1,0.02965585611103243,33.720152817574025,0.029655856111032435,True,3
window10,成采,1,1046,0,34258,35305,1047,1,0.02965585611103243,33.720152817574025,0.029655856111032435,True,2
window10,轹古,1,1046,0,34258,35305,1047,1,0.02965585611103243,33.720152817574025,0.029655856111032435,True,2
window10,辞来切,1,1046,0,34258,35305,1047,1,0.02965585611103243,33.720152817574025,0.029655856111032435,True,3
window10,惊采绝艳,1,1046,0,34258,35305,1047,1,0.02965585611103243,33.720152817574025,0.029655856111032435,True,4
window10,并怜,1,1046,0,34258,35305,1047,1,0.02965585611103243,33.720152817574025,0.029655856111032435,True,2
window10,风月,1,1046,0,34258,35305,1047,1,0.02965585611103243,33.720152817574025,0.029655856111032435,True,2
window10,狎,1,1046,0,34258,35305,1047,1,0.02965585611103243,33.720152817574025,0.029655856111032435,True,1
window10,池苑,1,1046,0,34258,35305,1047,1,0.02965585611103243,33.720152817574025,0.029655856111032435,True,2
window10,恩荣,1,1046,0,34258,35305,1047,1,0.02965585611103243,33.720152817574025,0.029655856111032435,True,2
window10,叙酣宴,1,1046,0,34258,35305,1047,1,0.02965585611103243,33.720152817574025,0.029655856111032435,True,3
window10,以使,1,1046,0,34258,35305,1047,1,0.02965585611103243,33.720152817574025,0.029655856111032435,True,2
window10,匹夫庶妇,1,1046,0,34258,35305,1047,1,0.02965585611103243,33.720152817574025,0.029655856111032435,True,4
window10,诗官,1,1046,0,34258,35305,1047,1,0.02965585611103243,33.720152817574025,0.029655856111032435,True,2
window10,采言,1,1046,0,34258,35305,1047,1,0.02965585611103243,33.720152817574025,0.029655856111032435,True,2
window10,乐盲,1,1046,0,34258,35305,1047,1,0.02965585611103243,33.720152817574025,0.029655856111032435,True,2
window10,被律,1,1046,0,34258,35305,1047,1,0.02965585611103243,33.720152817574025,0.029655856111032435,True,2
window10,志感,1,1046,0,34258,35305,1047,1,0.02965585611103243,33.720152817574025,0.029655856111032435,True,2
window10,丝篁,1,1046,0,34258,35305,1047,1,0.02965585611103243,33.720152817574025,0.029655856111032435,True,2
window10,崇礼,1,1046,0,34258,35305,1047,1,0.02965585611103243,33.720152817574025,0.029655856111032435,True,2
window10,赵代之音,1,1046,0,34258,35305,1047,1,0.02965585611103243,33.720152817574025,0.029655856111032435,True,4
window10,曼声,1,1046,0,34258,35305,1047,1,0.02965585611103243,33.720152817574025,0.029655856111032435,True,2
window10,协律,1,1046,0,34258,35305,1047,1,0.02965585611103243,33.720152817574025,0.029655856111032435,True,2
window10,朱马,1,1046,0,34258,35305,1047,1,0.02965585611103243,33.720152817574025,0.029655856111032435,True,2
window10,以骚,1,1046,0,34258,35305,1047,1,0.02965585611103243,33.720152817574025,0.029655856111032435,True,2
window10,桂华,1,1046,0,34258,35305,1047,1,0.02965585611103243,33.720152817574025,0.029655856111032435,True,2
window10,杂曲,1,1046,0,34258,35305,1047,1,0.02965585611103243,33.720152817574025,0.029655856111032435,True,2
window10,祖,1,1046,0,34258,35305,1047,1,0.02965585611103243,33.720152817574025,0.029655856111032435,True,1
window10,爽,1,1046,0,34258,35305,1047,1,0.02965585611103243,33.720152817574025,0.029655856111032435,True,1
window10,才丽,1,1046,0,34258,35305,1047,1,0.02965585611103243,33.720152817574025,0.029655856111032435,True,2
window10,宰割,1,1046,0,34258,35305,1047,1,0.02965585611103243,33.720152817574025,0.029655856111032435,True,2
window10,辞调,1,1046,0,34258,35305,1047,1,0.02965585611103243,33.720152817574025,0.029655856111032435,True,2
window10,音靡,1,1046,0,34258,35305,1047,1,0.02965585611103243,33.720152817574025,0.029655856111032435,True,2
window10,节平,1,1046,0,34258,35305,1047,1,0.02965585611103243,33.720152817574025,0.029655856111032435,True,2
window10,臧洪,1,1046,0,34258,35305,1047,1,0.02965585611103243,33.720152817574025,0.029655856111032435,True,2
window10,歃辞,1,1046,0,34258,35305,1047,1,0.02965585611103243,33.720152817574025,0.029655856111032435,True,2
window10,截,1,1046,0,34258,35305,1047,1,0.02965585611103243,33.720152817574025,0.029655856111032435,True,1
window10,藻溢于,1,1046,0,34258,35305,1047,1,0.02965585611103243,33.720152817574025,0.029655856111032435,True,3
window10,辞盈乎,1,1046,0,34258,35305,1047,1,0.02965585611103243,33.720152817574025,0.029655856111032435,True,3
window10,负俗,1,1046,0,34258,35305,1047,1,0.02965585611103243,33.720152817574025,0.029655856111032435,True,2
window10,始造,1,1046,0,34258,35305,1047,1,0.02965585611103243,33.720152817574025,0.029655856111032435,True,2
window10,以申,1,1046,0,34258,35305,1047,1,0.02965585611103243,33.720152817574025,0.029655856111032435,True,2
window10,放怀,1,1046,0,34258,35305,1047,1,0.02965585611103243,33.720152817574025,0.029655856111032435,True,2
window10,实使,1,1046,0,34258,35305,1047,1,0.02965585611103243,33.720152817574025,0.029655856111032435,True,2
window10,御寇,1,1046,0,34258,35305,1047,1,0.02965585611103243,33.720152817574025,0.029655856111032435,True,2
window10,伟而,1,1046,0,34258,35305,1047,1,0.02965585611103243,33.720152817574025,0.029655856111032435,True,2
window10,采奇,1,1046,0,34258,35305,1047,1,0.02965585611103243,33.720152817574025,0.029655856111032435,True,2
window10,泛采,1,1046,0,34258,35305,1047,1,0.02965585611103243,33.720152817574025,0.029655856111032435,True,2
window10,封策,1,1046,0,34258,35305,1047,1,0.02965585611103243,33.720152817574025,0.029655856111032435,True,2
window10,风雨,1,1046,0,34258,35305,1047,1,0.02965585611103243,33.720152817574025,0.029655856111032435,True,2
window10,之润,1,1046,0,34258,35305,1047,1,0.02965585611103243,33.720152817574025,0.029655856111032435,True,2
window10,非唯致果,1,1046,0,34258,35305,1047,1,0.02965585611103243,33.720152817574025,0.029655856111032435,True,4
window10,为毅,1,1046,0,34258,35305,1047,1,0.02965585611103243,33.720152817574025,0.029655856111032435,True,2
window10,亦且,1,1046,0,34258,35305,1047,1,0.02965585611103243,33.720152817574025,0.029655856111032435,True,2
window10,厉辞,1,1046,0,34258,35305,1047,1,0.02965585611103243,33.720152817574025,0.029655856111032435,True,2
window10,使声,1,1046,0,34258,35305,1047,1,0.02965585611103243,33.720152817574025,0.029655856111032435,True,2
window10,冲风,1,1046,0,34258,35305,1047,1,0.02965585611103243,33.720152817574025,0.029655856111032435,True,2
window10,所击,1,1046,0,34258,35305,1047,1,0.02965585611103243,33.720152817574025,0.029655856111032435,True,2
window10,欃枪,1,1046,0,34258,35305,1047,1,0.02965585611103243,33.720152817574025,0.029655856111032435,True,2
window10,所扫,1,1046,0,34258,35305,1047,1,0.02965585611103243,33.720152817574025,0.029655856111032435,True,2
window10,奋其,1,1046,0,34258,35305,1047,1,0.02965585611103243,33.720152817574025,0.029655856111032435,True,2
window10,武怒,1,1046,0,34258,35305,1047,1,0.02965585611103243,33.720152817574025,0.029655856111032435,True,2
window10,罪人,1,1046,0,34258,35305,1047,1,0.02965585611103243,33.720152817574025,0.029655856111032435,True,2
window10,惩其,1,1046,0,34258,35305,1047,1,0.02965585611103243,33.720152817574025,0.029655856111032435,True,2
window10,恶稔,1,1046,0,34258,35305,1047,1,0.02965585611103243,33.720152817574025,0.029655856111032435,True,2
window10,辞缓,1,1046,0,34258,35305,1047,1,0.02965585611103243,33.720152817574025,0.029655856111032435,True,2
window10,露板,1,1046,0,34258,35305,1047,1,0.02965585611103243,33.720152817574025,0.029655856111032435,True,2
window10,宣众,1,1046,0,34258,35305,1047,1,0.02965585611103243,33.720152817574025,0.029655856111032435,True,2
window10,使义,1,1046,0,34258,35305,1047,1,0.02965585611103243,33.720152817574025,0.029655856111032435,True,2
window10,必事昭而理,1,1046,0,34258,35305,1047,1,0.02965585611103243,33.720152817574025,0.029655856111032435,True,5
window10,盛而,1,1046,0,34258,35305,1047,1,0.02965585611103243,33.720152817574025,0.029655856111032435,True,2
window10,辞断,1,1046,0,34258,35305,1047,1,0.02965585611103243,33.720152817574025,0.029655856111032435,True,2
window10,此其要,1,1046,0,34258,35305,1047,1,0.02965585611103243,33.720152817574025,0.029655856111032435,True,3
window10,体乏,1,1046,0,34258,35305,1047,1,0.02965585611103243,33.720152817574025,0.029655856111032435,True,2
window10,之荐,1,1046,0,34258,35305,1047,1,0.02965585611103243,33.720152817574025,0.029655856111032435,True,2
window10,采飞,1,1046,0,34258,35305,1047,1,0.02965585611103243,33.720152817574025,0.029655856111032435,True,2
window10,故位,1,1046,0,34258,35305,1047,1,0.02965585611103243,33.720152817574025,0.029655856111032435,True,2
window10,鸷击,1,1046,0,34258,35305,1047,1,0.02965585611103243,33.720152817574025,0.029655856111032435,True,2
window10,砥砺,1,1046,0,34258,35305,1047,1,0.02965585611103243,33.720152817574025,0.029655856111032435,True,2
window10,振风,1,1046,0,34258,35305,1047,1,0.02965585611103243,33.720152817574025,0.029655856111032435,True,2
window10,简上,1,1046,0,34258,35305,1047,1,0.02965585611103243,33.720152817574025,0.029655856111032435,True,2
window10,凝霜,1,1046,0,34258,35305,1047,1,0.02965585611103243,33.720152817574025,0.029655856111032435,True,2
window10,儒家,1,1046,0,34258,35305,1047,1,0.02965585611103243,33.720152817574025,0.029655856111032435,True,2
window10,不畏,1,1046,0,34258,35305,1047,1,0.02965585611103243,33.720152817574025,0.029655856111032435,True,2
window10,流墨,1,1046,0,34258,35305,1047,1,0.02965585611103243,33.720152817574025,0.029655856111032435,True,2
window10,无纵,1,1046,0,34258,35305,1047,1,0.02965585611103243,33.720152817574025,0.029655856111032435,True,2
window10,诡随,1,1046,0,34258,35305,1047,1,0.02965585611103243,33.720152817574025,0.029655856111032435,True,2
window10,声动,1,1046,0,34258,35305,1047,1,0.02965585611103243,33.720152817574025,0.029655856111032435,True,2
window10,简外,1,1046,0,34258,35305,1047,1,0.02965585611103243,33.720152817574025,0.029655856111032435,True,2
window10,绝席,1,1046,0,34258,35305,1047,1,0.02965585611103243,33.720152817574025,0.029655856111032435,True,2
window10,之雄,1,1046,0,34258,35305,1047,1,0.02965585611103243,33.720152817574025,0.029655856111032435,True,2
window10,直方,1,1046,0,34258,35305,1047,1,0.02965585611103243,33.720152817574025,0.029655856111032435,True,2
window10,鲁丕,1,1046,0,34258,35305,1047,1,0.02965585611103243,33.720152817574025,0.029655856111032435,True,2
window10,中策,1,1046,0,34258,35305,1047,1,0.02965585611103243,33.720152817574025,0.029655856111032435,True,2
window10,独入,1,1046,0,34258,35305,1047,1,0.02965585611103243,33.720152817574025,0.029655856111032435,True,2
window10,汉来,1,1046,0,34258,35305,1047,1,0.02965585611103243,33.720152817574025,0.029655856111032435,True,2
window10,任安,1,1046,0,34258,35305,1047,1,0.02965585611103243,33.720152817574025,0.029655856111032435,True,2
window10,杨恽,1,1046,0,34258,35305,1047,1,0.02965585611103243,33.720152817574025,0.029655856111032435,True,2
window10,之酬,1,1046,0,34258,35305,1047,1,0.02965585611103243,33.720152817574025,0.029655856111032435,True,2
window10,会宗,1,1046,0,34258,35305,1047,1,0.02965585611103243,33.720152817574025,0.029655856111032435,True,2
window10,子云之答,1,1046,0,34258,35305,1047,1,0.02965585611103243,33.720152817574025,0.029655856111032435,True,4
window10,含殊,1,1046,0,34258,35305,1047,1,0.02965585611103243,33.720152817574025,0.029655856111032435,True,2
window10,尽言,1,1046,0,34258,35305,1047,1,0.02965585611103243,33.720152817574025,0.029655856111032435,True,2
window10,散,1,1046,0,34258,35305,1047,1,0.02965585611103243,33.720152817574025,0.029655856111032435,True,1
window10,涤畅,1,1046,0,34258,35305,1047,1,0.02965585611103243,33.720152817574025,0.029655856111032435,True,2
window10,以怿怀,1,1046,0,34258,35305,1047,1,0.02965585611103243,33.720152817574025,0.029655856111032435,True,3
window10,神居,1,1046,0,34258,35305,1047,1,0.02965585611103243,33.720152817574025,0.029655856111032435,True,2
window10,统其,1,1046,0,34258,35305,1047,1,0.02965585611103243,33.720152817574025,0.029655856111032435,True,2
window10,搦,1,1046,0,34258,35305,1047,1,0.02965585611103243,33.720152817574025,0.029655856111032435,True,1
window10,辞前,1,1046,0,34258,35305,1047,1,0.02965585611103243,33.720152817574025,0.029655856111032435,True,2
window10,半折,1,1046,0,34258,35305,1047,1,0.02965585611103243,33.720152817574025,0.029655856111032435,True,2
window10,心始,1,1046,0,34258,35305,1047,1,0.02965585611103243,33.720152817574025,0.029655856111032435,True,2
window10,意翻,1,1046,0,34258,35305,1047,1,0.02965585611103243,33.720152817574025,0.029655856111032435,True,2
window10,空而易奇,1,1046,0,34258,35305,1047,1,0.02965585611103243,33.720152817574025,0.029655856111032435,True,4
window10,腐毫,1,1046,0,34258,35305,1047,1,0.02965585611103243,33.720152817574025,0.029655856111032435,True,2
window10,辍翰,1,1046,0,34258,35305,1047,1,0.02965585611103243,33.720152817574025,0.029655856111032435,True,2
window10,惊梦,1,1046,0,34258,35305,1047,1,0.02965585611103243,33.720152817574025,0.029655856111032435,True,2
window10,谭疾,1,1046,0,34258,35305,1047,1,0.02965585611103243,33.720152817574025,0.029655856111032435,True,2
window10,感于,1,1046,0,34258,35305,1047,1,0.02965585611103243,33.720152817574025,0.029655856111032435,True,2
window10,苦思,1,1046,0,34258,35305,1047,1,0.02965585611103243,33.720152817574025,0.029655856111032435,True,2
window10,竭于,1,1046,0,34258,35305,1047,1,0.02965585611103243,33.720152817574025,0.029655856111032435,True,2
window10,研京以,1,1046,0,34258,35305,1047,1,0.02965585611103243,33.720152817574025,0.029655856111032435,True,3
window10,十年,1,1046,0,34258,35305,1047,1,0.02965585611103243,33.720152817574025,0.029655856111032435,True,2
window10,一纪,1,1046,0,34258,35305,1047,1,0.02965585611103243,33.720152817574025,0.029655856111032435,True,2
window10,有庸俊,1,1046,0,34258,35305,1047,1,0.02965585611103243,33.720152817574025,0.029655856111032435,True,3
window10,学有,1,1046,0,34258,35305,1047,1,0.02965585611103243,33.720152817574025,0.029655856111032435,True,2
window10,习有,1,1046,0,34258,35305,1047,1,0.02965585611103243,33.720152817574025,0.029655856111032435,True,2
window10,所铄,1,1046,0,34258,35305,1047,1,0.02965585611103243,33.720152817574025,0.029655856111032435,True,2
window10,陶染,1,1046,0,34258,35305,1047,1,0.02965585611103243,33.720152817574025,0.029655856111032435,True,2
window10,风趣,1,1046,0,34258,35305,1047,1,0.02965585611103243,33.720152817574025,0.029655856111032435,True,2
window10,改其,1,1046,0,34258,35305,1047,1,0.02965585611103243,33.720152817574025,0.029655856111032435,True,2
window10,功以,1,1046,0,34258,35305,1047,1,0.02965585611103243,33.720152817574025,0.029655856111032435,True,2
window10,学成,1,1046,0,34258,35305,1047,1,0.02965585611103243,33.720152817574025,0.029655856111032435,True,2
window10,志以,1,1046,0,34258,35305,1047,1,0.02965585611103243,33.720152817574025,0.029655856111032435,True,2
window10,定言,1,1046,0,34258,35305,1047,1,0.02965585611103243,33.720152817574025,0.029655856111032435,True,2
window10,褊,1,1046,0,34258,35305,1047,1,0.02965585611103243,33.720152817574025,0.029655856111032435,True,1
window10,故言壮,1,1046,0,34258,35305,1047,1,0.02965585611103243,33.720152817574025,0.029655856111032435,True,3
window10,情骇,1,1046,0,34258,35305,1047,1,0.02965585611103243,33.720152817574025,0.029655856111032435,True,2
window10,恒资,1,1046,0,34258,35305,1047,1,0.02965585611103243,33.720152817574025,0.029655856111032435,True,2
window10,风冠,1,1046,0,34258,35305,1047,1,0.02965585611103243,33.720152817574025,0.029655856111032435,True,2
window10,其首,1,1046,0,34258,35305,1047,1,0.02965585611103243,33.720152817574025,0.029655856111032435,True,2
window10,斯乃化,1,1046,0,34258,35305,1047,1,0.02965585611103243,33.720152817574025,0.029655856111032435,True,3
window10,之待骨,1,1046,0,34258,35305,1047,1,0.02965585611103243,33.720152817574025,0.029655856111032435,True,3
window10,如体,1,1046,0,34258,35305,1047,1,0.02965585611103243,33.720152817574025,0.029655856111032435,True,2
window10,树骸,1,1046,0,34258,35305,1047,1,0.02965585611103243,33.720152817574025,0.029655856111032435,True,2
window10,情之,1,1046,0,34258,35305,1047,1,0.02965585611103243,33.720152817574025,0.029655856111032435,True,2
window10,含风,1,1046,0,34258,35305,1047,1,0.02965585611103243,33.720152817574025,0.029655856111032435,True,2
window10,犹形,1,1046,0,34258,35305,1047,1,0.02965585611103243,33.720152817574025,0.029655856111032435,True,2
window10,之包,1,1046,0,34258,35305,1047,1,0.02965585611103243,33.720152817574025,0.029655856111032435,True,2
window10,骏爽,1,1046,0,34258,35305,1047,1,0.02965585611103243,33.720152817574025,0.029655856111032435,True,2
window10,文风,1,1046,0,34258,35305,1047,1,0.02965585611103243,33.720152817574025,0.029655856111032435,True,2
window10,清焉,1,1046,0,34258,35305,1047,1,0.02965585611103243,33.720152817574025,0.029655856111032435,True,2
window10,裁篇,1,1046,0,34258,35305,1047,1,0.02965585611103243,33.720152817574025,0.029655856111032435,True,2
window10,务盈守,1,1046,0,34258,35305,1047,1,0.02965585611103243,33.720152817574025,0.029655856111032435,True,3
window10,既实,1,1046,0,34258,35305,1047,1,0.02965585611103243,33.720152817574025,0.029655856111032435,True,2
window10,乃新,1,1046,0,34258,35305,1047,1,0.02965585611103243,33.720152817574025,0.029655856111032435,True,2
window10,征鸟,1,1046,0,34258,35305,1047,1,0.02965585611103243,33.720152817574025,0.029655856111032435,True,2
window10,使翼,1,1046,0,34258,35305,1047,1,0.02965585611103243,33.720152817574025,0.029655856111032435,True,2
window10,思不,1,1046,0,34258,35305,1047,1,0.02965585611103243,33.720152817574025,0.029655856111032435,True,2
window10,环周,1,1046,0,34258,35305,1047,1,0.02965585611103243,33.720152817574025,0.029655856111032435,True,2
window10,索莫乏,1,1046,0,34258,35305,1047,1,0.02965585611103243,33.720152817574025,0.029655856111032435,True,3
window10,无风,1,1046,0,34258,35305,1047,1,0.02965585611103243,33.720152817574025,0.029655856111032435,True,2
window10,赋仙,1,1046,0,34258,35305,1047,1,0.02965585611103243,33.720152817574025,0.029655856111032435,True,2
window10,故其论,1,1046,0,34258,35305,1047,1,0.02965585611103243,33.720152817574025,0.029655856111032435,True,3
window10,云体,1,1046,0,34258,35305,1047,1,0.02965585611103243,33.720152817574025,0.029655856111032435,True,2
window10,云时,1,1046,0,34258,35305,1047,1,0.02965585611103243,33.720152817574025,0.029655856111032435,True,2
window10,信含,1,1046,0,34258,35305,1047,1,0.02965585611103243,33.720152817574025,0.029655856111032435,True,2
window10,笔墨,1,1046,0,34258,35305,1047,1,0.02965585611103243,33.720152817574025,0.029655856111032435,True,2
window10,之性,1,1046,0,34258,35305,1047,1,0.02965585611103243,33.720152817574025,0.029655856111032435,True,2
window10,并重,1,1046,0,34258,35305,1047,1,0.02965585611103243,33.720152817574025,0.029655856111032435,True,2
window10,翰飞,1,1046,0,34258,35305,1047,1,0.02965585611103243,33.720152817574025,0.029655856111032435,True,2
window10,骨劲,1,1046,0,34258,35305,1047,1,0.02965585611103243,33.720152817574025,0.029655856111032435,True,2
window10,猛,1,1046,0,34258,35305,1047,1,0.02965585611103243,33.720152817574025,0.029655856111032435,True,1
window10,辞共体,1,1046,0,34258,35305,1047,1,0.02965585611103243,33.720152817574025,0.029655856111032435,True,3
window10,风昧,1,1046,0,34258,35305,1047,1,0.02965585611103243,33.720152817574025,0.029655856111032435,True,2
window10,长辔远驭,1,1046,0,34258,35305,1047,1,0.02965585611103243,33.720152817574025,0.029655856111032435,True,4
window10,按节,1,1046,0,34258,35305,1047,1,0.02965585611103243,33.720152817574025,0.029655856111032435,True,2
window10,凭情,1,1046,0,34258,35305,1047,1,0.02965585611103243,33.720152817574025,0.029655856111032435,True,2
window10,采如,1,1046,0,34258,35305,1047,1,0.02965585611103243,33.720152817574025,0.029655856111032435,True,2
window10,之奋,1,1046,0,34258,35305,1047,1,0.02965585611103243,33.720152817574025,0.029655856111032435,True,2
window10,鬐,1,1046,0,34258,35305,1047,1,0.02965585611103243,33.720152817574025,0.029655856111032435,True,1
window10,光若,1,1046,0,34258,35305,1047,1,0.02965585611103243,33.720152817574025,0.029655856111032435,True,2
window10,长离,1,1046,0,34258,35305,1047,1,0.02965585611103243,33.720152817574025,0.029655856111032435,True,2
window10,振翼,1,1046,0,34258,35305,1047,1,0.02965585611103243,33.720152817574025,0.029655856111032435,True,2
window10,所谈,1,1046,0,34258,35305,1047,1,0.02965585611103243,33.720152817574025,0.029655856111032435,True,2
window10,声合,1,1046,0,34258,35305,1047,1,0.02965585611103243,33.720152817574025,0.029655856111032435,True,2
window10,乐歌,1,1046,0,34258,35305,1047,1,0.02965585611103243,33.720152817574025,0.029655856111032435,True,2
window10,力穷于,1,1046,0,34258,35305,1047,1,0.02965585611103243,33.720152817574025,0.029655856111032435,True,3
window10,和韵,1,1046,0,34258,35305,1047,1,0.02965585611103243,33.720152817574025,0.029655856111032435,True,2
window10,一定,1,1046,0,34258,35305,1047,1,0.02965585611103243,33.720152817574025,0.029655856111032435,True,2
window10,易遣,1,1046,0,34258,35305,1047,1,0.02965585611103243,33.720152817574025,0.029655856111032435,True,2
window10,改韵,1,1046,0,34258,35305,1047,1,0.02965585611103243,33.720152817574025,0.029655856111032435,True,2
window10,两韵辄易,1,1046,0,34258,35305,1047,1,0.02965585611103243,33.720152817574025,0.029655856111032435,True,4
window10,无奇,1,1046,0,34258,35305,1047,1,0.02965585611103243,33.720152817574025,0.029655856111032435,True,2
window10,文乏,1,1046,0,34258,35305,1047,1,0.02965585611103243,33.720152817574025,0.029655856111032435,True,2
window10,昏睡,1,1046,0,34258,35305,1047,1,0.02965585611103243,33.720152817574025,0.029655856111032435,True,2
window10,宫殿,1,1046,0,34258,35305,1047,1,0.02965585611103243,33.720152817574025,0.029655856111032435,True,2
window10,揭业,1,1046,0,34258,35305,1047,1,0.02965585611103243,33.720152817574025,0.029655856111032435,True,2
window10,熠燿,1,1046,0,34258,35305,1047,1,0.02965585611103243,33.720152817574025,0.029655856111032435,True,2
window10,焜,1,1046,0,34258,35305,1047,1,0.02965585611103243,33.720152817574025,0.029655856111032435,True,1
window10,煌,1,1046,0,34258,35305,1047,1,0.02965585611103243,33.720152817574025,0.029655856111032435,True,1
window10,挟声,1,1046,0,34258,35305,1047,1,0.02965585611103243,33.720152817574025,0.029655856111032435,True,2
window10,腾掷,1,1046,0,34258,35305,1047,1,0.02965585611103243,33.720152817574025,0.029655856111032435,True,2
window10,跼,1,1046,0,34258,35305,1047,1,0.02965585611103243,33.720152817574025,0.029655856111032435,True,1
window10,鹏运,1,1046,0,34258,35305,1047,1,0.02965585611103243,33.720152817574025,0.029655856111032435,True,2
window10,鸿渐,1,1046,0,34258,35305,1047,1,0.02965585611103243,33.720152817574025,0.029655856111032435,True,2
window10,寒而事伤,1,1046,0,34258,35305,1047,1,0.02965585611103243,33.720152817574025,0.029655856111032435,True,4
window10,覉,1,1046,0,34258,35305,1047,1,0.02965585611103243,33.720152817574025,0.029655856111032435,True,1
window10,旅,1,1046,0,34258,35305,1047,1,0.02965585611103243,33.720152817574025,0.029655856111032435,True,1
window10,怨曲,1,1046,0,34258,35305,1047,1,0.02965585611103243,33.720152817574025,0.029655856111032435,True,2
window10,制养,1,1046,0,34258,35305,1047,1,0.02965585611103243,33.720152817574025,0.029655856111032435,True,2
window10,验己,1,1046,0,34258,35305,1047,1,0.02965585611103243,33.720152817574025,0.029655856111032435,True,2
window10,虚造,1,1046,0,34258,35305,1047,1,0.02965585611103243,33.720152817574025,0.029655856111032435,True,2
window10,钻砺,1,1046,0,34258,35305,1047,1,0.02965585611103243,33.720152817574025,0.029655856111032435,True,2
window10,过分,1,1046,0,34258,35305,1047,1,0.02965585611103243,33.720152817574025,0.029655856111032435,True,2
window10,神疲而,1,1046,0,34258,35305,1047,1,0.02965585611103243,33.720152817574025,0.029655856111032435,True,3
window10,凡童,1,1046,0,34258,35305,1047,1,0.02965585611103243,33.720152817574025,0.029655856111032435,True,2
window10,少鉴,1,1046,0,34258,35305,1047,1,0.02965585611103243,33.720152817574025,0.029655856111032435,True,2
window10,而志盛,1,1046,0,34258,35305,1047,1,0.02965585611103243,33.720152817574025,0.029655856111032435,True,3
window10,长艾,1,1046,0,34258,35305,1047,1,0.02965585611103243,33.720152817574025,0.029655856111032435,True,2
window10,识坚,1,1046,0,34258,35305,1047,1,0.02965585611103243,33.720152817574025,0.029655856111032435,True,2
window10,盛者,1,1046,0,34258,35305,1047,1,0.02965585611103243,33.720152817574025,0.029655856111032435,True,2
window10,以胜劳,1,1046,0,34258,35305,1047,1,0.02965585611103243,33.720152817574025,0.029655856111032435,True,3
window10,衰者虑,1,1046,0,34258,35305,1047,1,0.02965585611103243,33.720152817574025,0.029655856111032435,True,3
window10,伤神,1,1046,0,34258,35305,1047,1,0.02965585611103243,33.720152817574025,0.029655856111032435,True,2
window10,斯实,1,1046,0,34258,35305,1047,1,0.02965585611103243,33.720152817574025,0.029655856111032435,True,2
window10,中人,1,1046,0,34258,35305,1047,1,0.02965585611103243,33.720152817574025,0.029655856111032435,True,2
window10,之常资,1,1046,0,34258,35305,1047,1,0.02965585611103243,33.720152817574025,0.029655856111032435,True,3
window10,岁时,1,1046,0,34258,35305,1047,1,0.02965585611103243,33.720152817574025,0.029655856111032435,True,2
window10,器分,1,1046,0,34258,35305,1047,1,0.02965585611103243,33.720152817574025,0.029655856111032435,True,2
window10,有限,1,1046,0,34258,35305,1047,1,0.02965585611103243,33.720152817574025,0.029655856111032435,True,2
window10,智用,1,1046,0,34258,35305,1047,1,0.02965585611103243,33.720152817574025,0.029655856111032435,True,2
window10,惭凫企鹤,1,1046,0,34258,35305,1047,1,0.02965585611103243,33.720152817574025,0.029655856111032435,True,4
window10,沥辞,1,1046,0,34258,35305,1047,1,0.02965585611103243,33.720152817574025,0.029655856111032435,True,2
window10,镌思,1,1046,0,34258,35305,1047,1,0.02965585611103243,33.720152817574025,0.029655856111032435,True,2
window10,内销,1,1046,0,34258,35305,1047,1,0.02965585611103243,33.720152817574025,0.029655856111032435,True,2
window10,尾闾,1,1046,0,34258,35305,1047,1,0.02965585611103243,33.720152817574025,0.029655856111032435,True,2
window10,之波,1,1046,0,34258,35305,1047,1,0.02965585611103243,33.720152817574025,0.029655856111032435,True,2
window10,神志,1,1046,0,34258,35305,1047,1,0.02965585611103243,33.720152817574025,0.029655856111032435,True,2
window10,外伤,1,1046,0,34258,35305,1047,1,0.02965585611103243,33.720152817574025,0.029655856111032435,True,2
window10,牛山,1,1046,0,34258,35305,1047,1,0.02965585611103243,33.720152817574025,0.029655856111032435,True,2
window10,销铄,1,1046,0,34258,35305,1047,1,0.02965585611103243,33.720152817574025,0.029655856111032435,True,2
window10,精胆,1,1046,0,34258,35305,1047,1,0.02965585611103243,33.720152817574025,0.029655856111032435,True,2
window10,蹙迫,1,1046,0,34258,35305,1047,1,0.02965585611103243,33.720152817574025,0.029655856111032435,True,2
window10,秉牍,1,1046,0,34258,35305,1047,1,0.02965585611103243,33.720152817574025,0.029655856111032435,True,2
window10,驱龄,1,1046,0,34258,35305,1047,1,0.02965585611103243,33.720152817574025,0.029655856111032435,True,2
window10,洒翰,1,1046,0,34258,35305,1047,1,0.02965585611103243,33.720152817574025,0.029655856111032435,True,2
window10,以伐性,1,1046,0,34258,35305,1047,1,0.02965585611103243,33.720152817574025,0.029655856111032435,True,3
window10,素心,1,1046,0,34258,35305,1047,1,0.02965585611103243,33.720152817574025,0.029655856111032435,True,2
window10,节宣,1,1046,0,34258,35305,1047,1,0.02965585611103243,33.720152817574025,0.029655856111032435,True,2
window10,条畅,1,1046,0,34258,35305,1047,1,0.02965585611103243,33.720152817574025,0.029655856111032435,True,2
window10,烦而,1,1046,0,34258,35305,1047,1,0.02965585611103243,33.720152817574025,0.029655856111032435,True,2
window10,即舍,1,1046,0,34258,35305,1047,1,0.02965585611103243,33.720152817574025,0.029655856111032435,True,2
window10,壅滞,1,1046,0,34258,35305,1047,1,0.02965585611103243,33.720152817574025,0.029655856111032435,True,2
window10,意得,1,1046,0,34258,35305,1047,1,0.02965585611103243,33.720152817574025,0.029655856111032435,True,2
window10,舒怀,1,1046,0,34258,35305,1047,1,0.02965585611103243,33.720152817574025,0.029655856111032435,True,2
window10,命笔,1,1046,0,34258,35305,1047,1,0.02965585611103243,33.720152817574025,0.029655856111032435,True,2
window10,文勇,1,1046,0,34258,35305,1047,1,0.02965585611103243,33.720152817574025,0.029655856111032435,True,2
window10,使刃,1,1046,0,34258,35305,1047,1,0.02965585611103243,33.720152817574025,0.029655856111032435,True,2
window10,发如新,1,1046,0,34258,35305,1047,1,0.02965585611103243,33.720152817574025,0.029655856111032435,True,3
window10,胎息,1,1046,0,34258,35305,1047,1,0.02965585611103243,33.720152817574025,0.029655856111032435,True,2
window10,迈术,1,1046,0,34258,35305,1047,1,0.02965585611103243,33.720152817574025,0.029655856111032435,True,2
window10,斯亦卫,1,1046,0,34258,35305,1047,1,0.02965585611103243,33.720152817574025,0.029655856111032435,True,3
window10,一方,1,1046,0,34258,35305,1047,1,0.02965585611103243,33.720152817574025,0.029655856111032435,True,2
window10,元神,1,1046,0,34258,35305,1047,1,0.02965585611103243,33.720152817574025,0.029655856111032435,True,2
window10,宜宝,1,1046,0,34258,35305,1047,1,0.02965585611103243,33.720152817574025,0.029655856111032435,True,2
window10,素,1,1046,0,34258,35305,1047,1,0.02965585611103243,33.720152817574025,0.029655856111032435,True,1
window10,资养,1,1046,0,34258,35305,1047,1,0.02965585611103243,33.720152817574025,0.029655856111032435,True,2
window10,为声,1,1046,0,34258,35305,1047,1,0.02965585611103243,33.720152817574025,0.029655856111032435,True,2
window10,献可替否,1,1046,0,34258,35305,1047,1,0.02965585611103243,33.720152817574025,0.029655856111032435,True,4
window10,以裁厥,1,1046,0,34258,35305,1047,1,0.02965585611103243,33.720152817574025,0.029655856111032435,True,3
window10,数逢,1,1046,0,34258,35305,1047,1,0.02965585611103243,33.720152817574025,0.029655856111032435,True,2
window10,机入,1,1046,0,34258,35305,1047,1,0.02965585611103243,33.720152817574025,0.029655856111032435,True,2
window10,其巧,1,1046,0,34258,35305,1047,1,0.02965585611103243,33.720152817574025,0.029655856111032435,True,2
window10,义味,1,1046,0,34258,35305,1047,1,0.02965585611103243,33.720152817574025,0.029655856111032435,True,2
window10,而生,1,1046,0,34258,35305,1047,1,0.02965585611103243,33.720152817574025,0.029655856111032435,True,2
window10,丛杂,1,1046,0,34258,35305,1047,1,0.02965585611103243,33.720152817574025,0.029655856111032435,True,2
window10,视之则,1,1046,0,34258,35305,1047,1,0.02965585611103243,33.720152817574025,0.029655856111032435,True,3
window10,锦绘,1,1046,0,34258,35305,1047,1,0.02965585611103243,33.720152817574025,0.029655856111032435,True,2
window10,丝簧,1,1046,0,34258,35305,1047,1,0.02965585611103243,33.720152817574025,0.029655856111032435,True,2
window10,味之则,1,1046,0,34258,35305,1047,1,0.02965585611103243,33.720152817574025,0.029655856111032435,True,3
window10,乱离,1,1046,0,34258,35305,1047,1,0.02965585611103243,33.720152817574025,0.029655856111032435,True,2
window10,风衰俗,1,1046,0,34258,35305,1047,1,0.02965585611103243,33.720152817574025,0.029655856111032435,True,3
window10,并志深,1,1046,0,34258,35305,1047,1,0.02965585611103243,33.720152817574025,0.029655856111032435,True,3
window10,笔长,1,1046,0,34258,35305,1047,1,0.02965585611103243,33.720152817574025,0.029655856111032435,True,2
window10,至明,1,1046,0,34258,35305,1047,1,0.02965585611103243,33.720152817574025,0.029655856111032435,True,2
window10,帝纂,1,1046,0,34258,35305,1047,1,0.02965585611103243,33.720152817574025,0.029655856111032435,True,2
window10,戎,1,1046,0,34258,35305,1047,1,0.02965585611103243,33.720152817574025,0.029655856111032435,True,1
window10,制诗,1,1046,0,34258,35305,1047,1,0.02965585611103243,33.720152817574025,0.029655856111032435,True,2
window10,度曲,1,1046,0,34258,35305,1047,1,0.02965585611103243,33.720152817574025,0.029655856111032435,True,2
window10,自中,1,1046,0,34258,35305,1047,1,0.02965585611103243,33.720152817574025,0.029655856111032435,True,2
window10,朝贵,1,1046,0,34258,35305,1047,1,0.02965585611103243,33.720152817574025,0.029655856111032435,True,2
window10,称盛,1,1046,0,34258,35305,1047,1,0.02965585611103243,33.720152817574025,0.029655856111032435,True,2
window10,因谈余,1,1046,0,34258,35305,1047,1,0.02965585611103243,33.720152817574025,0.029655856111032435,True,3
window10,流成,1,1046,0,34258,35305,1047,1,0.02965585611103243,33.720152817574025,0.029655856111032435,True,2
window10,盖阳,1,1046,0,34258,35305,1047,1,0.02965585611103243,33.720152817574025,0.029655856111032435,True,2
window10,萌而,1,1046,0,34258,35305,1047,1,0.02965585611103243,33.720152817574025,0.029655856111032435,True,2
window10,玄驹,1,1046,0,34258,35305,1047,1,0.02965585611103243,33.720152817574025,0.029655856111032435,True,2
window10,阴律,1,1046,0,34258,35305,1047,1,0.02965585611103243,33.720152817574025,0.029655856111032435,True,2
window10,丹鸟,1,1046,0,34258,35305,1047,1,0.02965585611103243,33.720152817574025,0.029655856111032435,True,2
window10,微虫,1,1046,0,34258,35305,1047,1,0.02965585611103243,33.720152817574025,0.029655856111032435,True,2
window10,其惠心,1,1046,0,34258,35305,1047,1,0.02965585611103243,33.720152817574025,0.029655856111032435,True,3
window10,秀其清,1,1046,0,34258,35305,1047,1,0.02965585611103243,33.720152817574025,0.029655856111032435,True,3
window10,相召,1,1046,0,34258,35305,1047,1,0.02965585611103243,33.720152817574025,0.029655856111032435,True,2
window10,获安,1,1046,0,34258,35305,1047,1,0.02965585611103243,33.720152817574025,0.029655856111032435,True,2
window10,天高,1,1046,0,34258,35305,1047,1,0.02965585611103243,33.720152817574025,0.029655856111032435,True,2
window10,阴沈,1,1046,0,34258,35305,1047,1,0.02965585611103243,33.720152817574025,0.029655856111032435,True,2
window10,志远,1,1046,0,34258,35305,1047,1,0.02965585611103243,33.720152817574025,0.029655856111032435,True,2
window10,随物,1,1046,0,34258,35305,1047,1,0.02965585611103243,33.720152817574025,0.029655856111032435,True,2
window10,于笔,1,1046,0,34258,35305,1047,1,0.02965585611103243,33.720152817574025,0.029655856111032435,True,2
window10,有篇美,1,1046,0,34258,35305,1047,1,0.02965585611103243,33.720152817574025,0.029655856111032435,True,3
window10,以遣论,1,1046,0,34258,35305,1047,1,0.02965585611103243,33.720152817574025,0.029655856111032435,True,3
window10,以命,1,1046,0,34258,35305,1047,1,0.02965585611103243,33.720152817574025,0.029655856111032435,True,2
window10,殊声,1,1046,0,34258,35305,1047,1,0.02965585611103243,33.720152817574025,0.029655856111032435,True,2
window10,合响,1,1046,0,34258,35305,1047,1,0.02965585611103243,33.720152817574025,0.029655856111032435,True,2
window10,异翮,1,1046,0,34258,35305,1047,1,0.02965585611103243,33.720152817574025,0.029655856111032435,True,2
window10,同飞,1,1046,0,34258,35305,1047,1,0.02965585611103243,33.720152817574025,0.029655856111032435,True,2
window10,夫有,1,1046,0,34258,35305,1047,1,0.02965585611103243,33.720152817574025,0.029655856111032435,True,2
window10,肖貌,1,1046,0,34258,35305,1047,1,0.02965585611103243,33.720152817574025,0.029655856111032435,True,2
window10,禀性,1,1046,0,34258,35305,1047,1,0.02965585611103243,33.720152817574025,0.029655856111032435,True,2
window10,五才,1,1046,0,34258,35305,1047,1,0.02965585611103243,33.720152817574025,0.029655856111032435,True,2
window10,方声,1,1046,0,34258,35305,1047,1,0.02965585611103243,33.720152817574025,0.029655856111032435,True,2
window10,风雷,1,1046,0,34258,35305,1047,1,0.02965585611103243,33.720152817574025,0.029655856111032435,True,2
window10,超出,1,1046,0,34258,35305,1047,1,0.02965585611103243,33.720152817574025,0.029655856111032435,True,2
window10,已灵,1,1046,0,34258,35305,1047,1,0.02965585611103243,33.720152817574025,0.029655856111032435,True,2
window10,感人,1,1046,0,34258,35305,1047,1,0.02965585611103243,33.720152817574025,0.029655856111032435,True,2
window10,摇荡,1,1046,0,34258,35305,1047,1,0.02965585611103243,33.720152817574025,0.029655856111032435,True,2
window10,行诸,1,1046,0,34258,35305,1047,1,0.02965585611103243,33.720152817574025,0.029655856111032435,True,2
window10,舞咏,1,1046,0,34258,35305,1047,1,0.02965585611103243,33.720152817574025,0.029655856111032435,True,2
window10,刘越,1,1046,0,34258,35305,1047,1,0.02965585611103243,33.720152817574025,0.029655856111032435,True,2
window10,石仗,1,1046,0,34258,35305,1047,1,0.02965585611103243,33.720152817574025,0.029655856111032435,True,2
window10,清刚,1,1046,0,34258,35305,1047,1,0.02965585611103243,33.720152817574025,0.029655856111032435,True,2
window10,赞成,1,1046,0,34258,35305,1047,1,0.02965585611103243,33.720152817574025,0.029655856111032435,True,2
window10,负戈外,1,1046,0,34258,35305,1047,1,0.02965585611103243,33.720152817574025,0.029655856111032435,True,3
window10,戍,1,1046,0,34258,35305,1047,1,0.02965585611103243,33.720152817574025,0.029655856111032435,True,1
window10,杀,1,1046,0,34258,35305,1047,1,0.02965585611103243,33.720152817574025,0.029655856111032435,True,1
window10,雄边,1,1046,0,34258,35305,1047,1,0.02965585611103243,33.720152817574025,0.029655856111032435,True,2
window10,奇高,1,1046,0,34258,35305,1047,1,0.02965585611103243,33.720152817574025,0.029655856111032435,True,2
window10,华茂,1,1046,0,34258,35305,1047,1,0.02965585611103243,33.720152817574025,0.029655856111032435,True,2
window10,情兼雅怨,1,1046,0,34258,35305,1047,1,0.02965585611103243,33.720152817574025,0.029655856111032435,True,4
window10,粲溢,1,1046,0,34258,35305,1047,1,0.02965585611103243,33.720152817574025,0.029655856111032435,True,2
window10,卓尔不群,1,1046,0,34258,35305,1047,1,0.02965585611103243,33.720152817574025,0.029655856111032435,True,4
window10,仗,1,1046,0,34258,35305,1047,1,0.02965585611103243,33.720152817574025,0.029655856111032435,True,1
window10,动多振绝,1,1046,0,34258,35305,1047,1,0.02965585611103243,33.720152817574025,0.029655856111032435,True,4
window10,雕润,1,1046,0,34258,35305,1047,1,0.02965585611103243,33.720152817574025,0.029655856111032435,True,2
window10,少于,1,1046,0,34258,35305,1047,1,0.02965585611103243,33.720152817574025,0.029655856111032435,True,2
window10,劣于,1,1046,0,34258,35305,1047,1,0.02965585611103243,33.720152817574025,0.029655856111032435,True,2
window10,疏亮,1,1046,0,34258,35305,1047,1,0.02965585611103243,33.720152817574025,0.029655856111032435,True,2
window10,犹恨,1,1046,0,34258,35305,1047,1,0.02965585611103243,33.720152817574025,0.029655856111032435,True,2
window10,儿女情,1,1046,0,34258,35305,1047,1,0.02965585611103243,33.720152817574025,0.029655856111032435,True,3
window10,凄戾,1,1046,0,34258,35305,1047,1,0.02965585611103243,33.720152817574025,0.029655856111032435,True,2
window10,调警拔,1,1046,0,34258,35305,1047,1,0.02965585611103243,33.720152817574025,0.029655856111032435,True,3
window10,吾许,1,1046,0,34258,35305,1047,1,0.02965585611103243,33.720152817574025,0.029655856111032435,True,2
window10,其进,1,1046,0,34258,35305,1047,1,0.02965585611103243,33.720152817574025,0.029655856111032435,True,2
window10,逮止,1,1046,0,34258,35305,1047,1,0.02965585611103243,33.720152817574025,0.029655856111032435,True,2
window10,逸诗,1,1046,0,34258,35305,1047,1,0.02965585611103243,33.720152817574025,0.029655856111032435,True,2
window10,候,1,1046,0,34258,35305,1047,1,0.02965585611103243,33.720152817574025,0.029655856111032435,True,1
window10,范,1,1046,0,34258,35305,1047,1,0.02965585611103243,33.720152817574025,0.029655856111032435,True,1
window10,尝语,1,1046,0,34258,35305,1047,1,0.02965585611103243,33.720152817574025,0.029655856111032435,True,2
window10,捉,1,1046,0,34258,35305,1047,1,0.02965585611103243,33.720152817574025,0.029655856111032435,True,1
sentence,之,29,73,607,3257,3966,102,636,16.357034795763994,1.7729374768775434,0.0009667945203504317,True,1
sentence,则,12,90,264,3600,3966,102,276,7.098335854765507,1.6905370843989769,0.04899722123987943,True,1
sentence,以,11,91,225,3639,3966,102,236,6.069591527987897,1.8123130608175475,0.038365921013287445,True,1
sentence,其,8,94,128,3736,3966,102,136,3.497730711043873,2.28719723183391,0.02269888468907629,True,1
sentence,公干,6,96,11,3853,3966,102,17,0.4372163388804841,13.72318339100346,2.457335803218058e-06,True,2
sentence,文,6,96,55,3809,3966,102,61,1.5688350983358548,3.824493731918997,0.004411634961835064,True,1
sentence,辞,6,96,38,3826,3966,102,44,1.1316187594553706,5.302139037433156,0.0007978184020499866,True,1
sentence,总,5,97,10,3854,3966,102,15,0.3857791225416036,12.96078431372549,2.4962228326419172e-05,True,1
sentence,人,4,98,26,3838,3966,102,30,0.7715582450832073,5.184313725490196,0.006758602723764977,True,1
sentence,不可,4,98,30,3834,3966,102,34,0.8744326777609682,4.57439446366782,0.010574705864824015,True,2
sentence,若夫,4,98,31,3833,3966,102,35,0.9001512859304085,4.443697478991597,0.011707881552906522,True,2
sentence,使,4,98,21,3843,3966,102,25,0.642965204236006,6.221176470588236,0.003442150767592242,True,1
sentence,孔融,3,99,6,3858,3966,102,9,0.2314674735249622,12.96078431372549,0.0012397138418449763,True,2
sentence,和,3,99,22,3842,3966,102,25,0.642965204236006,4.665882352941177,0.02519698896046948,True,1
sentence,体,3,99,4,3860,3966,102,7,0.1800302571860817,16.663865546218485,0.0005363612753717555,True,1
sentence,志,3,99,6,3858,3966,102,9,0.2314674735249622,12.96078431372549,0.0012397138418449763,True,1
sentence,衰,3,99,0,3864,3966,102,3,0.07715582450832073,38.88235294117647,1.6526922791335543e-05,True,1
sentence,元,2,100,6,3858,3966,102,8,0.20574886535552195,9.720588235294118,0.016576994667051537,True,1
sentence,长于,2,100,4,3860,3966,102,6,0.15431164901664146,12.96078431372549,0.009184166253628202,True,2
sentence,徐,2,100,1,3863,3966,102,3,0.07715582450832073,25.92156862745098,0.0019323278127629513,True,1
sentence,高妙,2,100,0,3864,3966,102,2,0.05143721633888049,38.88235294117647,0.000655127219448541,True,2
sentence,异,2,100,11,3853,3966,102,13,0.33434190620272314,5.981900452488688,0.042481621336893434,True,1
sentence,文以,2,100,4,3860,3966,102,6,0.15431164901664146,12.96078431372549,0.009184166253628202,True,2
sentence,为主,2,100,3,3861,3966,102,5,0.12859304084720122,15.552941176470588,0.006226885794742575,True,2
sentence,清浊,2,100,6,3858,3966,102,8,0.20574886535552195,9.720588235294118,0.016576994667051537,True,2
sentence,有体,2,100,1,3863,3966,102,3,0.07715582450832073,25.92156862745098,0.0019323278127629513,True,2
sentence,力强,2,100,1,3863,3966,102,3,0.07715582450832073,25.92156862745098,0.0019323278127629513,True,2
sentence,而致,2,100,1,3863,3966,102,3,0.07715582450832073,25.92156862745098,0.0019323278127629513,True,2
sentence,遒,2,100,3,3861,3966,102,5,0.12859304084720122,15.552941176470588,0.006226885794742575,True,1
sentence,当时,2,100,4,3860,3966,102,6,0.15431164901664146,12.96078431372549,0.009184166253628202,True,2
sentence,然后,2,100,11,3853,3966,102,13,0.33434190620272314,5.981900452488688,0.042481621336893434,True,2
sentence,犹,2,100,11,3853,3966,102,13,0.33434190620272314,5.981900452488688,0.042481621336893434,True,1
sentence,务,2,100,8,3856,3966,102,10,0.25718608169440244,7.776470588235294,0.02576432986947882,True,1
sentence,清,2,100,4,3860,3966,102,6,0.15431164901664146,12.96078431372549,0.009184166253628202,True,1
sentence,靡,2,100,12,3852,3966,102,14,0.3600605143721634,5.554621848739496,0.048746651352127246,True,1
sentence,枚,2,100,11,3853,3966,102,13,0.33434190620272314,5.981900452488688,0.042481621336893434,True,1
sentence,乘,2,100,10,3854,3966,102,12,0.3086232980332829,6.480392156862745,0.03654842315360709,True,1
sentence,慷慨,2,100,4,3860,3966,102,6,0.15431164901664146,12.96078431372549,0.009184166253628202,True,2
sentence,桓,2,100,9,3855,3966,102,11,0.28290468986384265,7.069518716577541,0.0309685381470369,True,1
sentence,韵,2,100,7,3857,3966,102,9,0.2314674735249622,8.640522875816993,0.020959074902824837,True,1
sentence,高,2,100,5,3859,3966,102,7,0.1800302571860817,11.109243697478991,0.012643288244930773,True,1
sentence,刚柔,2,100,4,3860,3966,102,6,0.15431164901664146,12.96078431372549,0.009184166253628202,True,2
sentence,之数,2,100,8,3856,3966,102,10,0.25718608169440244,7.776470588235294,0.02576432986947882,True,2
sentence,情性,2,100,6,3858,3966,102,8,0.20574886535552195,9.720588235294118,0.016576994667051537,True,2
sentence,江左,2,100,3,3861,3966,102,5,0.12859304084720122,15.552941176470588,0.006226885794742575,True,2
sentence,盛,2,100,4,3860,3966,102,6,0.15431164901664146,12.96078431372549,0.009184166253628202,True,1
sentence,体制,2,100,2,3862,3966,102,4,0.10287443267776097,19.441176470588236,0.003799786515251054,True,2
sentence,迺,2,100,11,3853,3966,102,13,0.33434190620272314,5.981900452488688,0.042481621336893434,True,1
sentence,英华,2,100,4,3860,3966,102,6,0.15431164901664146,12.96078431372549,0.009184166253628202,True,2
sentence,耳目,2,100,4,3860,3966,102,6,0.15431164901664146,12.96078431372549,0.009184166253628202,True,2
sentence,吐纳,2,100,7,3857,3966,102,9,0.2314674735249622,8.640522875816993,0.020959074902824837,True,2
sentence,以任,2,100,0,3864,3966,102,2,0.05143721633888049,38.88235294117647,0.000655127219448541,True,2
sentence,大略,2,100,3,3861,3966,102,5,0.12859304084720122,15.552941176470588,0.006226885794742575,True,2
sentence,必使,2,100,4,3860,3966,102,6,0.15431164901664146,12.96078431372549,0.009184166253628202,True,2
sentence,置,2,100,3,3861,3966,102,5,0.12859304084720122,15.552941176470588,0.006226885794742575,True,1
sentence,刚健,2,100,0,3864,3966,102,2,0.05143721633888049,38.88235294117647,0.000655127219448541,True,2
sentence,法家,2,100,1,3863,3966,102,3,0.07715582450832073,25.92156862745098,0.0019323278127629513,True,2
sentence,祢衡,2,100,2,3862,3966,102,4,0.10287443267776097,19.441176470588236,0.003799786515251054,True,2
sentence,关键,2,100,1,3863,3966,102,3,0.07715582450832073,25.92156862745098,0.0019323278127629513,True,2
sentence,王充,2,100,0,3864,3966,102,2,0.05143721633888049,38.88235294117647,0.000655127219448541,True,2
sentence,肇自血,2,100,0,3864,3966,102,2,0.05143721633888049,38.88235294117647,0.000655127219448541,True,3
sentence,羞,2,100,0,3864,3966,102,2,0.05143721633888049,38.88235294117647,0.000655127219448541,True,1
sentence,步,2,100,0,3864,3966,102,2,0.05143721633888049,38.88235294117647,0.000655127219448541,True,1
sentence,思锐,2,100,0,3864,3966,102,2,0.05143721633888049,38.88235294117647,0.000655127219448541,True,2
sentence,谈笑,2,100,2,3862,3966,102,4,0.10287443267776097,19.441176470588236,0.003799786515251054,True,2
sentence,动物,2,100,0,3864,3966,102,2,0.05143721633888049,38.88235294117647,0.000655127219448541,True,2
sentence,干时,1,101,0,3864,3966,102,1,0.025718608169440244,38.88235294117647,0.025718608169440244,True,2
sentence,有齐,1,101,0,3864,3966,102,1,0.025718608169440244,38.88235294117647,0.025718608169440244,True,2
sentence,过人,1,101,0,3864,3966,102,1,0.025718608169440244,38.88235294117647,0.025718608169440244,True,2
sentence,不齐,1,101,0,3864,3966,102,1,0.025718608169440244,38.88235294117647,0.025718608169440244,True,2
sentence,有素,1,101,0,3864,3966,102,1,0.025718608169440244,38.88235294117647,0.025718608169440244,True,2
sentence,父兄,1,101,0,3864,3966,102,1,0.025718608169440244,38.88235294117647,0.025718608169440244,True,2
sentence,以移,1,101,0,3864,3966,102,1,0.025718608169440244,38.88235294117647,0.025718608169440244,True,2
sentence,子弟,1,101,0,3864,3966,102,1,0.025718608169440244,38.88235294117647,0.025718608169440244,True,2
sentence,有逸,1,101,0,3864,3966,102,1,0.025718608169440244,38.88235294117647,0.025718608169440244,True,2
sentence,妙绝,1,101,0,3864,3966,102,1,0.025718608169440244,38.88235294117647,0.025718608169440244,True,2
sentence,芬馥,1,101,0,3864,3966,102,1,0.025718608169440244,38.88235294117647,0.025718608169440244,True,2
sentence,非容,1,101,0,3864,3966,102,1,0.025718608169440244,38.88235294117647,0.025718608169440244,True,2
sentence,所假,1,101,0,3864,3966,102,1,0.025718608169440244,38.88235294117647,0.025718608169440244,True,2
sentence,虽虞夏,1,101,0,3864,3966,102,1,0.025718608169440244,38.88235294117647,0.025718608169440244,True,3
sentence,怀灵,1,101,0,3864,3966,102,1,0.025718608169440244,38.88235294117647,0.025718608169440244,True,2
sentence,清辞丽曲,1,101,0,3864,3966,102,1,0.025718608169440244,38.88235294117647,0.025718608169440244,True,4
sentence,芜音,1,101,0,3864,3966,102,1,0.025718608169440244,38.88235294117647,0.025718608169440244,True,2
sentence,固亦多,1,101,0,3864,3966,102,1,0.025718608169440244,38.88235294117647,0.025718608169440244,True,3
sentence,相如巧,1,101,0,3864,3966,102,1,0.025718608169440244,38.88235294117647,0.025718608169440244,True,3
sentence,仲宣以,1,101,0,3864,3966,102,1,0.025718608169440244,38.88235294117647,0.025718608169440244,True,3
sentence,质为体,1,101,0,3864,3966,102,1,0.025718608169440244,38.88235294117647,0.025718608169440244,True,3
sentence,标能,1,101,0,3864,3966,102,1,0.025718608169440244,38.88235294117647,0.025718608169440244,True,2
sentence,独映,1,101,0,3864,3966,102,1,0.025718608169440244,38.88235294117647,0.025718608169440244,True,2
sentence,仲文始,1,101,0,3864,3966,102,1,0.025718608169440244,38.88235294117647,0.025718608169440244,True,3
sentence,革孙,1,101,0,3864,3966,102,1,0.025718608169440244,38.88235294117647,0.025718608169440244,True,2
sentence,许之风,1,101,0,3864,3966,102,1,0.025718608169440244,38.88235294117647,0.025718608169440244,True,3
sentence,大变,1,101,0,3864,3966,102,1,0.025718608169440244,38.88235294117647,0.025718608169440244,True,2
sentence,太元,1,101,0,3864,3966,102,1,0.025718608169440244,38.88235294117647,0.025718608169440244,True,2
sentence,蕴思,1,101,0,3864,3966,102,1,0.025718608169440244,38.88235294117647,0.025718608169440244,True,2
sentence,内运,1,101,0,3864,3966,102,1,0.025718608169440244,38.88235294117647,0.025718608169440244,True,2
sentence,落纸,1,101,0,3864,3966,102,1,0.025718608169440244,38.88235294117647,0.025718608169440244,True,2
sentence,风味,1,101,0,3864,3966,102,1,0.025718608169440244,38.88235294117647,0.025718608169440244,True,2
sentence,郭璞举,1,101,0,3864,3966,102,1,0.025718608169440244,38.88235294117647,0.025718608169440244,True,3
sentence,灵变,1,101,0,3864,3966,102,1,0.025718608169440244,38.88235294117647,0.025718608169440244,True,2
sentence,极其,1,101,0,3864,3966,102,1,0.025718608169440244,38.88235294117647,0.025718608169440244,True,2
sentence,仲文玄,1,101,0,3864,3966,102,1,0.025718608169440244,38.88235294117647,0.025718608169440244,True,3
sentence,谢混情,1,101,0,3864,3966,102,1,0.025718608169440244,38.88235294117647,0.025718608169440244,True,3
sentence,得名,1,101,0,3864,3966,102,1,0.025718608169440244,38.88235294117647,0.025718608169440244,True,2
sentence,未盛,1,101,0,3864,3966,102,1,0.025718608169440244,38.88235294117647,0.025718608169440244,True,2
sentence,蛾眉,1,101,0,3864,3966,102,1,0.025718608169440244,38.88235294117647,0.025718608169440244,True,2
sentence,同貌,1,101,0,3864,3966,102,1,0.025718608169440244,38.88235294117647,0.025718608169440244,True,2
sentence,而俱动,1,101,0,3864,3966,102,1,0.025718608169440244,38.88235294117647,0.025718608169440244,True,3
sentence,于魄,1,101,0,3864,3966,102,1,0.025718608169440244,38.88235294117647,0.025718608169440244,True,2
sentence,芳草,1,101,0,3864,3966,102,1,0.025718608169440244,38.88235294117647,0.025718608169440244,True,2
sentence,宁其,1,101,0,3864,3966,102,1,0.025718608169440244,38.88235294117647,0.025718608169440244,True,2
sentence,而皆悦,1,101,0,3864,3966,102,1,0.025718608169440244,38.88235294117647,0.025718608169440244,True,3
sentence,魂,1,101,0,3864,3966,102,1,0.025718608169440244,38.88235294117647,0.025718608169440244,True,1
sentence,不其然,1,101,0,3864,3966,102,1,0.025718608169440244,38.88235294117647,0.025718608169440244,True,3
sentence,成采,1,101,0,3864,3966,102,1,0.025718608169440244,38.88235294117647,0.025718608169440244,True,2
sentence,轹古,1,101,0,3864,3966,102,1,0.025718608169440244,38.88235294117647,0.025718608169440244,True,2
sentence,辞来切,1,101,0,3864,3966,102,1,0.025718608169440244,38.88235294117647,0.025718608169440244,True,3
sentence,惊采绝艳,1,101,0,3864,3966,102,1,0.025718608169440244,38.88235294117647,0.025718608169440244,True,4
sentence,并怜,1,101,0,3864,3966,102,1,0.025718608169440244,38.88235294117647,0.025718608169440244,True,2
sentence,风月,1,101,0,3864,3966,102,1,0.025718608169440244,38.88235294117647,0.025718608169440244,True,2
sentence,狎,1,101,0,3864,3966,102,1,0.025718608169440244,38.88235294117647,0.025718608169440244,True,1
sentence,池苑,1,101,0,3864,3966,102,1,0.025718608169440244,38.88235294117647,0.025718608169440244,True,2
sentence,恩荣,1,101,0,3864,3966,102,1,0.025718608169440244,38.88235294117647,0.025718608169440244,True,2
sentence,叙酣宴,1,101,0,3864,3966,102,1,0.025718608169440244,38.88235294117647,0.025718608169440244,True,3
sentence,以使,1,101,0,3864,3966,102,1,0.025718608169440244,38.88235294117647,0.025718608169440244,True,2
sentence,匹夫庶妇,1,101,0,3864,3966,102,1,0.025718608169440244,38.88235294117647,0.025718608169440244,True,4
sentence,诗官,1,101,0,3864,3966,102,1,0.025718608169440244,38.88235294117647,0.025718608169440244,True,2
sentence,采言,1,101,0,3864,3966,102,1,0.025718608169440244,38.88235294117647,0.025718608169440244,True,2
sentence,乐盲,1,101,0,3864,3966,102,1,0.025718608169440244,38.88235294117647,0.025718608169440244,True,2
sentence,被律,1,101,0,3864,3966,102,1,0.025718608169440244,38.88235294117647,0.025718608169440244,True,2
sentence,志感,1,101,0,3864,3966,102,1,0.025718608169440244,38.88235294117647,0.025718608169440244,True,2
sentence,丝篁,1,101,0,3864,3966,102,1,0.025718608169440244,38.88235294117647,0.025718608169440244,True,2
sentence,崇礼,1,101,0,3864,3966,102,1,0.025718608169440244,38.88235294117647,0.025718608169440244,True,2
sentence,赵代之音,1,101,0,3864,3966,102,1,0.025718608169440244,38.88235294117647,0.025718608169440244,True,4
sentence,曼声,1,101,0,3864,3966,102,1,0.025718608169440244,38.88235294117647,0.025718608169440244,True,2
sentence,协律,1,101,0,3864,3966,102,1,0.025718608169440244,38.88235294117647,0.025718608169440244,True,2
sentence,朱马,1,101,0,3864,3966,102,1,0.025718608169440244,38.88235294117647,0.025718608169440244,True,2
sentence,以骚,1,101,0,3864,3966,102,1,0.025718608169440244,38.88235294117647,0.025718608169440244,True,2
sentence,桂华,1,101,0,3864,3966,102,1,0.025718608169440244,38.88235294117647,0.025718608169440244,True,2
sentence,杂曲,1,101,0,3864,3966,102,1,0.025718608169440244,38.88235294117647,0.025718608169440244,True,2
sentence,赤雁,1,101,0,3864,3966,102,1,0.025718608169440244,38.88235294117647,0.025718608169440244,True,2
sentence,非典,1,101,0,3864,3966,102,1,0.025718608169440244,38.88235294117647,0.025718608169440244,True,2
sentence,河间,1,101,0,3864,3966,102,1,0.025718608169440244,38.88235294117647,0.025718608169440244,True,2
sentence,荐雅,1,101,0,3864,3966,102,1,0.025718608169440244,38.88235294117647,0.025718608169440244,True,2
sentence,罕御,1,101,0,3864,3966,102,1,0.025718608169440244,38.88235294117647,0.025718608169440244,True,2
sentence,汲,1,101,0,3864,3966,102,1,0.025718608169440244,38.88235294117647,0.025718608169440244,True,1
sentence,黯致,1,101,0,3864,3966,102,1,0.025718608169440244,38.88235294117647,0.025718608169440244,True,2
sentence,讥于,1,101,0,3864,3966,102,1,0.025718608169440244,38.88235294117647,0.025718608169440244,True,2
sentence,天马,1,101,0,3864,3966,102,1,0.025718608169440244,38.88235294117647,0.025718608169440244,True,2
sentence,祖,1,101,0,3864,3966,102,1,0.025718608169440244,38.88235294117647,0.025718608169440244,True,1
sentence,爽,1,101,0,3864,3966,102,1,0.025718608169440244,38.88235294117647,0.025718608169440244,True,1
sentence,才丽,1,101,0,3864,3966,102,1,0.025718608169440244,38.88235294117647,0.025718608169440244,True,2
sentence,宰割,1,101,0,3864,3966,102,1,0.025718608169440244,38.88235294117647,0.025718608169440244,True,2
sentence,辞调,1,101,0,3864,3966,102,1,0.025718608169440244,38.88235294117647,0.025718608169440244,True,2
sentence,音靡,1,101,0,3864,3966,102,1,0.025718608169440244,38.88235294117647,0.025718608169440244,True,2
sentence,节平,1,101,0,3864,3966,102,1,0.025718608169440244,38.88235294117647,0.025718608169440244,True,2
sentence,臧洪,1,101,0,3864,3966,102,1,0.025718608169440244,38.88235294117647,0.025718608169440244,True,2
sentence,歃辞,1,101,0,3864,3966,102,1,0.025718608169440244,38.88235294117647,0.025718608169440244,True,2
sentence,截,1,101,0,3864,3966,102,1,0.025718608169440244,38.88235294117647,0.025718608169440244,True,1
sentence,藻溢于,1,101,0,3864,3966,102,1,0.025718608169440244,38.88235294117647,0.025718608169440244,True,3
sentence,辞盈乎,1,101,0,3864,3966,102,1,0.025718608169440244,38.88235294117647,0.025718608169440244,True,3
sentence,宋玉含,1,101,0,3864,3966,102,1,0.025718608169440244,38.88235294117647,0.025718608169440244,True,3
sentence,负俗,1,101,0,3864,3966,102,1,0.025718608169440244,38.88235294117647,0.025718608169440244,True,2
sentence,始造,1,101,0,3864,3966,102,1,0.025718608169440244,38.88235294117647,0.025718608169440244,True,2
sentence,以申,1,101,0,3864,3966,102,1,0.025718608169440244,38.88235294117647,0.025718608169440244,True,2
sentence,放怀,1,101,0,3864,3966,102,1,0.025718608169440244,38.88235294117647,0.025718608169440244,True,2
sentence,实使,1,101,0,3864,3966,102,1,0.025718608169440244,38.88235294117647,0.025718608169440244,True,2
sentence,御寇,1,101,0,3864,3966,102,1,0.025718608169440244,38.88235294117647,0.025718608169440244,True,2
sentence,伟而,1,101,0,3864,3966,102,1,0.025718608169440244,38.88235294117647,0.025718608169440244,True,2
sentence,采奇,1,101,0,3864,3966,102,1,0.025718608169440244,38.88235294117647,0.025718608169440244,True,2
sentence,鉴远,1,101,0,3864,3966,102,1,0.025718608169440244,38.88235294117647,0.025718608169440244,True,2
sentence,体周,1,101,0,3864,3966,102,1,0.025718608169440244,38.88235294117647,0.025718608169440244,True,2
sentence,泛采,1,101,0,3864,3966,102,1,0.025718608169440244,38.88235294117647,0.025718608169440244,True,2
sentence,封策,1,101,0,3864,3966,102,1,0.025718608169440244,38.88235294117647,0.025718608169440244,True,2
sentence,风雨,1,101,0,3864,3966,102,1,0.025718608169440244,38.88235294117647,0.025718608169440244,True,2
sentence,之润,1,101,0,3864,3966,102,1,0.025718608169440244,38.88235294117647,0.025718608169440244,True,2
sentence,分阃,1,101,0,3864,3966,102,1,0.025718608169440244,38.88235294117647,0.025718608169440244,True,2
sentence,推毂,1,101,0,3864,3966,102,1,0.025718608169440244,38.88235294117647,0.025718608169440244,True,2
sentence,奉辞伐罪,1,101,0,3864,3966,102,1,0.025718608169440244,38.88235294117647,0.025718608169440244,True,4
sentence,非唯致果,1,101,0,3864,3966,102,1,0.025718608169440244,38.88235294117647,0.025718608169440244,True,4
sentence,为毅,1,101,0,3864,3966,102,1,0.025718608169440244,38.88235294117647,0.025718608169440244,True,2
sentence,亦且,1,101,0,3864,3966,102,1,0.025718608169440244,38.88235294117647,0.025718608169440244,True,2
sentence,厉辞,1,101,0,3864,3966,102,1,0.025718608169440244,38.88235294117647,0.025718608169440244,True,2
sentence,使声,1,101,0,3864,3966,102,1,0.025718608169440244,38.88235294117647,0.025718608169440244,True,2
sentence,冲风,1,101,0,3864,3966,102,1,0.025718608169440244,38.88235294117647,0.025718608169440244,True,2
sentence,所击,1,101,0,3864,3966,102,1,0.025718608169440244,38.88235294117647,0.025718608169440244,True,2
sentence,欃枪,1,101,0,3864,3966,102,1,0.025718608169440244,38.88235294117647,0.025718608169440244,True,2
sentence,所扫,1,101,0,3864,3966,102,1,0.025718608169440244,38.88235294117647,0.025718608169440244,True,2
sentence,奋其,1,101,0,3864,3966,102,1,0.025718608169440244,38.88235294117647,0.025718608169440244,True,2
sentence,武怒,1,101,0,3864,3966,102,1,0.025718608169440244,38.88235294117647,0.025718608169440244,True,2
sentence,罪人,1,101,0,3864,3966,102,1,0.025718608169440244,38.88235294117647,0.025718608169440244,True,2
sentence,惩其,1,101,0,3864,3966,102,1,0.025718608169440244,38.88235294117647,0.025718608169440244,True,2
sentence,恶稔,1,101,0,3864,3966,102,1,0.025718608169440244,38.88235294117647,0.025718608169440244,True,2
sentence,显其,1,101,0,3864,3966,102,1,0.025718608169440244,38.88235294117647,0.025718608169440244,True,2
sentence,贯盈,1,101,0,3864,3966,102,1,0.025718608169440244,38.88235294117647,0.025718608169440244,True,2
sentence,奸宄,1,101,0,3864,3966,102,1,0.025718608169440244,38.88235294117647,0.025718608169440244,True,2
sentence,之胆,1,101,0,3864,3966,102,1,0.025718608169440244,38.88235294117647,0.025718608169440244,True,2
sentence,订信慎,1,101,0,3864,3966,102,1,0.025718608169440244,38.88235294117647,0.025718608169440244,True,3
sentence,百尺,1,101,0,3864,3966,102,1,0.025718608169440244,38.88235294117647,0.025718608169440244,True,2
sentence,之冲,1,101,0,3864,3966,102,1,0.025718608169440244,38.88235294117647,0.025718608169440244,True,2
sentence,摧折,1,101,0,3864,3966,102,1,0.025718608169440244,38.88235294117647,0.025718608169440244,True,2
sentence,咫书,1,101,0,3864,3966,102,1,0.025718608169440244,38.88235294117647,0.025718608169440244,True,2
sentence,万雉,1,101,0,3864,3966,102,1,0.025718608169440244,38.88235294117647,0.025718608169440244,True,2
sentence,城,1,101,0,3864,3966,102,1,0.025718608169440244,38.88235294117647,0.025718608169440244,True,1
sentence,插羽,1,101,0,3864,3966,102,1,0.025718608169440244,38.88235294117647,0.025718608169440244,True,2
sentence,迅,1,101,0,3864,3966,102,1,0.025718608169440244,38.88235294117647,0.025718608169440244,True,1
sentence,辞缓,1,101,0,3864,3966,102,1,0.025718608169440244,38.88235294117647,0.025718608169440244,True,2
sentence,露板,1,101,0,3864,3966,102,1,0.025718608169440244,38.88235294117647,0.025718608169440244,True,2
sentence,宣众,1,101,0,3864,3966,102,1,0.025718608169440244,38.88235294117647,0.025718608169440244,True,2
sentence,使义,1,101,0,3864,3966,102,1,0.025718608169440244,38.88235294117647,0.025718608169440244,True,2
sentence,必事昭而理,1,101,0,3864,3966,102,1,0.025718608169440244,38.88235294117647,0.025718608169440244,True,5
sentence,盛而,1,101,0,3864,3966,102,1,0.025718608169440244,38.88235294117647,0.025718608169440244,True,2
sentence,辞断,1,101,0,3864,3966,102,1,0.025718608169440244,38.88235294117647,0.025718608169440244,True,2
sentence,此其要,1,101,0,3864,3966,102,1,0.025718608169440244,38.88235294117647,0.025718608169440244,True,3
sentence,体乏,1,101,0,3864,3966,102,1,0.025718608169440244,38.88235294117647,0.025718608169440244,True,2
sentence,之荐,1,101,0,3864,3966,102,1,0.025718608169440244,38.88235294117647,0.025718608169440244,True,2
sentence,采飞,1,101,0,3864,3966,102,1,0.025718608169440244,38.88235294117647,0.025718608169440244,True,2
sentence,故位,1,101,0,3864,3966,102,1,0.025718608169440244,38.88235294117647,0.025718608169440244,True,2
sentence,鸷击,1,101,0,3864,3966,102,1,0.025718608169440244,38.88235294117647,0.025718608169440244,True,2
sentence,砥砺,1,101,0,3864,3966,102,1,0.025718608169440244,38.88235294117647,0.025718608169440244,True,2
sentence,振风,1,101,0,3864,3966,102,1,0.025718608169440244,38.88235294117647,0.025718608169440244,True,2
sentence,简上,1,101,0,3864,3966,102,1,0.025718608169440244,38.88235294117647,0.025718608169440244,True,2
sentence,凝霜,1,101,0,3864,3966,102,1,0.025718608169440244,38.88235294117647,0.025718608169440244,True,2
sentence,理有,1,101,0,3864,3966,102,1,0.025718608169440244,38.88235294117647,0.025718608169440244,True,2
sentence,典刑,1,101,0,3864,3966,102,1,0.025718608169440244,38.88235294117647,0.025718608169440244,True,2
sentence,辞有,1,101,0,3864,3966,102,1,0.025718608169440244,38.88235294117647,0.025718608169440244,True,2
sentence,儒家,1,101,0,3864,3966,102,1,0.025718608169440244,38.88235294117647,0.025718608169440244,True,2
sentence,不畏,1,101,0,3864,3966,102,1,0.025718608169440244,38.88235294117647,0.025718608169440244,True,2
sentence,流墨,1,101,0,3864,3966,102,1,0.025718608169440244,38.88235294117647,0.025718608169440244,True,2
sentence,无纵,1,101,0,3864,3966,102,1,0.025718608169440244,38.88235294117647,0.025718608169440244,True,2
sentence,诡随,1,101,0,3864,3966,102,1,0.025718608169440244,38.88235294117647,0.025718608169440244,True,2
sentence,声动,1,101,0,3864,3966,102,1,0.025718608169440244,38.88235294117647,0.025718608169440244,True,2
sentence,简外,1,101,0,3864,3966,102,1,0.025718608169440244,38.88235294117647,0.025718608169440244,True,2
sentence,绝席,1,101,0,3864,3966,102,1,0.025718608169440244,38.88235294117647,0.025718608169440244,True,2
sentence,之雄,1,101,0,3864,3966,102,1,0.025718608169440244,38.88235294117647,0.025718608169440244,True,2
sentence,直方,1,101,0,3864,3966,102,1,0.025718608169440244,38.88235294117647,0.025718608169440244,True,2
sentence,鲁丕,1,101,0,3864,3966,102,1,0.025718608169440244,38.88235294117647,0.025718608169440244,True,2
sentence,中策,1,101,0,3864,3966,102,1,0.025718608169440244,38.88235294117647,0.025718608169440244,True,2
sentence,独入,1,101,0,3864,3966,102,1,0.025718608169440244,38.88235294117647,0.025718608169440244,True,2
sentence,汉来,1,101,0,3864,3966,102,1,0.025718608169440244,38.88235294117647,0.025718608169440244,True,2
sentence,之报,1,101,0,3864,3966,102,1,0.025718608169440244,38.88235294117647,0.025718608169440244,True,2
sentence,任安,1,101,0,3864,3966,102,1,0.025718608169440244,38.88235294117647,0.025718608169440244,True,2
sentence,杨恽,1,101,0,3864,3966,102,1,0.025718608169440244,38.88235294117647,0.025718608169440244,True,2
sentence,之酬,1,101,0,3864,3966,102,1,0.025718608169440244,38.88235294117647,0.025718608169440244,True,2
sentence,会宗,1,101,0,3864,3966,102,1,0.025718608169440244,38.88235294117647,0.025718608169440244,True,2
sentence,子云之答,1,101,0,3864,3966,102,1,0.025718608169440244,38.88235294117647,0.025718608169440244,True,4
sentence,含殊,1,101,0,3864,3966,102,1,0.025718608169440244,38.88235294117647,0.025718608169440244,True,2
sentence,书体,1,101,0,3864,3966,102,1,0.025718608169440244,38.88235294117647,0.025718608169440244,True,2
sentence,尽言,1,101,0,3864,3966,102,1,0.025718608169440244,38.88235294117647,0.025718608169440244,True,2
sentence,散,1,101,0,3864,3966,102,1,0.025718608169440244,38.88235294117647,0.025718608169440244,True,1
sentence,涤畅,1,101,0,3864,3966,102,1,0.025718608169440244,38.88235294117647,0.025718608169440244,True,2
sentence,以怿怀,1,101,0,3864,3966,102,1,0.025718608169440244,38.88235294117647,0.025718608169440244,True,3
sentence,神居,1,101,0,3864,3966,102,1,0.025718608169440244,38.88235294117647,0.025718608169440244,True,2
sentence,统其,1,101,0,3864,3966,102,1,0.025718608169440244,38.88235294117647,0.025718608169440244,True,2
sentence,搦,1,101,0,3864,3966,102,1,0.025718608169440244,38.88235294117647,0.025718608169440244,True,1
sentence,辞前,1,101,0,3864,3966,102,1,0.025718608169440244,38.88235294117647,0.025718608169440244,True,2
sentence,半折,1,101,0,3864,3966,102,1,0.025718608169440244,38.88235294117647,0.025718608169440244,True,2
sentence,心始,1,101,0,3864,3966,102,1,0.025718608169440244,38.88235294117647,0.025718608169440244,True,2
sentence,意翻,1,101,0,3864,3966,102,1,0.025718608169440244,38.88235294117647,0.025718608169440244,True,2
sentence,空而易奇,1,101,0,3864,3966,102,1,0.025718608169440244,38.88235294117647,0.025718608169440244,True,4
sentence,征实,1,101,0,3864,3966,102,1,0.025718608169440244,38.88235294117647,0.025718608169440244,True,2
sentence,难巧,1,101,0,3864,3966,102,1,0.025718608169440244,38.88235294117647,0.025718608169440244,True,2
sentence,禀才,1,101,0,3864,3966,102,1,0.025718608169440244,38.88235294117647,0.025718608169440244,True,2
sentence,文之制体,1,101,0,3864,3966,102,1,0.025718608169440244,38.88235294117647,0.025718608169440244,True,4
sentence,殊功,1,101,0,3864,3966,102,1,0.025718608169440244,38.88235294117647,0.025718608169440244,True,2
sentence,含笔,1,101,0,3864,3966,102,1,0.025718608169440244,38.88235294117647,0.025718608169440244,True,2
sentence,腐毫,1,101,0,3864,3966,102,1,0.025718608169440244,38.88235294117647,0.025718608169440244,True,2
sentence,辍翰,1,101,0,3864,3966,102,1,0.025718608169440244,38.88235294117647,0.025718608169440244,True,2
sentence,惊梦,1,101,0,3864,3966,102,1,0.025718608169440244,38.88235294117647,0.025718608169440244,True,2
sentence,谭疾,1,101,0,3864,3966,102,1,0.025718608169440244,38.88235294117647,0.025718608169440244,True,2
sentence,感于,1,101,0,3864,3966,102,1,0.025718608169440244,38.88235294117647,0.025718608169440244,True,2
sentence,苦思,1,101,0,3864,3966,102,1,0.025718608169440244,38.88235294117647,0.025718608169440244,True,2
sentence,竭于,1,101,0,3864,3966,102,1,0.025718608169440244,38.88235294117647,0.025718608169440244,True,2
sentence,研京以,1,101,0,3864,3966,102,1,0.025718608169440244,38.88235294117647,0.025718608169440244,True,3
sentence,十年,1,101,0,3864,3966,102,1,0.025718608169440244,38.88235294117647,0.025718608169440244,True,2
sentence,一纪,1,101,0,3864,3966,102,1,0.025718608169440244,38.88235294117647,0.025718608169440244,True,2
sentence,巨文,1,101,0,3864,3966,102,1,0.025718608169440244,38.88235294117647,0.025718608169440244,True,2
sentence,思之缓,1,101,0,3864,3966,102,1,0.025718608169440244,38.88235294117647,0.025718608169440244,True,3
sentence,有庸俊,1,101,0,3864,3966,102,1,0.025718608169440244,38.88235294117647,0.025718608169440244,True,3
sentence,学有,1,101,0,3864,3966,102,1,0.025718608169440244,38.88235294117647,0.025718608169440244,True,2
sentence,习有,1,101,0,3864,3966,102,1,0.025718608169440244,38.88235294117647,0.025718608169440244,True,2
sentence,所铄,1,101,0,3864,3966,102,1,0.025718608169440244,38.88235294117647,0.025718608169440244,True,2
sentence,陶染,1,101,0,3864,3966,102,1,0.025718608169440244,38.88235294117647,0.025718608169440244,True,2
sentence,笔区,1,101,0,3864,3966,102,1,0.025718608169440244,38.88235294117647,0.025718608169440244,True,2
sentence,云谲,1,101,0,3864,3966,102,1,0.025718608169440244,38.88235294117647,0.025718608169440244,True,2
sentence,波诡,1,101,0,3864,3966,102,1,0.025718608169440244,38.88235294117647,0.025718608169440244,True,2
sentence,风趣,1,101,0,3864,3966,102,1,0.025718608169440244,38.88235294117647,0.025718608169440244,True,2
sentence,改其,1,101,0,3864,3966,102,1,0.025718608169440244,38.88235294117647,0.025718608169440244,True,2
sentence,功以,1,101,0,3864,3966,102,1,0.025718608169440244,38.88235294117647,0.025718608169440244,True,2
sentence,学成,1,101,0,3864,3966,102,1,0.025718608169440244,38.88235294117647,0.025718608169440244,True,2
sentence,志以,1,101,0,3864,3966,102,1,0.025718608169440244,38.88235294117647,0.025718608169440244,True,2
sentence,定言,1,101,0,3864,3966,102,1,0.025718608169440244,38.88235294117647,0.025718608169440244,True,2
sentence,褊,1,101,0,3864,3966,102,1,0.025718608169440244,38.88235294117647,0.025718608169440244,True,1
sentence,故言壮,1,101,0,3864,3966,102,1,0.025718608169440244,38.88235294117647,0.025718608169440244,True,3
sentence,情骇,1,101,0,3864,3966,102,1,0.025718608169440244,38.88235294117647,0.025718608169440244,True,2
sentence,恒资,1,101,0,3864,3966,102,1,0.025718608169440244,38.88235294117647,0.025718608169440244,True,2
sentence,风冠,1,101,0,3864,3966,102,1,0.025718608169440244,38.88235294117647,0.025718608169440244,True,2
sentence,其首,1,101,0,3864,3966,102,1,0.025718608169440244,38.88235294117647,0.025718608169440244,True,2
sentence,斯乃化,1,101,0,3864,3966,102,1,0.025718608169440244,38.88235294117647,0.025718608169440244,True,3
sentence,之待骨,1,101,0,3864,3966,102,1,0.025718608169440244,38.88235294117647,0.025718608169440244,True,3
sentence,如体,1,101,0,3864,3966,102,1,0.025718608169440244,38.88235294117647,0.025718608169440244,True,2
sentence,树骸,1,101,0,3864,3966,102,1,0.025718608169440244,38.88235294117647,0.025718608169440244,True,2
sentence,情之,1,101,0,3864,3966,102,1,0.025718608169440244,38.88235294117647,0.025718608169440244,True,2
sentence,含风,1,101,0,3864,3966,102,1,0.025718608169440244,38.88235294117647,0.025718608169440244,True,2
sentence,犹形,1,101,0,3864,3966,102,1,0.025718608169440244,38.88235294117647,0.025718608169440244,True,2
sentence,之包,1,101,0,3864,3966,102,1,0.025718608169440244,38.88235294117647,0.025718608169440244,True,2
sentence,骏爽,1,101,0,3864,3966,102,1,0.025718608169440244,38.88235294117647,0.025718608169440244,True,2
sentence,文风,1,101,0,3864,3966,102,1,0.025718608169440244,38.88235294117647,0.025718608169440244,True,2
sentence,清焉,1,101,0,3864,3966,102,1,0.025718608169440244,38.88235294117647,0.025718608169440244,True,2
sentence,裁篇,1,101,0,3864,3966,102,1,0.025718608169440244,38.88235294117647,0.025718608169440244,True,2
sentence,务盈守,1,101,0,3864,3966,102,1,0.025718608169440244,38.88235294117647,0.025718608169440244,True,3
sentence,既实,1,101,0,3864,3966,102,1,0.025718608169440244,38.88235294117647,0.025718608169440244,True,2
sentence,乃新,1,101,0,3864,3966,102,1,0.025718608169440244,38.88235294117647,0.025718608169440244,True,2
sentence,征鸟,1,101,0,3864,3966,102,1,0.025718608169440244,38.88235294117647,0.025718608169440244,True,2
sentence,使翼,1,101,0,3864,3966,102,1,0.025718608169440244,38.88235294117647,0.025718608169440244,True,2
sentence,思不,1,101,0,3864,3966,102,1,0.025718608169440244,38.88235294117647,0.025718608169440244,True,2
sentence,环周,1,101,0,3864,3966,102,1,0.025718608169440244,38.88235294117647,0.025718608169440244,True,2
sentence,索莫乏,1,101,0,3864,3966,102,1,0.025718608169440244,38.88235294117647,0.025718608169440244,True,3
sentence,无风,1,101,0,3864,3966,102,1,0.025718608169440244,38.88235294117647,0.025718608169440244,True,2
sentence,赋仙,1,101,0,3864,3966,102,1,0.025718608169440244,38.88235294117647,0.025718608169440244,True,2
sentence,故其论,1,101,0,3864,3966,102,1,0.025718608169440244,38.88235294117647,0.025718608169440244,True,3
sentence,云体,1,101,0,3864,3966,102,1,0.025718608169440244,38.88235294117647,0.025718608169440244,True,2
sentence,云时,1,101,0,3864,3966,102,1,0.025718608169440244,38.88235294117647,0.025718608169440244,True,2
sentence,信含,1,101,0,3864,3966,102,1,0.025718608169440244,38.88235294117647,0.025718608169440244,True,2
sentence,笔墨,1,101,0,3864,3966,102,1,0.025718608169440244,38.88235294117647,0.025718608169440244,True,2
sentence,之性,1,101,0,3864,3966,102,1,0.025718608169440244,38.88235294117647,0.025718608169440244,True,2
sentence,并重,1,101,0,3864,3966,102,1,0.025718608169440244,38.88235294117647,0.025718608169440244,True,2
sentence,翰飞,1,101,0,3864,3966,102,1,0.025718608169440244,38.88235294117647,0.025718608169440244,True,2
sentence,骨劲,1,101,0,3864,3966,102,1,0.025718608169440244,38.88235294117647,0.025718608169440244,True,2
sentence,猛,1,101,0,3864,3966,102,1,0.025718608169440244,38.88235294117647,0.025718608169440244,True,1
sentence,辞共体,1,101,0,3864,3966,102,1,0.025718608169440244,38.88235294117647,0.025718608169440244,True,3
sentence,风昧,1,101,0,3864,3966,102,1,0.025718608169440244,38.88235294117647,0.025718608169440244,True,2
sentence,规略,1,101,0,3864,3966,102,1,0.025718608169440244,38.88235294117647,0.025718608169440244,True,2
sentence,文统,1,101,0,3864,3966,102,1,0.025718608169440244,38.88235294117647,0.025718608169440244,True,2
sentence,宏大,1,101,0,3864,3966,102,1,0.025718608169440244,38.88235294117647,0.025718608169440244,True,2
sentence,博览,1,101,0,3864,3966,102,1,0.025718608169440244,38.88235294117647,0.025718608169440244,True,2
sentence,精阅,1,101,0,3864,3966,102,1,0.025718608169440244,38.88235294117647,0.025718608169440244,True,2
sentence,纲纪,1,101,0,3864,3966,102,1,0.025718608169440244,38.88235294117647,0.025718608169440244,True,2
sentence,摄契,1,101,0,3864,3966,102,1,0.025718608169440244,38.88235294117647,0.025718608169440244,True,2
sentence,拓衢,1,101,0,3864,3966,102,1,0.025718608169440244,38.88235294117647,0.025718608169440244,True,2
sentence,长辔远驭,1,101,0,3864,3966,102,1,0.025718608169440244,38.88235294117647,0.025718608169440244,True,4
sentence,按节,1,101,0,3864,3966,102,1,0.025718608169440244,38.88235294117647,0.025718608169440244,True,2
sentence,凭情,1,101,0,3864,3966,102,1,0.025718608169440244,38.88235294117647,0.025718608169440244,True,2
sentence,采如,1,101,0,3864,3966,102,1,0.025718608169440244,38.88235294117647,0.025718608169440244,True,2
sentence,之奋,1,101,0,3864,3966,102,1,0.025718608169440244,38.88235294117647,0.025718608169440244,True,2
sentence,鬐,1,101,0,3864,3966,102,1,0.025718608169440244,38.88235294117647,0.025718608169440244,True,1
sentence,光若,1,101,0,3864,3966,102,1,0.025718608169440244,38.88235294117647,0.025718608169440244,True,2
sentence,长离,1,101,0,3864,3966,102,1,0.025718608169440244,38.88235294117647,0.025718608169440244,True,2
sentence,振翼,1,101,0,3864,3966,102,1,0.025718608169440244,38.88235294117647,0.025718608169440244,True,2
sentence,颖脱,1,101,0,3864,3966,102,1,0.025718608169440244,38.88235294117647,0.025718608169440244,True,2
sentence,所谈,1,101,0,3864,3966,102,1,0.025718608169440244,38.88235294117647,0.025718608169440244,True,2
sentence,声合,1,101,0,3864,3966,102,1,0.025718608169440244,38.88235294117647,0.025718608169440244,True,2
sentence,乐歌,1,101,0,3864,3966,102,1,0.025718608169440244,38.88235294117647,0.025718608169440244,True,2
sentence,力穷于,1,101,0,3864,3966,102,1,0.025718608169440244,38.88235294117647,0.025718608169440244,True,3
sentence,和韵,1,101,0,3864,3966,102,1,0.025718608169440244,38.88235294117647,0.025718608169440244,True,2
sentence,一定,1,101,0,3864,3966,102,1,0.025718608169440244,38.88235294117647,0.025718608169440244,True,2
sentence,易遣,1,101,0,3864,3966,102,1,0.025718608169440244,38.88235294117647,0.025718608169440244,True,2
sentence,改韵,1,101,0,3864,3966,102,1,0.025718608169440244,38.88235294117647,0.025718608169440244,True,2
sentence,两韵辄易,1,101,0,3864,3966,102,1,0.025718608169440244,38.88235294117647,0.025718608169440244,True,4
sentence,无奇,1,101,0,3864,3966,102,1,0.025718608169440244,38.88235294117647,0.025718608169440244,True,2
sentence,文乏,1,101,0,3864,3966,102,1,0.025718608169440244,38.88235294117647,0.025718608169440244,True,2
sentence,昏睡,1,101,0,3864,3966,102,1,0.025718608169440244,38.88235294117647,0.025718608169440244,True,2
sentence,宫殿,1,101,0,3864,3966,102,1,0.025718608169440244,38.88235294117647,0.025718608169440244,True,2
sentence,揭业,1,101,0,3864,3966,102,1,0.025718608169440244,38.88235294117647,0.025718608169440244,True,2
sentence,熠燿,1,101,0,3864,3966,102,1,0.025718608169440244,38.88235294117647,0.025718608169440244,True,2
sentence,焜,1,101,0,3864,3966,102,1,0.025718608169440244,38.88235294117647,0.025718608169440244,True,1
sentence,煌,1,101,0,3864,3966,102,1,0.025718608169440244,38.88235294117647,0.025718608169440244,True,1
sentence,炜炜,1,101,0,3864,3966,102,1,0.025718608169440244,38.88235294117647,0.025718608169440244,True,2
sentence,而欲然,1,101,0,3864,3966,102,1,0.025718608169440244,38.88235294117647,0.025718608169440244,True,3
sentence,岌岌,1,101,0,3864,3966,102,1,0.025718608169440244,38.88235294117647,0.025718608169440244,True,2
sentence,其将动,1,101,0,3864,3966,102,1,0.025718608169440244,38.88235294117647,0.025718608169440244,True,3
sentence,挟声,1,101,0,3864,3966,102,1,0.025718608169440244,38.88235294117647,0.025718608169440244,True,2
sentence,腾掷,1,101,0,3864,3966,102,1,0.025718608169440244,38.88235294117647,0.025718608169440244,True,2
sentence,跼,1,101,0,3864,3966,102,1,0.025718608169440244,38.88235294117647,0.025718608169440244,True,1
sentence,辞入,1,101,0,3864,3966,102,1,0.025718608169440244,38.88235294117647,0.025718608169440244,True,2
sentence,春藻,1,101,0,3864,3966,102,1,0.025718608169440244,38.88235294117647,0.025718608169440244,True,2
sentence,程其艳,1,101,0,3864,3966,102,1,0.025718608169440244,38.88235294117647,0.025718608169440244,True,3
sentence,鹏运,1,101,0,3864,3966,102,1,0.025718608169440244,38.88235294117647,0.025718608169440244,True,2
sentence,鸿渐,1,101,0,3864,3966,102,1,0.025718608169440244,38.88235294117647,0.025718608169440244,True,2
sentence,寒而事伤,1,101,0,3864,3966,102,1,0.025718608169440244,38.88235294117647,0.025718608169440244,True,4
sentence,覉,1,101,0,3864,3966,102,1,0.025718608169440244,38.88235294117647,0.025718608169440244,True,1
sentence,旅,1,101,0,3864,3966,102,1,0.025718608169440244,38.88235294117647,0.025718608169440244,True,1
sentence,怨曲,1,101,0,3864,3966,102,1,0.025718608169440244,38.88235294117647,0.025718608169440244,True,2
sentence,制养,1,101,0,3864,3966,102,1,0.025718608169440244,38.88235294117647,0.025718608169440244,True,2
sentence,验己,1,101,0,3864,3966,102,1,0.025718608169440244,38.88235294117647,0.025718608169440244,True,2
sentence,虚造,1,101,0,3864,3966,102,1,0.025718608169440244,38.88235294117647,0.025718608169440244,True,2
sentence,钻砺,1,101,0,3864,3966,102,1,0.025718608169440244,38.88235294117647,0.025718608169440244,True,2
sentence,过分,1,101,0,3864,3966,102,1,0.025718608169440244,38.88235294117647,0.025718608169440244,True,2
sentence,神疲而,1,101,0,3864,3966,102,1,0.025718608169440244,38.88235294117647,0.025718608169440244,True,3
sentence,凡童,1,101,0,3864,3966,102,1,0.025718608169440244,38.88235294117647,0.025718608169440244,True,2
sentence,少鉴,1,101,0,3864,3966,102,1,0.025718608169440244,38.88235294117647,0.025718608169440244,True,2
sentence,而志盛,1,101,0,3864,3966,102,1,0.025718608169440244,38.88235294117647,0.025718608169440244,True,3
sentence,长艾,1,101,0,3864,3966,102,1,0.025718608169440244,38.88235294117647,0.025718608169440244,True,2
sentence,识坚,1,101,0,3864,3966,102,1,0.025718608169440244,38.88235294117647,0.025718608169440244,True,2
sentence,盛者,1,101,0,3864,3966,102,1,0.025718608169440244,38.88235294117647,0.025718608169440244,True,2
sentence,以胜劳,1,101,0,3864,3966,102,1,0.025718608169440244,38.88235294117647,0.025718608169440244,True,3
sentence,衰者虑,1,101,0,3864,3966,102,1,0.025718608169440244,38.88235294117647,0.025718608169440244,True,3
sentence,伤神,1,101,0,3864,3966,102,1,0.025718608169440244,38.88235294117647,0.025718608169440244,True,2
sentence,斯实,1,101,0,3864,3966,102,1,0.025718608169440244,38.88235294117647,0.025718608169440244,True,2
sentence,中人,1,101,0,3864,3966,102,1,0.025718608169440244,38.88235294117647,0.025718608169440244,True,2
sentence,之常资,1,101,0,3864,3966,102,1,0.025718608169440244,38.88235294117647,0.025718608169440244,True,3
sentence,岁时,1,101,0,3864,3966,102,1,0.025718608169440244,38.88235294117647,0.025718608169440244,True,2
sentence,器分,1,101,0,3864,3966,102,1,0.025718608169440244,38.88235294117647,0.025718608169440244,True,2
sentence,有限,1,101,0,3864,3966,102,1,0.025718608169440244,38.88235294117647,0.025718608169440244,True,2
sentence,智用,1,101,0,3864,3966,102,1,0.025718608169440244,38.88235294117647,0.025718608169440244,True,2
sentence,惭凫企鹤,1,101,0,3864,3966,102,1,0.025718608169440244,38.88235294117647,0.025718608169440244,True,4
sentence,沥辞,1,101,0,3864,3966,102,1,0.025718608169440244,38.88235294117647,0.025718608169440244,True,2
sentence,镌思,1,101,0,3864,3966,102,1,0.025718608169440244,38.88235294117647,0.025718608169440244,True,2
sentence,内销,1,101,0,3864,3966,102,1,0.025718608169440244,38.88235294117647,0.025718608169440244,True,2
sentence,尾闾,1,101,0,3864,3966,102,1,0.025718608169440244,38.88235294117647,0.025718608169440244,True,2
sentence,之波,1,101,0,3864,3966,102,1,0.025718608169440244,38.88235294117647,0.025718608169440244,True,2
sentence,神志,1,101,0,3864,3966,102,1,0.025718608169440244,38.88235294117647,0.025718608169440244,True,2
sentence,外伤,1,101,0,3864,3966,102,1,0.025718608169440244,38.88235294117647,0.025718608169440244,True,2
sentence,牛山,1,101,0,3864,3966,102,1,0.025718608169440244,38.88235294117647,0.025718608169440244,True,2
sentence,销铄,1,101,0,3864,3966,102,1,0.025718608169440244,38.88235294117647,0.025718608169440244,True,2
sentence,精胆,1,101,0,3864,3966,102,1,0.025718608169440244,38.88235294117647,0.025718608169440244,True,2
sentence,蹙迫,1,101,0,3864,3966,102,1,0.025718608169440244,38.88235294117647,0.025718608169440244,True,2
sentence,秉牍,1,101,0,3864,3966,102,1,0.025718608169440244,38.88235294117647,0.025718608169440244,True,2
sentence,驱龄,1,101,0,3864,3966,102,1,0.025718608169440244,38.88235294117647,0.025718608169440244,True,2
sentence,洒翰,1,101,0,3864,3966,102,1,0.025718608169440244,38.88235294117647,0.025718608169440244,True,2
sentence,以伐性,1,101,0,3864,3966,102,1,0.025718608169440244,38.88235294117647,0.025718608169440244,True,3
sentence,素心,1,101,0,3864,3966,102,1,0.025718608169440244,38.88235294117647,0.025718608169440244,True,2
sentence,直理,1,101,0,3864,3966,102,1,0.025718608169440244,38.88235294117647,0.025718608169440244,True,2
sentence,节宣,1,101,0,3864,3966,102,1,0.025718608169440244,38.88235294117647,0.025718608169440244,True,2
sentence,条畅,1,101,0,3864,3966,102,1,0.025718608169440244,38.88235294117647,0.025718608169440244,True,2
sentence,烦而,1,101,0,3864,3966,102,1,0.025718608169440244,38.88235294117647,0.025718608169440244,True,2
sentence,即舍,1,101,0,3864,3966,102,1,0.025718608169440244,38.88235294117647,0.025718608169440244,True,2
sentence,壅滞,1,101,0,3864,3966,102,1,0.025718608169440244,38.88235294117647,0.025718608169440244,True,2
sentence,意得,1,101,0,3864,3966,102,1,0.025718608169440244,38.88235294117647,0.025718608169440244,True,2
sentence,舒怀,1,101,0,3864,3966,102,1,0.025718608169440244,38.88235294117647,0.025718608169440244,True,2
sentence,命笔,1,101,0,3864,3966,102,1,0.025718608169440244,38.88235294117647,0.025718608169440244,True,2
sentence,理伏,1,101,0,3864,3966,102,1,0.025718608169440244,38.88235294117647,0.025718608169440244,True,2
sentence,投笔,1,101,0,3864,3966,102,1,0.025718608169440244,38.88235294117647,0.025718608169440244,True,2
sentence,卷怀,1,101,0,3864,3966,102,1,0.025718608169440244,38.88235294117647,0.025718608169440244,True,2
sentence,逍遥,1,101,0,3864,3966,102,1,0.025718608169440244,38.88235294117647,0.025718608169440244,True,2
sentence,针劳,1,101,0,3864,3966,102,1,0.025718608169440244,38.88235294117647,0.025718608169440244,True,2
sentence,以药,1,101,0,3864,3966,102,1,0.025718608169440244,38.88235294117647,0.025718608169440244,True,2
sentence,勌,1,101,0,3864,3966,102,1,0.025718608169440244,38.88235294117647,0.025718608169440244,True,1
sentence,常弄,1,101,0,3864,3966,102,1,0.025718608169440244,38.88235294117647,0.025718608169440244,True,2
sentence,文勇,1,101,0,3864,3966,102,1,0.025718608169440244,38.88235294117647,0.025718608169440244,True,2
sentence,使刃,1,101,0,3864,3966,102,1,0.025718608169440244,38.88235294117647,0.025718608169440244,True,2
sentence,发如新,1,101,0,3864,3966,102,1,0.025718608169440244,38.88235294117647,0.025718608169440244,True,3
sentence,胎息,1,101,0,3864,3966,102,1,0.025718608169440244,38.88235294117647,0.025718608169440244,True,2
sentence,迈术,1,101,0,3864,3966,102,1,0.025718608169440244,38.88235294117647,0.025718608169440244,True,2
sentence,斯亦卫,1,101,0,3864,3966,102,1,0.025718608169440244,38.88235294117647,0.025718608169440244,True,3
sentence,一方,1,101,0,3864,3966,102,1,0.025718608169440244,38.88235294117647,0.025718608169440244,True,2
sentence,元神,1,101,0,3864,3966,102,1,0.025718608169440244,38.88235294117647,0.025718608169440244,True,2
sentence,宜宝,1,101,0,3864,3966,102,1,0.025718608169440244,38.88235294117647,0.025718608169440244,True,2
sentence,素,1,101,0,3864,3966,102,1,0.025718608169440244,38.88235294117647,0.025718608169440244,True,1
sentence,资养,1,101,0,3864,3966,102,1,0.025718608169440244,38.88235294117647,0.025718608169440244,True,2
sentence,夫才量,1,101,0,3864,3966,102,1,0.025718608169440244,38.88235294117647,0.025718608169440244,True,3
sentence,为声,1,101,0,3864,3966,102,1,0.025718608169440244,38.88235294117647,0.025718608169440244,True,2
sentence,献可替否,1,101,0,3864,3966,102,1,0.025718608169440244,38.88235294117647,0.025718608169440244,True,4
sentence,以裁厥,1,101,0,3864,3966,102,1,0.025718608169440244,38.88235294117647,0.025718608169440244,True,3
sentence,数逢,1,101,0,3864,3966,102,1,0.025718608169440244,38.88235294117647,0.025718608169440244,True,2
sentence,机入,1,101,0,3864,3966,102,1,0.025718608169440244,38.88235294117647,0.025718608169440244,True,2
sentence,其巧,1,101,0,3864,3966,102,1,0.025718608169440244,38.88235294117647,0.025718608169440244,True,2
sentence,义味,1,101,0,3864,3966,102,1,0.025718608169440244,38.88235294117647,0.025718608169440244,True,2
sentence,而生,1,101,0,3864,3966,102,1,0.025718608169440244,38.88235294117647,0.025718608169440244,True,2
sentence,丛杂,1,101,0,3864,3966,102,1,0.025718608169440244,38.88235294117647,0.025718608169440244,True,2
sentence,视之则,1,101,0,3864,3966,102,1,0.025718608169440244,38.88235294117647,0.025718608169440244,True,3
sentence,锦绘,1,101,0,3864,3966,102,1,0.025718608169440244,38.88235294117647,0.025718608169440244,True,2
sentence,丝簧,1,101,0,3864,3966,102,1,0.025718608169440244,38.88235294117647,0.025718608169440244,True,2
sentence,味之则,1,101,0,3864,3966,102,1,0.025718608169440244,38.88235294117647,0.025718608169440244,True,3
sentence,甘腴,1,101,0,3864,3966,102,1,0.025718608169440244,38.88235294117647,0.025718608169440244,True,2
sentence,佩之则,1,101,0,3864,3966,102,1,0.025718608169440244,38.88235294117647,0.025718608169440244,True,3
sentence,从宦,1,101,0,3864,3966,102,1,0.025718608169440244,38.88235294117647,0.025718608169440244,True,2
sentence,徇质,1,101,0,3864,3966,102,1,0.025718608169440244,38.88235294117647,0.025718608169440244,True,2
sentence,综其,1,101,0,3864,3966,102,1,0.025718608169440244,38.88235294117647,0.025718608169440244,True,2
sentence,元瑜展,1,101,0,3864,3966,102,1,0.025718608169440244,38.88235294117647,0.025718608169440244,True,3
sentence,文蔚,1,101,0,3864,3966,102,1,0.025718608169440244,38.88235294117647,0.025718608169440244,True,2
sentence,休伯,1,101,0,3864,3966,102,1,0.025718608169440244,38.88235294117647,0.025718608169440244,True,2
sentence,俶,1,101,0,3864,3966,102,1,0.025718608169440244,38.88235294117647,0.025718608169440244,True,1
sentence,德祖,1,101,0,3864,3966,102,1,0.025718608169440244,38.88235294117647,0.025718608169440244,True,2
sentence,之侣,1,101,0,3864,3966,102,1,0.025718608169440244,38.88235294117647,0.025718608169440244,True,2
sentence,俊雅,1,101,0,3864,3966,102,1,0.025718608169440244,38.88235294117647,0.025718608169440244,True,2
sentence,觞豆,1,101,0,3864,3966,102,1,0.025718608169440244,38.88235294117647,0.025718608169440244,True,2
sentence,雍容,1,101,0,3864,3966,102,1,0.025718608169440244,38.88235294117647,0.025718608169440244,True,2
sentence,袵,1,101,0,3864,3966,102,1,0.025718608169440244,38.88235294117647,0.025718608169440244,True,1
sentence,洒笔,1,101,0,3864,3966,102,1,0.025718608169440244,38.88235294117647,0.025718608169440244,True,2
sentence,以成,1,101,0,3864,3966,102,1,0.025718608169440244,38.88235294117647,0.025718608169440244,True,2
sentence,酣歌,1,101,0,3864,3966,102,1,0.025718608169440244,38.88235294117647,0.025718608169440244,True,2
sentence,墨以,1,101,0,3864,3966,102,1,0.025718608169440244,38.88235294117647,0.025718608169440244,True,2
sentence,其时,1,101,0,3864,3966,102,1,0.025718608169440244,38.88235294117647,0.025718608169440244,True,2
sentence,良由世积,1,101,0,3864,3966,102,1,0.025718608169440244,38.88235294117647,0.025718608169440244,True,4
sentence,乱离,1,101,0,3864,3966,102,1,0.025718608169440244,38.88235294117647,0.025718608169440244,True,2
sentence,风衰俗,1,101,0,3864,3966,102,1,0.025718608169440244,38.88235294117647,0.025718608169440244,True,3
sentence,并志深,1,101,0,3864,3966,102,1,0.025718608169440244,38.88235294117647,0.025718608169440244,True,3
sentence,笔长,1,101,0,3864,3966,102,1,0.025718608169440244,38.88235294117647,0.025718608169440244,True,2
sentence,至明,1,101,0,3864,3966,102,1,0.025718608169440244,38.88235294117647,0.025718608169440244,True,2
sentence,帝纂,1,101,0,3864,3966,102,1,0.025718608169440244,38.88235294117647,0.025718608169440244,True,2
sentence,戎,1,101,0,3864,3966,102,1,0.025718608169440244,38.88235294117647,0.025718608169440244,True,1
sentence,制诗,1,101,0,3864,3966,102,1,0.025718608169440244,38.88235294117647,0.025718608169440244,True,2
sentence,度曲,1,101,0,3864,3966,102,1,0.025718608169440244,38.88235294117647,0.025718608169440244,True,2
sentence,之观,1,101,0,3864,3966,102,1,0.025718608169440244,38.88235294117647,0.025718608169440244,True,2
sentence,何刘,1,101,0,3864,3966,102,1,0.025718608169440244,38.88235294117647,0.025718608169440244,True,2
sentence,照耀,1,101,0,3864,3966,102,1,0.025718608169440244,38.88235294117647,0.025718608169440244,True,2
sentence,自中,1,101,0,3864,3966,102,1,0.025718608169440244,38.88235294117647,0.025718608169440244,True,2
sentence,朝贵,1,101,0,3864,3966,102,1,0.025718608169440244,38.88235294117647,0.025718608169440244,True,2
sentence,称盛,1,101,0,3864,3966,102,1,0.025718608169440244,38.88235294117647,0.025718608169440244,True,2
sentence,因谈余,1,101,0,3864,3966,102,1,0.025718608169440244,38.88235294117647,0.025718608169440244,True,3
sentence,流成,1,101,0,3864,3966,102,1,0.025718608169440244,38.88235294117647,0.025718608169440244,True,2
sentence,盖阳,1,101,0,3864,3966,102,1,0.025718608169440244,38.88235294117647,0.025718608169440244,True,2
sentence,萌而,1,101,0,3864,3966,102,1,0.025718608169440244,38.88235294117647,0.025718608169440244,True,2
sentence,玄驹,1,101,0,3864,3966,102,1,0.025718608169440244,38.88235294117647,0.025718608169440244,True,2
sentence,阴律,1,101,0,3864,3966,102,1,0.025718608169440244,38.88235294117647,0.025718608169440244,True,2
sentence,丹鸟,1,101,0,3864,3966,102,1,0.025718608169440244,38.88235294117647,0.025718608169440244,True,2
sentence,微虫,1,101,0,3864,3966,102,1,0.025718608169440244,38.88235294117647,0.025718608169440244,True,2
sentence,入感,1,101,0,3864,3966,102,1,0.025718608169440244,38.88235294117647,0.025718608169440244,True,2
sentence,其惠心,1,101,0,3864,3966,102,1,0.025718608169440244,38.88235294117647,0.025718608169440244,True,3
sentence,秀其清,1,101,0,3864,3966,102,1,0.025718608169440244,38.88235294117647,0.025718608169440244,True,3
sentence,相召,1,101,0,3864,3966,102,1,0.025718608169440244,38.88235294117647,0.025718608169440244,True,2
sentence,获安,1,101,0,3864,3966,102,1,0.025718608169440244,38.88235294117647,0.025718608169440244,True,2
sentence,天高,1,101,0,3864,3966,102,1,0.025718608169440244,38.88235294117647,0.025718608169440244,True,2
sentence,阴沈,1,101,0,3864,3966,102,1,0.025718608169440244,38.88235294117647,0.025718608169440244,True,2
sentence,志远,1,101,0,3864,3966,102,1,0.025718608169440244,38.88235294117647,0.025718608169440244,True,2
sentence,随物,1,101,0,3864,3966,102,1,0.025718608169440244,38.88235294117647,0.025718608169440244,True,2
sentence,于笔,1,101,0,3864,3966,102,1,0.025718608169440244,38.88235294117647,0.025718608169440244,True,2
sentence,有篇美,1,101,0,3864,3966,102,1,0.025718608169440244,38.88235294117647,0.025718608169440244,True,3
sentence,以遣论,1,101,0,3864,3966,102,1,0.025718608169440244,38.88235294117647,0.025718608169440244,True,3
sentence,以命,1,101,0,3864,3966,102,1,0.025718608169440244,38.88235294117647,0.025718608169440244,True,2
sentence,殊声,1,101,0,3864,3966,102,1,0.025718608169440244,38.88235294117647,0.025718608169440244,True,2
sentence,合响,1,101,0,3864,3966,102,1,0.025718608169440244,38.88235294117647,0.025718608169440244,True,2
sentence,异翮,1,101,0,3864,3966,102,1,0.025718608169440244,38.88235294117647,0.025718608169440244,True,2
sentence,同飞,1,101,0,3864,3966,102,1,0.025718608169440244,38.88235294117647,0.025718608169440244,True,2
sentence,夫有,1,101,0,3864,3966,102,1,0.025718608169440244,38.88235294117647,0.025718608169440244,True,2
sentence,肖貌,1,101,0,3864,3966,102,1,0.025718608169440244,38.88235294117647,0.025718608169440244,True,2
sentence,禀性,1,101,0,3864,3966,102,1,0.025718608169440244,38.88235294117647,0.025718608169440244,True,2
sentence,五才,1,101,0,3864,3966,102,1,0.025718608169440244,38.88235294117647,0.025718608169440244,True,2
sentence,方声,1,101,0,3864,3966,102,1,0.025718608169440244,38.88235294117647,0.025718608169440244,True,2
sentence,风雷,1,101,0,3864,3966,102,1,0.025718608169440244,38.88235294117647,0.025718608169440244,True,2
sentence,超出,1,101,0,3864,3966,102,1,0.025718608169440244,38.88235294117647,0.025718608169440244,True,2
sentence,已灵,1,101,0,3864,3966,102,1,0.025718608169440244,38.88235294117647,0.025718608169440244,True,2
sentence,感人,1,101,0,3864,3966,102,1,0.025718608169440244,38.88235294117647,0.025718608169440244,True,2
sentence,摇荡,1,101,0,3864,3966,102,1,0.025718608169440244,38.88235294117647,0.025718608169440244,True,2
sentence,行诸,1,101,0,3864,3966,102,1,0.025718608169440244,38.88235294117647,0.025718608169440244,True,2
sentence,舞咏,1,101,0,3864,3966,102,1,0.025718608169440244,38.88235294117647,0.025718608169440244,True,2
sentence,刘越,1,101,0,3864,3966,102,1,0.025718608169440244,38.88235294117647,0.025718608169440244,True,2
sentence,石仗,1,101,0,3864,3966,102,1,0.025718608169440244,38.88235294117647,0.025718608169440244,True,2
sentence,清刚,1,101,0,3864,3966,102,1,0.025718608169440244,38.88235294117647,0.025718608169440244,True,2
sentence,赞成,1,101,0,3864,3966,102,1,0.025718608169440244,38.88235294117647,0.025718608169440244,True,2
sentence,负戈外,1,101,0,3864,3966,102,1,0.025718608169440244,38.88235294117647,0.025718608169440244,True,3
sentence,戍,1,101,0,3864,3966,102,1,0.025718608169440244,38.88235294117647,0.025718608169440244,True,1
sentence,杀,1,101,0,3864,3966,102,1,0.025718608169440244,38.88235294117647,0.025718608169440244,True,1
sentence,雄边,1,101,0,3864,3966,102,1,0.025718608169440244,38.88235294117647,0.025718608169440244,True,2
sentence,奇高,1,101,0,3864,3966,102,1,0.025718608169440244,38.88235294117647,0.025718608169440244,True,2
sentence,华茂,1,101,0,3864,3966,102,1,0.025718608169440244,38.88235294117647,0.025718608169440244,True,2
sentence,情兼雅怨,1,101,0,3864,3966,102,1,0.025718608169440244,38.88235294117647,0.025718608169440244,True,4
sentence,粲溢,1,101,0,3864,3966,102,1,0.025718608169440244,38.88235294117647,0.025718608169440244,True,2
sentence,卓尔不群,1,101,0,3864,3966,102,1,0.025718608169440244,38.88235294117647,0.025718608169440244,True,4
sentence,仗,1,101,0,3864,3966,102,1,0.025718608169440244,38.88235294117647,0.025718608169440244,True,1
sentence,动多振绝,1,101,0,3864,3966,102,1,0.025718608169440244,38.88235294117647,0.025718608169440244,True,4
sentence,雕润,1,101,0,3864,3966,102,1,0.025718608169440244,38.88235294117647,0.025718608169440244,True,2
sentence,少于,1,101,0,3864,3966,102,1,0.025718608169440244,38.88235294117647,0.025718608169440244,True,2
sentence,劣于,1,101,0,3864,3966,102,1,0.025718608169440244,38.88235294117647,0.025718608169440244,True,2
sentence,虽名,1,101,0,3864,3966,102,1,0.025718608169440244,38.88235294117647,0.025718608169440244,True,2
sentence,疏亮,1,101,0,3864,3966,102,1,0.025718608169440244,38.88235294117647,0.025718608169440244,True,2
sentence,犹恨,1,101,0,3864,3966,102,1,0.025718608169440244,38.88235294117647,0.025718608169440244,True,2
sentence,儿女情,1,101,0,3864,3966,102,1,0.025718608169440244,38.88235294117647,0.025718608169440244,True,3
sentence,凄戾,1,101,0,3864,3966,102,1,0.025718608169440244,38.88235294117647,0.025718608169440244,True,2
sentence,调警拔,1,101,0,3864,3966,102,1,0.025718608169440244,38.88235294117647,0.025718608169440244,True,3
sentence,吾许,1,101,0,3864,3966,102,1,0.025718608169440244,38.88235294117647,0.025718608169440244,True,2
sentence,其进,1,101,0,3864,3966,102,1,0.025718608169440244,38.88235294117647,0.025718608169440244,True,2
sentence,逮止,1,101,0,3864,3966,102,1,0.025718608169440244,38.88235294117647,0.025718608169440244,True,2
sentence,逸诗,1,101,0,3864,3966,102,1,0.025718608169440244,38.88235294117647,0.025718608169440244,True,2
sentence,候,1,101,0,3864,3966,102,1,0.025718608169440244,38.88235294117647,0.025718608169440244,True,1
sentence,范,1,101,0,3864,3966,102,1,0.025718608169440244,38.88235294117647,0.025718608169440244,True,1
sentence,尝语,1,101,0,3864,3966,102,1,0.025718608169440244,38.88235294117647,0.025718608169440244,True,2
sentence,捉,1,101,0,3864,3966,102,1,0.025718608169440244,38.88235294117647,0.025718608169440244,True,1
