record_id,unit_id,title,author,segment_in_unit,start_in_unit,end_in_unit,orig_segment,old_tokens,new_tokens,old_token_count,new_token_count,changed
weijin__caopi_lunwen,weijin__caopi_lunwen__part01,典論·論文,曹丕,0,0,10,文人相輕，自古而然。,文人相轻 自古 而然,文人相轻 自古 而然,3,3,0
weijin__caopi_lunwen,weijin__caopi_lunwen__part01,典論·論文,曹丕,1,10,54,傅毅之於班固，伯仲之間耳，而固小之，與弟超書曰「武仲以能屬文為蘭臺令史，下筆不能自休。」,傅毅 之于 班固 伯仲之间 耳 而固 小 之 与弟 超书 曰 武仲以 能 属 文为 兰台 令史 下笔 不能 自休,傅毅 之于 班固 伯仲之间 耳 而固 小 之 与弟 超书 曰 武仲以 能 属文 为 兰台 令史 下笔 不能 自休,20,20,1
weijin__caopi_lunwen,weijin__caopi_lunwen__part01,典論·論文,曹丕,2,54,72,夫人善於自見，而文非一體，鮮能備善。,夫人 善于 自 见 而文非 一体 鲜能 备善,夫人 善于 自见 而文非 一体 鲜能 备善,8,7,1
weijin__caopi_lunwen,weijin__caopi_lunwen__part01,典論·論文,曹丕,3,72,84,是以各以所長，相輕所短。,是 以 各以 所长 相轻 所 短,是 以 各以 所长 相轻 所短,7,6,1
weijin__caopi_lunwen,weijin__caopi_lunwen__part01,典論·論文,曹丕,4,84,100,里語曰：「家有敝帚，享之千金。」,里语 曰 家有敝帚 享之千金,里语 曰 家有敝帚 享之千金,4,4,0
weijin__caopi_lunwen,weijin__caopi_lunwen__part01,典論·論文,曹丕,5,100,108,斯不自見之患也。,斯不自见 之 患 也,斯 不 自见 之患 也,4,5,1
weijin__caopi_lunwen,weijin__caopi_lunwen__part01,典論·論文,曹丕,6,108,196,今之文人，魯國孔融文舉，廣陵陳琳孔璋，山陽王粲仲宣，北海徐幹偉長，陳留阮瑀元瑜，汝南應瑒德璉，東平劉楨公幹：斯七子者，於學無所遺，於辭無所假，咸以自騁驥騄於千里，仰齊足而並馳。,今 之 文人 鲁国 孔融 文举 广陵 陈琳 孔璋 山阳 王 粲 仲宣 北海 徐干伟长 陈留阮 瑀 元 瑜 汝南 应 玚 德琏 东平 刘桢 公干 斯七子者 于学 无 所 遗 于辞 无所假 咸以 自骋骥 𫘧 于 千里 仰齐足 而 并 驰,今 之 文人 鲁国 孔融 文举 广陵 陈琳 孔璋 山阳 王 粲 仲宣 北海 徐干 伟长 陈留阮 瑀 元 瑜 汝南 应 玚 德琏 东平 刘桢 公干 斯七子者 于学 无 所遗 于辞 无所 假 咸以 自骋 骥 𫘧 于 千里 仰 齐足 而 并驰,42,44,1
weijin__caopi_lunwen,weijin__caopi_lunwen__part01,典論·論文,曹丕,7,196,206,以此相服，亦良難矣。,以此 相服 亦 良难 矣,以此 相服 亦 良难 矣,5,5,0
weijin__caopi_lunwen,weijin__caopi_lunwen__part01,典論·論文,曹丕,8,206,227,蓋君子審己以度人，故能免於斯累，而作論文。,盖 君子 审己 以度 人 故能 免于 斯累 而作 论文,盖 君子 审己 以度 人 故能 免于 斯累 而作 论文,10,10,0
weijin__caopi_lunwen,weijin__caopi_lunwen__part01,典論·論文,曹丕,9,229,249,王粲長於辭賦，徐幹時有齊氣，然粲之匹也。,王 粲 长于 辞赋 徐干时 有 齐 气 然 粲 之匹 也,王 粲 长于 辞赋 徐 干时 有齐 气 然 粲 之匹 也,12,12,1
weijin__caopi_lunwen,weijin__caopi_lunwen__part01,典論·論文,曹丕,10,249,286,如粲之初征、登樓、槐賦、征思，幹之玄猿、漏卮、圓扇、橘賦，雖張、蔡不過也。,如 粲 之 初征 登楼 槐赋 征思 干之玄猿 漏 卮 圆扇 橘赋 虽张 蔡 不过 也,如 粲 之 初征 登楼 槐赋 征思 干之玄猿 漏 卮 圆扇 橘赋 虽张 蔡 不过 也,16,16,0
weijin__caopi_lunwen,weijin__caopi_lunwen__part01,典論·論文,曹丕,11,286,296,然於他文，未能稱是。,然于 他文 未能 称 是,然于 他文 未能 称是,5,4,1
weijin__caopi_lunwen,weijin__caopi_lunwen__part01,典論·論文,曹丕,12,296,310,琳、瑀之章表書記，今之雋也。,琳 瑀 之 章表 书记 今之隽 也,琳 瑀 之 章表 书记 今之隽 也,7,7,0
weijin__caopi_lunwen,weijin__caopi_lunwen__part01,典論·論文,曹丕,13,310,317,應瑒和而不壯；,应 玚 和 而 不壮,应 玚 和 而 不壮,5,5,0
weijin__caopi_lunwen,weijin__caopi_lunwen__part01,典論·論文,曹丕,14,317,324,劉楨壯而不密。,刘桢 壮而 不密,刘桢 壮而 不密,3,3,0
weijin__caopi_lunwen,weijin__caopi_lunwen__part01,典論·論文,曹丕,15,324,336,孔融體氣高妙，有過人者；,孔融 体 气 高妙 有过 人者,孔融 体 气 高妙 有 过人 者,6,7,1
weijin__caopi_lunwen,weijin__caopi_lunwen__part01,典論·論文,曹丕,16,336,347,然不能持論，理不勝辭；,然 不能 持论 理不胜辞,然 不能 持论 理不胜辞,4,4,0
weijin__caopi_lunwen,weijin__caopi_lunwen__part01,典論·論文,曹丕,17,347,355,以至乎雜以嘲戲；,以至 乎 杂以 嘲戏,以至 乎 杂以 嘲戏,4,4,0
weijin__caopi_lunwen,weijin__caopi_lunwen__part01,典論·論文,曹丕,18,355,366,及其所善，揚、班儔也。,及其 所善 扬 班 俦 也,及其 所善 扬 班 俦 也,6,6,0
weijin__caopi_lunwen,weijin__caopi_lunwen__part01,典論·論文,曹丕,19,368,392,常人貴遠賤近，向聲背實，又患闇於自見，謂己為賢。,常人 贵远贱近 向声背实 又 患 暗于 自见 谓己 为 贤,常人 贵远贱近 向声背实 又 患 暗于 自见 谓己 为 贤,10,10,0
weijin__caopi_lunwen,weijin__caopi_lunwen__part01,典論·論文,曹丕,20,392,400,夫文本同而末異。,夫 文本 同而末 异,夫 文本 同而末 异,4,4,0
weijin__caopi_lunwen,weijin__caopi_lunwen__part01,典論·論文,曹丕,21,400,421,蓋奏議宜雅，書論宜理，銘誄尚實，詩賦欲麗。,盖 奏议 宜雅 书论 宜理 铭 诔 尚实 诗赋 欲丽,盖 奏议 宜雅 书论 宜理 铭诔 尚实 诗赋 欲丽,10,9,1
weijin__caopi_lunwen,weijin__caopi_lunwen__part01,典論·論文,曹丕,22,421,434,此四科不同，故能之者偏也；,此 四科 不同 故能 之者 偏 也,此 四科 不同 故能 之者 偏 也,7,7,0
weijin__caopi_lunwen,weijin__caopi_lunwen__part01,典論·論文,曹丕,23,434,442,唯通才能備其體。,唯通 才能 备其体,唯通 才能 备其体,3,3,0
weijin__caopi_lunwen,weijin__caopi_lunwen__part01,典論·論文,曹丕,24,444,450,文以氣為主；,文以 气 为主,文以 气 为主,3,3,0
weijin__caopi_lunwen,weijin__caopi_lunwen__part01,典論·論文,曹丕,25,450,464,氣之清濁有體，不可力強而致。,气 之 清浊 有体 不可 力强 而致,气 之 清浊 有体 不可 力强 而致,7,7,0
weijin__caopi_lunwen,weijin__caopi_lunwen__part01,典論·論文,曹丕,26,464,479,譬諸音樂，曲度雖均，節奏同檢；,譬诸 音乐 曲度 虽均 节奏 同检,譬诸 音乐 曲度 虽均 节奏 同检,6,6,0
weijin__caopi_lunwen,weijin__caopi_lunwen__part01,典論·論文,曹丕,27,479,503,至於引氣不齊，巧拙有素，雖在父兄，不能以移子弟。,至于 引 气 不齐 巧拙 有素 虽 在 父兄 不能 以移 子弟,至于 引 气 不齐 巧拙 有素 虽 在 父兄 不能 以移 子弟,12,12,0
weijin__caopi_lunwen,weijin__caopi_lunwen__part01,典論·論文,曹丕,28,505,520,蓋文章經國之大業，不朽之盛事。,盖 文章 经国 之 大业 不朽 之 盛事,盖 文章 经国 之 大业 不朽 之 盛事,8,8,0
weijin__caopi_lunwen,weijin__caopi_lunwen__part01,典論·論文,曹丕,29,520,534,年壽有時而盡，榮樂止乎其身。,年寿 有时 而 尽 荣乐 止乎 其身,年寿 有时 而 尽 荣乐 止乎 其身,7,7,0
weijin__caopi_lunwen,weijin__caopi_lunwen__part01,典論·論文,曹丕,30,534,550,二者必至之常期，未若文章之無窮。,二者 必至 之常期 未若 文章 之 无穷,二者 必至 之常期 未若 文章 之 无穷,7,7,0
weijin__caopi_lunwen,weijin__caopi_lunwen__part01,典論·論文,曹丕,31,550,591,是以古之作者，寄身於翰墨，見意於篇籍，不假良史之辭，不託飛馳之勢，而聲名自傳於後。,是 以古 之 作者 寄身 于 翰墨 见 意于 篇籍 不假 良史 之辞 不 托 飞驰 之势 而 声名 自传 于 后,是 以古 之 作者 寄身 于 翰墨 见意 于 篇籍 不假 良史 之辞 不 托 飞驰 之势 而 声名 自传 于 后,22,22,1
weijin__caopi_lunwen,weijin__caopi_lunwen__part01,典論·論文,曹丕,32,591,606,故西伯幽而演易，周旦顯而制禮；,故 西伯 幽而 演易 周旦 显而制 礼,故 西伯 幽而 演易 周旦 显而制 礼,7,7,0
weijin__caopi_lunwen,weijin__caopi_lunwen__part01,典論·論文,曹丕,33,606,622,不以隱約而弗務，不以康樂而加思。,不 以 隐约 而弗务 不 以 康乐 而 加思,不 以 隐约 而弗务 不 以 康乐 而 加思,9,9,0
weijin__caopi_lunwen,weijin__caopi_lunwen__part01,典論·論文,曹丕,34,622,643,夫然，則古人賤尺璧而重寸陰，懼乎時之過已。,夫然 则 古人 贱尺 璧 而 重 寸阴 惧乎 时 之 过 已,夫然 则 古人 贱尺 璧 而 重 寸阴 惧乎 时 之 过 已,13,13,0
weijin__caopi_lunwen,weijin__caopi_lunwen__part01,典論·論文,曹丕,35,643,680,而人多不強力，貧賤則懾於飢寒，富貴則流於逸樂，遂營目前之務，而遺千載之功。,而 人 多 不 强力 贫贱 则 慑 于 饥寒 富贵 则 流于 逸乐 遂 营 目前 之务 而 遗 千载 之功,而 人 多 不 强力 贫贱 则 慑 于 饥寒 富贵 则 流于 逸乐 遂 营 目前 之务 而 遗 千载 之功,22,22,0
weijin__caopi_lunwen,weijin__caopi_lunwen__part01,典論·論文,曹丕,36,680,708,日月逝於上，體貌衰於下，忽然與萬物遷化，斯志士之大痛也！,日月 逝于 上 体貌 衰于 下 忽然 与 万物 迁化 斯 志士 之大痛 也,日月 逝于 上 体貌 衰于 下 忽然 与 万物 迁化 斯 志士 之大痛 也,14,14,0
weijin__caopi_lunwen,weijin__caopi_lunwen__part01,典論·論文,曹丕,37,708,723,融等已逝，唯幹著論，成一家言。,融等 已逝 唯干 著论 成一家言,融等 已逝 唯干 著论 成一家言,5,5,0
weijin__caopi_wuzhi,weijin__caopi_wuzhi__part01,與吳質書（二月三日）,曹丕,0,0,20,二月三日，丕白：歲月易得，別來行復四年。,二月 三日 丕 白 岁月 易得 别来 行复 四年,二月 三日 丕 白 岁月 易得 别来 行复 四年,9,9,0
weijin__caopi_wuzhi,weijin__caopi_wuzhi__part01,與吳質書（二月三日）,曹丕,1,20,42,三年不見，東山猶嘆其遠，況乃過之，思何可支！,三年 不见 东山 犹叹 其远 况乃过 之 思何 可支,三年 不见 东山 犹叹 其远 况乃 过 之 思何 可支,9,10,1
weijin__caopi_wuzhi,weijin__caopi_wuzhi__part01,與吳質書（二月三日）,曹丕,2,42,55,雖書疏往返，未足解其勞結。,虽书疏 往返 未足 解其 劳结,虽 书疏 往返 未足解 其 劳结,5,6,1
weijin__caopi_wuzhi,weijin__caopi_wuzhi__part01,與吳質書（二月三日）,曹丕,3,57,84,昔年疾疫，親故多離其災，徐陳應劉，一時俱逝，痛可言邪！,昔年 疾疫 亲故 多离 其灾 徐陈应 刘 一时 俱逝 痛 可言 邪,昔年 疾疫 亲故 多离 其灾 徐陈 应刘 一时 俱逝 痛 可言 邪,12,12,1
weijin__caopi_wuzhi,weijin__caopi_wuzhi__part01,與吳質書（二月三日）,曹丕,4,84,106,昔日遊處，行則連輿，止則接席，何曾須臾相失。,昔日 游处 行则 连 舆 止则 接席 何曾 须臾 相失,昔日 游处 行则 连舆 止则 接席 何曾 须臾 相失,10,9,1
weijin__caopi_wuzhi,weijin__caopi_wuzhi__part01,與吳質書（二月三日）,曹丕,5,106,141,每至觴酌流行，絲竹並奏，酒酣耳熱，仰而賦詩，當此之時，忽然不自知樂也。,每至 觞 酌 流行 丝竹 并 奏 酒酣耳热 仰而 赋诗 当此 之时 忽然 不 自知 乐 也,每至 觞酌 流行 丝竹 并 奏 酒酣耳热 仰而 赋诗 当此 之时 忽然 不 自知 乐 也,17,16,1
weijin__caopi_wuzhi,weijin__caopi_wuzhi__part01,與吳質書（二月三日）,曹丕,6,141,153,謂百年己分，可長共相保。,谓 百年 己分 可长 共 相保,谓 百年 己分 可长 共 相保,6,6,0
weijin__caopi_wuzhi,weijin__caopi_wuzhi__part01,與吳質書（二月三日）,曹丕,7,153,170,何圖數年之間，零落略盡，言之傷心！,何图 数年 之间 零落 略 尽 言 之 伤心,何图 数年 之间 零落 略尽 言 之 伤心,9,8,1
weijin__caopi_wuzhi,weijin__caopi_wuzhi__part01,與吳質書（二月三日）,曹丕,8,170,181,頃撰其遺文，都為一集。,顷撰 其 遗文 都 为 一集,顷撰 其 遗文 都 为 一集,6,6,0
weijin__caopi_wuzhi,weijin__caopi_wuzhi__part01,與吳質書（二月三日）,曹丕,9,181,191,觀其姓名，已為鬼錄。,观其 姓名 已为 鬼录,观其 姓名 已 为 鬼录,4,5,1
weijin__caopi_wuzhi,weijin__caopi_wuzhi__part01,與吳質書（二月三日）,曹丕,10,191,216,追思昔遊，猶在心目，而此諸子，化為糞壤，可復道哉！,追思 昔游 犹在 心目 而此 诸子 化为 粪壤 可复 道 哉,追思 昔游 犹在 心目 而此 诸子 化为 粪壤 可 复道 哉,11,11,1
weijin__caopi_wuzhi,weijin__caopi_wuzhi__part01,與吳質書（二月三日）,曹丕,11,218,238,觀古今文人，類不護細行，鮮能以名節自立。,观 古今 文人 类 不护细行 鲜能 以 名节 自立,观 古今 文人 类 不护细行 鲜能 以 名节 自立,9,9,0
weijin__caopi_wuzhi,weijin__caopi_wuzhi__part01,與吳質書（二月三日）,曹丕,12,238,266,而偉長獨懷文抱質，恬淡寡欲，有箕山之志，可謂彬彬君子矣。,而伟长 独怀文 抱质 恬淡寡欲 有 箕山之志 可谓 彬彬 君子 矣,而 伟长 独怀 文抱质 恬淡寡欲 有 箕山之志 可谓 彬彬 君子 矣,10,11,1
weijin__caopi_wuzhi,weijin__caopi_wuzhi__part01,與吳質書（二月三日）,曹丕,13,266,297,著中論二十餘篇，成一家之業，辭義典雅，足傳于後，此子為不朽矣。,著中论 二十余 篇 成 一家 之业 辞义 典雅 足传于 后 此子 为 不朽 矣,著中论 二十余 篇 成 一家 之业 辞义 典雅 足传于 后 此子 为 不朽 矣,14,14,0
weijin__caopi_wuzhi,weijin__caopi_wuzhi__part01,與吳質書（二月三日）,曹丕,14,297,324,德璉常斐然有述作意，才學足以著書，美志不遂，良可痛惜。,德琏常 斐然 有 述作 意 才学 足以 著书 美志 不遂 良可 痛惜,德琏常 斐然 有 述作 意 才学 足以 著书 美志 不遂 良可 痛惜,12,12,0
weijin__caopi_wuzhi,weijin__caopi_wuzhi__part01,與吳質書（二月三日）,曹丕,15,324,347,閒歷觀諸子之文，對之抆淚，既痛逝者，行自念也。,闲 历观 诸子之 文 对 之 抆泪 既痛 逝者 行自念 也,闲 历观 诸子之 文 对 之 抆泪 既痛 逝者 行自念 也,11,11,0
weijin__caopi_wuzhi,weijin__caopi_wuzhi__part01,與吳質書（二月三日）,曹丕,16,347,359,孔璋章表殊健，微為繁富。,孔璋 章表殊 健 微为 繁富,孔璋 章表殊 健 微为 繁富,5,5,0
weijin__caopi_wuzhi,weijin__caopi_wuzhi__part01,與吳質書（二月三日）,曹丕,17,359,381,公幹有逸氣，但未遒耳，至其五言詩，妙絕當時。,公干 有逸 气 但 未 遒 耳 至 其 五言诗 妙绝 当时,公干 有逸 气 但 未 遒 耳 至 其 五言诗 妙绝 当时,12,12,0
weijin__caopi_wuzhi,weijin__caopi_wuzhi__part01,與吳質書（二月三日）,曹丕,18,381,393,元瑜書記翩翩，致足樂也。,元瑜 书记 翩翩 致足乐 也,元瑜 书记 翩翩 致足乐 也,5,5,0
weijin__caopi_wuzhi,weijin__caopi_wuzhi__part01,與吳質書（二月三日）,曹丕,19,393,426,仲宣獨自善於辭賦，惜其體弱，不足起其文，至於所善，古人無以遠過也。,仲宣 独自 善于 辞赋 惜 其 体弱 不足 起其文 至于 所善 古人 无以 远过 也,仲宣 独自 善于 辞赋 惜 其 体弱 不足 起其文 至于 所善 古人 无以 远过 也,15,15,0
weijin__caopi_wuzhi,weijin__caopi_wuzhi__part01,與吳質書（二月三日）,曹丕,20,428,460,昔伯牙絕絃於鍾期，仲尼覆醢於子路，愍知音之難遇，傷門人之莫逮也。,昔 伯牙 绝弦于 钟期 仲尼 复 醢 于 子路 愍 知音 之 难遇 伤 门人 之 莫 逮 也,昔 伯牙 绝弦 于 钟期 仲尼 复 醢 于 子路 愍 知音 之 难遇 伤 门人 之 莫 逮 也,19,20,1
weijin__caopi_wuzhi,weijin__caopi_wuzhi__part01,與吳質書（二月三日）,曹丕,21,460,485,諸子但為未及古人，自一時之雋也，今之存者已不逮矣。,诸子 但 为 未及 古人 自 一时 之隽 也 今之存者 已 不 逮 矣,诸子 但 为 未及 古人 自 一时 之隽 也 今之存者 已 不 逮 矣,14,14,0
weijin__caopi_wuzhi,weijin__caopi_wuzhi__part01,與吳質書（二月三日）,曹丕,22,485,505,後生可畏，來者難誣，然吾與足下不及見也。,后生可畏 来者 难 诬 然吾 与 足下 不及 见 也,后生可畏 来者 难 诬 然吾 与 足下 不及 见 也,10,10,0
weijin__caopi_wuzhi,weijin__caopi_wuzhi__part01,與吳質書（二月三日）,曹丕,23,507,530,行年已長大，所懷萬端，時有所慮，至乃通夕不瞑。,行年 已 长大 所怀 万端 时 有所 虑 至 乃 通夕 不 瞑,行年 已 长大 所怀 万端 时 有所 虑 至 乃 通夕 不 瞑,13,13,0
weijin__caopi_wuzhi,weijin__caopi_wuzhi__part01,與吳質書（二月三日）,曹丕,24,530,537,何時復類昔日！,何时 复类 昔日,何时 复类 昔日,3,3,0
weijin__caopi_wuzhi,weijin__caopi_wuzhi__part01,與吳質書（二月三日）,曹丕,25,537,548,已成老翁，但未白頭耳。,已成 老翁 但 未 白头 耳,已成 老翁 但 未 白头 耳,6,6,0
weijin__caopi_wuzhi,weijin__caopi_wuzhi__part01,與吳質書（二月三日）,曹丕,26,548,582,光武言『年三十餘，在兵中十歲，所更非一』，吾德雖不及之，年與之齊矣。,光武言 年 三十余 在 兵 中 十岁 所 更 非 一 吾 德 虽 不及 之 年 与 之齐 矣,光武言 年 三十余 在 兵 中 十岁 所 更 非 一 吾 德 虽 不及 之 年 与 之齐 矣,20,20,0
weijin__caopi_wuzhi,weijin__caopi_wuzhi__part01,與吳質書（二月三日）,曹丕,27,582,616,以犬羊之質，服虎豹之文，無眾星之明，假日月之光，動見觀瞻，何時易邪？,以犬 羊之质 服 虎豹 之文 无 众星 之明 假日 月 之光 动见 观瞻 何时 易邪,以犬 羊之质 服 虎豹 之文 无 众星 之明 假日 月 之光 动见 观瞻 何时 易邪,15,15,0
weijin__caopi_wuzhi,weijin__caopi_wuzhi__part01,與吳質書（二月三日）,曹丕,28,616,627,恐永不復得為昔日游也。,恐 永不 复得 为 昔日 游 也,恐 永不 复得 为 昔日 游 也,7,7,0
weijin__caopi_wuzhi,weijin__caopi_wuzhi__part01,與吳質書（二月三日）,曹丕,29,627,644,少壯真當努力，年一過往，何可攀援！,少壮 真当 努力 年 一 过往 何可 攀援,少壮 真当 努力 年 一 过往 何可 攀援,8,8,0
weijin__caopi_wuzhi,weijin__caopi_wuzhi__part01,與吳質書（二月三日）,曹丕,30,644,657,古人思炳燭夜遊，良有以也。,古人 思 炳烛夜游 良有以也,古人 思 炳烛夜游 良有以也,4,4,0
weijin__caopi_wuzhi,weijin__caopi_wuzhi__part01,與吳質書（二月三日）,曹丕,31,657,663,頃何以自娛？,顷 何以 自娱,顷 何以 自娱,3,3,0
weijin__caopi_wuzhi,weijin__caopi_wuzhi__part01,與吳質書（二月三日）,曹丕,32,663,671,頗復有所述造不？,颇复 有所 述造 不,颇复 有所 述造 不,4,4,0
weijin__caopi_wuzhi,weijin__caopi_wuzhi__part01,與吳質書（二月三日）,曹丕,33,671,681,東望於邑，裁書敘心。,东望 於 邑 裁书 叙心,东望 於 邑 裁书 叙心,5,5,0
weijin__caopi_wuzhi,weijin__caopi_wuzhi__part01,與吳質書（二月三日）,曹丕,34,681,684,丕白。,丕 白,丕 白,2,2,0
weijin__luji_wenfu,weijin__luji_wenfu__part01,文賦並序,陸機,0,0,17,余每觀才士之所作，竊有以得其用心。,余 每 观才士 之 所作 窃有 以 得 其 用心,余 每 观才士 之 所作 窃有 以 得 其 用心,10,10,0
weijin__luji_wenfu,weijin__luji_wenfu__part01,文賦並序,陸機,1,17,38,夫放言遣辭，良多變矣，妍蚩好惡，可得而言。,夫 放言遣辞 良多 变 矣 妍蚩好恶 可 得 而言,夫 放言遣辞 良多 变 矣 妍蚩好恶 可 得 而言,9,9,0
weijin__luji_wenfu,weijin__luji_wenfu__part01,文賦並序,陸機,2,38,71,每自屬文，尤見其情，恒患意不稱物，文不逮意，蓋非知之難，能之難也。,每自属 文 尤见 其情 恒患意 不 称物 文不 逮意 盖非 知之难 能 之 难 也,每自 属文 尤见 其情 恒患意 不称 物 文不 逮意 盖非 知之难 能 之 难 也,15,15,1
weijin__luji_wenfu,weijin__luji_wenfu__part01,文賦並序,陸機,3,71,104,故作文賦，以述先士之盛藻，因論作文之利害所由，他日殆可謂曲盡其妙。,故作 文赋 以述 先士 之 盛藻 因论 作文 之 利害 所 由 他 日 殆 可谓 曲尽其妙,故作 文赋 以述 先士 之 盛藻 因论 作文 之 利害 所 由 他 日 殆 可谓 曲尽其妙,17,17,0
weijin__luji_wenfu,weijin__luji_wenfu__part01,文賦並序,陸機,4,104,141,至於操斧伐柯，雖取則不遠，若夫隨手之變，良難以辭逮，蓋所能言者，具於此云。,至于 操斧伐柯 虽取 则 不远 若夫 随手 之变 良 难以 辞 逮 盖 所 能言者 具于 此云,至于 操斧伐柯 虽 取则 不远 若夫 随手 之变 良 难以 辞 逮 盖所能 言者 具 于此 云,17,17,1
weijin__luji_wenfu,weijin__luji_wenfu__part01,文賦並序,陸機,5,143,157,佇中區以玄覽，頤情志於典墳。,伫中区 以 玄览 颐 情志 于典 坟,伫 中区 以 玄览 颐 情志 于 典坟,7,8,1
weijin__luji_wenfu,weijin__luji_wenfu__part01,文賦並序,陸機,6,157,171,遵四時以歎逝，瞻萬物而思紛。,遵 四时 以叹 逝 瞻 万物 而思纷,遵 四时 以 叹逝 瞻 万物 而思纷,7,7,1
weijin__luji_wenfu,weijin__luji_wenfu__part01,文賦並序,陸機,7,171,199,悲落葉於勁秋，喜柔條於芳春，心懍懍以懷霜，志眇眇而臨雲。,悲 落叶 于劲秋 喜柔条 于芳春 心 懔 懔 以 怀霜 志 眇 眇 而 临云,悲 落叶 于 劲秋 喜 柔条 于芳春 心 懔懔 以 怀霜 志 眇 眇 而 临云,15,16,1
weijin__luji_wenfu,weijin__luji_wenfu__part01,文賦並序,陸機,8,199,213,詠世德之駿烈，誦先人之清芬。,咏 世德 之骏烈 诵 先人 之 清芬,咏 世德 之 骏烈 诵 先人 之 清芬,7,8,1
weijin__luji_wenfu,weijin__luji_wenfu__part01,文賦並序,陸機,9,213,227,遊文章之林府，嘉麗藻之彬彬。,游 文章 之林府 嘉丽藻 之 彬彬,游 文章 之林府 嘉 丽藻 之 彬彬,6,7,1
weijin__luji_wenfu,weijin__luji_wenfu__part01,文賦並序,陸機,10,227,241,慨投篇而援筆，聊宣之乎斯文。,慨 投篇 而 援笔 聊 宣之乎 斯文,慨 投篇 而 援笔 聊 宣之乎 斯文,7,7,0
weijin__luji_wenfu,weijin__luji_wenfu__part01,文賦並序,陸機,11,243,268,其始也，皆收視反聽，耽思傍訊，精騖八極，心遊萬仞。,其始 也 皆 收视反听 耽思傍讯 精骛 八极 心游 万仞,其始 也 皆 收视反听 耽思 傍讯 精骛 八极 心游 万仞,9,10,1
weijin__luji_wenfu,weijin__luji_wenfu__part01,文賦並序,陸機,12,268,286,其致也，情曈曨而彌鮮，物昭晰而互進。,其致 也 情曈 昽 而 弥 鲜 物昭晰 而 互进,其致 也 情 曈昽 而弥鲜 物昭晰 而 互进,10,8,1
weijin__luji_wenfu,weijin__luji_wenfu__part01,文賦並序,陸機,13,286,300,傾群言之瀝液，漱六藝之芳潤。,倾 群言 之沥液 漱 六艺 之芳润,倾 群言 之 沥液 漱 六艺 之 芳润,6,8,1
weijin__luji_wenfu,weijin__luji_wenfu__part01,文賦並序,陸機,14,300,314,浮天淵以安流，濯下泉而潛浸。,浮 天渊 以安流 濯 下泉 而 潜浸,浮 天渊 以安流 濯 下泉 而 潜浸,7,7,0
weijin__luji_wenfu,weijin__luji_wenfu__part01,文賦並序,陸機,15,314,334,於是沉辭怫悅，若遊魚銜鉤，而出重淵之深；,于是 沉辞 怫 悦 若 游鱼 衔 钩 而出 重渊 之 深,于是 沉辞 怫悦 若 游鱼 衔 钩 而出 重渊 之深,12,10,1
weijin__luji_wenfu,weijin__luji_wenfu__part01,文賦並序,陸機,16,334,352,浮藻聯翩，若翰鳥纓繳，而墜曾雲之峻。,浮藻 联翩 若翰 鸟缨 缴 而 坠 曾 云之峻,浮藻 联翩 若翰鸟 缨缴 而 坠 曾云 之峻,9,8,1
weijin__luji_wenfu,weijin__luji_wenfu__part01,文賦並序,陸機,17,352,366,收百世之闕文，採千載之遺韻。,收 百世 之 阙文 采 千载 之 遗韵,收 百世 之 阙文 采 千载 之 遗韵,8,8,0
weijin__luji_wenfu,weijin__luji_wenfu__part01,文賦並序,陸機,18,366,380,謝朝華於已披，啟夕秀於未振。,谢 朝华 于 已 披 启夕秀于 未振,谢 朝华 于 已 披 启夕秀于 未振,7,7,0
weijin__luji_wenfu,weijin__luji_wenfu__part01,文賦並序,陸機,19,380,394,觀古今於須臾，撫四海於一瞬。,观 古今 于 须臾 抚 四海 于 一瞬,观 古今 于 须臾 抚 四海 于 一瞬,8,8,0
weijin__luji_wenfu,weijin__luji_wenfu__part01,文賦並序,陸機,20,396,408,然後選義按部，考辭就班。,然后 选义 按部 考辞 就 班,然后 选义 按部 考辞 就 班,6,6,0
weijin__luji_wenfu,weijin__luji_wenfu__part01,文賦並序,陸機,21,408,420,抱景者咸叩，懷響者畢彈。,抱景者 咸 叩 怀响者 毕弹,抱景者 咸 叩 怀响者 毕弹,5,5,0
weijin__luji_wenfu,weijin__luji_wenfu__part01,文賦並序,陸機,22,420,434,或因枝以振葉，或沿波而討源。,或 因枝 以振叶 或 沿波 而 讨源,或 因枝 以振叶 或 沿波 而 讨源,7,7,0
weijin__luji_wenfu,weijin__luji_wenfu__part01,文賦並序,陸機,23,434,448,或本隱以之顯，或求易而得難。,或本 隐以 之显 或求易 而 得 难,或本 隐以 之显 或求易 而 得 难,7,7,0
weijin__luji_wenfu,weijin__luji_wenfu__part01,文賦並序,陸機,24,448,462,或虎變而獸擾，或龍見而鳥瀾。,或虎变 而 兽扰 或龙见 而 鸟澜,或 虎变 而 兽扰 或 龙见 而 鸟澜,6,8,1
weijin__luji_wenfu,weijin__luji_wenfu__part01,文賦並序,陸機,25,462,476,或妥帖而易施，或岨峿而不安。,或 妥帖 而易施 或 岨 峿 而 不安,或 妥帖 而易施 或 岨 峿 而 不安,8,8,0
weijin__luji_wenfu,weijin__luji_wenfu__part01,文賦並序,陸機,26,476,490,罊澄心以凝思，眇眾慮而為言。,罊 澄心 以 凝思 眇 众虑 而 为 言,罊 澄心 以 凝思 眇 众虑 而 为言,9,8,1
weijin__luji_wenfu,weijin__luji_wenfu__part01,文賦並序,陸機,27,490,504,籠天地於形內，挫萬物於筆端。,笼 天地 于 形内 挫 万物 于 笔端,笼 天地 于 形内 挫 万物 于 笔端,8,8,0
weijin__luji_wenfu,weijin__luji_wenfu__part01,文賦並序,陸機,28,504,518,始躑躅於燥吻，終流離於濡翰。,始 踯躅 于燥 吻 终 流离 于濡翰,始 踯躅 于燥 吻 终 流离 于濡翰,7,7,0
weijin__luji_wenfu,weijin__luji_wenfu__part01,文賦並序,陸機,29,518,532,理扶質以立幹，文垂條而結繁。,理扶质 以立 干 文垂条 而 结繁,理 扶质 以立 干 文 垂条 而 结繁,6,8,1
weijin__luji_wenfu,weijin__luji_wenfu__part01,文賦並序,陸機,30,532,546,信情貌之不差，故每變而在顏。,信情貌 之 不差 故 每变 而 在 颜,信情貌 之 不差 故 每变 而 在 颜,8,8,0
weijin__luji_wenfu,weijin__luji_wenfu__part01,文賦並序,陸機,31,546,560,思涉樂其必笑，方言哀而已歎。,思涉 乐其 必笑 方言 哀 而已 叹,思涉 乐其 必笑 方言 哀 而已 叹,7,7,0
weijin__luji_wenfu,weijin__luji_wenfu__part01,文賦並序,陸機,32,560,574,或操觚以率爾，或含毫而邈然。,或 操 觚 以 率尔 或 含毫 而 邈然,或 操 觚 以 率尔 或 含毫 而 邈然,9,9,0
weijin__luji_wenfu,weijin__luji_wenfu__part01,文賦並序,陸機,33,576,590,伊茲事之可樂，固聖賢之所欽。,伊兹事 之 可乐 固 圣贤 之所钦,伊兹事 之 可乐 固 圣贤 之 所钦,6,7,1
weijin__luji_wenfu,weijin__luji_wenfu__part01,文賦並序,陸機,34,590,604,課虛無以責有，叩寂寞而求音。,课 虚无 以责 有 叩 寂寞 而求音,课 虚无 以 责有 叩 寂寞 而求音,7,7,1
weijin__luji_wenfu,weijin__luji_wenfu__part01,文賦並序,陸機,35,604,618,函綿邈於尺素，吐滂沛乎寸心。,函绵邈 于 尺素 吐 滂沛 乎 寸心,函 绵邈 于 尺素 吐 滂沛 乎 寸心,7,8,1
weijin__luji_wenfu,weijin__luji_wenfu__part01,文賦並序,陸機,36,618,632,言恢之而彌廣，思按之而逾深。,言 恢之而弥广 思 按 之 而 逾 深,言 恢之而 弥广 思 按 之 而 逾 深,8,9,1
weijin__luji_wenfu,weijin__luji_wenfu__part01,文賦並序,陸機,37,632,646,播芳蕤之馥馥，發青條之森森。,播芳蕤 之馥馥 发青 条 之 森森,播芳蕤 之馥馥 发青 条 之 森森,6,6,0
weijin__luji_wenfu,weijin__luji_wenfu__part01,文賦並序,陸機,38,646,660,粲風飛而猋豎，鬱雲起乎翰林。,粲 风飞 而 猋 竖 郁云 起乎 翰林,粲 风飞 而 猋竖 郁云 起乎 翰林,8,7,1
weijin__luji_wenfu,weijin__luji_wenfu__part01,文賦並序,陸機,39,662,672,體有萬殊，物無一量。,体有 万殊 物无一量,体有 万殊 物无一量,3,3,0
weijin__luji_wenfu,weijin__luji_wenfu__part01,文賦並序,陸機,40,672,682,紛紜揮霍，形難為狀。,纷纭 挥霍 形难 为 状,纷纭 挥霍 形 难为 状,5,5,1
weijin__luji_wenfu,weijin__luji_wenfu__part01,文賦並序,陸機,41,682,696,辭程才以效伎，意司契而為匠。,辞程 才 以效 伎 意司 契而为 匠,辞程 才 以效 伎 意司 契而为 匠,7,7,0
weijin__luji_wenfu,weijin__luji_wenfu__part01,文賦並序,陸機,42,696,710,在有無而僶俛，當淺深而不讓。,在 有无 而 僶 俛 当浅深 而 不让,在 有无 而 僶 俛 当 浅深 而 不让,8,9,1
weijin__luji_wenfu,weijin__luji_wenfu__part01,文賦並序,陸機,43,710,724,雖離方而遯圓，期窮形而盡相。,虽离方 而 遯 圆 期穷形 而 尽相,虽 离方 而 遯 圆 期穷形 而 尽相,7,8,1
weijin__luji_wenfu,weijin__luji_wenfu__part01,文賦並序,陸機,44,724,738,故夫夸目者尚奢，愜心者貴當。,故夫 夸目者 尚奢 惬心者 贵当,故夫 夸目 者 尚奢 惬心 者 贵当,5,7,1
weijin__luji_wenfu,weijin__luji_wenfu__part01,文賦並序,陸機,45,738,750,言窮者無隘，論達者唯曠。,言穷者 无隘 论达者 唯旷,言穷者 无隘 论达者 唯旷,4,4,0
weijin__luji_wenfu,weijin__luji_wenfu__part01,文賦並序,陸機,46,752,766,詩緣情而綺靡，賦體物而瀏亮。,诗缘情 而 绮靡 赋体物 而 浏亮,诗 缘情 而 绮靡 赋 体物 而 浏亮,6,8,1
weijin__luji_wenfu,weijin__luji_wenfu__part01,文賦並序,陸機,47,766,780,碑披文以相質，誄纏綿而悽愴。,碑 披文以 相质 诔 缠绵 而 凄怆,碑 披文以 相质 诔 缠绵 而 凄怆,7,7,0
weijin__luji_wenfu,weijin__luji_wenfu__part01,文賦並序,陸機,48,780,794,銘博約而溫潤，箴頓挫而清壯。,铭博约 而 温润 箴 顿挫 而 清壮,铭 博约 而 温润 箴 顿挫 而 清壮,7,8,1
weijin__luji_wenfu,weijin__luji_wenfu__part01,文賦並序,陸機,49,794,808,頌優遊以彬蔚，論精微而朗暢。,颂 优游 以彬蔚 论 精微 而朗畅,颂 优游 以彬蔚 论 精微 而 朗畅,6,7,1
weijin__luji_wenfu,weijin__luji_wenfu__part01,文賦並序,陸機,50,808,822,奏平徹以閑雅，說煒曄而譎誑。,奏平 彻以 闲雅 说炜晔 而 谲 诳,奏 平彻 以 闲雅 说 炜晔 而 谲诳,7,8,1
weijin__luji_wenfu,weijin__luji_wenfu__part01,文賦並序,陸機,51,822,836,雖區分之在茲，亦禁邪而制放。,虽 区分 之 在 兹 亦 禁邪 而 制放,虽 区分 之 在 兹 亦 禁邪 而 制放,9,9,0
weijin__luji_wenfu,weijin__luji_wenfu__part01,文賦並序,陸機,52,836,850,要辭達而理舉，故無取乎冗長。,要 辞达 而 理举 故无取乎 冗长,要 辞达 而理举 故 无取 乎 冗长,6,7,1
weijin__luji_wenfu,weijin__luji_wenfu__part01,文賦並序,陸機,53,852,866,其為物也多姿，其為體也屢遷。,其为物 也 多姿 其为体 也 屡 迁,其为物 也 多姿 其为体 也 屡迁,7,6,1
weijin__luji_wenfu,weijin__luji_wenfu__part01,文賦並序,陸機,54,866,880,其會意也尚巧，其遣言也貴妍。,其 会意 也 尚巧 其遣言 也 贵妍,其 会意 也 尚巧 其遣言 也 贵妍,7,7,0
weijin__luji_wenfu,weijin__luji_wenfu__part01,文賦並序,陸機,55,880,894,暨音聲之迭代，若五色之相宣。,暨 音声 之 迭代 若 五色 之 相宣,暨 音声 之 迭代 若 五色 之 相宣,8,8,0
weijin__luji_wenfu,weijin__luji_wenfu__part01,文賦並序,陸機,56,894,908,雖逝止之無常，固崎錡而難便。,虽 逝止 之 无常 固崎 锜 而 难 便,虽 逝止 之 无常 固 崎锜 而 难 便,9,9,1
weijin__luji_wenfu,weijin__luji_wenfu__part01,文賦並序,陸機,57,908,922,苟達變而識次，猶開流以納泉。,苟达 变而识次 犹开流 以纳泉,苟 达变 而识次 犹开流 以纳泉,4,5,1
weijin__luji_wenfu,weijin__luji_wenfu__part01,文賦並序,陸機,58,922,936,如失機而後會，恒操末以續顛。,如失机 而后 会 恒操 末 以续 颠,如 失机 而后 会 恒操 末 以续 颠,7,8,1
weijin__luji_wenfu,weijin__luji_wenfu__part01,文賦並序,陸機,59,936,950,謬玄黃之袟敘，故淟涊而不鮮。,谬玄黄 之 袟 叙 故 淟 涊 而 不 鲜,谬 玄黄 之 袟叙 故 淟 涊 而 不鲜,10,9,1
weijin__luji_wenfu,weijin__luji_wenfu__part01,文賦並序,陸機,60,952,966,或仰逼於先條，或俯侵於後章。,或仰 逼于 先条 或 俯 侵于 后章,或仰 逼于 先条 或 俯 侵于 后章,7,7,0
weijin__luji_wenfu,weijin__luji_wenfu__part01,文賦並序,陸機,61,966,980,或辭害而理比，或言順而義妨。,或 辞害 而理 比 或言顺 而义妨,或 辞害 而理 比 或言顺 而义妨,6,6,0
weijin__luji_wenfu,weijin__luji_wenfu__part01,文賦並序,陸機,62,980,992,離之則雙美，合之則兩傷。,离之则 双美 合之则 两伤,离之则 双美 合之则 两伤,4,4,0
weijin__luji_wenfu,weijin__luji_wenfu__part01,文賦並序,陸機,63,992,1006,考殿最於錙銖，定去留於毫芒。,考殿 最于 锱铢 定 去留 于 毫芒,考殿 最于 锱铢 定 去留 于 毫芒,7,7,0
weijin__luji_wenfu,weijin__luji_wenfu__part01,文賦並序,陸機,64,1006,1020,苟銓衡之所裁，固應繩其必當。,苟 铨衡 之所裁 固应 绳 其 必当,苟 铨衡 之所裁 固 应绳 其必当,7,6,1
weijin__luji_wenfu,weijin__luji_wenfu__part01,文賦並序,陸機,65,1022,1034,或文繁理富，而意不指適。,或文 繁理富 而意 不 指适,或文 繁理富 而意 不 指适,5,5,0
weijin__luji_wenfu,weijin__luji_wenfu__part01,文賦並序,陸機,66,1034,1044,極無兩致，盡不可益。,极 无 两致 尽 不可 益,极 无两 致 尽 不可 益,6,6,1
weijin__luji_wenfu,weijin__luji_wenfu__part01,文賦並序,陸機,67,1044,1058,立片言而居要，乃一篇之警策。,立 片言 而居要 乃 一篇 之 警策,立 片言 而居要 乃 一篇 之 警策,7,7,0
weijin__luji_wenfu,weijin__luji_wenfu__part01,文賦並序,陸機,68,1058,1072,雖眾辭之有條，必待茲而效績。,虽众 辞 之 有 条 必待兹 而 效绩,虽众 辞 之 有 条 必待兹 而 效绩,8,8,0
weijin__luji_wenfu,weijin__luji_wenfu__part01,文賦並序,陸機,69,1072,1086,亮功多而累寡，故取足而不易。,亮功 多 而 累寡 故取 足 而 不易,亮功 多 而 累寡 故取 足 而 不易,8,8,0
weijin__luji_wenfu,weijin__luji_wenfu__part01,文賦並序,陸機,70,1088,1099,或藻思綺合，清麗千眠。,或 藻思 绮合 清丽 千眠,或 藻思 绮合 清丽 千眠,5,5,0
weijin__luji_wenfu,weijin__luji_wenfu__part01,文賦並序,陸機,71,1099,1109,炳若縟繡，悽若繁絃。,炳 若 缛 绣 凄若繁 弦,炳 若 缛绣 凄若繁 弦,6,5,1
weijin__luji_wenfu,weijin__luji_wenfu__part01,文賦並序,陸機,72,1109,1123,必所擬之不殊，乃闇合乎曩篇。,必所拟 之 不殊 乃暗 合乎 曩 篇,必 所拟 之不殊 乃暗 合乎 曩 篇,7,7,1
weijin__luji_wenfu,weijin__luji_wenfu__part01,文賦並序,陸機,73,1123,1137,雖杼軸於予懷，怵他人之我先。,虽 杼轴 于予 怀 怵 他人 之 我 先,虽 杼轴 于予 怀 怵 他人 之 我 先,9,9,0
weijin__luji_wenfu,weijin__luji_wenfu__part01,文賦並序,陸機,74,1137,1151,苟傷廉而愆義，亦雖愛而必捐。,苟伤 廉 而 愆 义 亦 虽 爱 而 必捐,苟 伤廉 而 愆义 亦 虽 爱 而 必捐,10,9,1
weijin__luji_wenfu,weijin__luji_wenfu__part01,文賦並序,陸機,75,1153,1164,或苕發穎豎，離眾絕致。,或 苕 发颖 竖 离众 绝致,或 苕 发颖 竖 离众 绝致,6,6,0
weijin__luji_wenfu,weijin__luji_wenfu__part01,文賦並序,陸機,76,1164,1174,形不可逐，響難為係。,形 不可 逐 响难 为系,形 不可 逐 响 难为 系,5,6,1
weijin__luji_wenfu,weijin__luji_wenfu__part01,文賦並序,陸機,77,1174,1188,塊孤立而特峙，非常音之所緯。,块 孤立 而 特峙 非常 音之所纬,块 孤立 而 特峙 非常 音之所纬,6,6,0
weijin__luji_wenfu,weijin__luji_wenfu__part01,文賦並序,陸機,78,1188,1203,心牢落而無偶，意徘徊而不能揥。,心牢落 而 无偶 意 徘徊 而 不能 揥,心牢落 而 无偶 意 徘徊 而 不能 揥,8,8,0
weijin__luji_wenfu,weijin__luji_wenfu__part01,文賦並序,陸機,79,1203,1217,石韞玉而山輝，水懷珠而川媚。,石韫玉 而 山辉 水怀珠 而川媚,石 韫玉 而山辉 水 怀珠 而川媚,5,6,1
weijin__luji_wenfu,weijin__luji_wenfu__part01,文賦並序,陸機,80,1217,1231,彼榛楛之勿翦，亦蒙榮於集翠。,彼 榛 楛 之 勿 翦 亦 蒙荣于 集翠,彼 榛 楛 之 勿 翦 亦 蒙荣于 集翠,9,9,0
weijin__luji_wenfu,weijin__luji_wenfu__part01,文賦並序,陸機,81,1231,1245,綴下里於白雪，吾亦濟夫所偉。,缀 下里 于 白雪 吾 亦济夫 所伟,缀 下里 于 白雪 吾 亦济夫 所伟,7,7,0
weijin__luji_wenfu,weijin__luji_wenfu__part01,文賦並序,陸機,82,1247,1261,或託言於短韻，對窮跡而孤興。,或托言于 短韵 对 穷迹 而 孤兴,或托言于 短韵 对 穷迹 而 孤兴,6,6,0
weijin__luji_wenfu,weijin__luji_wenfu__part01,文賦並序,陸機,83,1261,1275,俯寂寞而無友，仰寥廓而莫承。,俯 寂寞 而 无友 仰 寥廓 而莫承,俯 寂寞 而 无友 仰 寥廓 而莫承,7,7,0
weijin__luji_wenfu,weijin__luji_wenfu__part01,文賦並序,陸機,84,1275,1289,譬偏絃之獨張，含清唱而靡應。,譬偏 弦 之 独张 含 清唱 而靡应,譬 偏弦 之 独张 含 清唱 而靡应,7,7,1
weijin__luji_wenfu,weijin__luji_wenfu__part01,文賦並序,陸機,85,1289,1303,或寄辭於瘁音，徒靡言而弗華。,或 寄辞 于瘁 音 徒靡言 而 弗华,或 寄辞 于瘁 音 徒靡言 而 弗华,7,7,0
weijin__luji_wenfu,weijin__luji_wenfu__part01,文賦並序,陸機,86,1303,1317,混妍蚩而成體，累良質而為瑕。,混妍 蚩 而 成体 累良质 而 为 瑕,混妍 蚩 而 成体 累 良质 而 为 瑕,8,9,1
weijin__luji_wenfu,weijin__luji_wenfu__part01,文賦並序,陸機,87,1317,1331,象下管之偏疾，故雖應而不和。,象下管 之 偏疾 故 虽应 而 不 和,象下管 之 偏疾 故 虽应 而 不 和,8,8,0
weijin__luji_wenfu,weijin__luji_wenfu__part01,文賦並序,陸機,88,1331,1345,或遺理以存異，徒尋虛以逐微。,或 遗理 以 存异 徒 寻虚以 逐微,或 遗理 以 存异 徒 寻虚以 逐微,7,7,0
weijin__luji_wenfu,weijin__luji_wenfu__part01,文賦並序,陸機,89,1345,1359,言寡情而鮮愛，辭浮漂而不歸。,言 寡情 而鲜 爱 辞 浮漂 而 不 归,言 寡情 而鲜 爱 辞 浮漂 而 不归,9,8,1
weijin__luji_wenfu,weijin__luji_wenfu__part01,文賦並序,陸機,90,1359,1373,猶絃么而徽急，故雖和而不悲。,犹弦 么 而徽急 故 虽 和 而 不悲,犹 弦么 而徽急 故 虽 和 而 不悲,8,8,1
weijin__luji_wenfu,weijin__luji_wenfu__part01,文賦並序,陸機,91,1373,1387,或奔放以諧合，務嘈囋而妖冶。,或 奔放 以谐 合 务 嘈 囋 而 妖冶,或 奔放 以 谐合 务 嘈 囋 而 妖冶,9,9,1
weijin__luji_wenfu,weijin__luji_wenfu__part01,文賦並序,陸機,92,1387,1401,徒悅目而偶俗，固高聲而曲下。,徒 悦目 而 偶俗 固 高声 而曲下,徒 悦目 而 偶俗 固 高声 而曲下,7,7,0
weijin__luji_wenfu,weijin__luji_wenfu__part01,文賦並序,陸機,93,1401,1415,寤防露與桑間，又雖悲而不雅。,寤 防露 与 桑间 又 虽 悲而 不雅,寤 防露 与 桑间 又 虽 悲而 不雅,8,8,0
weijin__luji_wenfu,weijin__luji_wenfu__part01,文賦並序,陸機,94,1415,1429,或清虛以婉約，每除煩而去濫。,或 清虚 以 婉约 每除 烦 而 去 滥,或 清虚 以 婉约 每除 烦 而 去 滥,9,9,0
weijin__luji_wenfu,weijin__luji_wenfu__part01,文賦並序,陸機,95,1429,1443,闕大羹之遺味，同朱絃之清汜。,阙大羹 之 遗味 同朱 弦 之 清汜,阙大羹 之 遗味 同朱 弦 之 清汜,7,7,0
weijin__luji_wenfu,weijin__luji_wenfu__part01,文賦並序,陸機,96,1443,1457,雖一唱而三歎，固既雅而不豔。,虽一唱 而 三叹 固既雅 而 不艳,虽一唱 而 三叹 固既雅 而 不艳,6,6,0
weijin__luji_wenfu,weijin__luji_wenfu__part01,文賦並序,陸機,97,1459,1471,若夫豐約之裁，俯仰之形。,若夫 丰约 之裁 俯仰 之形,若夫 丰约 之裁 俯仰 之形,5,5,0
weijin__luji_wenfu,weijin__luji_wenfu__part01,文賦並序,陸機,98,1471,1481,因宜適變，曲有微情。,因宜 适变 曲有 微情,因 宜适 变 曲有 微情,4,5,1
weijin__luji_wenfu,weijin__luji_wenfu__part01,文賦並序,陸機,99,1481,1495,或言拙而喻巧，或理朴而辭輕。,或言拙 而 喻巧 或理朴 而 辞轻,或言拙 而 喻巧 或理朴 而 辞轻,6,6,0
weijin__luji_wenfu,weijin__luji_wenfu__part01,文賦並序,陸機,100,1495,1509,或襲故而彌新，或沿濁而更清。,或袭 故而 弥新 或 沿浊 而 更 清,或袭 故而 弥新 或 沿浊 而 更 清,8,8,0
weijin__luji_wenfu,weijin__luji_wenfu__part01,文賦並序,陸機,101,1509,1523,或覽之而必察，或研之而後精。,或览 之 而 必察 或研 之 而后 精,或览 之 而 必察 或研 之 而后 精,8,8,0
weijin__luji_wenfu,weijin__luji_wenfu__part01,文賦並序,陸機,102,1523,1541,譬猶舞者赴節以投袂，歌者應絃而遣聲。,譬犹 舞者 赴 节以 投袂 歌者 应弦 而 遣声,譬犹 舞者 赴节 以 投袂 歌者 应弦 而 遣声,9,9,1
weijin__luji_wenfu,weijin__luji_wenfu__part01,文賦並序,陸機,103,1541,1560,是蓋輪扁所不得言，故亦非華說之所能精。,是 盖 轮 扁 所 不得 言 故 亦非 华说 之 所 能 精,是 盖 轮扁 所 不得 言 故 亦非 华说 之所能 精,14,11,1
weijin__luji_wenfu,weijin__luji_wenfu__part01,文賦並序,陸機,104,1562,1576,普辭條與文律，良余膺之所服。,普 辞条 与 文律 良余膺 之 所服,普 辞条 与 文律 良余膺 之 所服,7,7,0
weijin__luji_wenfu,weijin__luji_wenfu__part01,文賦並序,陸機,105,1576,1590,練世情之常尤，識前脩之所淑。,练 世情 之常 尤 识前 修 之 所 淑,练 世情 之常 尤 识前 修 之 所 淑,9,9,0
weijin__luji_wenfu,weijin__luji_wenfu__part01,文賦並序,陸機,106,1590,1604,雖濬發於巧心，或受蚩於拙目。,虽 濬 发于 巧心 或受 蚩于 拙目,虽 濬 发于 巧心 或受 蚩于 拙目,7,7,0
weijin__luji_wenfu,weijin__luji_wenfu__part01,文賦並序,陸機,107,1604,1618,彼瓊敷與玉藻，若中原之有菽。,彼琼 敷 与 玉藻 若 中原 之有 菽,彼 琼敷 与 玉藻 若 中原 之有 菽,8,8,1
weijin__luji_wenfu,weijin__luji_wenfu__part01,文賦並序,陸機,108,1618,1632,同橐籥之罔窮，與天地乎並育。,同 橐 籥 之罔穷 与 天地 乎 并育,同 橐 籥 之罔穷 与 天地 乎 并育,8,8,0
weijin__luji_wenfu,weijin__luji_wenfu__part01,文賦並序,陸機,109,1632,1646,雖紛藹於此世，嗟不盈於予掬。,虽纷蔼于 此世 嗟 不盈于 予掬,虽 纷蔼 于此 世 嗟 不盈于 予掬,5,7,1
weijin__luji_wenfu,weijin__luji_wenfu__part01,文賦並序,陸機,110,1646,1660,患挈缾之屢空，病昌言之難屬。,患 挈 缾 之 屡 空 病 昌言 之难 属,患 挈 缾 之 屡空 病 昌言 之难 属,10,9,1
weijin__luji_wenfu,weijin__luji_wenfu__part01,文賦並序,陸機,111,1660,1674,故踸踔於短垣，放庸音以足曲。,故 踸 踔 于 短 垣 放庸音 以足曲,故 踸 踔 于 短 垣 放庸音 以足曲,8,8,0
weijin__luji_wenfu,weijin__luji_wenfu__part01,文賦並序,陸機,112,1674,1688,恒遺恨以終篇，豈懷盈而自足。,恒 遗恨 以 终篇 岂怀盈 而 自足,恒 遗恨 以 终篇 岂怀盈 而 自足,7,7,0
weijin__luji_wenfu,weijin__luji_wenfu__part01,文賦並序,陸機,113,1688,1702,懼蒙塵於叩缶，顧取笑乎鳴玉。,惧 蒙尘 于 叩 缶 顾 取笑 乎 鸣玉,惧 蒙尘 于 叩 缶 顾 取笑 乎 鸣玉,9,9,0
weijin__luji_wenfu,weijin__luji_wenfu__part01,文賦並序,陸機,114,1704,1716,若夫應感之會，通塞之紀。,若夫 应感 之会 通塞之纪,若夫 应感 之会 通塞之纪,4,4,0
weijin__luji_wenfu,weijin__luji_wenfu__part01,文賦並序,陸機,115,1716,1726,來不可遏，去不可止。,来 不可 遏 去 不可 止,来 不可 遏 去 不可 止,6,6,0
weijin__luji_wenfu,weijin__luji_wenfu__part01,文賦並序,陸機,116,1726,1736,藏若景滅，行猶響起。,藏若景灭 行 犹 响起,藏若景灭 行 犹 响起,4,4,0
weijin__luji_wenfu,weijin__luji_wenfu__part01,文賦並序,陸機,117,1736,1750,方天機之駿利，夫何紛而不理。,方 天机 之骏利 夫何纷 而 不理,方 天机 之 骏利 夫何纷 而 不理,6,7,1
weijin__luji_wenfu,weijin__luji_wenfu__part01,文賦並序,陸機,118,1750,1764,思風發於胸臆，言泉流於脣齒。,思风 发于 胸臆 言 泉流 于 唇齿,思 风发 于 胸臆 言 泉流 于 唇齿,7,8,1
weijin__luji_wenfu,weijin__luji_wenfu__part01,文賦並序,陸機,119,1764,1778,紛威蕤以馺遝，唯毫素之所擬。,纷威蕤 以 馺 遝 唯毫素 之 所拟,纷威蕤 以 馺 遝 唯毫素 之 所拟,7,7,0
weijin__luji_wenfu,weijin__luji_wenfu__part01,文賦並序,陸機,120,1778,1792,文徽徽以溢目，音泠泠而盈耳。,文徽徽 以 溢目 音泠泠 而 盈耳,文徽徽 以 溢目 音泠泠 而 盈耳,6,6,0
weijin__luji_wenfu,weijin__luji_wenfu__part01,文賦並序,陸機,121,1792,1804,及其六情底滯，志往神留。,及其 六情 底滞 志往 神留,及其 六情 底滞 志往 神留,5,5,0
weijin__luji_wenfu,weijin__luji_wenfu__part01,文賦並序,陸機,122,1804,1814,兀若枯木，豁若涸流。,兀若 枯木 豁若涸 流,兀若 枯木 豁若涸 流,4,4,0
weijin__luji_wenfu,weijin__luji_wenfu__part01,文賦並序,陸機,123,1814,1828,攬營魂以探賾，頓精爽於自求。,揽 营魂 以 探赜 顿 精爽 于 自求,揽 营魂 以 探赜 顿 精爽 于 自求,8,8,0
weijin__luji_wenfu,weijin__luji_wenfu__part01,文賦並序,陸機,124,1828,1842,理翳翳而愈伏，思軋軋其若抽。,理翳 翳 而 愈伏 思 轧轧 其若 抽,理翳 翳 而 愈伏 思 轧轧 其若 抽,8,8,0
weijin__luji_wenfu,weijin__luji_wenfu__part01,文賦並序,陸機,125,1842,1858,是以或竭情而多悔，或率意而寡尤。,是 以 或 竭情 而 多悔 或 率意 而 寡 尤,是 以 或 竭情 而 多悔 或 率意 而 寡 尤,11,11,0
weijin__luji_wenfu,weijin__luji_wenfu__part01,文賦並序,陸機,126,1858,1872,雖茲物之在我，非余力之所戮。,虽兹物 之 在 我 非 余力 之所戮,虽兹物 之 在 我 非 余力 之所戮,7,7,0
weijin__luji_wenfu,weijin__luji_wenfu__part01,文賦並序,陸機,127,1872,1891,故時撫空懷而自惋，吾未識夫開塞之所由。,故时 抚 空怀 而 自惋 吾 未识夫 开塞 之 所 由,故时 抚 空怀 而 自惋 吾 未识夫 开塞 之 所 由,11,11,0
weijin__luji_wenfu,weijin__luji_wenfu__part01,文賦並序,陸機,128,1893,1907,伊茲文之為用，固眾理之所因。,伊兹文 之 为 用 固众理 之 所 因,伊兹文 之 为 用 固 众理 之 所 因,8,9,1
weijin__luji_wenfu,weijin__luji_wenfu__part01,文賦並序,陸機,129,1907,1921,恢萬里而無閡，通億載而為津。,恢 万里 而 无阂 通 亿载 而 为 津,恢 万里 而 无阂 通 亿载 而 为 津,9,9,0
weijin__luji_wenfu,weijin__luji_wenfu__part01,文賦並序,陸機,130,1921,1935,俯貽則於來葉，仰觀象乎古人。,俯贻则 于 来 叶 仰 观象 乎 古人,俯 贻则 于 来叶 仰 观象 乎 古人,8,8,1
weijin__luji_wenfu,weijin__luji_wenfu__part01,文賦並序,陸機,131,1935,1949,濟文武於將墜，宣風聲於不泯。,济 文武 于 将 坠 宣 风声 于 不 泯,济 文武 于 将 坠 宣 风声 于 不 泯,10,10,0
weijin__luji_wenfu,weijin__luji_wenfu__part01,文賦並序,陸機,132,1949,1963,塗無遠而不彌，理無微而弗綸。,涂无远 而 不 弥 理无微 而 弗纶,涂 无远 而 不 弥 理无微 而 弗纶,7,8,1
weijin__luji_wenfu,weijin__luji_wenfu__part01,文賦並序,陸機,133,1963,1977,配霑潤於雲雨，象變化乎鬼神。,配 沾润 于 云雨 象 变化 乎 鬼神,配 沾润 于 云雨 象 变化 乎 鬼神,8,8,0
weijin__luji_wenfu,weijin__luji_wenfu__part01,文賦並序,陸機,134,1977,1991,被金石而德廣，流管絃而日新。,被 金石 而德广 流 管弦 而 日 新,被 金石 而德广 流 管弦 而 日 新,8,8,0
weijin__caozhi_yang,weijin__caozhi_yang__part01,與楊德祖書,曹植,0,0,18,植白：數日不見，思子為勞，想同之也。,植白 数日 不见 思子 为 劳 想同 之 也,植白 数日 不见 思子 为 劳 想同 之 也,9,9,0
weijin__caozhi_yang,weijin__caozhi_yang__part01,與楊德祖書,曹植,1,18,38,僕少小好為文章，迄至于今，二十有五年矣。,仆少 小 好 为 文章 迄至 于今 二十 有 五年 矣,仆少 小 好 为 文章 迄至 于今 二十 有 五年 矣,11,11,0
weijin__caozhi_yang,weijin__caozhi_yang__part01,與楊德祖書,曹植,2,38,50,然今世作者，可略而言也。,然 今世 作者 可略 而言 也,然 今世 作者 可略 而言 也,6,6,0
weijin__caozhi_yang,weijin__caozhi_yang__part01,與楊德祖書,曹植,3,50,124,昔仲宣獨步於漢南，孔璋鷹揚於河朔，偉長擅名於青土，公幹振藻於海隅，德璉發跡於此魏，足下高視於上京，當此之時，人人自謂握靈蛇之珠，家家自謂抱荊山之玉。,昔仲宣 独步 于 汉南 孔璋 鹰扬 于 河朔 伟长 擅名 于 青土 公干 振藻 于 海隅 德琏 发迹 于 此魏 足下 高视于 上京 当此 之时 人人 自谓 握 灵蛇之珠 家家 自谓 抱 荆山之玉,昔仲宣 独步 于 汉南 孔璋 鹰扬 于 河朔 伟长 擅名 于 青土 公干 振藻 于 海隅 德琏 发迹 于此 魏 足下 高视 于 上京 当此 之时 人人 自谓 握灵蛇之珠 家家 自谓 抱 荆山之玉,33,33,1
weijin__caozhi_yang,weijin__caozhi_yang__part01,與楊德祖書,曹植,4,124,149,吾王於是設天網以該之，頓八紘以掩之，今悉集茲國矣。,吾王 于是 设 天网 以该 之 顿八纮以 掩 之 今悉 集兹国 矣,吾王 于是 设 天网 以该 之 顿 八纮 以 掩 之 今悉 集兹国 矣,12,14,1
weijin__caozhi_yang,weijin__caozhi_yang__part01,與楊德祖書,曹植,5,149,168,然此數子，猶復不能飛軒絕跡，一舉千里。,然此 数子 犹复 不能 飞轩 绝迹 一举千里,然此 数子 犹复 不能 飞轩 绝迹 一举千里,7,7,0
weijin__caozhi_yang,weijin__caozhi_yang__part01,與楊德祖書,曹植,6,168,204,以孔璋之才，不閑於辭賦，而多自謂能與司馬長卿同風，譬畫虎不成，反為狗也。,以 孔璋 之 才 不闲于 辞赋 而 多 自谓 能 与 司马 长卿 同风 譬 画虎不成 反为 狗 也,以 孔璋 之 才 不闲 于 辞赋 而 多 自谓 能 与 司马 长卿 同风 譬 画虎不成 反为 狗 也,19,20,1
weijin__caozhi_yang,weijin__caozhi_yang__part01,與楊德祖書,曹植,7,204,219,前書嘲之，反作論盛道僕讚其文。,前书嘲 之 反作论 盛道 仆赞 其文,前书 嘲之 反作论 盛道 仆赞 其文,6,6,1
weijin__caozhi_yang,weijin__caozhi_yang__part01,與楊德祖書,曹植,8,219,231,夫鍾期不失聽，于今稱之。,夫钟期 不失 听 于今 称 之,夫钟期 不失 听 于今 称 之,6,6,0
weijin__caozhi_yang,weijin__caozhi_yang__part01,與楊德祖書,曹植,9,231,247,吾亦不能忘嘆者，畏後世之嗤余也。,吾 亦 不能 忘叹者 畏 后世 之 嗤 余 也,吾 亦 不能 忘叹者 畏 后世 之 嗤 余 也,10,10,0
weijin__caozhi_yang,weijin__caozhi_yang__part01,與楊德祖書,曹植,10,249,260,世人之著述，不能無病。,世人 之 著述 不能 无 病,世人 之 著述 不能 无 病,6,6,0
weijin__caozhi_yang,weijin__caozhi_yang__part01,與楊德祖書,曹植,11,260,279,僕常好人譏彈其文，有不善者，應時改定。,仆常 好人 讥弹 其文 有 不善 者 应时 改定,仆常 好人 讥弹 其 文 有 不善 者 应时 改定,9,10,1
weijin__caozhi_yang,weijin__caozhi_yang__part01,與楊德祖書,曹植,12,279,308,昔丁敬禮常作小文，使僕潤飾之，僕自以才不過若人，辭不為也。,昔丁 敬礼 常作 小文 使仆 润饰 之 仆自以 才 不过 若人 辞不为 也,昔丁 敬礼 常作 小文 使仆 润饰 之 仆自以 才 不过 若人 辞 不为 也,13,14,1
weijin__caozhi_yang,weijin__caozhi_yang__part01,與楊德祖書,曹植,13,308,340,敬禮謂僕：卿何所疑難，文之佳惡，吾自得之，後世誰相知定吾文者邪？,敬礼 谓 仆 卿何 所 疑难 文之佳恶 吾 自得 之 后世 谁 相知 定吾文者 邪,敬礼 谓 仆 卿何 所 疑难 文之佳恶 吾 自得 之 后世 谁 相知 定吾文者 邪,15,15,0
weijin__caozhi_yang,weijin__caozhi_yang__part01,與楊德祖書,曹植,14,340,352,吾常歎此達言，以為美談。,吾 常叹 此达言 以为 美谈,吾 常叹 此 达言 以为 美谈,5,6,1
weijin__caozhi_yang,weijin__caozhi_yang__part01,與楊德祖書,曹植,15,354,383,昔尼父之文辭，與人通流，至於制春秋，游夏之徒乃不能措一辭。,昔尼父 之 文辞 与 人 通流 至于 制 春秋 游夏之徒 乃 不能 措一辞,昔尼父 之 文辞 与人 通流 至于 制 春秋 游夏之徒 乃 不能 措 一辞,13,13,1
weijin__caozhi_yang,weijin__caozhi_yang__part01,與楊德祖書,曹植,16,383,397,過此而言不病者，吾未之見也。,过此 而言 不 病者 吾 未 之 见 也,过此 而言 不 病者 吾 未 之 见 也,9,9,0
weijin__caozhi_yang,weijin__caozhi_yang__part01,與楊德祖書,曹植,17,397,412,蓋有南威之容，乃可以論其淑媛；,盖有 南威 之容 乃 可以 论其 淑媛,盖有 南威 之容 乃 可以 论其 淑媛,7,7,0
weijin__caozhi_yang,weijin__caozhi_yang__part01,與楊德祖書,曹植,18,412,426,有龍泉之利，乃可以議其斷割。,有 龙泉 之 利 乃 可以 议其断 割,有 龙泉 之 利 乃 可以 议其 断割,8,8,1
weijin__caozhi_yang,weijin__caozhi_yang__part01,與楊德祖書,曹植,19,426,449,劉季緒才不能逮於作者，而好詆訶文章，掎摭利病。,刘季绪 才 不能 逮于 作者 而 好 诋 诃 文章 掎摭 利病,刘季绪 才 不能 逮于 作者 而 好 诋诃 文章 掎摭 利病,12,11,1
weijin__caozhi_yang,weijin__caozhi_yang__part01,與楊德祖書,曹植,20,449,485,昔田巴毀五帝，罪三王，呰五霸於稷下，一旦而服千人，魯連一說，使終身杜口。,昔田巴毁 五帝 罪 三王 呰 五霸 于 稷下 一旦 而 服千人 鲁连 一说 使 终身 杜口,昔田巴毁 五帝 罪 三王 呰 五霸 于 稷下 一旦 而 服千人 鲁连 一说 使 终身 杜口,16,16,0
weijin__caozhi_yang,weijin__caozhi_yang__part01,與楊德祖書,曹植,21,485,510,劉生之辯，未若田氏，今之仲連，求之不難，可無息乎！,刘生 之辩 未若田氏 今之仲连 求 之 不难 可 无息 乎,刘生 之辩 未若田氏 今 之 仲连 求 之 不难 可 无息 乎,10,12,1
weijin__caozhi_yang,weijin__caozhi_yang__part01,與楊德祖書,曹植,22,510,537,人各有好尚，蘭茞蓀蕙之芳，眾人所好，而海畔有逐臭之夫；,人 各 有 好 尚 兰 茞 荪 蕙 之 芳 众人 所好 而海畔 有 逐臭之夫,人 各 有 好 尚 兰 茞 荪 蕙 之 芳 众人 所好 而海畔 有 逐臭之夫,16,16,0
weijin__caozhi_yang,weijin__caozhi_yang__part01,與楊德祖書,曹植,23,537,564,咸池六莖之發，眾人所共樂，而墨翟有非之之論，豈可同哉！,咸池 六茎 之发 众人 所 共乐 而墨 翟有 非 之 之论 岂可 同哉,咸池 六茎 之发 众人 所 共乐 而墨 翟有 非 之 之论 岂可 同哉,13,13,0
weijin__caozhi_yang,weijin__caozhi_yang__part01,與楊德祖書,曹植,24,566,580,今往僕少小所著辭賦一通相與。,今往 仆少 小所著 辞赋 一通 相与,今往 仆少 小所著 辞赋 一通 相与,6,6,0
weijin__caozhi_yang,weijin__caozhi_yang__part01,與楊德祖書,曹植,25,580,612,夫街談巷說，必有可采，擊轅之歌，有應風雅，匹夫之思，未易輕棄也。,夫 街谈巷说 必有 可采 击辕 之歌 有应 风雅 匹夫 之思 未易 轻弃 也,夫 街谈巷说 必有 可采 击辕 之歌 有应 风雅 匹夫 之思 未易 轻弃 也,13,13,0
weijin__caozhi_yang,weijin__caozhi_yang__part01,與楊德祖書,曹植,26,612,632,辭賦小道，固未足以揄揚大義，彰示來世也。,辞赋 小道 固未 足以 揄 扬 大义 彰示 来世 也,辞赋 小道 固未 足以 揄扬 大义 彰示 来世 也,10,9,1
weijin__caozhi_yang,weijin__caozhi_yang__part01,與楊德祖書,曹植,27,632,652,昔楊子雲先朝執戟之臣耳，猶稱壯夫不為也。,昔杨子 云先朝 执戟 之臣 耳 犹称 壮夫不为 也,昔 杨子 云先朝 执戟 之臣 耳 犹称 壮夫不为 也,8,9,1
weijin__caozhi_yang,weijin__caozhi_yang__part01,與楊德祖書,曹植,28,652,703,吾雖德薄，位為蕃侯，猶庶幾戮力上國，流惠下民，建永世之業，留金石之功，豈徒以翰墨為勳績，辭賦為君子哉！,吾 虽德薄 位为 蕃 侯 犹 庶几 戮力 上 国 流惠下民 建 永世 之业 留 金石之功 岂徒 以 翰墨 为 勋绩 辞赋 为 君子 哉,吾 虽德薄 位为 蕃 侯 犹 庶几 戮力 上国 流惠下民 建 永世 之业 留 金石之功 岂徒 以 翰墨 为 勋绩 辞赋 为 君子 哉,25,24,1
weijin__caozhi_yang,weijin__caozhi_yang__part01,與楊德祖書,曹植,29,703,742,若吾志未果，吾道不行，則將采庶官之實錄，辯時俗之得失，定仁義之衷，成一家之言。,若吾志 未果 吾 道 不行 则 将 采庶 官 之 实录 辩 时俗 之 得失 定 仁义 之衷 成 一家之言,若吾志 未果 吾 道 不行 则 将 采庶 官 之 实录 辩 时俗 之 得失 定 仁义 之衷 成 一家之言,20,20,0
weijin__caozhi_yang,weijin__caozhi_yang__part01,與楊德祖書,曹植,30,742,772,雖未能藏之於名山，將以傳之於同好，非要之皓首，豈今日之論乎！,虽 未能 藏之于 名山 将 以 传之于 同好 非要 之 皓首 岂 今日 之论乎,虽 未能 藏之于 名山 将 以 传之于 同好 非要 之 皓首 岂 今日 之论乎,14,14,0
weijin__caozhi_yang,weijin__caozhi_yang__part01,與楊德祖書,曹植,31,772,786,其言之不慚，恃惠子之知我也。,其言 之 不惭 恃 惠子 之知 我 也,其言 之 不惭 恃 惠子 之知 我 也,8,8,0
weijin__caozhi_yang,weijin__caozhi_yang__part01,與楊德祖書,曹植,32,786,796,明早相迎，書不盡懷。,明早 相迎 书不尽 怀,明早 相迎 书不尽 怀,4,4,0
weijin__caozhi_yang,weijin__caozhi_yang__part01,與楊德祖書,曹植,33,796,799,植白。,植白,植白,1,1,0
weijin__yangxiu_lin,weijin__yangxiu_lin__part01,答臨淄侯牋,楊修,0,0,6,脩死罪死罪。,修 死罪 死罪,修 死罪 死罪,3,3,0
weijin__yangxiu_lin,weijin__yangxiu_lin__part01,答臨淄侯牋,楊修,1,6,16,不侍數日，若彌年載。,不侍 数日 若 弥年 载,不侍 数日 若 弥年 载,5,5,0
weijin__yangxiu_lin,weijin__yangxiu_lin__part01,答臨淄侯牋,楊修,2,16,31,豈由愛顧之隆，使係仰之情深邪！,岂 由 爱顾 之隆 使系仰 之 情深 邪,岂 由 爱顾 之隆 使 系仰 之 情深 邪,8,9,1
weijin__yangxiu_lin,weijin__yangxiu_lin__part01,答臨淄侯牋,楊修,3,31,56,損辱嘉命，蔚矣其文，誦讀反覆，雖諷雅頌，不復過此。,损辱 嘉命 蔚 矣 其文 诵读 反复 虽讽 雅颂 不复 过此,损辱 嘉命 蔚 矣 其文 诵读 反复 虽讽 雅颂 不复 过此,11,11,0
weijin__yangxiu_lin,weijin__yangxiu_lin__part01,答臨淄侯牋,楊修,4,56,90,若仲宣之擅漢表，陳氏之跨冀域，徐劉之顯青豫，應生之發魏國，斯皆然矣。,若仲宣 之 擅汉表 陈氏 之 跨冀域 徐刘之显 青豫 应生 之发 魏国 斯 皆然 矣,若仲宣 之 擅 汉表 陈氏 之 跨冀域 徐刘 之显 青豫 应生 之发 魏国 斯 皆然 矣,14,16,1
weijin__yangxiu_lin,weijin__yangxiu_lin__part01,答臨淄侯牋,楊修,5,90,118,至於脩者，聽采風聲，仰德不暇，自周章於省覽，何遑高視哉？,至于 修者 听采 风声 仰德 不暇 自周章 于 省览 何 遑 高视 哉,至于 修者 听采 风声 仰德 不暇 自周章 于 省览 何 遑 高视 哉,13,13,0
weijin__yangxiu_lin,weijin__yangxiu_lin__part01,答臨淄侯牋,楊修,6,120,142,伏惟君侯，少長貴盛，體發旦之資，有聖善之教。,伏惟 君侯 少长 贵盛 体发旦 之资 有 圣善 之教,伏惟 君侯 少长 贵盛 体 发旦 之资 有 圣善 之教,9,10,1
weijin__yangxiu_lin,weijin__yangxiu_lin__part01,答臨淄侯牋,楊修,7,142,162,遠近觀者，徒謂能宣昭懿德，光贊大業而已；,远近 观者 徒谓 能 宣昭 懿德 光赞 大业 而已,远近 观者 徒谓 能 宣昭 懿德 光赞 大业 而已,9,9,0
weijin__yangxiu_lin,weijin__yangxiu_lin__part01,答臨淄侯牋,楊修,8,162,176,不復謂能兼覽傳記，留思文章。,不复谓 能 兼览 传记 留思 文章,不复谓 能 兼览 传记 留思 文章,6,6,0
weijin__yangxiu_lin,weijin__yangxiu_lin__part01,答臨淄侯牋,楊修,9,176,189,今乃含王超陳，度越數子矣。,今乃含 王超 陈 度越 数子 矣,今乃含 王超 陈 度越 数子 矣,6,6,0
weijin__yangxiu_lin,weijin__yangxiu_lin__part01,答臨淄侯牋,楊修,10,189,205,觀者駭視而拭目，聽者傾首而竦耳。,观者 骇视 而 拭目 听者 倾首 而 竦 耳,观者 骇视 而 拭目 听者 倾首 而 竦 耳,9,9,0
weijin__yangxiu_lin,weijin__yangxiu_lin__part01,答臨淄侯牋,楊修,11,205,225,非夫體通性達，受之自然，其孰能至於此乎？,非夫体 通性 达 受 之 自然 其 孰能 至于 此乎,非夫体 通性 达 受 之 自然 其 孰能 至于 此乎,10,10,0
weijin__yangxiu_lin,weijin__yangxiu_lin__part01,答臨淄侯牋,楊修,12,225,262,又嘗親見執事，握牘持筆，有所造作，若成誦在心，借書於手，曾不斯須少留思慮。,又 尝 亲见 执事 握牍 持笔 有所 造作 若 成诵 在 心 借书 于手 曾 不斯须 少留 思虑,又 尝 亲见 执事 握牍 持笔 有所 造作 若 成诵 在 心 借书 于手 曾 不 斯须 少留 思虑,18,19,1
weijin__yangxiu_lin,weijin__yangxiu_lin__part01,答臨淄侯牋,楊修,13,262,282,仲尼日月，無得踰焉，脩之仰望，殆如此矣。,仲尼 日月 无得 逾 焉 修 之 仰望 殆 如此 矣,仲尼 日月 无得 逾 焉 修 之 仰望 殆 如此 矣,11,11,0
weijin__yangxiu_lin,weijin__yangxiu_lin__part01,答臨淄侯牋,楊修,14,282,311,是以對鶡而辭，作暑賦彌日而不獻，見西施之容，歸增其貌者也。,是 以 对 鹖 而 辞 作暑 赋弥日 而 不献 见 西施 之容 归 增其貌 者 也,是 以 对 鹖 而 辞 作暑 赋 弥日 而 不献 见 西施 之容 归 增其貌 者 也,17,18,1
weijin__yangxiu_lin,weijin__yangxiu_lin__part01,答臨淄侯牋,楊修,15,313,333,伏想執事，不知其然，猥受顧錫，教使刊定。,伏想 执事 不 知其然 猥受 顾锡 教使 刊定,伏想 执事 不 知其然 猥受 顾锡 教使 刊定,8,8,0
weijin__yangxiu_lin,weijin__yangxiu_lin__part01,答臨淄侯牋,楊修,16,333,343,春秋之成，莫能損益；,春秋 之成 莫能 损益,春秋 之成 莫能 损益,4,4,0
weijin__yangxiu_lin,weijin__yangxiu_lin__part01,答臨淄侯牋,楊修,17,343,353,呂氏淮南，字直千金。,吕氏 淮南 字直 千金,吕氏 淮南 字直 千金,4,4,0
weijin__yangxiu_lin,weijin__yangxiu_lin__part01,答臨淄侯牋,楊修,18,353,380,然而弟子箝口，市人拱手者，聖賢卓犖，固所以殊絕凡庸也。,然而 弟子 箝口 市人 拱手 者 圣贤 卓荦 固 所以 殊绝 凡庸 也,然而 弟子 箝口 市人 拱手 者 圣贤 卓荦 固 所以 殊绝 凡庸 也,13,13,0
weijin__yangxiu_lin,weijin__yangxiu_lin__part01,答臨淄侯牋,楊修,19,380,401,今之賦頌，古詩之流，不更孔公，風雅無別耳。,今之赋 颂 古诗 之流 不 更 孔公 风雅 无别 耳,今 之 赋颂 古诗 之流 不 更 孔公 风雅 无别 耳,10,11,1
weijin__yangxiu_lin,weijin__yangxiu_lin__part01,答臨淄侯牋,楊修,20,401,421,脩家子雲，老不曉事，強著一書，悔其少作。,修家子 云 老 不 晓事 强著 一书 悔其少作,修 家子 云 老不晓事 强著 一书 悔其少作,8,7,1
weijin__yangxiu_lin,weijin__yangxiu_lin__part01,答臨淄侯牋,楊修,21,421,436,若此仲山周旦之儔，為皆有伥邪！,若 此仲山 周旦 之 俦 为 皆 有伥 邪,若 此仲山 周旦 之 俦 为 皆 有伥 邪,9,9,0
weijin__yangxiu_lin,weijin__yangxiu_lin__part01,答臨淄侯牋,楊修,22,436,460,君侯忘聖賢之顯迹，述鄙宗之過言，竊以為未之思也。,君侯 忘 圣贤 之 显迹 述 鄙宗 之 过言 窃以为 未之思 也,君侯 忘 圣贤 之 显迹 述 鄙宗 之 过言 窃以为 未之思 也,12,12,0
weijin__yangxiu_lin,weijin__yangxiu_lin__part01,答臨淄侯牋,楊修,23,462,508,若乃不忘經國之大美，流千載之英聲，銘功景鍾，書名竹帛，斯自雅量，素所畜也，豈與文章相妨害哉？,若 乃 不 忘 经国 之大美 流 千载 之英声 铭功 景钟 书名 竹帛 斯自 雅量 素所畜 也 岂 与 文章 相 妨害 哉,若 乃 不 忘 经国 之大美 流 千载 之 英声 铭功 景钟 书名 竹帛 斯自 雅量 素所畜 也 岂 与 文章 相 妨害 哉,23,24,1
weijin__yangxiu_lin,weijin__yangxiu_lin__part01,答臨淄侯牋,楊修,24,508,531,輒受所惠，竊備矇瞍誦詠而已，敢望惠施以忝莊氏？,辄 受 所惠 窃备 蒙 瞍 诵咏 而已 敢望 惠施 以 忝 庄氏,辄 受 所惠 窃备 蒙 瞍 诵咏 而已 敢望 惠施 以 忝 庄氏,13,13,0
weijin__yangxiu_lin,weijin__yangxiu_lin__part01,答臨淄侯牋,楊修,25,531,541,季緒璅璅，何足以云。,季 绪 璅 璅 何 足以 云,季 绪 璅 璅 何 足以 云,7,7,0
weijin__yangxiu_lin,weijin__yangxiu_lin__part01,答臨淄侯牋,楊修,26,541,551,反答造次，不能宣備。,反答 造次 不能 宣备,反答 造次 不能 宣备,4,4,0
weijin__yangxiu_lin,weijin__yangxiu_lin__part01,答臨淄侯牋,楊修,27,551,557,脩死罪死罪。,修 死罪 死罪,修 死罪 死罪,3,3,0
weijin__chenlin_donge,weijin__chenlin_donge__part01,答東阿王牋,陳琳,0,0,6,琳死罪死罪。,琳 死罪 死罪,琳 死罪 死罪,3,3,0
weijin__chenlin_donge,weijin__chenlin_donge__part01,答東阿王牋,陳琳,1,6,22,昨加恩辱命，并示龜賦，披覽粲然。,昨加恩 辱命 并示 龟 赋 披览 粲然,昨加恩 辱命 并示 龟 赋 披览 粲然,7,7,0
weijin__chenlin_donge,weijin__chenlin_donge__part01,答東阿王牋,陳琳,2,22,48,君侯體高世之才，秉青蓱干將之器，拂鐘無聲，應機立斷。,君侯体 高世之才 秉 青 蓱 干将 之器 拂钟 无声 应机立断,君侯体 高世之才 秉 青 蓱 干将 之器 拂钟 无声 应机立断,10,10,0
weijin__chenlin_donge,weijin__chenlin_donge__part01,答東阿王牋,陳琳,3,48,64,此乃天然異稟，非鑽仰者所庶幾也。,此 乃 天然 异禀 非 钻 仰者 所 庶几 也,此 乃 天然 异禀 非 钻仰 者 所 庶几 也,10,10,1
weijin__chenlin_donge,weijin__chenlin_donge__part01,答東阿王牋,陳琳,4,64,98,音義既遠，清辭妙句，焱絕煥炳，譬猶飛兔流星，超山越海，龍驥所不敢追；,音义 既远 清辞 妙句 焱 绝焕炳 譬犹飞 兔 流星 超 山越 海 龙骥 所 不敢 追,音义 既远 清辞 妙句 焱 绝 焕炳 譬犹 飞兔 流星 超 山越 海 龙骥 所 不敢 追,16,17,1
weijin__chenlin_donge,weijin__chenlin_donge__part01,答東阿王牋,陳琳,5,98,108,況於駑馬，可得齊足？,况于 驽马 可得 齐足,况于 驽马 可 得 齐足,4,5,1
weijin__chenlin_donge,weijin__chenlin_donge__part01,答東阿王牋,陳琳,6,108,143,夫聽白雪之音，觀綠水之節，然後東野巴人，蚩鄙益著，載懽載笑，欲罷不能。,夫听 白雪 之音 观 绿水 之节 然后 东野巴人 蚩鄙益 著 载懽载 笑 欲罢不能,夫听 白雪 之音 观 绿水 之节 然后 东野巴人 蚩鄙益 著 载懽载 笑 欲罢不能,13,13,0
weijin__chenlin_donge,weijin__chenlin_donge__part01,答東阿王牋,陳琳,7,143,154,謹韞櫝玩耽，以為吟頌。,谨韫 椟 玩 耽 以为 吟颂,谨韫 椟 玩 耽 以为 吟颂,6,6,0
weijin__chenlin_donge,weijin__chenlin_donge__part01,答東阿王牋,陳琳,8,154,160,琳死罪死罪。,琳 死罪 死罪,琳 死罪 死罪,3,3,0
weijin__zuosi_sandu,weijin__zuosi_sandu__part01,三都賦序,左思,0,0,12,蓋詩有六義焉，其二曰賦。,盖诗 有六义 焉 其二 曰 赋,盖 诗 有 六义 焉 其二 曰 赋,6,8,1
weijin__zuosi_sandu,weijin__zuosi_sandu__part01,三都賦序,左思,1,12,26,楊雄曰：「詩人之賦麗以則。」,杨雄 曰 诗人 之 赋丽以 则,杨雄 曰 诗人 之 赋丽以 则,6,6,0
weijin__zuosi_sandu,weijin__zuosi_sandu__part01,三都賦序,左思,2,26,41,班固曰：「賦者，古詩之流也。」,班固 曰 赋者 古诗 之流 也,班固 曰 赋者 古诗 之流 也,6,6,0
weijin__zuosi_sandu,weijin__zuosi_sandu__part01,三都賦序,左思,3,41,51,先王采焉，以觀土風。,先王 采焉 以观 土风,先王 采焉 以观 土风,4,4,0
weijin__zuosi_sandu,weijin__zuosi_sandu__part01,三都賦序,左思,4,51,52,見,见,见,1,1,0
weijin__zuosi_sandu,weijin__zuosi_sandu__part01,三都賦序,左思,5,58,68,，則知衛地淇澳之產；,则 知卫地 淇澳 之产,则 知卫地 淇澳 之产,4,4,0
weijin__zuosi_sandu,weijin__zuosi_sandu__part01,三都賦序,左思,6,68,69,見,见,见,1,1,0
weijin__zuosi_sandu,weijin__zuosi_sandu__part01,三都賦序,左思,7,75,85,，則知秦野西戎之宅。,则 知 秦野 西戎 之宅,则 知 秦野 西戎 之宅,5,5,0
weijin__zuosi_sandu,weijin__zuosi_sandu__part01,三都賦序,左思,8,85,94,故能居然而辨八方。,故能 居然 而 辨 八方,故能 居然 而 辨 八方,5,5,0
weijin__zuosi_sandu,weijin__zuosi_sandu__part01,三都賦序,左思,9,94,102,然相如賦上林而引,然相 如赋 上林 而 引,然相 如赋 上林 而 引,5,5,0
weijin__zuosi_sandu,weijin__zuosi_sandu__part01,三都賦序,左思,10,108,116,，楊雄賦甘泉而陳,杨雄赋 甘泉 而 陈,杨雄赋 甘泉 而 陈,4,4,0
weijin__zuosi_sandu,weijin__zuosi_sandu__part01,三都賦序,左思,11,122,147,，班固賦西都而歎以出比目，張衡賦西京而述以遊海若。,班固 赋西 都 而 叹 以出 比目 张衡 赋 西京 而述 以游海 若,班固 赋西 都 而 叹 以出 比目 张衡 赋 西京 而述 以游海 若,13,13,0
weijin__zuosi_sandu,weijin__zuosi_sandu__part01,三都賦序,左思,12,147,167,假稱珍怪，以爲潤色，若斯之類，匪啻于茲。,假称 珍怪 以为 润色 若斯 之类 匪啻 于 兹,假称 珍怪 以为 润色 若斯 之类 匪啻 于兹,9,8,1
weijin__zuosi_sandu,weijin__zuosi_sandu__part01,三都賦序,左思,13,167,178,考之果木，則生非其壤；,考之 果木 则 生非 其壤,考之 果木 则 生非 其壤,5,5,0
weijin__zuosi_sandu,weijin__zuosi_sandu__part01,三都賦序,左思,14,178,189,校之神物，則出非其所。,校之 神物 则 出非 其 所,校之 神物 则 出非 其 所,6,6,0
weijin__zuosi_sandu,weijin__zuosi_sandu__part01,三都賦序,左思,15,189,205,於辭則易爲藻飾，於義則虛而無徵。,于 辞则易 为 藻饰 于义 则 虚 而 无征,于 辞则易 为 藻饰 于义 则 虚 而 无征,9,9,0
weijin__zuosi_sandu,weijin__zuosi_sandu__part01,三都賦序,左思,16,205,217,且夫玉巵無當，雖寶非用；,且 夫玉 巵 无当 虽宝 非用,且 夫玉 巵 无当 虽宝 非用,6,6,0
weijin__zuosi_sandu,weijin__zuosi_sandu__part01,三都賦序,左思,17,217,227,侈言無驗，雖麗非經。,侈言 无验 虽丽 非经,侈言 无验 虽丽 非经,4,4,0
weijin__zuosi_sandu,weijin__zuosi_sandu__part01,三都賦序,左思,18,227,247,而論者莫不詆訐其研精，作者大氐舉爲憲章。,而 论者 莫不 诋讦 其 研精 作者 大 氐 举为 宪章,而 论者 莫不 诋讦 其 研精 作者 大 氐 举为 宪章,11,11,0
weijin__zuosi_sandu,weijin__zuosi_sandu__part01,三都賦序,左思,19,247,257,積習生常，有自來矣。,积习生常 有 自来 矣,积习生常 有 自来 矣,4,4,0
weijin__zuosi_sandu,weijin__zuosi_sandu__part01,三都賦序,左思,20,259,292,余旣思摹二京而賦三都，其山川城邑則稽之地圖，其鳥獸草木則驗之方志。,余 既思 摹 二京 而 赋 三 都 其 山川 城邑 则 稽 之 地图 其 鸟兽 草木 则 验 之 方志,余 既思 摹 二京 而 赋 三 都 其 山川 城邑 则 稽 之 地图 其 鸟兽 草木 则 验 之 方志,22,22,0
weijin__zuosi_sandu,weijin__zuosi_sandu__part01,三都賦序,左思,21,292,302,風謠歌舞，各附其俗；,风谣 歌舞 各附 其俗,风谣 歌舞 各附 其俗,4,4,0
weijin__zuosi_sandu,weijin__zuosi_sandu__part01,三都賦序,左思,22,302,312,魁梧長者，莫非其舊。,魁梧 长者 莫非 其旧,魁梧 长者 莫非 其旧,4,4,0
weijin__zuosi_sandu,weijin__zuosi_sandu__part01,三都賦序,左思,23,312,315,何則？,何则,何则,1,1,0
weijin__zuosi_sandu,weijin__zuosi_sandu__part01,三都賦序,左思,24,315,327,發言爲詩者，詠其所志也；,发言 为 诗者 咏 其 所志 也,发言 为 诗者 咏 其 所志 也,7,7,0
weijin__zuosi_sandu,weijin__zuosi_sandu__part01,三都賦序,左思,25,327,339,升高能賦者，頌其所見也。,升高 能 赋者 颂 其 所 见 也,升高能赋 者 颂 其 所见 也,8,6,1
weijin__zuosi_sandu,weijin__zuosi_sandu__part01,三都賦序,左思,26,339,355,美物者貴依其本，讚事者宜本其實。,美物者 贵 依其本 赞事者 宜本 其实,美物者 贵 依其本 赞事者 宜本 其实,6,6,0
weijin__zuosi_sandu,weijin__zuosi_sandu__part01,三都賦序,左思,27,355,365,匪本匪實，覽者奚信？,匪本 匪实 览 者 奚信,匪本 匪实 览 者 奚信,5,5,0
weijin__zuosi_sandu,weijin__zuosi_sandu__part01,三都賦序,左思,28,365,377,且夫任土作貢，虞書所著；,且 夫任 土作 贡 虞书 所著,且夫 任土作贡 虞书 所著,6,4,1
weijin__zuosi_sandu,weijin__zuosi_sandu__part01,三都賦序,左思,29,377,387,辯物居方，周易所慎。,辩物 居方 周易 所慎,辩物 居方 周易 所慎,4,4,0
weijin__zuosi_sandu,weijin__zuosi_sandu__part01,三都賦序,左思,30,387,404,聊舉其一隅，攝其體統，歸諸詁訓焉。,聊举 其 一隅 摄其 体统 归 诸诂 训焉,聊举 其 一隅 摄其 体统 归 诸 诂训 焉,8,9,1
weijin__huangfu_sandu,weijin__huangfu_sandu__part01,三都賦序,皇甫謐,0,0,17,玄晏先生曰：古人稱不歌而頌謂之賦。,玄晏 先生 曰 古人 称不歌 而 颂 谓之 赋,玄晏 先生 曰 古人 称不歌 而 颂 谓之 赋,9,9,0
weijin__huangfu_sandu,weijin__huangfu_sandu__part01,三都賦序,皇甫謐,1,17,42,然則賦也者，所以因物造端，敷弘體理，欲人不能加也。,然则 赋 也 者 所以 因物 造端 敷弘 体理 欲 人 不能 加 也,然则 赋 也 者 所以 因物 造端 敷弘 体理 欲 人 不能 加 也,14,14,0
weijin__huangfu_sandu,weijin__huangfu_sandu__part01,三都賦序,皇甫謐,2,42,53,引而申之，故文必極美；,引而申 之 故文必 极美,引而申 之 故文必 极美,4,4,0
weijin__huangfu_sandu,weijin__huangfu_sandu__part01,三都賦序,皇甫謐,3,53,65,觸類而長之，故辭必盡麗。,触类而长 之 故辞 必尽丽,触类而长 之 故辞 必尽丽,4,4,0
weijin__huangfu_sandu,weijin__huangfu_sandu__part01,三都賦序,皇甫謐,4,65,77,然則美麗之文，賦之作也。,然则 美丽 之文 赋之作 也,然则 美丽 之文 赋之作 也,5,5,0
weijin__huangfu_sandu,weijin__huangfu_sandu__part01,三都賦序,皇甫謐,5,77,103,昔之為文者，非苟尚辭而已，將以紐之王教，本乎勸戒也。,昔之为 文者 非苟 尚辞 而已 将 以纽 之 王教 本乎 劝戒 也,昔之为 文者 非苟 尚辞 而已 将 以纽 之 王教 本乎 劝戒 也,12,12,0
weijin__huangfu_sandu,weijin__huangfu_sandu__part01,三都賦序,皇甫謐,6,103,120,自夏殷以前，其文隱沒，靡得而詳焉。,自夏殷 以前 其 文 隐没 靡 得 而 详焉,自夏殷 以前 其 文 隐没 靡 得 而 详焉,9,9,0
weijin__huangfu_sandu,weijin__huangfu_sandu__part01,三都賦序,皇甫謐,7,120,135,周監二代，文質之體，百世可知。,周监 二代 文质 之体 百世 可知,周监 二代 文质 之体 百世 可知,6,6,0
weijin__huangfu_sandu,weijin__huangfu_sandu__part01,三都賦序,皇甫謐,8,135,156,故孔子采萬國之風，正雅頌之名，集而謂之詩。,故 孔子 采 万国 之风 正雅颂 之名 集而 谓之 诗,故 孔子 采 万国 之风 正 雅颂 之名 集而 谓之 诗,10,11,1
weijin__huangfu_sandu,weijin__huangfu_sandu__part01,三都賦序,皇甫謐,9,156,166,詩人之作，雜有賦體。,诗人 之作 杂有 赋体,诗人 之作 杂有 赋体,4,4,0
weijin__huangfu_sandu,weijin__huangfu_sandu__part01,三都賦序,皇甫謐,10,166,180,子夏序詩曰：一曰風，二曰賦。,子夏序 诗 曰 一 曰 风 二 曰 赋,子夏序 诗 曰 一 曰 风 二 曰 赋,9,9,0
weijin__huangfu_sandu,weijin__huangfu_sandu__part01,三都賦序,皇甫謐,11,180,191,故知賦者，古詩之流也。,故知 赋者 古诗 之流 也,故知 赋者 古诗 之流 也,5,5,0
weijin__huangfu_sandu,weijin__huangfu_sandu__part01,三都賦序,皇甫謐,12,193,220,至于戰國，王道陵遲，風雅寖頓，於是賢人失志，辭賦作焉。,至于 战国 王道 陵迟 风雅 寖 顿 于是 贤人 失志 辞赋 作焉,至于 战国 王道 陵迟 风雅 寖顿 于是 贤人 失志 辞赋 作焉,12,11,1
weijin__huangfu_sandu,weijin__huangfu_sandu__part01,三都賦序,皇甫謐,13,220,239,是以孫卿屈原之屬，遺文炳然，辭義可觀。,是 以 孙卿 屈原 之属 遗文 炳然 辞义 可观,是 以 孙卿 屈原 之属 遗文 炳然 辞义 可观,9,9,0
weijin__huangfu_sandu,weijin__huangfu_sandu__part01,三都賦序,皇甫謐,14,239,271,存其所感，咸有古詩之意，皆因文以寄其心，託理以全其制，賦之首也。,存其 所感 咸有 古诗 之意 皆 因文以 寄 其心 托理 以 全其制 赋之首 也,存其 所感 咸有 古诗 之意 皆 因文以 寄 其心 托理 以全 其制 赋之首 也,14,14,1
weijin__huangfu_sandu,weijin__huangfu_sandu__part01,三都賦序,皇甫謐,15,271,307,及宋玉之徒，淫文放發，言過于實，誇競之興，體失之漸，風雅之則，於是乎乖。,及 宋玉之徒 淫文放发 言 过于 实 夸 竞之兴 体失 之渐 风雅 之则 于是乎 乖,及 宋玉之徒 淫文 放发 言 过于 实 夸竞 之兴 体失 之渐 风雅 之则 于是乎 乖,14,15,1
weijin__huangfu_sandu,weijin__huangfu_sandu__part01,三都賦序,皇甫謐,16,307,318,逮漢賈誼，頗節之以禮。,逮汉 贾谊 颇节 之 以礼,逮汉 贾谊 颇节 之 以礼,5,5,0
weijin__huangfu_sandu,weijin__huangfu_sandu__part01,三都賦序,皇甫謐,17,318,345,自時厥後，綴文之士，不率典言，並務恢張，其文博誕空類。,自时厥 后 缀文之士 不率 典言 并务 恢张 其文博诞 空类,自时厥 后 缀文之士 不率 典言 并务 恢张 其文博诞 空类,9,9,0
weijin__huangfu_sandu,weijin__huangfu_sandu__part01,三都賦序,皇甫謐,18,345,372,大者罩天地之表，細者入毫纖之內，雖充車聯駟，不足以載；,大者 罩 天地 之表 细者 入 毫纤 之内 虽充 车联 驷 不足以 载,大者 罩 天地 之表 细者 入 毫纤 之内 虽 充车 联驷 不足以 载,13,13,1
weijin__huangfu_sandu,weijin__huangfu_sandu__part01,三都賦序,皇甫謐,19,372,383,廣夏接榱，不容以居也。,广夏接 榱 不容 以居 也,广夏 接 榱 不容 以居 也,5,6,1
weijin__huangfu_sandu,weijin__huangfu_sandu__part01,三都賦序,皇甫謐,20,383,453,其中高者，至如相如上林，楊雄甘泉，班固兩都，張衡二京，馬融廣成，王生靈光，初極宏侈之辭，終以約簡之制，煥乎有文，蔚爾鱗集，皆近代辭賦之偉也。,其中 高者 至 如 相如 上林 杨雄 甘泉 班固 两 都 张衡 二京 马融 广成 王生 灵光 初极宏侈 之辞 终以 约简 之制 焕乎 有文 蔚尔 鳞集 皆 近代 辞赋 之伟 也,其中 高者 至 如 相如 上林 杨雄 甘泉 班固 两都 张衡 二京 马融 广成 王生 灵光 初极宏侈 之辞 终以 约简 之制 焕乎 有文 蔚尔 鳞集 皆 近代 辞赋 之伟 也,31,30,1
weijin__huangfu_sandu,weijin__huangfu_sandu__part01,三都賦序,皇甫謐,21,453,475,若夫土有常產，俗有舊風，方以類聚，物以群分；,若夫 土有 常产 俗有 旧风 方以类聚 物以群分,若夫 土有 常产 俗 有旧 风 方以类聚 物以群分,7,8,1
weijin__huangfu_sandu,weijin__huangfu_sandu__part01,三都賦序,皇甫謐,22,475,503,而長卿之儔，過以非方之物，寄以中域，虛張異類，託有於無。,而 长卿 之 俦 过以 非方 之物 寄以 中域 虚张 异类 托有 于 无,而 长卿 之 俦 过以 非方 之物 寄以 中域 虚张 异类 托有 于 无,14,14,0
weijin__huangfu_sandu,weijin__huangfu_sandu__part01,三都賦序,皇甫謐,23,503,523,祖構之士，雷同影附，流宕忘反，非一時也。,祖构 之士 雷同 影附 流宕 忘 反 非 一时 也,祖构 之士 雷同 影附 流宕 忘 反 非 一时 也,10,10,0
weijin__huangfu_sandu,weijin__huangfu_sandu__part01,三都賦序,皇甫謐,24,525,537,曩者漢室內潰，四海圮裂。,曩 者 汉 室内 溃 四海 圮 裂,曩 者 汉室 内溃 四海 圮 裂,8,7,1
weijin__huangfu_sandu,weijin__huangfu_sandu__part01,三都賦序,皇甫謐,25,537,547,孫劉二氏，割有交益；,孙 刘二氏 割有 交益,孙刘 二氏 割有 交益,4,4,1
weijin__huangfu_sandu,weijin__huangfu_sandu__part01,三都賦序,皇甫謐,26,547,557,魏武撥亂，擁據函夏。,魏武 拨乱 拥据 函夏,魏武 拨乱 拥据 函夏,4,4,0
weijin__huangfu_sandu,weijin__huangfu_sandu__part01,三都賦序,皇甫謐,27,557,604,故作者先為吳蜀二客，盛稱其本土險阻瑰琦，可以偏王，而卻為魏主述其都畿，弘敞豐麗，奄有諸華之意。,故 作者 先为 吴蜀二客 盛称 其 本土 险阻 瑰琦 可以 偏王 而 却 为 魏主述 其 都 畿 弘敞 丰丽 奄有 诸华之意,故 作者 先 为 吴蜀 二客 盛称 其 本土 险阻 瑰琦 可以 偏王 而 却 为 魏主述 其 都 畿 弘敞 丰丽 奄有 诸华 之意,22,25,1
weijin__huangfu_sandu,weijin__huangfu_sandu__part01,三都賦序,皇甫謐,28,604,635,言吳蜀以擒滅比亡國，而魏以交禪比唐虞，既已著逆順，且以為鑒戒。,言 吴 蜀 以 擒 灭 比 亡国 而 魏以 交禅 比 唐虞 既 已 著逆顺 且 以为 鉴戒,言 吴蜀 以擒灭 比 亡国 而 魏以 交禅 比唐 虞 既 已 著 逆顺 且 以为 鉴戒,19,17,1
weijin__huangfu_sandu,weijin__huangfu_sandu__part01,三都賦序,皇甫謐,29,635,694,蓋蜀包梁岷之資，吳割荊南之富，魏跨中區之衍，考分次之多少，計殖物之衆寡，比風俗之清濁，課士人之優劣，亦不可同年而語矣。,盖 蜀 包梁 岷之资 吴割 荆南之 富 魏跨 中区 之衍 考分 次之 多少 计殖物 之 众寡 比 风俗 之 清浊 课 士人 之 优劣 亦 不可 同年而语 矣,盖 蜀 包梁 岷之资 吴割 荆南之 富 魏跨 中区 之衍 考分 次之 多少 计殖物 之 众寡 比 风俗 之 清浊 课 士人 之 优劣 亦 不可同年而语 矣,28,27,1
weijin__huangfu_sandu,weijin__huangfu_sandu__part01,三都賦序,皇甫謐,30,694,729,二國之士，各沐浴所聞，家自以為我土樂，人自以為我民良，皆非通方之論也。,二 国之士 各 沐浴 所 闻 家自 以为 我 土乐 人自 以为 我民良 皆 非 通方 之论 也,二 国之士 各 沐浴 所闻 家自 以为 我 土乐 人自 以为 我民良 皆 非 通方 之论 也,18,17,1
weijin__huangfu_sandu,weijin__huangfu_sandu__part01,三都賦序,皇甫謐,31,729,763,作者又因客主之辭，正之以魏都，折之以王道，其物土所出，可得披圖而校。,作者 又 因客 主之辞 正之以 魏 都 折之以 王道 其物 土所出 可得 披图 而校,作者 又 因客 主之辞 正之以 魏 都 折之以 王道 其物 土所出 可 得 披图 而校,14,15,1
weijin__huangfu_sandu,weijin__huangfu_sandu__part01,三都賦序,皇甫謐,32,763,780,體國經制，可得按記而驗，豈誣也哉！,体国 经制 可得 按 记而验 岂 诬 也 哉,体国 经制 可得 按 记而验 岂 诬 也 哉,9,9,0
weijin__gehong_鈞世,weijin__gehong_鈞世__part01,抱朴子外篇·鈞世,葛洪,0,0,23,或曰：「古之著書者，才大思深，故其文隱而難曉；,或曰 古之 著书 者 才 大思深 故其 文隐 而 难晓,或曰 古之 著书 者 才 大思深 故其 文隐 而 难晓,10,10,0
weijin__gehong_鈞世,weijin__gehong_鈞世__part01,抱朴子外篇·鈞世,葛洪,1,23,36,今人意淺力近，故露而易見。,今人 意浅力 近 故露 而易 见,今人 意浅力 近 故露 而易 见,6,6,0
weijin__gehong_鈞世,weijin__gehong_鈞世__part01,抱朴子外篇·鈞世,葛洪,2,36,63,以此易見，比彼難曉，猶溝澮之方江河，蟲豈垤之並嵩岱矣。,以此 易 见 比彼难晓 犹沟 浍 之方 江河 虫 岂 垤 之 并 嵩 岱 矣,以此 易 见 比彼难晓 犹 沟浍 之方 江河 虫 岂 垤 之 并 嵩 岱 矣,16,16,1
weijin__gehong_鈞世,weijin__gehong_鈞世__part01,抱朴子外篇·鈞世,葛洪,3,63,81,故水不發山昆山，則不能揚洪流以東漸；,故水 不 发山 昆山 则 不能 扬 洪流 以东 渐,故水 不 发山 昆山 则 不能 扬 洪流 以东 渐,10,10,0
weijin__gehong_鈞世,weijin__gehong_鈞世__part01,抱朴子外篇·鈞世,葛洪,4,81,99,書不出英俊，則不能備致遠之弘韻焉。」,书不出 英俊 则 不能 备 致远 之弘韵 焉,书不出 英俊 则 不能 备 致远 之弘韵 焉,8,8,0
weijin__gehong_鈞世,weijin__gehong_鈞世__part01,抱朴子外篇·鈞世,葛洪,5,100,123,抱朴子答曰：「夫論管穴者，不可問以九陔之無外；,抱朴子 答 曰 夫论 管穴者 不可 问以 九 陔 之 无外,抱朴子 答 曰 夫论 管穴者 不可 问以 九 陔 之 无外,11,11,0
weijin__gehong_鈞世,weijin__gehong_鈞世__part01,抱朴子外篇·鈞世,葛洪,6,123,138,習拘閡者，不可督以拔萃之獨見。,习拘阂 者 不可 督以 拔萃 之 独见,习 拘阂 者 不可 督以 拔萃 之 独见,7,8,1
weijin__gehong_鈞世,weijin__gehong_鈞世__part01,抱朴子外篇·鈞世,葛洪,7,138,170,蓋往古之士，匪鬼匪神，其形器雖冶鑠於疇曩，然其精神，布在乎方策。,盖往 古之士 匪鬼匪 神 其 形器 虽冶铄 于畴 曩 然其 精神 布 在乎 方策,盖往 古之士 匪鬼匪 神 其 形器 虽 冶铄 于 畴曩 然其 精神 布 在乎 方策,14,15,1
weijin__gehong_鈞世,weijin__gehong_鈞世__part01,抱朴子外篇·鈞世,葛洪,8,170,180,情見乎辭，指歸可得。,情见乎辞 指归 可得,情见乎辞 指归 可 得,3,4,1
weijin__gehong_鈞世,weijin__gehong_鈞世__part01,抱朴子外篇·鈞世,葛洪,9,180,251,且古書之多隱，未必昔人故欲難曉，或世異語變，或方言不同，經荒歷亂，埋藏積久，簡編朽絕，亡失者多，或雜續殘缺，或脫去章句，是以難知，似若至深耳。,且 古书 之多隐 未必 昔人 故欲 难晓 或 世异 语变 或 方言 不同 经荒 历乱 埋藏 积久 简编 朽绝 亡失 者 多 或 杂续 残缺 或 脱 去 章句 是 以 难知 似若至 深耳,且 古书 之多隐 未必 昔人 故欲 难晓 或 世异 语变 或 方言 不同 经荒 历乱 埋藏 积久 简编 朽绝 亡失 者 多 或 杂续 残缺 或 脱去 章句 是 以 难知 似若至 深耳,34,33,1
weijin__gehong_鈞世,weijin__gehong_鈞世__part01,抱朴子外篇·鈞世,葛洪,10,251,286,且夫《尚書》者，政事之集也，然未若近代之優文詔策軍書奏議之清富贍麗也；,且夫 尚书 者 政事 之集 也 然未 若 近代 之 优文 诏策 军书 奏议 之清富 赡丽 也,且夫 尚书 者 政事 之集 也 然未 若 近代 之 优文 诏策 军书 奏议 之清富 赡丽 也,17,17,0
weijin__gehong_鈞世,weijin__gehong_鈞世__part01,抱朴子外篇·鈞世,葛洪,11,286,324,《毛詩》者，華彩之辭也，然不及《上林》《羽獵》《二京》《三都》之汪濊博富也。,毛诗 者 华彩 之辞 也 然 不及 上 林 羽猎 二京 三 都 之 汪 濊 博富 也,毛诗 者 华彩 之辞 也 然 不及 上 林 羽猎 二京 三 都 之 汪 濊 博富 也,18,18,0
weijin__gehong_鈞世,weijin__gehong_鈞世__part01,抱朴子外篇·鈞世,葛洪,12,324,341,然則古之子書，能勝今之作者，何也？,然则 古之 子书 能胜今 之 作者 何 也,然则 古之 子书 能胜今 之 作者 何 也,8,8,0
weijin__gehong_鈞世,weijin__gehong_鈞世__part01,抱朴子外篇·鈞世,葛洪,13,341,362,然守株之徒，嘍嘍所玩，有耳無目，何肯謂爾。,然守株 之徒 喽 喽 所 玩 有耳无目 何肯谓 尔,然守株 之徒 喽喽 所玩 有 耳 无目 何肯谓 尔,9,9,1
weijin__gehong_鈞世,weijin__gehong_鈞世__part01,抱朴子外篇·鈞世,葛洪,14,362,388,其於古人所作為神，今世所著為淺，貴遠賤近，有自來矣。,其于 古人 所 作为 神 今世 所著 为 浅 贵远贱近 有 自来 矣,其于 古人 所 作为 神 今世 所著 为 浅 贵远贱近 有 自来 矣,13,13,0
weijin__gehong_鈞世,weijin__gehong_鈞世__part01,抱朴子外篇·鈞世,葛洪,15,389,408,「故新劍以詐刻加價，弊方以偽題見寶也。,故新剑 以 诈刻 加价 弊方以 伪题 见宝 也,故新剑 以 诈刻 加价 弊方以 伪题 见宝 也,8,8,0
weijin__gehong_鈞世,weijin__gehong_鈞世__part01,抱朴子外篇·鈞世,葛洪,16,408,426,是以古書雖質樸，而俗儒謂之墮於天也；,是 以 古书 虽 质朴 而 俗儒 谓之 堕于 天 也,是 以 古书 虽 质朴 而 俗儒 谓之 堕于 天 也,11,11,0
weijin__gehong_鈞世,weijin__gehong_鈞世__part01,抱朴子外篇·鈞世,葛洪,17,426,442,今文雖金玉，而常人同之於瓦礫也。,今文 虽 金玉 而 常人 同之于 瓦砾 也,今文 虽 金玉 而 常人 同之于 瓦砾 也,8,8,0
weijin__gehong_鈞世,weijin__gehong_鈞世__part01,抱朴子外篇·鈞世,葛洪,18,442,476,古書者雖多，未必盡美，要當以為學者之山淵，使屬筆者，得辨伐漁獵其中。,古书 者 虽 多 未必 尽美 要 当 以为 学者 之山渊 使属 笔者 得辨伐 渔猎 其中,古书 者 虽 多 未必 尽美 要当 以为 学者 之 山渊 使属 笔者 得辨伐 渔猎 其中,16,16,1
weijin__gehong_鈞世,weijin__gehong_鈞世__part01,抱朴子外篇·鈞世,葛洪,19,476,514,然而譬如東甌之木，長洲之林，梓豫雖多，而未可謂之為大廈之壯觀，華屋之弘麗也；,然而 譬如 东瓯 之木 长洲 之林 梓豫 虽多 而 未 可谓 之 为 大厦 之 壮观 华屋 之弘丽 也,然而 譬如 东瓯 之木 长洲 之林 梓豫 虽多 而 未 可谓 之 为 大厦 之 壮观 华屋 之 弘丽 也,19,20,1
weijin__gehong_鈞世,weijin__gehong_鈞世__part01,抱朴子外篇·鈞世,葛洪,20,514,527,雲夢之澤，孟諸之藪，魚肉之,云梦 之泽 孟诸 之 薮 鱼肉 之,云梦 之泽 孟诸 之 薮 鱼肉 之,7,7,0
weijin__gehong_鈞世,weijin__gehong_鈞世__part01,抱朴子外篇·鈞世,葛洪,21,529,553,雖饒，而未可謂之為煎火*敖之盛膳，渝狄之嘉味也。,虽饶 而 未 可谓 之为 煎 火 敖之盛 膳 渝 狄之嘉味 也,虽饶 而 未 可谓 之为 煎 火 敖之盛 膳 渝 狄之嘉味 也,12,12,0
weijin__gehong_鈞世,weijin__gehong_鈞世__part01,抱朴子外篇·鈞世,葛洪,22,553,570,今詩與古詩，俱有義理，而盈於差美。,今诗 与 古诗 俱有 义理 而盈于 差美,今诗 与 古诗 俱有 义理 而盈于 差美,7,7,0
weijin__gehong_鈞世,weijin__gehong_鈞世__part01,抱朴子外篇·鈞世,葛洪,23,571,596,方之於士，並有德行，而一人偏長藝文，不可謂一例也；,方之于 士 并 有 德行 而 一人 偏长 艺文 不 可谓 一例 也,方之于 士 并 有 德行 而 一人 偏长 艺文 不 可谓 一例 也,13,13,0
weijin__gehong_鈞世,weijin__gehong_鈞世__part01,抱朴子外篇·鈞世,葛洪,24,596,622,比之於女，俱體國色，而一人獨閑百伎，不可混為無異也。,比之于 女 俱体 国色 而 一人 独闲百伎 不可 混 为 无异 也,比之于 女 俱体 国色 而 一人 独闲百伎 不可 混 为 无异 也,12,12,0
weijin__gehong_鈞世,weijin__gehong_鈞世__part01,抱朴子外篇·鈞世,葛洪,25,622,647,若夫俱論宮室，而奚斯路寢之頌，何如王生之賦靈光乎？,若夫 俱论 宫室 而 奚斯路 寝之颂 何如 王生 之赋 灵光 乎,若夫 俱论 宫室 而 奚斯 路寝 之颂 何如 王生 之赋 灵光 乎,11,12,1
weijin__gehong_鈞世,weijin__gehong_鈞世__part01,抱朴子外篇·鈞世,葛洪,26,647,670,同說遊獵，而叔畋盧鈴之詩，何如相如之言上林乎？,同说 游猎 而叔畋 卢铃 之 诗 何如 相如 之言上 林乎,同说 游猎 而叔畋 卢铃 之 诗 何如 相如 之言上 林乎,10,10,0
weijin__gehong_鈞世,weijin__gehong_鈞世__part01,抱朴子外篇·鈞世,葛洪,27,670,693,並美祭祀，而清廟雲漢之辭，何臺郭氏南郊之艷乎？,并 美 祭祀 而 清庙 云汉 之辞 何台 郭氏 南郊 之艳乎,并 美 祭祀 而 清庙 云汉 之辞 何台 郭氏 南郊 之艳乎,11,11,0
weijin__gehong_鈞世,weijin__gehong_鈞世__part01,抱朴子外篇·鈞世,葛洪,28,693,716,等稱征伐，而出車六月之作，何如陳琳武軍之壯乎？,等 称 征伐 而 出车 六月 之作 何如 陈琳 武军 之 壮乎,等 称 征伐 而 出车 六月 之作 何如 陈琳 武军 之壮乎,12,11,1
weijin__gehong_鈞世,weijin__gehong_鈞世__part01,抱朴子外篇·鈞世,葛洪,29,716,724,則舉條可以覺焉。,则 举条 可以 觉焉,则 举条 可以 觉焉,4,4,0
weijin__gehong_鈞世,weijin__gehong_鈞世__part01,抱朴子外篇·鈞世,葛洪,30,724,778,近者夏侯湛潘安仁並作補亡詩，白華由庚南陔華黍之屬，諸碩儒高才之賞文者，鹹以古詩三百，未有足以偶二賢之所作也。,近者 夏侯 湛 潘安 仁 并作 补亡 诗 白华由庚南 陔 华 黍 之 属 诸 硕儒 高才 之赏 文者 咸以 古诗 三百 未有 足以 偶二贤 之 所作 也,近者 夏侯 湛 潘安 仁 并作 补亡 诗 白华 由庚南 陔 华 黍 之 属 诸 硕儒 高才 之赏 文者 咸以 古诗 三百 未有 足以 偶 二贤 之所作 也,28,29,1
weijin__gehong_鈞世,weijin__gehong_鈞世__part01,抱朴子外篇·鈞世,葛洪,31,779,806,「且夫古者事事醇素，今則莫不雕飾，時移世改，理自然也。,且 夫古者 事事 醇素 今则 莫不 雕饰 时移 世改 理 自然 也,且 夫古者 事事 醇素 今则 莫不 雕饰 时移 世改 理 自然 也,12,12,0
weijin__gehong_鈞世,weijin__gehong_鈞世__part01,抱朴子外篇·鈞世,葛洪,32,806,824,至於罽錦麗而且堅，未可謂之減於蓑衣；,至于 罽 锦丽 而且 坚 未 可谓 之 减于 蓑衣,至于 罽锦 丽 而且 坚 未 可谓 之 减于 蓑衣,10,10,1
weijin__gehong_鈞世,weijin__gehong_鈞世__part01,抱朴子外篇·鈞世,葛洪,33,824,842,輜車並妍而又牢，未可謂之不及椎車也。,辎车 并 妍 而 又 牢 未 可谓 之 不及 椎车 也,辎车 并妍 而 又 牢 未 可谓 之 不及 椎车 也,12,11,1
weijin__gehong_鈞世,weijin__gehong_鈞世__part01,抱朴子外篇·鈞世,葛洪,34,842,856,書猶言也，若入談語，故為知有,书犹言 也 若入 谈语 故为 知有,书 犹言 也 若入 谈语 故为 知有,6,7,1
weijin__gehong_鈞世,weijin__gehong_鈞世__part01,抱朴子外篇·鈞世,葛洪,35,858,880,，胡越之接，終不相解，以此教戒，人豈知之哉！,胡越 之接 终不相解 以此 教戒 人 岂知 之哉,胡越 之接 终不相解 以此 教戒 人 岂知 之哉,8,8,0
weijin__gehong_鈞世,weijin__gehong_鈞世__part01,抱朴子外篇·鈞世,葛洪,36,880,899,若言以易曉為辨，則書何故以難知為好哉？,若言 以易晓为 辨 则 书 何故 以难 知为 好 哉,若言 以易晓为 辨 则 书 何故 以难 知为 好 哉,10,10,0
weijin__gehong_鈞世,weijin__gehong_鈞世__part01,抱朴子外篇·鈞世,葛洪,37,899,939,若舟車之代步涉，文墨之改結繩，諸後作而善於前事，其功業相次千萬者，不可復縷舉也。,若 舟车 之 代步 涉 文墨 之改 结绳 诸后 作 而 善于 前 事 其 功业 相次 千万 者 不可 复缕举 也,若 舟车 之 代步 涉 文墨 之改 结绳 诸 后作 而 善于 前 事 其 功业 相次 千万 者 不可 复 缕举 也,22,23,1
weijin__gehong_鈞世,weijin__gehong_鈞世__part01,抱朴子外篇·鈞世,葛洪,38,939,960,世人皆知之，快於曩矣，何以獨文章不及古邪？,世人 皆知 之 快于 曩 矣 何以 独 文章 不及 古邪,世人 皆知 之 快于 曩 矣 何以 独 文章 不及 古邪,11,11,0
weijin__gehong_辭義,weijin__gehong_辭義__part01,抱朴子外篇·辭義,葛洪,0,0,26,或曰：「乾坤方圓，非規定之功，三辰摛景，非瑩磨之力；,或曰 乾坤 方圆 非 规定 之功 三辰 摛 景 非莹磨 之力,或曰 乾坤 方圆 非 规定 之功 三辰 摛 景 非 莹磨 之力,11,12,1
weijin__gehong_辭義,weijin__gehong_辭義__part01,抱朴子外篇·辭義,葛洪,1,26,37,春華粲煥，非漸染之辨；,春华 粲焕 非 渐染 之辨,春华 粲焕 非 渐染 之辨,5,5,0
weijin__gehong_辭義,weijin__gehong_辭義__part01,抱朴子外篇·辭義,葛洪,2,37,48,茝蕙芬馥，非容氣所假。,茝 蕙 芬馥 非容 气 所假,茝 蕙 芬馥 非容 气 所假,6,6,0
weijin__gehong_辭義,weijin__gehong_辭義__part01,抱朴子外篇·辭義,葛洪,3,48,59,知夫至真，貴乎天然也。,知夫 至 真 贵乎 天然 也,知夫 至 真 贵乎 天然 也,6,6,0
weijin__gehong_辭義,weijin__gehong_辭義__part01,抱朴子外篇·辭義,葛洪,4,59,99,義以罕覿為異，辭以不常為美，而歷觀古今屬文之家，鮮能挺逸麗於毫端，多斟酌於前言。,义以 罕 觌 为 异 辞以 不常为 美 而 历观 古今 属 文之家 鲜能 挺逸丽于 毫端 多 斟酌 于 前言,义以 罕 觌 为 异 辞以 不常为 美 而 历观 古今 属文 之 家 鲜能 挺 逸丽 于 毫端 多 斟酌 于 前言,20,23,1
weijin__gehong_辭義,weijin__gehong_辭義__part01,抱朴子外篇·辭義,葛洪,5,99,103,何也？」,何 也,何 也,2,2,0
weijin__gehong_辭義,weijin__gehong_辭義__part01,抱朴子外篇·辭義,葛洪,6,104,128,抱樸子曰：「清音貴於雅韻克諧，著作珍乎判微析理。,抱朴子 曰 清音 贵于 雅韵克谐 著作 珍乎判 微析理,抱朴子 曰 清音 贵于 雅韵 克谐 著作 珍乎判 微析理,8,9,1
weijin__gehong_辭義,weijin__gehong_辭義__part01,抱朴子外篇·辭義,葛洪,7,128,149,故八音形器異而鍾律同，黼黻文物殊而五色均。,故 八音 形器 异 而 钟律 同 黼 黻 文物 殊而 五色 均,故 八音 形 器异 而 钟律 同 黼 黻 文物 殊而 五色 均,13,13,1
weijin__gehong_辭義,weijin__gehong_辭義__part01,抱朴子外篇·辭義,葛洪,8,149,162,徒閑澀有主賓，妍媸有步驟。,徒闲涩 有 主宾 妍媸 有步骤,徒闲涩 有 主宾 妍媸 有步骤,5,5,0
weijin__gehong_辭義,weijin__gehong_辭義__part01,抱朴子外篇·辭義,葛洪,9,162,176,是則總章無常曲，大庖無定味。,是 则 总章 无常 曲 大 庖 无定 味,是则 总章 无常 曲 大 庖 无定 味,9,8,1
weijin__gehong_辭義,weijin__gehong_辭義__part01,抱朴子外篇·辭義,葛洪,10,176,191,夫梓豫山積，非班匠不能成機巧；,夫梓豫 山积 非班匠 不能 成 机巧,夫梓豫 山积 非班匠 不能 成 机巧,6,6,0
weijin__gehong_辭義,weijin__gehong_辭義__part01,抱朴子外篇·辭義,葛洪,11,191,205,眾書無限，非英才不能收膏腴。,众书 无限 非 英才 不能 收 膏腴,众书 无限 非 英才 不能 收 膏腴,7,7,0
weijin__gehong_辭義,weijin__gehong_辭義__part01,抱朴子外篇·辭義,葛洪,12,205,217,何必尋木千里，乃構大廈；,何必 寻木 千里 乃构 大厦,何必 寻木 千里 乃构 大厦,5,5,0
weijin__gehong_辭義,weijin__gehong_辭義__part01,抱朴子外篇·辭義,葛洪,13,217,229,鬼神之言，乃著篇章乎！」,鬼神 之 言 乃著 篇章 乎,鬼神 之 言 乃著 篇章 乎,6,6,0
weijin__gehong_辭義,weijin__gehong_辭義__part01,抱朴子外篇·辭義,葛洪,14,230,292,抱樸子曰：夫才有清濁，思有修短，雖並屬文，叁差萬品，或浩瀁而不淵渾，或事情而辭鈍，違物理而文工，蓋偏長之一致，非兼通之才也。,抱朴子 曰 夫才 有 清浊 思有 修短 虽 并 属文 叁 差 万品 或浩 瀁 而 不渊浑 或 事情 而 辞钝 违 物理 而文工 盖 偏长 之 一致 非 兼通 之才 也,抱朴子 曰 夫才 有 清浊 思有 修短 虽 并 属文 叁 差 万品 或浩 瀁 而 不渊浑 或 事情 而 辞钝 违 物理 而文工 盖 偏长 之 一致 非 兼通 之才 也,32,32,0
weijin__gehong_辭義,weijin__gehong_辭義__part01,抱朴子外篇·辭義,葛洪,15,292,313,暗於自料，強欲兼之，違才易務，故不免嗤也。,暗于 自料 强欲 兼 之 违才 易务 故 不免 嗤 也,暗于 自料 强欲 兼 之 违才 易务 故 不免 嗤 也,11,11,0
weijin__gehong_辭義,weijin__gehong_辭義__part01,抱朴子外篇·辭義,葛洪,16,314,333,抱樸子曰：五味舛而並甘，眾色乖而皆麗。,抱朴子 曰 五味 舛 而 并 甘 众色 乖而皆丽,抱朴子 曰 五味 舛 而 并 甘 众色 乖而皆丽,9,9,0
weijin__gehong_辭義,weijin__gehong_辭義__part01,抱朴子外篇·辭義,葛洪,17,333,353,近人之情，愛同憎異，貴乎合己，賤於殊途。,近人 之情 爱同 憎异 贵乎 合己 贱于 殊途,近人 之情 爱同 憎异 贵乎 合己 贱于 殊途,8,8,0
weijin__gehong_辭義,weijin__gehong_辭義__part01,抱朴子外篇·辭義,葛洪,18,353,391,夫文章之體，尤難詳賞，茍以入耳為佳，適心為快，鮮知忘味之九成，雅頌之風流也。,夫 文章 之体 尤难 详赏 茍 以 入耳 为佳 适心 为 快 鲜知 忘味 之 九成 雅颂 之 风流 也,夫 文章 之体 尤难 详赏 茍 以 入耳 为佳 适心 为 快 鲜知 忘味 之 九成 雅颂 之 风流 也,20,20,0
weijin__gehong_辭義,weijin__gehong_辭義__part01,抱朴子外篇·辭義,葛洪,19,391,424,所謂考鹽梅之鹹酸，不知大羹之不致，明飄搖之細巧，蔽於沈深之弘邃也。,所谓 考盐梅 之 咸酸 不知 大羹 之 不致 明 飘摇 之 细巧 蔽于 沈深 之弘邃 也,所谓 考 盐梅 之 咸酸 不知 大羹 之 不致 明 飘摇 之 细巧 蔽于 沈深 之弘邃 也,16,17,1
weijin__gehong_辭義,weijin__gehong_辭義__part01,抱朴子外篇·辭義,葛洪,20,424,440,其英異宏逸者，則網羅乎玄黃之表；,其英 异宏逸者 则 网罗 乎 玄 黄之表,其 英异 宏逸者 则 网罗 乎 玄黄 之表,7,8,1
weijin__gehong_辭義,weijin__gehong_辭義__part01,抱朴子外篇·辭義,葛洪,21,440,456,其拘束齷齪者，則羈紲於籠罩之內。,其 拘束 龌龊 者 则 羁 绁 于 笼罩 之内,其 拘束 龌龊 者 则 羁绁 于 笼罩 之内,10,9,1
weijin__gehong_辭義,weijin__gehong_辭義__part01,抱朴子外篇·辭義,葛洪,22,456,469,振翅有利鈍，則翔集有高卑；,振翅 有 利钝 则 翔集 有 高卑,振翅 有 利钝 则 翔集 有 高卑,7,7,0
weijin__gehong_辭義,weijin__gehong_辭義__part01,抱朴子外篇·辭義,葛洪,23,469,482,騁跡有遲迅，則進趨有遠近。,骋 迹 有 迟迅 则 进趋 有 远近,骋迹 有 迟迅 则 进趋 有 远近,8,7,1
weijin__gehong_辭義,weijin__gehong_辭義__part01,抱朴子外篇·辭義,葛洪,24,482,484,駑銳,驽锐,驽锐,1,1,0
weijin__gehong_辭義,weijin__gehong_辭義__part01,抱朴子外篇·辭義,葛洪,25,486,493,不可膠柱調也。,不可 胶柱 调 也,不可 胶柱 调 也,4,4,0
weijin__gehong_辭義,weijin__gehong_辭義__part01,抱朴子外篇·辭義,葛洪,26,493,507,文貴豐贍，何必稱善如一口乎！,文贵 丰赡 何必 称善 如 一口 乎,文贵 丰赡 何必 称善 如 一口 乎,7,7,0
weijin__gehong_辭義,weijin__gehong_辭義__part01,抱朴子外篇·辭義,葛洪,27,507,554,不能拯風俗之流遁，世途之淩夷，通疑者之路，賑貧者之乏，何異春華不為肴糧之用，茝蕙不救冰寒之急。,不能 拯 风俗 之流 遁 世途 之 凌夷 通疑者 之路 赈 贫者 之乏 何异 春华 不为肴 粮 之用 茝 蕙 不救 冰寒 之急,不能 拯 风俗 之流 遁 世途 之 凌夷 通疑者 之路 赈 贫者 之乏 何异 春华 不为 肴粮 之用 茝 蕙 不救 冰寒 之急,23,23,1
weijin__gehong_辭義,weijin__gehong_辭義__part01,抱朴子外篇·辭義,葛洪,28,554,566,古詩刺過失，故有益而貴；,古诗 刺 过失 故 有益 而贵,古诗 刺 过失 故 有益 而贵,6,6,0
weijin__gehong_辭義,weijin__gehong_辭義__part01,抱朴子外篇·辭義,葛洪,29,566,579,今詩純虛譽，故有損而賤也。,今诗纯 虚誉 故 有损 而 贱 也,今诗纯 虚誉 故 有损 而 贱 也,7,7,0
weijin__gehong_辭義,weijin__gehong_辭義__part01,抱朴子外篇·辭義,葛洪,30,580,622,抱樸子曰：屬筆之家，亦各有病，其深者則患乎譬煩言冗，申誡廣喻，欲棄而惜，不覺成煩也。,抱朴子 曰 属 笔之家 亦 各 有 病 其 深者 则 患乎 譬 烦言 冗 申诫 广喻 欲弃 而惜 不觉 成烦 也,抱朴子 曰 属笔 之 家 亦 各 有 病 其 深者 则 患乎 譬 烦言 冗 申诫 广喻 欲弃 而惜 不觉 成烦 也,22,23,1
weijin__gehong_辭義,weijin__gehong_辭義__part01,抱朴子外篇·辭義,葛洪,31,622,649,其淺者則患乎妍而無據，證援不給，皮膚鮮澤而骨鯁迥弱也。,其浅者 则 患乎 妍 而 无据 证援 不 给 皮肤 鲜泽而 骨鲠 迥弱 也,其浅者 则 患乎 妍 而 无据 证援 不给 皮肤 鲜泽 而 骨鲠 迥弱 也,14,14,1
weijin__gehong_辭義,weijin__gehong_辭義__part01,抱朴子外篇·辭義,葛洪,32,649,663,繁華日韋曄，則並七曜以高麗；,繁华 日 韦晔 则 并 七曜 以 高丽,繁华 日 韦晔 则 并 七曜 以 高丽,8,8,0
weijin__gehong_辭義,weijin__gehong_辭義__part01,抱朴子外篇·辭義,葛洪,33,663,676,沈微淪妙，則儕玄淵之無測。,沈微 沦妙 则 侪 玄渊 之无测,沈微 沦妙 则 侪 玄渊 之无 测,6,7,1
weijin__gehong_辭義,weijin__gehong_辭義__part01,抱朴子外篇·辭義,葛洪,34,676,706,人事靡細而不浹，王道無微而不憊，故能身賤而言貴，千載彌彰焉。,人事 靡 细 而 不 浃 王道 无微 而 不惫 故能 身贱 而言 贵 千载 弥彰 焉,人事 靡细 而 不 浃 王道 无微 而 不惫 故能 身贱 而言 贵 千载 弥彰 焉,17,16,1
weijin__gehong_文行,weijin__gehong_文行__part01,抱朴子外篇·文行,葛洪,0,0,11,或曰：「德行者，本也；,或曰 德 行者 本 也,或曰 德 行者 本 也,5,5,0
weijin__gehong_文行,weijin__gehong_文行__part01,抱朴子外篇·文行,葛洪,1,11,18,文章者，末也。,文章 者 末 也,文章 者 末 也,4,4,0
weijin__gehong_文行,weijin__gehong_文行__part01,抱朴子外篇·文行,葛洪,2,18,29,故四科之序，文不居上。,故 四科 之序 文不居上,故 四科 之序 文不居上,4,4,0
weijin__gehong_文行,weijin__gehong_文行__part01,抱朴子外篇·文行,葛洪,3,29,41,然則著紙者，糟粕之余事；,然则 著纸者 糟粕 之余事,然则 著纸者 糟粕 之 余事,4,5,1
weijin__gehong_文行,weijin__gehong_文行__part01,抱朴子外篇·文行,葛洪,4,41,51,可傳者，祭畢之芻狗。,可传者 祭毕 之 刍狗,可传 者 祭毕 之 刍狗,4,5,1
weijin__gehong_文行,weijin__gehong_文行__part01,抱朴子外篇·文行,葛洪,5,51,62,卑高之格，是可譏矣。」,卑高 之格 是 可 讥 矣,卑高 之格 是 可 讥 矣,6,6,0
weijin__gehong_文行,weijin__gehong_文行__part01,抱朴子外篇·文行,葛洪,6,63,84,抱朴子答曰：「荃可棄而魚未獲，則不得無荃；,抱朴子 答 曰 荃 可弃 而 鱼 未获 则 不得 无荃,抱朴子 答 曰 荃 可弃 而 鱼 未获 则 不得 无荃,11,11,0
weijin__gehong_文行,weijin__gehong_文行__part01,抱朴子外篇·文行,葛洪,7,84,98,文可廢而道未行，則不得無文。,文可 废而道 未行 则 不得 无文,文可 废而道 未行 则 不得 无文,6,6,0
weijin__gehong_文行,weijin__gehong_文行__part01,抱朴子外篇·文行,葛洪,8,98,165,若夫翰跡韻略之廣逼，屬辭比義之妍媸，源流至到之修短，韞藉汲引之深淺，其懸絕也，雖天外毫內，不足以喻其遼邈，雖三光熠耀，不足以方其巨細。,若夫 翰迹 韵略 之广逼 属辞 比义 之 妍媸 源流 至 到 之 修短 韫 藉 汲引 之 深浅 其 悬绝 也 虽 天外 毫内 不足以 喻其 辽邈 虽 三光 熠耀 不足以 方其 巨细,若夫 翰迹 韵略 之广逼 属辞 比义 之 妍媸 源流 至 到 之 修短 韫藉 汲引 之 深浅 其 悬绝 也 虽 天外 毫内 不足以 喻其 辽邈 虽 三光 熠耀 不足以 方其 巨细,33,32,1
weijin__gehong_文行,weijin__gehong_文行__part01,抱朴子外篇·文行,葛洪,9,165,178,龍淵鉛鋌，未足以譬其銳鈍；,龙渊 铅 铤 未 足以 譬其锐 钝,龙渊 铅 铤 未 足以 譬其锐 钝,7,7,0
weijin__gehong_文行,weijin__gehong_文行__part01,抱朴子外篇·文行,葛洪,10,178,191,鴻羽積金，未足以方其輕重。,鸿羽 积金 未 足以 方其 轻重,鸿羽 积金 未 足以 方其 轻重,6,6,0
weijin__gehong_文行,weijin__gehong_文行__part01,抱朴子外篇·文行,葛洪,11,191,228,而俗士唯見能染毫畫紙，便概以一例，斯伯氏所以永思鍾子，郢人所以格斤不運也。,而 俗士 唯见 能染毫 画纸 便 概以 一例 斯伯氏 所以 永思 钟子 郢 人 所以 格斤 不运 也,而 俗士 唯见 能染毫 画纸 便 概以 一例 斯伯氏 所以 永思 钟子 郢 人 所以 格斤 不运 也,18,18,0
weijin__gehong_文行,weijin__gehong_文行__part01,抱朴子外篇·文行,葛洪,12,228,244,夫斫削者比肩，而班狄擅絕手之名；,夫 斫 削者 比肩 而班狄 擅 绝手 之名,夫 斫 削者 比肩 而班狄 擅 绝手 之名,8,8,0
weijin__gehong_文行,weijin__gehong_文行__part01,抱朴子外篇·文行,葛洪,13,244,259,援琴者至多，而夔襄專清聲之稱。,援琴者 至多 而 夔 襄 专清声 之称,援琴者 至多 而 夔 襄专 清声 之称,7,7,1
weijin__gehong_文行,weijin__gehong_文行__part01,抱朴子外篇·文行,葛洪,14,259,273,廄馬千駟，而騏騮有邈群之價；,厩 马千 驷 而骐 骝 有邈 群之价,厩 马 千驷 而 骐骝 有邈 群之价,7,7,1
weijin__gehong_文行,weijin__gehong_文行__part01,抱朴子外篇·文行,葛洪,15,273,294,美人萬計，而威施有超世之色者，蓋遠過眾也。,美人 万计 而 威施 有 超世之色者 盖远 过众 也,美人 万计 而 威施 有 超世之色者 盖 远过 众 也,9,10,1
weijin__gehong_文行,weijin__gehong_文行__part01,抱朴子外篇·文行,葛洪,16,294,320,且文章之與德行，猶十尺之與一丈，謂之余事，未之聞也。,且 文章 之 与 德行 犹 十尺 之 与 一丈 谓之 余事 未之闻 也,且 文章 之 与 德行 犹 十尺 之 与 一丈 谓之 余事 未之闻 也,14,14,0
weijin__gehong_文行,weijin__gehong_文行__part01,抱朴子外篇·文行,葛洪,17,320,346,八卦生乎鷹隼之飛，六甲出於靈龜之負，文之所在，雖且貴,八卦 生乎 鹰隼 之飞 六甲 出于 灵龟 之负 文之 所在 虽且 贵,八卦 生乎 鹰隼 之飞 六甲 出于 灵龟 之负 文之 所在 虽且 贵,12,12,0
weijin__gehong_文行,weijin__gehong_文行__part01,抱朴子外篇·文行,葛洪,18,348,402,本不必便疏，末不必皆薄，譬錦繡之因素地，珠玉之托蟲奉石，雲雨生於膚寸，江河始於咫尺，理誠若茲，則雅論病矣。」,本 不必 便 疏 末 不必 皆 薄 譬 锦绣 之 因素 地 珠玉 之托虫 奉石 云雨 生于 肤寸 江河 始于 咫尺 理诚 若兹 则 雅论 病 矣,本 不必 便 疏 末 不必 皆 薄 譬 锦绣 之 因素 地 珠玉 之托虫 奉石 云雨 生于 肤寸 江河 始于 咫尺 理诚 若兹 则 雅论 病 矣,28,28,0
weijin__gehong_文行,weijin__gehong_文行__part01,抱朴子外篇·文行,葛洪,19,403,418,又曰：「應龍徐舉，顧眄而淩雲；,又 曰 应龙 徐举 顾 眄 而 凌云,又 曰 应龙 徐举 顾眄 而 凌云,8,7,1
weijin__gehong_文行,weijin__gehong_文行__part01,抱朴子外篇·文行,葛洪,20,418,429,汗血緩步，呼吸而千里。,汗血 缓步 呼吸 而 千里,汗血 缓步 呼吸 而 千里,5,5,0
weijin__gehong_文行,weijin__gehong_文行__part01,抱朴子外篇·文行,葛洪,21,429,450,故螻蟻怪其無階而高致，駑蹇驚過己之不漸也。,故 蝼蚁 怪 其 无阶而 高致 驽 蹇 惊 过己 之 不渐 也,故 蝼蚁 怪 其 无阶 而 高致 驽蹇 惊过己 之 不渐 也,13,12,1
weijin__gehong_文行,weijin__gehong_文行__part01,抱朴子外篇·文行,葛洪,22,450,495,若夫馳驟詩論之中，周旋一經之內，以常情覽巨異，以褊量測無涯，始自髫齔，詣於振素，不能得也。,若夫 驰骤 诗论 之中 周旋 一经 之内 以 常情 览 巨异 以 褊量 测 无涯 始自 髫 龀 诣 于振素 不能 得 也,若夫 驰骤 诗论 之中 周旋 一经 之内 以 常情 览 巨异 以 褊量 测 无涯 始自 髫龀 诣 于振素 不能 得 也,23,22,1
weijin__gehong_文行,weijin__gehong_文行__part01,抱朴子外篇·文行,葛洪,23,495,515,又世俗率貴古昔而賤當今，敬所聞而黷所見。,又 世俗 率贵 古昔 而 贱 当今 敬所闻 而黩所见,又 世俗 率贵 古昔 而 贱 当今 敬 所闻 而 黩 所见,9,12,1
weijin__gehong_文行,weijin__gehong_文行__part01,抱朴子外篇·文行,葛洪,24,515,537,同時雖有追風絕景之駿，猶謂不及伯樂之所禦也。,同时 虽 有 追风 绝景 之骏 犹谓 不及 伯乐 之所御 也,同时 虽 有 追风 绝景 之骏 犹谓 不及 伯乐 之所御 也,11,11,0
weijin__gehong_文行,weijin__gehong_文行__part01,抱朴子外篇·文行,葛洪,25,537,557,雖有宵良兼城之璞，猶謂不及楚和之所泣也。,虽有宵良 兼城 之 璞 犹谓 不及 楚 和 之 所泣 也,虽有宵良 兼城 之 璞 犹谓 不及 楚 和 之 所泣 也,11,11,0
weijin__gehong_文行,weijin__gehong_文行__part01,抱朴子外篇·文行,葛洪,26,557,577,雖有斷馬指雕之劍，猶謂不及歐冶之所鑄也。,虽有 断马 指雕 之 剑 犹谓 不及 欧冶 之 所 铸 也,虽有 断马 指雕 之 剑 犹谓 不及 欧冶 之 所 铸 也,12,12,0
weijin__gehong_文行,weijin__gehong_文行__part01,抱朴子外篇·文行,葛洪,27,577,597,雖有生枯起朽之藥，猶謂不及和鵲之所合也。,虽 有生 枯起朽 之药 犹谓 不及 和 鹊 之 所合 也,虽 有生 枯起朽 之药 犹谓 不及 和鹊 之所合 也,11,9,1
weijin__gehong_文行,weijin__gehong_文行__part01,抱朴子外篇·文行,葛洪,28,597,616,雖有冠群獨行之士，猶謂不及於古人也。」,虽 有 冠群 独行 之士 犹谓 不及 于 古人 也,虽 有 冠群 独行 之士 犹谓 不及 于 古人 也,10,10,0
weijin__zhiyu_liubie,weijin__zhiyu_liubie__part01,文章流別論（輯佚）,摯虞,0,0,32,文章者，所以宣上下之象，明人伦之叙，穷理尽性，以究万物之宜者也。,文章 者 所以 宣 上下 之象 明 人伦 之 叙 穷理尽性 以究 万物 之宜者 也,文章 者 所以 宣 上下 之象 明 人伦 之 叙 穷理尽性 以究 万物 之宜者 也,15,15,0
weijin__zhiyu_liubie,weijin__zhiyu_liubie__part01,文章流別論（輯佚）,摯虞,1,32,64,王泽流而《诗》作，成功臻而《颂》兴，德勋立而铭著，嘉美终而诔集。,王泽流 而 诗 作 成功 臻 而 颂 兴 德勋 立而铭著 嘉美终 而 诔 集,王泽 流而 诗 作 成功 臻 而 颂 兴 德勋 立而铭著 嘉美终 而 诔 集,15,15,1
weijin__zhiyu_liubie,weijin__zhiyu_liubie__part01,文章流別論（輯佚）,摯虞,2,64,74,祝史陈辞，官箴王阙。,祝史 陈辞 官 箴 王 阙,祝史 陈辞 官 箴 王阙,6,5,1
weijin__zhiyu_liubie,weijin__zhiyu_liubie__part01,文章流別論（輯佚）,摯虞,3,74,103,《周礼》太师掌教六诗：曰风，曰赋，曰比，曰兴，曰雅，曰颂。,周礼 太师 掌教 六诗 曰 风 曰 赋 曰 比 曰 兴 曰 雅 曰 颂,周礼 太师 掌教 六诗 曰 风 曰 赋 曰 比 曰 兴 曰 雅 曰 颂,16,16,0
weijin__zhiyu_liubie,weijin__zhiyu_liubie__part01,文章流別論（輯佚）,摯虞,4,103,119,言一国之事，系一人之本，谓之风；,言 一国 之事 系一人 之本 谓之 风,言 一国 之事 系一人 之本 谓之 风,7,7,0
weijin__zhiyu_liubie,weijin__zhiyu_liubie__part01,文章流別論（輯佚）,摯虞,5,119,135,言天下之事，形四方之风，谓之雅；,言 天下 之 事 形 四方 之风 谓之 雅,言 天下 之 事 形 四方 之风 谓之 雅,9,9,0
weijin__zhiyu_liubie,weijin__zhiyu_liubie__part01,文章流別論（輯佚）,摯虞,6,135,145,颂者，美盛德之形容；,颂者 美 盛德之 形容,颂者 美 盛德之 形容,4,4,0
weijin__zhiyu_liubie,weijin__zhiyu_liubie__part01,文章流別論（輯佚）,摯虞,7,145,154,赋者，敷陈之称也；,赋者 敷陈 之称 也,赋者 敷陈 之称 也,4,4,0
weijin__zhiyu_liubie,weijin__zhiyu_liubie__part01,文章流別論（輯佚）,摯虞,8,154,163,比者，喻类之言也；,比者 喻类 之言 也,比者 喻类 之言 也,4,4,0
weijin__zhiyu_liubie,weijin__zhiyu_liubie__part01,文章流別論（輯佚）,摯虞,9,163,172,兴者，有感之辞也。,兴者 有感 之辞 也,兴者 有感 之辞 也,4,4,0
weijin__zhiyu_liubie,weijin__zhiyu_liubie__part01,文章流別論（輯佚）,摯虞,10,172,181,後世之为诗者多矣。,后世 之为 诗者 多 矣,后世 之为 诗者 多 矣,5,5,0
weijin__zhiyu_liubie,weijin__zhiyu_liubie__part01,文章流別論（輯佚）,摯虞,11,181,197,其功德者谓之颂，其馀则总谓之诗。,其 功德 者 谓之 颂 其 馀 则 总 谓之 诗,其 功德 者 谓之 颂 其 馀 则 总 谓之 诗,11,11,0
weijin__zhiyu_liubie,weijin__zhiyu_liubie__part01,文章流別論（輯佚）,摯虞,12,197,205,颂，诗之美者也。,颂 诗之美者 也,颂 诗之美者 也,3,3,0
weijin__zhiyu_liubie,weijin__zhiyu_liubie__part01,文章流別論（輯佚）,摯虞,13,205,245,古者圣帝明王，功成治定，而颂声兴，于是史录其篇，工歌其章，以奏于宗庙，告于鬼神；,古者 圣帝明王 功成治定 而 颂声 兴 于是 史录 其篇 工歌 其章 以奏于 宗庙 告于 鬼神,古者 圣帝明王 功成治定 而 颂声 兴 于是 史录 其篇 工歌 其章 以奏于 宗庙 告于 鬼神,15,15,0
weijin__zhiyu_liubie,weijin__zhiyu_liubie__part01,文章流別論（輯佚）,摯虞,14,245,258,故颂之所美者，圣王之德也。,故颂 之 所 美者 圣王 之德 也,故颂 之 所 美者 圣王 之德 也,7,7,0
weijin__zhiyu_liubie,weijin__zhiyu_liubie__part01,文章流別論（輯佚）,摯虞,15,258,285,则以为律吕，或以颂形，或以颂声，其细已甚，非古颂之意。,则 以为 律吕 或 以颂形 或 以 颂声 其细 已 甚 非古颂 之意,则 以为 律吕 或 以颂形 或 以 颂声 其细 已 甚 非古颂 之意,13,13,0
weijin__zhiyu_liubie,weijin__zhiyu_liubie__part01,文章流別論（輯佚）,摯虞,16,285,334,昔班固为《安丰戴侯颂》，史岑为《出师颂》，《和熹邓后颂》，与鲁颂体意相类，而文辞之异，古今之变也。,昔 班固 为 安丰 戴侯颂 史岑 为 出师 颂 和 熹 邓后 颂 与 鲁颂 体意 相类 而 文辞 之异 古今之 变 也,昔 班固 为 安丰 戴侯颂 史岑 为 出师 颂 和 熹 邓后 颂 与 鲁颂 体意 相类 而 文辞 之异 古今之 变 也,23,23,0
weijin__zhiyu_liubie,weijin__zhiyu_liubie__part01,文章流別論（輯佚）,摯虞,17,334,371,扬雄《赵充国颂》，颂而似雅，傅毅《显宗颂》，文与周颂相似，而杂以风雅之意；,扬雄 赵充国 颂 颂 而 似雅 傅毅 显宗颂 文与 周颂 相似 而杂 以 风雅 之意,扬雄 赵充国 颂 颂 而 似雅 傅毅 显宗颂 文与 周颂 相似 而杂 以 风雅 之意,15,15,0
weijin__zhiyu_liubie,weijin__zhiyu_liubie__part01,文章流別論（輯佚）,摯虞,18,371,403,若马融《广成》、《上林》之属，纯为今赋之体，而谓之颂，失之远矣。,若 马融 广成 上 林 之属 纯为 今赋 之体 而 谓之 颂 失之远 矣,若 马融 广成 上 林 之属 纯为 今赋 之体 而 谓之 颂 失之远 矣,14,14,0
weijin__zhiyu_liubie,weijin__zhiyu_liubie__part02,文章流別論（輯佚）,摯虞,0,0,14,赋者，敷陈之称，古诗之流也。,赋者 敷陈 之称 古诗 之流 也,赋者 敷陈 之称 古诗 之流 也,6,6,0
weijin__zhiyu_liubie,weijin__zhiyu_liubie__part02,文章流別論（輯佚）,摯虞,1,14,29,古之作诗者，发乎情，止乎礼义。,古之作 诗者 发乎情 止乎礼 义,古之 作诗 者 发乎情 止乎礼 义,5,6,1
weijin__zhiyu_liubie,weijin__zhiyu_liubie__part02,文章流別論（輯佚）,摯虞,2,29,39,情之发，因辞以形之；,情之发 因辞 以形 之,情之发 因辞 以形 之,4,4,0
weijin__zhiyu_liubie,weijin__zhiyu_liubie__part02,文章流別論（輯佚）,摯虞,3,39,67,礼义之旨，须事以明之：故有赋焉，所以假象尽辞，敷陈其志。,礼义 之旨 须事 以明 之 故有 赋焉 所以 假象 尽辞 敷陈 其志,礼义 之旨 须事 以明 之 故有 赋焉 所以 假象 尽辞 敷陈 其志,12,12,0
weijin__zhiyu_liubie,weijin__zhiyu_liubie__part02,文章流別論（輯佚）,摯虞,4,67,87,前世为赋者有孙卿、屈原，尚颇有古诗之义。,前世 为 赋者 有 孙卿 屈原 尚 颇 有 古诗 之义,前世 为 赋者 有 孙卿 屈原 尚 颇 有 古诗 之义,11,11,0
weijin__zhiyu_liubie,weijin__zhiyu_liubie__part02,文章流別論（輯佚）,摯虞,5,87,98,至宋玉则多淫浮之病矣。,至 宋玉则 多淫 浮之病 矣,至 宋玉则 多淫 浮之病 矣,5,5,0
weijin__zhiyu_liubie,weijin__zhiyu_liubie__part02,文章流別論（輯佚）,摯虞,6,98,109,楚辞之赋，赋之善者也。,楚辞 之赋 赋 之 善者 也,楚辞 之赋 赋 之 善者 也,6,6,0
weijin__zhiyu_liubie,weijin__zhiyu_liubie__part02,文章流別論（輯佚）,摯虞,7,109,122,故扬子称赋莫深于《离骚》。,故 扬子 称赋 莫 深于 离骚,故 扬子 称赋 莫深于 离骚,6,5,1
weijin__zhiyu_liubie,weijin__zhiyu_liubie__part02,文章流別論（輯佚）,摯虞,8,122,133,贾谊之作，则屈原俦也。,贾谊 之作 则 屈原 俦 也,贾谊 之作 则 屈原 俦 也,6,6,0
weijin__zhiyu_liubie,weijin__zhiyu_liubie__part02,文章流別論（輯佚）,摯虞,9,133,150,古诗之赋，以情义为主，以事类为佐。,古诗 之赋 以 情义 为主 以事类 为 佐,古诗 之赋 以 情义 为主 以 事类 为 佐,8,9,1
weijin__zhiyu_liubie,weijin__zhiyu_liubie__part02,文章流別論（輯佚）,摯虞,10,150,166,今之赋，以事形为本，以义正为助。,今之赋 以事 形为 本 以义 正为助,今之赋 以事 形为 本 以 义正 为助,6,7,1
weijin__zhiyu_liubie,weijin__zhiyu_liubie__part02,文章流別論（輯佚）,摯虞,11,166,180,情义为主，则言省而文有例矣；,情义 为主 则 言省 而 文有例 矣,情义 为主 则 言省 而 文有例 矣,7,7,0
weijin__zhiyu_liubie,weijin__zhiyu_liubie__part02,文章流別論（輯佚）,摯虞,12,180,194,事形为本，则言当而辞无常矣。,事形 为 本 则 言 当而辞 无常 矣,事形 为 本 则 言 当而辞 无常 矣,8,8,0
weijin__zhiyu_liubie,weijin__zhiyu_liubie__part02,文章流別論（輯佚）,摯虞,13,194,265,文烦省烦，辞之险易，盖由于此，夫假象过大则与类相远，逸辞过壮则与事相违，辩言过理则与义相失，丽靡过美则与情相悖：此四过者，所以背大体而害政教。,文烦 省烦 辞之险易 盖 由于 此 夫 假象 过大则 与 类 相远 逸 辞过 壮则 与 事 相违 辩言 过理 则 与 义 相失 丽靡 过 美则 与 情 相悖 此四过 者 所以 背 大体 而害 政教,文 烦省 烦 辞 之 险易 盖 由于 此 夫 假象 过大则 与 类 相远 逸辞 过壮 则 与 事 相违 辩言 过 理则 与义 相失 丽靡 过美则 与 情 相悖 此四过 者 所以 背 大体 而害 政教,37,38,1
weijin__zhiyu_liubie,weijin__zhiyu_liubie__part02,文章流別論（輯佚）,摯虞,14,265,305,是以司马迁割相如之浮说，扬雄疾「辞人之赋丽以淫」，《书》云：「诗言志，歌永言。」,是 以 司马迁 割相 如之浮 说 扬雄 疾 辞人 之 赋丽以 淫 书 云 诗言志 歌永言,是 以 司马迁 割相 如 之 浮说 扬雄 疾 辞人 之 赋丽以 淫 书 云 诗言志 歌永言,16,17,1
weijin__zhiyu_liubie,weijin__zhiyu_liubie__part02,文章流別論（輯佚）,摯虞,15,305,312,言其志谓之诗。,言 其志 谓之 诗,言 其志 谓之 诗,4,4,0
weijin__zhiyu_liubie,weijin__zhiyu_liubie__part02,文章流別論（輯佚）,摯虞,16,312,346,古有采诗之官，王者以知得失，古之诗，有三言四言，五言六言，七言九言。,古有 采诗 之官 王者 以知 得失 古之诗 有三言 四言 五言 六言 七言 九言,古有 采诗 之官 王者 以知 得失 古之诗 有三言 四言 五言 六言 七言 九言,13,13,0
weijin__zhiyu_liubie,weijin__zhiyu_liubie__part02,文章流別論（輯佚）,摯虞,17,346,380,古诗率以四言为体，而时有一句二句，杂在四言之间，後世演之，遂以为篇。,古诗 率以 四言 为体 而时 有 一句 二句 杂在 四言 之间 后世 演之 遂 以为 篇,古诗 率以 四言 为体 而时 有 一句 二句 杂在 四言 之间 后世 演之 遂 以为 篇,16,16,0
weijin__zhiyu_liubie,weijin__zhiyu_liubie__part02,文章流別論（輯佚）,摯虞,18,380,401,古诗之三言者，「振振鹭、鹭于飞」之属是也。,古诗 之三 言 者 振振 鹭 鹭于 飞 之属 是 也,古诗 之三 言者 振 振鹭 鹭 于飞 之属 是 也,11,10,1
weijin__zhiyu_liubie,weijin__zhiyu_liubie__part02,文章流別論（輯佚）,摯虞,19,401,409,汉郊庙歌多用之。,汉郊 庙 歌 多用 之,汉 郊庙歌 多用 之,5,4,1
weijin__zhiyu_liubie,weijin__zhiyu_liubie__part02,文章流別論（輯佚）,摯虞,20,409,431,五言者，「谁谓雀无角，何以穿我屋」之属是也。,五言 者 谁谓 雀 无角 何以 穿 我 屋 之属 是 也,五言 者 谁谓 雀 无角 何以 穿 我 屋 之属 是 也,12,12,0
weijin__zhiyu_liubie,weijin__zhiyu_liubie__part02,文章流別論（輯佚）,摯虞,21,431,440,于俳谐倡乐多用之。,于 俳谐 倡乐 多用 之,于 俳谐 倡乐 多用 之,5,5,0
weijin__zhiyu_liubie,weijin__zhiyu_liubie__part02,文章流別論（輯佚）,摯虞,22,440,463,六言者，「我姑酌彼金」之属是也，乐府亦用之。,六言者 我 姑酌 彼金  之属 是 也 乐府 亦 用 之,六 言者 我 姑酌 彼金  之属 是 也 乐府 亦 用 之,12,13,1
weijin__zhiyu_liubie,weijin__zhiyu_liubie__part02,文章流別論（輯佚）,摯虞,23,463,490,七言者，「交交黄鸟止于桑」之属是也，于俳谐倡乐世用之。,七言 者 交交 黄鸟 止于 桑 之属 是 也 于 俳谐 倡乐世用 之,七言 者 交交 黄鸟 止于 桑 之属 是 也 于 俳谐 倡乐 世用 之,13,14,1
weijin__zhiyu_liubie,weijin__zhiyu_liubie__part02,文章流別論（輯佚）,摯虞,24,490,526,古诗之九言者，「泂酌彼行潦挹彼注兹」之属是也，不入歌谣之章，故世希为之。,古诗 之九言者 泂 酌 彼 行 潦 挹彼注兹 之属 是 也 不 入 歌谣 之章 故世 希为 之,古诗 之 九 言者 泂 酌 彼 行 潦 挹彼注兹 之属 是 也 不 入 歌谣 之章 故世 希为 之,18,20,1
weijin__zhiyu_liubie,weijin__zhiyu_liubie__part02,文章流別論（輯佚）,摯虞,25,526,542,夫诗虽以情志为本，而以成声为节。,夫诗 虽以 情志 为本 而 以 成声 为节,夫诗 虽以 情志 为本 而 以 成声 为节,8,8,0
weijin__zhiyu_liubie,weijin__zhiyu_liubie__part02,文章流別論（輯佚）,摯虞,26,542,570,然则雅音之韵，四言为正，其馀虽备曲折之体，而非音之正也。,然则 雅音 之韵 四言为 正 其 馀 虽备 曲折 之体 而 非音 之 正 也,然则 雅音 之韵 四言为 正 其 馀 虽备 曲折 之体 而 非音 之 正 也,15,15,0
weijin__zhiyu_liubie,weijin__zhiyu_liubie__part03,文章流別論（輯佚）,摯虞,0,0,78,《七发》造于枚乘，借吴楚以为客主，先言出舆入辇蹙痿之损、深宫洞房寒暑之疾、靡曼美色晏安之毒、厚味暧服淫曜之害，宜听世之君子要言妙道，以疏神导引，蠲淹滞之累；,七发 造于 枚 乘 借 吴楚 以为 客主 先言出 舆入 辇 蹙 痿 之损 深宫 洞房 寒暑 之疾 靡曼 美色 晏安之毒 厚味 暧服 淫曜 之害 宜听世 之 君子 要言妙道 以 疏神 导引 蠲 淹滞 之累,七发 造于 枚 乘 借 吴楚 以为 客主 先言 出舆入辇 蹙痿 之损 深宫 洞房 寒暑 之疾 靡曼 美色 晏安之毒 厚味 暧服 淫曜 之害 宜听世 之 君子 要言妙道 以 疏神 导引 蠲 淹滞 之累,35,33,1
weijin__zhiyu_liubie,weijin__zhiyu_liubie__part03,文章流別論（輯佚）,摯虞,1,78,152,既设此辞，以显明去就之路，而後说以色声逸游之乐，其说不入，乃陈圣人辨士讲论之娱，而霍然疾瘳：此因膏粱之常疾以为匡劝，虽有甚泰之辞而不没其讽谕之义也。,既设 此辞 以 显明 去 就 之路 而后 说 以色 声逸游 之乐 其说 不入 乃 陈 圣人 辨士 讲论 之娱 而 霍然 疾 瘳 此因 膏粱 之常疾 以为 匡 劝 虽有 甚泰之辞 而 不 没 其 讽谕 之义 也,既设 此辞 以 显明 去 就 之路 而后 说 以色 声逸游 之乐 其说 不入 乃 陈 圣人 辨士 讲论 之娱 而 霍然 疾 瘳 此因 膏粱 之常疾 以为 匡 劝 虽有 甚泰之辞 而 不没 其 讽谕 之义 也,39,38,1
weijin__zhiyu_liubie,weijin__zhiyu_liubie__part03,文章流別論（輯佚）,摯虞,2,152,172,其流遂广，其义遂变，率有辞人淫丽之尤矣。,其流 遂 广 其义 遂 变 率有 辞人 淫丽 之 尤 矣,其流 遂 广 其义 遂 变 率有 辞人 淫丽 之 尤 矣,12,12,0
weijin__zhiyu_liubie,weijin__zhiyu_liubie__part03,文章流別論（輯佚）,摯虞,3,172,191,崔駰既作《七依》，而假非有先生之言曰。,崔 骃 既作 七依 而 假非 有 先生 之言 曰,崔 骃 既作 七依 而 假非 有 先生 之言 曰,10,10,0
weijin__zhiyu_liubie,weijin__zhiyu_liubie__part03,文章流別論（輯佚）,摯虞,4,191,194,呜呼！,呜呼,呜呼,1,1,0
weijin__zhiyu_liubie,weijin__zhiyu_liubie__part03,文章流別論（輯佚）,摯虞,5,194,218,扬雄有言「童子雕虫篆刻」，俄而曰「壮夫不为也」。,扬雄 有言 童子 雕虫篆刻 俄而 曰 壮夫不为 也,扬雄 有言 童子 雕虫篆刻 俄而 曰 壮夫不为 也,8,8,0
weijin__zhiyu_liubie,weijin__zhiyu_liubie__part03,文章流別論（輯佚）,摯虞,6,218,246,孔子疾「小言破道」，斯文之簇，岂不谓义不足而辨有馀者乎！,孔子 疾 小言破道 斯文 之簇 岂不谓 义 不足 而 辨 有 馀 者 乎,孔子 疾 小言破道 斯文 之簇 岂 不谓 义 不足 而 辨 有 馀 者 乎,14,15,1
weijin__zhiyu_liubie,weijin__zhiyu_liubie__part03,文章流別論（輯佚）,摯虞,7,246,261,赋者将以讽，吾恐其不免于劝也。,赋者 将 以讽 吾 恐其 不免 于 劝 也,赋者 将 以讽 吾 恐其 不免 于 劝 也,9,9,0
weijin__zhiyu_liubie,weijin__zhiyu_liubie__part04,文章流別論（輯佚）,摯虞,0,0,27,扬雄依《虞箴》，作十二州十二官箴，而传于世，不具九官。,扬雄 依 虞 箴 作 十二 州 十二 官 箴 而 传于 世 不具 九官,扬雄 依 虞 箴 作 十二 州 十二 官 箴 而 传于 世 不具 九官,15,15,0
weijin__zhiyu_liubie,weijin__zhiyu_liubie__part04,文章流別論（輯佚）,摯虞,1,27,36,崔氏累世弥缝其阙。,崔氏 累世 弥缝其阙,崔氏 累世 弥缝其阙,3,3,0
weijin__zhiyu_liubie,weijin__zhiyu_liubie__part04,文章流別論（輯佚）,摯虞,2,36,57,胡公又以次其首目而为之解，署曰《百官箴》。,胡公 又 以次 其 首目 而 为 之解 署 曰 百官 箴,胡公 又 以次 其 首目 而 为 之解 署 曰 百官 箴,12,12,0
weijin__zhiyu_liubie,weijin__zhiyu_liubie__part05,文章流別論（輯佚）,摯虞,0,0,18,夫古之铭至约，今之铭至繁，亦有由也。,夫古之铭 至 约 今之铭 至 繁 亦 有 由 也,夫古之铭 至 约 今之铭 至 繁 亦 有 由 也,10,10,0
weijin__zhiyu_liubie,weijin__zhiyu_liubie__part05,文章流別論（輯佚）,摯虞,1,18,30,质文时异，论既论则之矣。,质文时 异 论 既论 则 之 矣,质文 时异 论 既论 则 之 矣,7,7,1
weijin__zhiyu_liubie,weijin__zhiyu_liubie__part05,文章流別論（輯佚）,摯虞,2,30,43,且上古之铭，铭于宗庙之碑。,且 上古 之铭 铭于 宗庙 之碑,且 上古 之铭 铭于 宗庙 之碑,6,6,0
weijin__zhiyu_liubie,weijin__zhiyu_liubie__part05,文章流別論（輯佚）,摯虞,3,43,63,蔡邕为杨公作碑，其文典正，末世之美者也。,蔡邕 为 杨公作 碑 其 文典 正 末世 之美者 也,蔡邕 为 杨公作 碑 其 文典 正 末世 之美者 也,10,10,0
weijin__zhiyu_liubie,weijin__zhiyu_liubie__part05,文章流別論（輯佚）,摯虞,4,63,111,後世以来之器铭之嘉者，有王莽《鼎铭》、崔瑗《杌铭》、朱公叔《鼎铭》、王粲《砚铭》，咸以表显功德。,后世 以来 之器 铭之嘉者 有 王莽 鼎铭 崔瑗 杌 铭 朱 公叔 鼎铭 王 粲 砚铭 咸以 表显 功德,后世 以来 之器 铭之嘉者 有 王莽 鼎铭 崔瑗 杌 铭 朱 公叔 鼎铭 王 粲 砚铭 咸以 表显 功德,19,19,0
weijin__zhiyu_liubie,weijin__zhiyu_liubie__part05,文章流別論（輯佚）,摯虞,5,111,142,天子铭嘉量，诸侯大夫铭太常，勒锺鼎之义，所言虽殊，而令德一也。,天子 铭嘉量 诸侯 大夫 铭 太常 勒 锺 鼎 之义 所言 虽殊 而令德 一 也,天子 铭嘉量 诸侯 大夫 铭 太常 勒 锺鼎 之义 所言 虽殊 而令德 一 也,15,14,1
weijin__zhiyu_liubie,weijin__zhiyu_liubie__part05,文章流別論（輯佚）,摯虞,6,142,185,李尤为铭，自山、河、都邑，至于刀、笔、平契，无不有铭，而文多秽病，讨论润色，言可采录。,李 尤为 铭 自山 河 都 邑 至于 刀 笔 平契 无不 有铭 而 文多秽病 讨论 润色 言 可 采录,李 尤为 铭 自山 河 都 邑 至于 刀 笔 平契 无不 有铭 而 文多秽病 讨论 润色 言 可 采录,20,20,0
weijin__zhiyu_liubie,weijin__zhiyu_liubie__part06,文章流別論（輯佚）,摯虞,0,0,56,诗、颂、箴铭之篇，皆有往古成文，可放依而作，惟诔无定制，故作者多异焉，见于典籍者，《左传》有鲁哀公为《孔子诔》。,诗 颂 箴铭 之篇 皆 有 往古 成文 可放 依而作 惟 诔 无 定制 故 作者 多异 焉 见于 典籍 者 左传 有 鲁哀公 为 孔子 诔,诗 颂 箴铭 之篇 皆 有 往古 成文 可放 依而作 惟 诔 无 定制 故 作者 多异 焉 见于 典籍 者 左传 有 鲁哀公 为 孔子 诔,27,27,0
weijin__zhiyu_liubie,weijin__zhiyu_liubie__part07,文章流別論（輯佚）,摯虞,0,0,9,哀辞者，诔之流也。,哀辞 者 诔 之流 也,哀辞 者 诔 之流 也,5,5,0
weijin__zhiyu_liubie,weijin__zhiyu_liubie__part07,文章流別論（輯佚）,摯虞,1,9,35,崔媛、苏顺、马融等为之率，以施于童殇夭折不以寿终者。,崔媛 苏顺 马融 等 为 之率 以施于 童殇 夭折 不 以 寿终 者,崔媛 苏顺 马融 等为 之率 以施于 童殇 夭折 不 以 寿终 者,13,12,1
weijin__zhiyu_liubie,weijin__zhiyu_liubie__part07,文章流別論（輯佚）,摯虞,2,35,61,建安中，文帝与临淄侯各失稚子，命徐刘桢等为之哀辞。,建安 中 文帝 与 临淄 侯各失 稚子 命徐  刘桢 等 为 之 哀辞,建安 中 文帝 与 临淄 侯各失 稚子 命徐  刘桢 等为 之 哀辞,14,13,1
weijin__zhiyu_liubie,weijin__zhiyu_liubie__part07,文章流別論（輯佚）,摯虞,3,61,79,哀辞之体，以哀痛为主，缘以叹息之辞。,哀辞 之体 以 哀痛 为主 缘以 叹息 之辞,哀辞 之体 以 哀痛 为主 缘以 叹息 之辞,8,8,0
weijin__zhiyu_liubie,weijin__zhiyu_liubie__part08,文章流別論（輯佚）,摯虞,0,0,12,今所□哀策者，古诔之义。,今所 □ 哀策 者 古 诔 之义,今所 □ 哀策 者 古 诔 之义,7,7,0
weijin__zhiyu_liubie,weijin__zhiyu_liubie__part09,文章流別論（輯佚）,摯虞,0,0,45,若解嘲之弘缓优大，应宾之渊懿温雅，连旨之壮厉忼慷，应间之绸缪契阔，郁郁彬彬，靡有不长焉矣。,若 解嘲 之弘缓 优大 应宾 之渊懿 温雅 连旨 之 壮厉 忼 慷 应间 之 绸缪 契阔 郁郁 彬彬 靡 有 不长 焉 矣,若 解嘲 之弘缓 优大 应宾 之 渊懿 温雅 连旨 之 壮厉 忼 慷 应间 之 绸缪 契阔 郁郁 彬彬 靡 有 不长 焉 矣,23,24,1
weijin__zhiyu_liubie,weijin__zhiyu_liubie__part10,文章流別論（輯佚）,摯虞,0,0,27,古有宗庙之碑，後世立碑于墓，显之衢路，其所载者铭辞也。,古有 宗庙 之碑 后世 立碑 于 墓 显之衢 路 其所载者 铭辞 也,古有 宗庙 之碑 后世 立碑 于 墓 显之衢 路 其所载者 铭辞 也,12,12,0
weijin__zhiyu_liubie,weijin__zhiyu_liubie__part11,文章流別論（輯佚）,摯虞,0,0,12,图谶之属，虽非正文之制。,图 谶 之 属 虽非 正文 之制,图谶 之属 虽非 正文 之制,7,5,1
weijin__zhiyu_liubie,weijin__zhiyu_liubie__part11,文章流別論（輯佚）,摯虞,1,12,26,然以取其纵横有义，反覆成章。,然以 取其 纵横 有义 反复 成章,然以 取其 纵横 有义 反复 成章,6,6,0
weijin__lichong_hanlin,weijin__lichong_hanlin__part01,翰林論（輯佚）,李充,0,0,12,或问曰，何如斯可谓之文？,或 问 曰 何如 斯 可谓 之文,或问 曰 何如 斯 可谓 之文,7,6,1
weijin__lichong_hanlin,weijin__lichong_hanlin__part01,翰林論（輯佚）,李充,1,12,34,答曰：孔文举之书，陆士衡之议，斯可谓成文矣。,答 曰 孔文举 之 书 陆士衡 之议 斯 可谓 成文 矣,答 曰 孔文举 之 书 陆士衡 之议 斯 可谓 成文 矣,11,11,0
weijin__lichong_hanlin,weijin__lichong_hanlin__part02,翰林論（輯佚）,李充,0,0,21,潘安仁之为文也，犹翔禽之羽毛，衣被之绡縠。,潘安 仁之为 文 也 犹翔禽 之 羽毛 衣被 之 绡 縠,潘安 仁之为 文 也 犹翔禽 之 羽毛 衣被 之 绡縠,11,10,1
weijin__lichong_hanlin,weijin__lichong_hanlin__part03,翰林論（輯佚）,李充,0,0,27,容象图而赞立，宜使辞简而义正，孔融之赞杨公，亦其义也。,容象 图 而 赞立 宜使 辞 简而义 正 孔融 之赞 杨公 亦 其义 也,容象 图 而 赞立 宜使 辞 简而 义正 孔融 之赞 杨公 亦 其义 也,14,14,1
weijin__lichong_hanlin,weijin__lichong_hanlin__part04,翰林論（輯佚）,李充,0,0,15,表宜以远大为本，不以华藻为先。,表宜 以 远大 为本 不 以华藻 为先,表宜 以 远大 为本 不 以 华藻 为先,7,8,1
weijin__lichong_hanlin,weijin__lichong_hanlin__part04,翰林論（輯佚）,李充,1,15,28,若曹子建之表，可谓成文矣；,若 曹子建 之表 可谓 成文 矣,若 曹子建 之表 可谓 成文 矣,6,6,0
weijin__lichong_hanlin,weijin__lichong_hanlin__part04,翰林論（輯佚）,李充,2,28,56,诸葛亮之表刘主，裴公之辞侍中，羊公之让开府，可谓德音矣。,诸葛亮 之表 刘主 裴公之辞 侍中 羊公之 让 开府 可谓 德音 矣,诸葛亮 之表 刘主 裴公之辞 侍中 羊公之 让 开府 可谓 德音 矣,11,11,0
weijin__lichong_hanlin,weijin__lichong_hanlin__part05,翰林論（輯佚）,李充,0,0,25,驳不以华藻为先，世以傅长虞每奏驳事，为邦之司直矣。,驳 不 以华藻 为先 世以 傅长 虞 每奏 驳事 为邦 之司 直 矣,驳不以 华藻 为先 世以 傅长 虞 每奏 驳事 为邦 之司 直 矣,13,12,1
weijin__lichong_hanlin,weijin__lichong_hanlin__part06,翰林論（輯佚）,李充,0,0,33,研名理，而论难生焉，论贵于允理，不求支离，若嵇康之论，成文美矣。,研  名 理 而论 难生 焉 论贵于 允理 不 求 支离 若 嵇康 之论 成文 美矣,研  名理 而论 难生 焉 论贵于 允理 不 求 支离 若 嵇康 之论 成文 美矣,17,16,1
weijin__lichong_hanlin,weijin__lichong_hanlin__part07,翰林論（輯佚）,李充,0,0,28,在朝辨政而议奏出，宜以远大为本，陆机议晋断，亦名其美矣。,在 朝 辨政而议 奏 出 宜以 远大 为本 陆机 议晋断 亦 名 其美 矣,在 朝辨政 而 议奏 出 宜以 远大 为本 陆机 议晋断 亦 名 其美 矣,14,14,1
weijin__lichong_hanlin,weijin__lichong_hanlin__part08,翰林論（輯佚）,李充,0,0,20,盟檄发于师旅，相如哈蜀父老，可谓德音矣。,盟 檄 发于 师旅 相如哈 蜀 父老 可谓 德音 矣,盟 檄 发于 师旅 相如哈 蜀 父老 可谓 德音 矣,10,10,0
weijin__caozhi_qianlu,weijin__caozhi_qianlu__part01,前錄序（輯佚）,曹植,0,0,33,故君子之作也，儼乎若高山，勃乎若浮雲，質素也如秋蓬，摛藻也如春葩。,故 君子 之作 也 俨乎 若 高山 勃乎 若 浮云 质素 也 如秋蓬 摛 藻 也 如春 葩,故 君子 之作 也 俨乎 若 高山 勃乎 若 浮云 质素 也 如秋蓬 摛 藻 也 如春 葩,18,18,0
weijin__caozhi_qianlu,weijin__caozhi_qianlu__part01,前錄序（輯佚）,曹植,1,33,56,𣲆汜乎洋洋，光乎𣉞𣉞，與《雅》《頌》爭流可也。,𣲆 汜乎 洋洋 光乎 𣉞 𣉞 与 雅 颂 争流 可 也,𣲆 汜乎 洋洋 光乎 𣉞 𣉞 与 雅 颂 争流 可 也,12,12,0
weijin__caozhi_qianlu,weijin__caozhi_qianlu__part01,前錄序（輯佚）,曹植,2,56,105,余少而好賦，其所尚也，雅好慷慨，所著繁多，雖觸類而作，然蕪穢者眾，故刪定，別撰爲《前錄》七十八篇。,余少 而 好 赋 其所尚 也 雅好 慷慨 所著 繁多 虽触 类而作 然 芜秽 者 众 故 删定 别 撰 为 前录 七十八 篇,余少 而 好 赋 其所尚 也 雅好 慷慨 所著 繁多 虽 触类 而作 然 芜秽 者 众 故 删定 别 撰 为 前录 七十八 篇,24,25,1
weijin__caozhi_qiqi,weijin__caozhi_qiqi__part01,七啟序,曹植,0,0,58,昔枚乘作《七發》，傅毅作《七激》，張衡作《七辯》，崔駰作《七依》，辭各美麗，余有慕之焉，遂作《七啟》，幷命王粲作焉。,昔枚 乘作 七发 傅毅作 七激 张衡 作 七辩 崔 骃 作 七依 辞 各 美丽 余有 慕之焉 遂作 七启 幷 命王 粲 作焉,昔枚 乘作 七发 傅毅作 七激 张衡 作 七辩 崔 骃 作 七依 辞 各 美丽 余有 慕之焉 遂作 七启 幷 命王 粲 作焉,23,23,0
weijin__fuxuan_qimo,weijin__fuxuan_qimo__part01,七謨序（輯佚）,傅玄,0,0,159,昔枚乘作《七发》，而属文之士若傅毅、刘广世、崔駰、李尤、桓麟、崔琦、刘梁、桓彬之徒，承其流而作之者纷焉，《七激》《七兴》《七依》《七款》《七说》《七蠲》《七举》《七设》之篇，于是通儒大才马季长、张平子亦引其源而广之，马作《七厉》，张造《七辨》，或以恢大道而导幽滞，或以黜瑰奓而托讽咏，扬辉播烈，垂于后世者，凡十有餘篇。,昔枚 乘作 七发 而 属 文之士 若 傅毅 刘广世 崔 骃 李尤 桓麟 崔琦 刘梁 桓彬 之徒 承其流 而 作之者 纷焉 七激 七兴 七依 七款 七说 七 蠲 七举 七设 之篇 于是 通儒大才 马季长 张平子 亦 引其源 而 广 之 马作 七厉 张造 七辨 或 以 恢 大道 而导 幽滞 或 以黜 瑰 奓 而 托讽 咏 扬辉 播烈 垂于 后世 者 凡十有 余篇,昔枚 乘作 七发 而 属 文之士 若 傅毅 刘广世 崔 骃 李尤 桓麟 崔琦 刘梁 桓彬 之徒 承其流 而 作之者 纷焉 七激 七兴 七依 七款 七说 七 蠲 七举 七设 之篇 于是 通儒大才 马季长 张 平子 亦 引其源 而 广 之 马作 七厉 张造 七辨 或 以 恢 大道 而导 幽滞 或 以黜 瑰 奓 而 托 讽咏 扬辉 播烈 垂于 后世 者 凡十有 余篇,64,65,1
weijin__fuxuan_qimo,weijin__fuxuan_qimo__part01,七謨序（輯佚）,傅玄,1,159,224,自大魏英贤迭作，有陈王《七启》，王氏《七释》，杨氏《七训》，刘氏《七华》，从父侍中《七诲》，并陵前而邈后，扬清风于儒林，亦数篇焉。,自大 魏英贤迭作 有 陈王 七启 王氏 七释 杨氏 七训 刘氏 七华 从父 侍中 七诲 并陵前 而 邈 后 扬 清风 于 儒林 亦 数篇 焉,自大 魏 英贤 迭作 有 陈王 七启 王氏 七释 杨氏 七训 刘氏 七华 从父 侍中 七诲 并陵前 而 邈 后 扬 清风 于 儒林 亦 数篇 焉,25,27,1
weijin__fuxuan_qimo,weijin__fuxuan_qimo__part01,七謨序（輯佚）,傅玄,2,224,252,世之贤明，多称《七激》工，余以为未心善也，《七辨》似也。,世之 贤明 多称 七激 工 余 以为 未 心善 也 七辨 似 也,世之 贤明 多称 七激 工 余 以为 未 心善 也 七辨 似 也,13,13,0
weijin__fuxuan_qimo,weijin__fuxuan_qimo__part01,七謨序（輯佚）,傅玄,3,252,270,非张氏至思，比之《七激》，未为劣也。,非 张氏 至思 比 之 七激 未为 劣 也,非 张氏 至思 比 之 七激 未为 劣 也,9,9,0
weijin__fuxuan_qimo,weijin__fuxuan_qimo__part01,七謨序（輯佚）,傅玄,4,270,286,《七释》佥曰「妙哉」，吾无间矣。,七释 佥 曰 妙哉 吾 无间 矣,七释 佥 曰 妙哉 吾 无间 矣,7,7,0
weijin__fuxuan_qimo,weijin__fuxuan_qimo__part01,七謨序（輯佚）,傅玄,5,286,335,若《七依》之卓轹一致，《七辨》之缠绵精巧，《七启》之奔逸壮丽，《七释》之精密闲理，亦近代之所希也。,若 七依 之卓轹 一致 七辨 之 缠绵 精巧 七启 之 奔逸 壮丽 七释 之 精密 闲理 亦 近代 之所希 也,若 七依 之卓轹 一致 七辨 之 缠绵 精巧 七启 之 奔逸 壮丽 七释 之 精密 闲理 亦 近代 之所希 也,20,20,0
weijin__fuxuan_lianzhu,weijin__fuxuan_lianzhu__part01,連珠序,傅玄,0,0,41,所谓连珠者，兴于汉章帝之世，班固、贾逵、傅毅三子受诏作之，而蔡邕、张华之徒又广焉。,所谓 连珠 者 兴于 汉章帝 之世 班固 贾逵 傅毅 三子 受诏作 之 而 蔡邕 张华之徒 又 广焉,所谓 连珠 者 兴于 汉章帝 之世 班固 贾逵 傅毅 三子 受诏作 之 而 蔡邕 张华之徒 又 广焉,17,17,0
weijin__fuxuan_lianzhu,weijin__fuxuan_lianzhu__part01,連珠序,傅玄,1,41,101,其文体，辞丽而言约，不指说事情，必假喻以达其旨，而贤者微悟，合于古诗劝兴之义，欲使历历如贯珠，易观而可悦，故谓之连珠也。,其 文体 辞丽 而言 约 不指 说 事情 必假喻 以达 其旨 而 贤者 微悟 合 于 古诗 劝兴 之义 欲 使 历历 如贯珠 易观 而 可悦 故 谓之 连珠 也,其 文体 辞丽 而言 约 不 指说 事情 必假喻 以达 其旨 而 贤者 微悟 合 于 古诗 劝兴 之义 欲 使 历历 如 贯珠 易观 而 可悦 故 谓之 连珠 也,30,31,1
weijin__fuxuan_lianzhu,weijin__fuxuan_lianzhu__part01,連珠序,傅玄,2,101,118,班固喻美辞壮，文章弘丽，最得其体。,班固 喻美辞 壮 文章 弘丽 最得 其体,班固 喻美辞 壮 文章 弘丽 最得 其体,7,7,0
weijin__fuxuan_lianzhu,weijin__fuxuan_lianzhu__part01,連珠序,傅玄,3,118,135,蔡邕似论，言质而辞碎，然其旨笃矣。,蔡邕 似论 言质 而 辞碎 然其旨 笃 矣,蔡邕 似论 言质 而 辞碎 然其旨 笃 矣,8,8,0
weijin__fuxuan_lianzhu,weijin__fuxuan_lianzhu__part01,連珠序,傅玄,4,135,149,贾逵儒而不艳，傅毅文而不典。,贾逵 儒 而 不艳 傅毅文 而 不典,贾逵 儒 而 不艳 傅毅文 而 不典,7,7,0
weijin__fuxuan_sichou,weijin__fuxuan_sichou__part01,擬四愁詩序,傅玄,0,0,22,张平子作《四愁诗》，体小而俗，「七言」类也。,张平子作 四愁 诗 体小而俗 七言 类 也,张 平子 作 四愁诗 体小而俗 七言 类 也,7,8,1
weijin__fuxuan_sichou,weijin__fuxuan_sichou__part01,擬四愁詩序,傅玄,1,22,37,聊拟而作之，名曰《拟四愁诗》。,聊拟 而作 之 名曰 拟四愁 诗,聊拟 而作 之 名曰 拟 四愁诗,6,6,1
weijin__luyun_pingyuan_03,weijin__luyun_pingyuan_03__part01,與兄平原書·第03札（本頁次序）,陸雲,0,0,34,云再拜：前省皇甫士安《高士传》，复作《逸民赋》，今复送之，如欲报称。,云 再拜 前省 皇甫 士安 高士 传 复作 逸民 赋 今复 送 之 如欲 报称,云 再拜 前省 皇甫 士安 高士 传 复作 逸民 赋 今复 送 之 如欲 报称,15,15,0
weijin__luyun_pingyuan_03,weijin__luyun_pingyuan_03__part01,與兄平原書·第03札（本頁次序）,陸雲,1,34,61,久不作文，多不悦泽，兄为小润色之，可成佳物，原必留思。,久 不 作文 多 不悦 泽 兄为 小 润色 之 可成佳物 原必 留思,久 不 作文 多 不 悦泽 兄为 小 润色 之 可成佳物 原必 留思,13,13,1
weijin__luyun_pingyuan_03,weijin__luyun_pingyuan_03__part01,與兄平原書·第03札（本頁次序）,陸雲,2,61,96,四言五言非所长，颇能作赋，为欲作十篇许小者，以为一分生于愁思，遂复文。,四言 五言 非 所长 颇 能 作赋 为欲作 十篇 许小者 以为 一分 生于 愁思 遂 复文,四言 五言 非 所长 颇 能 作赋 为欲作 十篇 许小者 以为 一分 生于 愁思 遂 复文,16,16,0
weijin__luyun_pingyuan_03,weijin__luyun_pingyuan_03__part01,與兄平原書·第03札（本頁次序）,陸雲,3,96,102,诲欲得云论。,诲 欲 得 云论,诲 欲 得 云论,4,4,0
weijin__luyun_pingyuan_03,weijin__luyun_pingyuan_03__part01,與兄平原書·第03札（本頁次序）,陸雲,4,102,140,间在郡纷纷有所钩定，言语流行断绝，欲更定之，而了不可以思虑，今自好丑不可视。,间 在 郡 纷纷 有所 钩定 言语 流行 断绝 欲 更定 之 而 了 不 可以 思虑 今自 好丑 不可 视,间 在 郡 纷纷 有所 钩定 言语 流行 断绝 欲 更定 之 而 了 不 可以 思虑 今自 好丑 不可 视,21,21,0
weijin__luyun_pingyuan_03,weijin__luyun_pingyuan_03__part01,與兄平原書·第03札（本頁次序）,陸雲,5,140,152,想冬下体中佳，能定之耳。,想冬 下体 中佳 能定 之 耳,想冬 下体 中佳 能定 之 耳,6,6,0
weijin__luyun_pingyuan_03,weijin__luyun_pingyuan_03__part01,與兄平原書·第03札（本頁次序）,陸雲,6,152,166,兄文章自行天下，多少无所在；,兄 文章 自行 天下 多少 无 所在,兄 文章 自行 天下 多少 无 所在,7,7,0
weijin__luyun_pingyuan_03,weijin__luyun_pingyuan_03__part01,與兄平原書·第03札（本頁次序）,陸雲,7,166,183,且用思困人，亦不事复及以此自劳役。,且 用思 困人 亦 不事 复及 以此 自 劳役,且 用思 困人 亦 不事 复及 以此 自 劳役,9,9,0
weijin__luyun_pingyuan_03,weijin__luyun_pingyuan_03__part01,與兄平原書·第03札（本頁次序）,陸雲,8,183,197,间居恐复不能不愿，当日消息。,间 居 恐复 不能不 愿 当日 消息,间 居 恐复 不能不 愿 当日 消息,7,7,0
weijin__luyun_pingyuan_03,weijin__luyun_pingyuan_03__part01,與兄平原書·第03札（本頁次序）,陸雲,9,197,200,谨启。,谨启,谨启,1,1,0
weijin__luyun_pingyuan_04,weijin__luyun_pingyuan_04__part01,與兄平原書·第04札（本頁次序）,陸雲,0,0,23,云再拜：《祠堂颂》已得，省兄文，不复稍论常佳。,云 再拜 祠堂 颂 已 得 省兄文 不复 稍 论常佳,云 再拜 祠堂 颂 已 得 省兄文 不复 稍 论常佳,10,10,0
weijin__luyun_pingyuan_04,weijin__luyun_pingyuan_04__part01,與兄平原書·第04札（本頁次序）,陸雲,1,23,39,然了不见出语，意谓非兄文之休者。,然 了 不见 出语 意谓 非兄文 之 休者,然 了 不见 出语 意谓 非兄文 之 休者,8,8,0
weijin__luyun_pingyuan_04,weijin__luyun_pingyuan_04__part01,與兄平原書·第04札（本頁次序）,陸雲,2,39,67,前後读兄文，一再过便上口语，省此文虽未大精，然了无所识。,前后 读兄文 一再 过 便 上 口语 省 此文 虽未大精 然了 无所识,前后 读兄文 一再 过 便 上 口语 省 此文 虽未大精 然 了无 所识,12,13,1
weijin__luyun_pingyuan_04,weijin__luyun_pingyuan_04__part01,與兄平原書·第04札（本頁次序）,陸雲,3,67,97,然此文甚自难，事同又相似，益不古，皆新绮，用此已自为洋洋耳。,然 此文 甚自难 事同 又 相似 益不古 皆 新 绮 用此 已 自为 洋洋 耳,然 此文 甚自难 事同 又 相似 益不古 皆 新 绮 用此 已 自为 洋洋 耳,15,15,0
weijin__luyun_pingyuan_04,weijin__luyun_pingyuan_04__part01,與兄平原書·第04札（本頁次序）,陸雲,4,97,127,答少时诗，亦未为妙，省之如不悲苦，无恻然伤心言，今重复精之。,答 少时 诗 亦 未 为 妙 省 之 如 不 悲苦 无 恻然 伤心 言 今 重复 精之,答 少时 诗 亦 未 为 妙 省 之 如 不 悲苦 无 恻然 伤心 言 今 重复 精之,19,19,0
weijin__luyun_pingyuan_04,weijin__luyun_pingyuan_04__part01,與兄平原書·第04札（本頁次序）,陸雲,5,127,149,一日见正叔，与兄读古五言诗，此生叹息欲得之。,一日 见 正叔 与 兄读 古 五言诗 此生 叹息 欲 得 之,一日 见 正叔 与 兄读 古 五言诗 此生 叹息 欲 得 之,12,12,0
weijin__luyun_pingyuan_04,weijin__luyun_pingyuan_04__part01,與兄平原書·第04札（本頁次序）,陸雲,6,149,152,谨启。,谨启,谨启,1,1,0
weijin__luyun_pingyuan_05,weijin__luyun_pingyuan_05__part01,與兄平原書·第05札（本頁次序）,陸雲,0,0,14,云再拜：《二祖颂》甚为高伟。,云 再拜 二祖颂 甚为 高伟,云 再拜 二祖颂 甚为 高伟,5,5,0
weijin__luyun_pingyuan_05,weijin__luyun_pingyuan_05__part01,與兄平原書·第05札（本頁次序）,陸雲,1,14,53,云作虽时有一佳语，见兄作又欲成贫俭家，无缘当致兄此谦辞，又云亦复不以苟自退耳。,云作 虽时 有 一佳语 见 兄作 又 欲 成 贫俭家 无缘 当致 兄此 谦辞 又 云亦复 不以 苟 自退 耳,云作 虽时 有 一 佳语 见 兄作 又 欲 成 贫俭 家 无缘 当致 兄此 谦辞 又 云 亦复 不以 苟 自退 耳,20,23,1
weijin__luyun_pingyuan_05,weijin__luyun_pingyuan_05__part01,與兄平原書·第05札（本頁次序）,陸雲,2,53,74,然意故复谓之「微多民不辍叹」一句，谓可省。,然意 故复 谓之 微多民 不辍 叹 一句 谓 可省,然意 故复 谓之 微多民 不辍 叹 一句 谓 可省,9,9,0
weijin__luyun_pingyuan_05,weijin__luyun_pingyuan_05__part01,與兄平原書·第05札（本頁次序）,陸雲,3,74,103,武烈未得有吴说桓王之事，而云建其孤，恐大祖不得为桓王之孙。,武烈 未 得 有 吴 说 桓 王之事 而云建 其 孤 恐大祖 不得 为桓 王之孙,武烈 未 得 有 吴 说 桓 王之事 而云建 其 孤 恐大祖 不得 为桓 王之孙,15,15,0
weijin__luyun_pingyuan_05,weijin__luyun_pingyuan_05__part01,與兄平原書·第05札（本頁次序）,陸雲,4,103,124,云前作此颂及信以白兄，作《游仙诗》故自能。,云前 作此 颂 及 信以 白兄 作 游仙诗 故自能,云前 作此 颂 及 信以 白兄 作 游仙诗 故自能,9,9,0
weijin__luyun_pingyuan_05,weijin__luyun_pingyuan_05__part01,與兄平原書·第05札（本頁次序）,陸雲,5,124,138,《刘氏颂》极佳，但无出言耳。,刘氏颂 极佳 但 无 出言 耳,刘氏颂 极佳 但 无 出言 耳,6,6,0
weijin__luyun_pingyuan_05,weijin__luyun_pingyuan_05__part01,與兄平原書·第05札（本頁次序）,陸雲,6,138,157,二颂不减复过所望，如此已欲解此公之半。,二颂 不减 复过 所望 如此 已欲解 此公 之半,二颂 不减 复 过所 望 如此 已欲解 此公 之半,8,9,1
weijin__luyun_pingyuan_05,weijin__luyun_pingyuan_05__part01,與兄平原書·第05札（本頁次序）,陸雲,7,157,173,《岁暮赋》甚欲成之，而不可自用；,岁暮 赋 甚欲成 之 而 不可 自用,岁暮 赋 甚欲成 之 而 不可 自用,7,7,0
weijin__luyun_pingyuan_05,weijin__luyun_pingyuan_05__part01,與兄平原書·第05札（本頁次序）,陸雲,8,173,194,得此百数十字，今送，不知于诸赋者不罢少不？,得此 百数 十字 今送 不知 于 诸 赋者 不 罢少 不,得此 百数 十字 今送 不知 于诸 赋者 不 罢少 不,11,10,1
weijin__luyun_pingyuan_05,weijin__luyun_pingyuan_05__part01,與兄平原書·第05札（本頁次序）,陸雲,9,194,204,想少佳，成当送到洛。,想少佳 成当 送到 洛,想少佳 成当 送到 洛,4,4,0
weijin__luyun_pingyuan_05,weijin__luyun_pingyuan_05__part01,與兄平原書·第05札（本頁次序）,陸雲,10,204,213,陈琳《大荒》甚极。,陈琳 大荒 甚极,陈琳 大荒 甚极,3,3,0
weijin__luyun_pingyuan_05,weijin__luyun_pingyuan_05__part01,與兄平原書·第05札（本頁次序）,陸雲,11,213,227,自云作必过之，想终能自果耳。,自云作 必过 之 想 终能 自果 耳,自云作 必过 之 想 终能 自果 耳,7,7,0
weijin__luyun_pingyuan_05,weijin__luyun_pingyuan_05__part01,與兄平原書·第05札（本頁次序）,陸雲,12,227,230,谨启。,谨启,谨启,1,1,0
weijin__luyun_pingyuan_06,weijin__luyun_pingyuan_06__part01,與兄平原書·第06札（本頁次序）,陸雲,0,0,26,云再拜：兵凶事，生来初不见习，顷观之，正自使人意恶。,云 再拜 兵 凶事 生来 初 不 见习 顷观 之 正自使 人 意恶,云 再拜 兵 凶事 生来 初 不 见习 顷观 之 正自使 人 意恶,13,13,0
weijin__luyun_pingyuan_06,weijin__luyun_pingyuan_06__part01,與兄平原書·第06札（本頁次序）,陸雲,1,26,45,羊肠转时极佳，问人皆不解，何以作此转？,羊肠 转时 极佳 问人 皆 不解 何以 作此 转,羊肠 转时 极佳 问人 皆 不解 何以 作此 转,9,9,0
weijin__luyun_pingyuan_06,weijin__luyun_pingyuan_06__part01,與兄平原書·第06札（本頁次序）,陸雲,2,45,72,虽云欲相泄，恐此正自取好耳，说之不能工，愿兄试一说之。,虽云欲 相泄 恐此 正 自取 好 耳 说 之 不能 工 愿兄试 一说 之,虽云欲 相泄 恐此 正 自取 好 耳 说 之 不能 工 愿兄试 一说 之,14,14,0
weijin__luyun_pingyuan_06,weijin__luyun_pingyuan_06__part01,與兄平原書·第06札（本頁次序）,陸雲,3,72,125,张义元答员渊之回流昆仑吐河不体，正自似急水中山石间，是人谓回缚者，但言之辞不工耳，不知此中语于诸赋中何如。,张义元 答员渊 之 回流 昆仑 吐河 不体 正自似 急 水中 山石 间 是 人谓 回缚者 但言之辞 不 工耳 不知 此中 语于 诸赋 中 何如,张义 元答 员渊 之 回流 昆仑 吐河 不体 正自似 急 水中 山石 间 是 人谓 回缚者 但言之辞 不 工耳 不知 此 中语 于诸 赋中 何如,24,25,1
weijin__luyun_pingyuan_06,weijin__luyun_pingyuan_06__part01,與兄平原書·第06札（本頁次序）,陸雲,4,125,156,顷曰极勿勿，病一十当出略通，日在马上，此不可谐，又恐信不及兄。,顷 曰 极 勿 勿 病 一十 当 出略通 日 在 马上 此 不可 谐 又 恐信 不及 兄,顷 曰 极 勿 勿 病 一十 当 出略通 日 在 马上 此 不可 谐 又 恐信 不及 兄,19,19,0
weijin__luyun_pingyuan_06,weijin__luyun_pingyuan_06__part01,與兄平原書·第06札（本頁次序）,陸雲,5,156,179,今以因休祖致，又力作无锡书，极无赖，甚不备具；,今以 因休 祖致 又 力作 无锡 书 极 无赖 甚 不备 具,今以 因休 祖致 又 力作 无锡 书 极 无赖 甚 不备 具,12,12,0
weijin__luyun_pingyuan_06,weijin__luyun_pingyuan_06__part01,與兄平原書·第06札（本頁次序）,陸雲,6,179,187,如是更白问于中。,如是 更白 问于 中,如是 更白 问于 中,4,4,0
weijin__luyun_pingyuan_07,weijin__luyun_pingyuan_07__part01,與兄平原書·第07札（本頁次序）,陸雲,0,0,39,云再拜：诲欲定《吴书》云昔尝已商之兄，此真不朽事，恐不与十分好书同是出千载事。,云 再拜 诲 欲定 吴书 云昔尝 已 商之兄 此真 不朽 事 恐 不 与 十分 好书 同是 出 千载 事,云 再拜 诲 欲定 吴书 云昔尝 已 商之兄 此真 不朽 事 恐 不 与 十分 好书 同是 出 千载 事,20,20,0
weijin__luyun_pingyuan_07,weijin__luyun_pingyuan_07__part01,與兄平原書·第07札（本頁次序）,陸雲,1,39,65,兄作必自与昔人相去，辩亡则已是过秦对事，求当可得耳。,兄作 必自 与 昔人 相去 辩亡 则 已 是 过 秦 对 事 求当 可得 耳,兄作 必自 与 昔人 相去 辩亡 则 已 是 过 秦 对事 求当 可得 耳,16,15,1
weijin__luyun_pingyuan_07,weijin__luyun_pingyuan_07__part01,與兄平原書·第07札（本頁次序）,陸雲,2,65,94,陈寿《吴书》有《魏赐九锡文》及《分天下文》，《吴书》不载；,陈寿 吴书 有 魏赐 九锡文 及 分 天下 文 吴书 不载,陈寿 吴书 有 魏赐 九锡文 及 分 天下 文 吴书 不载,11,11,0
weijin__luyun_pingyuan_07,weijin__luyun_pingyuan_07__part01,與兄平原書·第07札（本頁次序）,陸雲,3,94,134,又有严陆诸君传，今当写送，兄体中佳者，可并思诸应作传，及作引甚单，常欲引之未得。,又 有 严陆 诸君 传 今当 写 送 兄体 中佳者 可 并 思诸应 作传 及作 引 甚单 常欲引 之 未 得,又 有 严陆 诸君 传 今当 写 送 兄体 中佳者 可 并 思诸应 作传 及作 引 甚单 常欲引 之 未 得,21,21,0
weijin__luyun_pingyuan_07,weijin__luyun_pingyuan_07__part01,與兄平原書·第07札（本頁次序）,陸雲,4,134,141,兄所作引甚好。,兄所作 引 甚 好,兄所作 引 甚 好,4,4,0
weijin__luyun_pingyuan_07,weijin__luyun_pingyuan_07__part01,與兄平原書·第07札（本頁次序）,陸雲,5,141,158,云方欲更作引《述思赋》，党自竭厉。,云方 欲 更 作引 述思赋 党 自竭厉,云方 欲 更 作引 述思赋 党 自竭厉,7,7,0
weijin__luyun_pingyuan_07,weijin__luyun_pingyuan_07__part01,與兄平原書·第07札（本頁次序）,陸雲,6,158,172,然云意皆已尽，不知本复何言。,然云意 皆 已 尽 不知 本复 何言,然云意 皆 已 尽 不知 本复 何言,7,7,0
weijin__luyun_pingyuan_07,weijin__luyun_pingyuan_07__part01,與兄平原書·第07札（本頁次序）,陸雲,7,172,192,方当积思，思有利纯，如兄所赋，恐不可须。,方当 积思 思 有利 纯 如兄 所赋 恐 不可 须,方当 积思 思 有利 纯 如兄 所赋 恐 不可 须,10,10,0
weijin__luyun_pingyuan_07,weijin__luyun_pingyuan_07__part01,與兄平原書·第07札（本頁次序）,陸雲,8,192,202,愿兄且以示伯声兄弟。,愿兄且 以示 伯声 兄弟,愿兄且 以示 伯声 兄弟,4,4,0
weijin__luyun_pingyuan_07,weijin__luyun_pingyuan_07__part01,與兄平原書·第07札（本頁次序）,陸雲,9,202,249,前日观习，先欲作《讲武赋》，因欲远言大体，欲献之大将军，才不便作大文得少许家语，不知此可出不？,前日 观习 先欲作 讲武 赋 因欲远言 大体 欲献 之 大将军 才 不便 作大文得 少 许家 语 不知 此可出 不,前日 观习 先欲作 讲武 赋 因欲 远言 大体 欲献 之 大将军 才 不便 作大文得 少 许家 语 不知 此可出 不,19,20,1
weijin__luyun_pingyuan_07,weijin__luyun_pingyuan_07__part01,與兄平原書·第07札（本頁次序）,陸雲,10,249,255,故钞以白兄。,故钞 以白兄,故钞 以白兄,2,2,0
weijin__luyun_pingyuan_07,weijin__luyun_pingyuan_07__part01,與兄平原書·第07札（本頁次序）,陸雲,11,255,269,若兄意谓此可成者，欲试成之。,若兄 意谓 此 可 成者 欲 试成 之,若兄 意谓 此 可 成者 欲 试成 之,8,8,0
weijin__luyun_pingyuan_07,weijin__luyun_pingyuan_07__part01,與兄平原書·第07札（本頁次序）,陸雲,12,269,289,大文难作，庶可以为《关雎》之见微，谨启。,大文 难作 庶 可以 为 关雎 之见 微 谨启,大文 难作 庶 可以 为 关雎 之 见微 谨启,9,9,1
weijin__luyun_pingyuan_09,weijin__luyun_pingyuan_09__part01,與兄平原書·第09札（本頁次序）,陸雲,0,0,20,云再拜：省诸赋，皆有高言绝典，不可复言。,云 再拜 省 诸赋 皆 有 高言 绝典 不可 复言,云 再拜 省 诸赋 皆 有 高言 绝典 不可 复言,10,10,0
weijin__luyun_pingyuan_09,weijin__luyun_pingyuan_09__part01,與兄平原書·第09札（本頁次序）,陸雲,1,20,36,顷有事，复不大快，凡得再三视耳。,顷 有事 复不大快 凡得 再三 视耳,顷 有事 复 不大 快 凡得 再三 视耳,6,8,1
weijin__luyun_pingyuan_09,weijin__luyun_pingyuan_09__part01,與兄平原書·第09札（本頁次序）,陸雲,2,36,49,其未精，仓卒未能为之次第。,其未 精 仓卒 未能 为 之 次第,其未 精 仓卒 未能 为 之 次第,7,7,0
weijin__luyun_pingyuan_09,weijin__luyun_pingyuan_09__part01,與兄平原書·第09札（本頁次序）,陸雲,3,49,78,省《述思赋》，流深情至言，实为清妙，恐故复未得为兄赋之最。,省 述思赋 流 深情 至言 实为 清妙 恐故 复未 得 为 兄赋 之 最,省 述思赋 流 深情 至言 实为 清妙 恐故 复未 得 为 兄赋 之 最,14,14,0
weijin__luyun_pingyuan_09,weijin__luyun_pingyuan_09__part01,與兄平原書·第09札（本頁次序）,陸雲,4,78,96,兄文自为雄，非累日精拔，卒不可得言。,兄文 自为 雄 非累 日 精拔 卒 不可 得言,兄文 自为 雄 非累 日 精拔 卒 不可 得言,9,9,0
weijin__luyun_pingyuan_09,weijin__luyun_pingyuan_09__part01,與兄平原書·第09札（本頁次序）,陸雲,5,96,125,《文赋》甚有辞，绮语颇多，文适多体便欲不清，不审兄呼尔不？,文赋 甚有 辞 绮语 颇 多 文适 多体 便 欲 不清 不 审兄 呼尔 不,文赋 甚 有辞 绮语 颇 多 文适 多体 便 欲 不清 不审 兄 呼尔 不,15,15,1
weijin__luyun_pingyuan_09,weijin__luyun_pingyuan_09__part01,與兄平原書·第09札（本頁次序）,陸雲,6,125,140,《咏德颂》甚复尽美，省之恻然。,咏德颂 甚复 尽美 省 之 恻然,咏德 颂 甚复 尽美 省 之 恻然,6,7,1
weijin__luyun_pingyuan_09,weijin__luyun_pingyuan_09__part01,與兄平原書·第09札（本頁次序）,陸雲,7,140,168,《扇赋》腹中愈首尾，发头一而不快，言乌云龙见，如有不体。,扇赋 腹中 愈 首尾 发头 一 而 不快 言 乌云 龙见 如有 不体,扇赋 腹中 愈 首尾 发头 一而 不快 言 乌云 龙见 如 有 不体,13,13,1
weijin__luyun_pingyuan_09,weijin__luyun_pingyuan_09__part01,與兄平原書·第09札（本頁次序）,陸雲,8,168,182,《感逝赋》愈前，恐故当小不？,感逝 赋 愈前 恐故 当 小 不,感逝 赋 愈前 恐故 当 小 不,7,7,0
weijin__luyun_pingyuan_09,weijin__luyun_pingyuan_09__part01,與兄平原書·第09札（本頁次序）,陸雲,9,182,189,然一至不复灭。,然一至 不复灭,然一至 不复灭,2,2,0
weijin__luyun_pingyuan_09,weijin__luyun_pingyuan_09__part01,與兄平原書·第09札（本頁次序）,陸雲,10,189,198,《漏赋》可谓清工。,漏赋 可谓 清工,漏赋 可谓 清工,3,3,0
weijin__luyun_pingyuan_09,weijin__luyun_pingyuan_09__part01,與兄平原書·第09札（本頁次序）,陸雲,11,198,223,兄顿作尔多文，而新奇乃尔，真令人怖，不当复道作文。,兄顿作 尔多 文 而 新奇 乃尔 真令人 怖 不当 复道 作文,兄顿作 尔多 文 而 新奇 乃尔 真令人 怖 不当 复道 作文,11,11,0
weijin__luyun_pingyuan_09,weijin__luyun_pingyuan_09__part01,與兄平原書·第09札（本頁次序）,陸雲,12,223,226,谨启。,谨启,谨启,1,1,0
weijin__luyun_pingyuan_10,weijin__luyun_pingyuan_10__part01,與兄平原書·第10札（本頁次序）,陸雲,0,0,38,云再拜：《祠堂赞》甚已尽美，不与昔同，既此不容多说，又皆一事，非兄亦不可得。,云 再拜 祠堂 赞 甚已 尽美 不 与 昔同 既此 不容 多 说 又 皆 一事 非兄 亦 不可 得,云 再拜 祠堂 赞 甚已 尽美 不 与 昔同 既此 不容 多 说 又 皆 一事 非兄 亦 不可 得,20,20,0
weijin__luyun_pingyuan_10,weijin__luyun_pingyuan_10__part01,與兄平原書·第10札（本頁次序）,陸雲,1,38,74,见吊少明殊复胜前，吊蔡君清妙不可言，《汉功臣颂》甚美，恐吊蔡君故当为最。,见 吊少 明殊 复胜前 吊 蔡君清 妙不可言 汉 功臣 颂 甚美 恐吊 蔡君 故当 为 最,见 吊少 明殊 复胜前 吊 蔡君清 妙不可言 汉 功臣 颂 甚美 恐吊 蔡君 故当 为 最,16,16,0
weijin__luyun_pingyuan_10,weijin__luyun_pingyuan_10__part01,與兄平原書·第10札（本頁次序）,陸雲,2,74,89,使云作文，好恶为当，又可成耳。,使云 作文 好恶 为 当 又 可成 耳,使云 作文 好恶 为当 又 可成 耳,8,7,1
weijin__luyun_pingyuan_10,weijin__luyun_pingyuan_10__part01,與兄平原書·第10札（本頁次序）,陸雲,3,89,109,至于定兄文，唯兄亦怒其无遗情而不自尽耳。,至于 定兄文 唯兄 亦 怒 其 无遗 情而 不 自尽 耳,至于 定兄文 唯兄 亦 怒 其 无遗 情而 不 自尽 耳,11,11,0
weijin__luyun_pingyuan_10,weijin__luyun_pingyuan_10__part01,與兄平原書·第10札（本頁次序）,陸雲,4,109,152,《丞相赞》云披结散纷，辞中原不清利，兄已自作铭，此但颂实事耳，亦谓可如兄意真说事而已。,丞相 赞 云披 结散纷 辞 中原 不清利 兄已 自作铭 此 但 颂 实事 耳 亦谓 可 如兄意 真 说 事 而已,丞相 赞 云披 结散纷 辞 中原 不清利 兄已 自作铭 此 但 颂 实事 耳 亦谓 可 如兄意 真说 事 而已,21,20,1
weijin__luyun_pingyuan_10,weijin__luyun_pingyuan_10__part01,與兄平原書·第10札（本頁次序）,陸雲,5,152,167,若当复属文于引，便当书前铭耳。,若 当复 属 文于 引 便当 书前 铭耳,若 当复 属文 于 引 便当 书前 铭耳,8,8,1
weijin__luyun_pingyuan_10,weijin__luyun_pingyuan_10__part01,與兄平原書·第10札（本頁次序）,陸雲,6,167,170,谨启。,谨启,谨启,1,1,0
weijin__luyun_pingyuan_11,weijin__luyun_pingyuan_11__part01,與兄平原書·第11札（本頁次序）,陸雲,0,0,23,云再拜：往日论文，先辞而後情，尚絜而取不悦泽。,云 再拜 往日 论文 先辞 而后 情 尚 絜 而 取 不悦 泽,云 再拜 往日 论文 先辞 而后 情 尚 絜 而 取 不 悦泽,13,13,1
weijin__luyun_pingyuan_11,weijin__luyun_pingyuan_11__part01,與兄平原書·第11札（本頁次序）,陸雲,1,23,39,尝忆兄道张公文子论文，实自欲得。,尝忆 兄道 张 公文 子 论文 实自欲得,尝忆 兄道 张 公文 子 论文 实自欲得,7,7,0
weijin__luyun_pingyuan_11,weijin__luyun_pingyuan_11__part01,與兄平原書·第11札（本頁次序）,陸雲,2,39,62,今日便欲宗其言，兄文章之高远绝异，不可复称言。,今日 便欲宗 其言 兄 文章 之 高远 绝异 不可 复称 言,今日 便欲宗 其言 兄 文章 之 高远 绝异 不可 复 称言,11,11,1
weijin__luyun_pingyuan_11,weijin__luyun_pingyuan_11__part01,與兄平原書·第11札（本頁次序）,陸雲,3,62,82,然犹皆欲微多，但清新相接，不以此为病耳。,然犹皆欲 微多 但 清新 相接 不 以此 为病 耳,然犹皆欲 微多 但 清新 相接 不 以此 为病 耳,9,9,0
weijin__luyun_pingyuan_11,weijin__luyun_pingyuan_11__part01,與兄平原書·第11札（本頁次序）,陸雲,4,82,109,若复令小省，恐其妙欲不见，可复称极，不审兄由以为尔不？,若复 令小省 恐其妙 欲 不见 可复 称极 不 审兄 由 以为 尔 不,若复 令小省 恐其妙 欲 不见 可复 称极 不审 兄由 以为 尔 不,13,12,1
weijin__luyun_pingyuan_11,weijin__luyun_pingyuan_11__part01,與兄平原書·第11札（本頁次序）,陸雲,5,109,152,《茂曹碑》皆自是《蔡氏碑》之上者，比视蔡氏数十碑，殊多不及，言亦自清美，愚以无疑不存。,茂 曹碑 皆 自是 蔡氏碑 之上 者 比视 蔡氏 数十 碑 殊多 不及 言 亦 自清美 愚以 无疑 不 存,茂 曹碑 皆 自是 蔡氏碑 之上 者 比视 蔡氏 数十 碑 殊多 不及 言 亦 自清美 愚以 无疑 不 存,20,20,0
weijin__luyun_pingyuan_11,weijin__luyun_pingyuan_11__part01,與兄平原書·第11札（本頁次序）,陸雲,6,152,189,《三祖赞》不可闻，《武帝赞》如欲管管流泽，有以常相称美，如不史，愿更视之。,三祖赞 不可 闻 武帝 赞 如欲 管管 流泽 有 以常 相称 美 如不史 愿 更视 之,三祖赞 不可 闻 武帝 赞 如欲 管管 流泽 有 以常 相称 美 如不史 愿 更视 之,16,16,0
weijin__luyun_pingyuan_11,weijin__luyun_pingyuan_11__part01,與兄平原書·第11札（本頁次序）,陸雲,7,189,199,小跛几而悦奕为尽理。,小 跛 几而悦 奕 为 尽理,小 跛 几而悦 奕 为 尽理,6,6,0
weijin__luyun_pingyuan_11,weijin__luyun_pingyuan_11__part01,與兄平原書·第11札（本頁次序）,陸雲,8,199,225,云今意视文，乃好清省，欲无以尚，意之至此，乃出自然。,云今 意视文 乃好 清省 欲 无以 尚 意 之 至此 乃出 自然,云今 意视文 乃好 清省 欲 无以 尚 意 之 至此 乃出 自然,12,12,0
weijin__luyun_pingyuan_11,weijin__luyun_pingyuan_11__part01,與兄平原書·第11札（本頁次序）,陸雲,9,225,253,张公在者必罢，必复以此见调，不知《九愍》不多，不当小减。,张公在者 必 罢 必复 以此 见调 不知 九 愍 不 多 不当 小减,张公在者 必 罢 必复 以此 见调 不知 九 愍 不 多 不当 小减,13,13,0
weijin__luyun_pingyuan_11,weijin__luyun_pingyuan_11__part01,與兄平原書·第11札（本頁次序）,陸雲,10,253,273,《九悲》、《九愁》，连日钞除，所去甚多。,九悲 九愁 连日 钞除 所去 甚多,九悲 九愁 连日 钞除 所去 甚多,6,6,0
weijin__luyun_pingyuan_11,weijin__luyun_pingyuan_11__part01,與兄平原書·第11札（本頁次序）,陸雲,11,273,305,才本不精，正自极此，愿兄小为之定，一字两字出之便欲得，迟望不言。,才 本 不 精 正自极 此 愿兄 小为 之定 一字 两字出 之 便 欲 得 迟望 不言,才 本 不 精 正自极 此 愿兄 小为 之定 一字 两字出 之 便 欲 得 迟望 不言,17,17,0
weijin__luyun_pingyuan_11,weijin__luyun_pingyuan_11__part01,與兄平原書·第11札（本頁次序）,陸雲,12,305,308,谨启。,谨启,谨启,1,1,0
weijin__luyun_pingyuan_12,weijin__luyun_pingyuan_12__part01,與兄平原書·第12札（本頁次序）,陸雲,0,0,12,云再拜：仲宣文，如兄言。,云 再拜 仲宣文 如兄言,云 再拜 仲宣文 如兄言,4,4,0
weijin__luyun_pingyuan_12,weijin__luyun_pingyuan_12__part01,與兄平原書·第12札（本頁次序）,陸雲,1,12,32,实得张公力，如《子桓书》，亦自不乃重之。,实得 张 公力 如 子桓书 亦 自不乃重 之,实得 张 公力 如 子桓书 亦 自不乃重 之,8,8,0
weijin__luyun_pingyuan_12,weijin__luyun_pingyuan_12__part01,與兄平原書·第12札（本頁次序）,陸雲,2,32,65,兄诗多胜其思亲耳，《登楼赋》无乃烦，《感丘赋》吊夷、齐，辞不为伟。,兄诗 多胜 其思 亲耳 登楼 赋 无乃烦 感丘赋 吊夷 齐 辞不为伟,兄诗 多胜 其思 亲耳 登楼赋 无乃 烦 感 丘赋 吊夷 齐 辞 不为 伟,11,14,1
weijin__luyun_pingyuan_12,weijin__luyun_pingyuan_12__part01,與兄平原書·第12札（本頁次序）,陸雲,3,65,90,兄二吊自美之，但其呵二子小工，正当以此言为高文耳。,兄二吊 自美 之 但 其 呵 二子 小工 正当 以 此言 为 高文耳,兄二吊 自美 之 但 其 呵 二子 小工 正当 以 此言 为 高文耳,13,13,0
weijin__luyun_pingyuan_12,weijin__luyun_pingyuan_12__part01,與兄平原書·第12札（本頁次序）,陸雲,4,90,107,文中有「于是、尔乃」，于转句诚佳。,文中 有 于是 尔 乃 于 转句 诚佳,文中 有 于是 尔乃 于 转句 诚佳,8,7,1
weijin__luyun_pingyuan_12,weijin__luyun_pingyuan_12__part01,與兄平原書·第12札（本頁次序）,陸雲,5,107,116,然得不用之，益快；,然得 不用 之 益快,然得 不用 之 益快,4,4,0
weijin__luyun_pingyuan_12,weijin__luyun_pingyuan_12__part01,與兄平原書·第12札（本頁次序）,陸雲,6,116,138,有故不如无，又于文句中自可不用之，便少亦常。,有 故 不如 无 又 于 文句 中自 可 不用 之 便 少亦常,有 故 不如 无 又 于 文句 中自 可 不用 之 便 少亦常,13,13,0
weijin__luyun_pingyuan_12,weijin__luyun_pingyuan_12__part01,與兄平原書·第12札（本頁次序）,陸雲,7,138,150,云四言转句，以四句为佳。,云四言 转句 以 四句 为佳,云四言 转句 以 四句 为佳,5,5,0
weijin__luyun_pingyuan_12,weijin__luyun_pingyuan_12__part01,與兄平原書·第12札（本頁次序）,陸雲,8,150,194,往曾以兄《七羡》「回烦手而沈哀结」上两句为孤，今更视定，自有不应用时期当尔，复以为不快。,往 曾 以兄 七羡 回烦 手 而 沈哀结 上 两句 为 孤 今 更 视定 自有 不 应用 时期 当尔 复 以为 不快,往 曾 以兄 七羡 回 烦手 而 沈 哀结 上 两句 为 孤 今 更 视定 自有 不 应用 时期 当尔 复 以为 不快,23,24,1
weijin__luyun_pingyuan_12,weijin__luyun_pingyuan_12__part01,與兄平原書·第12札（本頁次序）,陸雲,9,194,201,故前多有所去。,故前 多 有所 去,故前 多 有所 去,4,4,0
weijin__luyun_pingyuan_12,weijin__luyun_pingyuan_12__part01,與兄平原書·第12札（本頁次序）,陸雲,10,201,237,《喜霁》俯顺习坎、仰炽重离，此下重得如此语为佳，思不得其韵，愿兄为益之。,喜霁 俯顺习 坎 仰炽 重离 此下 重得 如此 语为 佳 思 不得 其韵 愿兄 为益 之,喜霁 俯顺 习坎 仰炽 重离 此下 重得 如此 语为 佳 思 不得 其韵 愿兄 为益 之,16,16,1
weijin__luyun_pingyuan_12,weijin__luyun_pingyuan_12__part01,與兄平原書·第12札（本頁次序）,陸雲,11,237,240,谨启。,谨启,谨启,1,1,0
weijin__luyun_pingyuan_13,weijin__luyun_pingyuan_13__part01,與兄平原書·第13札（本頁次序）,陸雲,0,0,14,云再拜：尝闻汤仲叹《九歌》。,云 再拜 尝闻 汤仲叹 九歌,云 再拜 尝闻 汤仲叹 九歌,5,5,0
weijin__luyun_pingyuan_13,weijin__luyun_pingyuan_13__part01,與兄平原書·第13札（本頁次序）,陸雲,1,14,25,昔读楚辞，意不大爱之。,昔读 楚辞 意不大爱 之,昔读 楚辞 意 不大 爱 之,4,6,1
weijin__luyun_pingyuan_13,weijin__luyun_pingyuan_13__part01,與兄平原書·第13札（本頁次序）,陸雲,2,25,57,顷日视之，实自清绝滔滔，故自是识者，古今来为如此种文，屯为宗矣。,顷日视 之 实自清绝 滔滔 故自是 识者 古今 来 为 如此 种文 屯为 宗 矣,顷日 视 之 实自 清绝 滔滔 故自是 识者 古今 来 为 如此 种文 屯为 宗 矣,14,16,1
weijin__luyun_pingyuan_13,weijin__luyun_pingyuan_13__part01,與兄平原書·第13札（本頁次序）,陸雲,3,57,79,视《九章》，时有善语，大类是秽文，不难举意。,视 九章 时有 善语 大类 是 秽 文 不难 举意,视 九章 时有 善语 大类 是 秽 文 不难 举意,10,10,0
weijin__luyun_pingyuan_13,weijin__luyun_pingyuan_13__part01,與兄平原書·第13札（本頁次序）,陸雲,4,79,90,视《九歌》便自归谢绝。,视 九歌 便 自归 谢绝,视 九歌 便 自归 谢绝,5,5,0
weijin__luyun_pingyuan_13,weijin__luyun_pingyuan_13__part01,與兄平原書·第13札（本頁次序）,陸雲,5,90,106,思兄常欲其作诗文，独未作此曹语。,思兄常 欲 其作 诗文 独未 作此 曹语,思兄常 欲 其作 诗文 独未 作此 曹语,7,7,0
weijin__luyun_pingyuan_13,weijin__luyun_pingyuan_13__part01,與兄平原書·第13札（本頁次序）,陸雲,6,106,119,若消息小往，愿兄可试作之。,若 消息 小往 愿兄 可 试作 之,若 消息 小往 愿兄 可 试作 之,7,7,0
weijin__luyun_pingyuan_13,weijin__luyun_pingyuan_13__part01,與兄平原書·第13札（本頁次序）,陸雲,7,119,155,兄复不作者，恐此文独单行千载，间常谓此曹语不好，视《九歌》，正自可叹息。,兄复 不 作者 恐 此文 独 单行 千载 间常谓 此 曹语 不好 视 九歌 正自 可 叹息,兄复 不 作者 恐 此文 独 单行 千载 间常谓 此 曹语 不好 视 九歌 正自 可 叹息,17,17,0
weijin__luyun_pingyuan_13,weijin__luyun_pingyuan_13__part01,與兄平原書·第13札（本頁次序）,陸雲,8,155,172,王褒作《九怀》，亦极佳，恐犹自继。,王 褒作 九怀 亦 极佳 恐 犹自 继,王 褒作 九怀 亦 极佳 恐 犹自 继,8,8,0
weijin__luyun_pingyuan_13,weijin__luyun_pingyuan_13__part01,與兄平原書·第13札（本頁次序）,陸雲,9,172,186,真玄盛称《九辩》，意甚不爱。,真玄盛称 九辩 意 甚不爱,真玄 盛称 九辩 意 甚不爱,4,5,1
weijin__luyun_pingyuan_14,weijin__luyun_pingyuan_14__part01,與兄平原書·第14札（本頁次序）,陸雲,0,0,16,云再拜：顷得张公封禅事，平平耳；,云 再拜 顷得 张公 封禅 事 平平 耳,云 再拜 顷得 张公 封禅 事 平平 耳,8,8,0
weijin__luyun_pingyuan_14,weijin__luyun_pingyuan_14__part01,與兄平原書·第14札（本頁次序）,陸雲,1,16,25,不及李氏其文无比。,不及 李氏 其 文 无比,不及 李氏 其 文 无比,5,5,0
weijin__luyun_pingyuan_14,weijin__luyun_pingyuan_14__part01,與兄平原書·第14札（本頁次序）,陸雲,2,25,31,恐非其所作。,恐非 其所作,恐非 其所作,2,2,0
weijin__luyun_pingyuan_14,weijin__luyun_pingyuan_14__part01,與兄平原書·第14札（本頁次序）,陸雲,3,31,47,欲见此公《刘氏世颂》，有信愿付。,欲 见 此公 刘氏 世颂 有 信愿付,欲 见 此公 刘氏 世颂 有 信愿付,7,7,0
weijin__luyun_pingyuan_14,weijin__luyun_pingyuan_14__part01,與兄平原書·第14札（本頁次序）,陸雲,4,47,63,云顷又为辅吴奋威作颂，欲愈前颂。,云顷 又 为辅 吴奋 威作颂 欲 愈 前颂,云顷 又 为辅 吴 奋威 作颂 欲 愈 前颂,8,9,1
weijin__luyun_pingyuan_14,weijin__luyun_pingyuan_14__part01,與兄平原書·第14札（本頁次序）,陸雲,5,63,70,然意并不以快。,然意 并 不 以 快,然意 并 不 以 快,5,5,0
weijin__luyun_pingyuan_14,weijin__luyun_pingyuan_14__part01,與兄平原書·第14札（本頁次序）,陸雲,6,70,88,遣信当送《九愍》三赋，脱然谓可举意。,遣信 当送 九 愍 三赋 脱然谓 可 举意,遣信 当送 九 愍 三赋 脱然 谓 可 举意,8,9,1
weijin__luyun_pingyuan_14,weijin__luyun_pingyuan_14__part01,與兄平原書·第14札（本頁次序）,陸雲,7,88,104,假彼颂便有怯处，想无又间便可耳。,假彼颂 便 有 怯 处 想 无 又 间 便 可 耳,假彼颂 便 有 怯 处 想 无 又 间 便 可 耳,12,12,0
weijin__luyun_pingyuan_14,weijin__luyun_pingyuan_14__part01,與兄平原書·第14札（本頁次序）,陸雲,8,104,114,大类不便作四言五言。,大 类 不便 作四言 五言,大 类 不便 作四言 五言,5,5,0
weijin__luyun_pingyuan_14,weijin__luyun_pingyuan_14__part01,與兄平原書·第14札（本頁次序）,陸雲,9,114,117,谨启。,谨启,谨启,1,1,0
weijin__luyun_pingyuan_15,weijin__luyun_pingyuan_15__part01,與兄平原書·第15札（本頁次序）,陸雲,0,0,28,云再拜：诲二赋佳，久不复作文，又不复视文章，都自无次第。,云 再拜 诲 二 赋佳 久 不复 作文 又 不 复视 文章 都 自 无 次第,云 再拜 诲 二 赋佳 久 不复 作文 又 不 复视 文章 都 自 无 次第,16,16,0
weijin__luyun_pingyuan_15,weijin__luyun_pingyuan_15__part01,與兄平原書·第15札（本頁次序）,陸雲,1,28,70,文章既自可羡，且解愁忘忧，但作之不工，烦劳而弃力，故久绝意耳，在此悲思，视书不能解。,文章 既 自可羡 且 解愁 忘忧 但作 之 不工 烦劳 而弃力 故久 绝意 耳 在 此 悲思 视书 不能 解,文章 既 自可羡 且 解愁 忘忧 但作 之 不工 烦劳 而 弃力 故久 绝意 耳 在 此 悲思 视书 不能 解,20,21,1
weijin__luyun_pingyuan_15,weijin__luyun_pingyuan_15__part01,與兄平原書·第15札（本頁次序）,陸雲,2,70,101,前作二篇，後为复欲有所作，以慰小思，虑便大顿极，不知何以乃尔。,前作 二篇 后为 复欲 有所 作 以慰 小思 虑 便 大顿 极 不知 何以 乃尔,前作 二篇 后 为复 欲 有所 作 以慰 小思 虑 便 大顿 极 不知 何以 乃尔,15,16,1
weijin__luyun_pingyuan_15,weijin__luyun_pingyuan_15__part01,與兄平原書·第15札（本頁次序）,陸雲,3,101,122,前登城门，意有怀，作《登台赋》，极未能成；,前登 城门 意有 怀 作 登台 赋 极 未能 成,前登 城门 意 有怀 作 登台 赋 极 未能 成,10,10,1
weijin__luyun_pingyuan_15,weijin__luyun_pingyuan_15__part01,與兄平原書·第15札（本頁次序）,陸雲,4,122,153,而崔君苗作之，聊复成前意，不能令佳，而羸瘁累日，犹云逾前二赋。,而 崔君苗作 之 聊复成 前意 不能 令佳 而 羸瘁 累日 犹云 逾 前二赋,而 崔君苗作 之 聊复成 前意 不能 令佳 而 羸瘁 累日 犹云 逾 前二赋,13,13,0
weijin__luyun_pingyuan_15,weijin__luyun_pingyuan_15__part01,與兄平原書·第15札（本頁次序）,陸雲,5,153,161,不审兄平之云何？,不 审兄平 之云何,不审 兄平 之云何,3,3,1
weijin__luyun_pingyuan_15,weijin__luyun_pingyuan_15__part01,與兄平原書·第15札（本頁次序）,陸雲,6,161,177,愿小有损益，一字两字，不敢望多。,愿小有 损益 一字 两字 不敢 望 多,愿小有 损益 一字 两字 不敢 望 多,7,7,0
weijin__luyun_pingyuan_15,weijin__luyun_pingyuan_15__part01,與兄平原書·第15札（本頁次序）,陸雲,7,177,186,音楚，愿兄便定之。,音楚 愿兄 便定 之,音楚 愿兄 便定 之,4,4,0
weijin__luyun_pingyuan_15,weijin__luyun_pingyuan_15__part01,與兄平原書·第15札（本頁次序）,陸雲,8,186,205,兄音与献彦之属，皆愿仲宣须赋献与服繁。,兄音 与 献彦之属 皆 愿仲宣须 赋献 与 服繁,兄音 与 献彦之属 皆 愿仲宣须 赋献 与 服繁,8,8,0
weijin__luyun_pingyuan_15,weijin__luyun_pingyuan_15__part01,與兄平原書·第15札（本頁次序）,陸雲,9,205,242,张公语云云，兄文故自楚，须作文，为思昔所识文，乃视兄作诔，又令结使说音耳。,张公语 云云 兄文故 自楚 须 作文 为思昔 所识文 乃视 兄作 诔 又 令 结使 说 音耳,张公语 云云 兄文故 自楚 须 作文 为思昔 所识 文 乃视 兄作 诔 又 令 结使 说 音耳,16,17,1
weijin__luyun_pingyuan_15,weijin__luyun_pingyuan_15__part01,與兄平原書·第15札（本頁次序）,陸雲,10,242,252,兄所撰，愿且可付之。,兄 所撰 愿且 可付 之,兄 所撰 愿且 可付 之,5,5,0
weijin__luyun_pingyuan_15,weijin__luyun_pingyuan_15__part01,與兄平原書·第15札（本頁次序）,陸雲,11,252,269,此有书者，更校，善书送，信还望之。,此有 书者 更校 善书 送 信 还 望 之,此有 书者 更校 善书 送 信 还望 之,9,8,1
weijin__luyun_pingyuan_15,weijin__luyun_pingyuan_15__part01,與兄平原書·第15札（本頁次序）,陸雲,12,269,272,谨启。,谨启,谨启,1,1,0
weijin__luyun_pingyuan_16,weijin__luyun_pingyuan_16__part01,與兄平原書·第16札（本頁次序）,陸雲,0,0,52,云再拜：疏成高作未得去，省《登遐传》，因作《登遐颂》，须臾便成，视之复谓可行，今并送之，尚未定利及比信。,云 再拜 疏成 高作 未 得 去 省 登遐传 因作 登遐颂 须臾 便成 视之复谓 可行 今 并 送 之 尚未 定利及 比信,云 再拜 疏成 高作 未 得 去 省 登 遐传 因作 登遐颂 须臾 便成 视之复谓 可行 今 并 送 之 尚未 定利及 比信,22,23,1
weijin__luyun_pingyuan_16,weijin__luyun_pingyuan_16__part01,與兄平原書·第16札（本頁次序）,陸雲,1,52,60,今更有何所损益？,今 更 有何 所 损益,今 更 有何 所 损益,5,5,0
weijin__luyun_pingyuan_16,weijin__luyun_pingyuan_16__part01,與兄平原書·第16札（本頁次序）,陸雲,2,60,76,後八人了无事，合会之才得二篇耳。,后八人 了 无事 合会 之 才 得 二篇 耳,后八人 了 无事 合会 之才 得 二篇 耳,9,8,1
weijin__luyun_pingyuan_16,weijin__luyun_pingyuan_16__part01,與兄平原書·第16札（本頁次序）,陸雲,3,76,94,索度是淫鬼，无缘在此中，故不可作颂。,索度 是 淫 鬼 无缘 在 此 中 故 不可 作颂,索度 是 淫 鬼 无缘 在 此 中 故 不可 作颂,11,11,0
weijin__luyun_pingyuan_16,weijin__luyun_pingyuan_16__part01,與兄平原書·第16札（本頁次序）,陸雲,4,94,122,愁邑忽欲复作文，临时辄自云佳，小久报不能视，为此故息意。,愁邑 忽欲复 作文 临时 辄 自云佳 小久报 不能 视 为此 故息意,愁邑 忽欲复 作文 临时 辄 自云佳 小久报 不能 视 为此 故息意,11,11,0
weijin__luyun_pingyuan_16,weijin__luyun_pingyuan_16__part01,與兄平原書·第16札（本頁次序）,陸雲,5,122,145,文欲定前，于用功夫，大小文随了，为以解愁作尔。,文欲定 前 于用 功夫 大小 文随 了 为 以 解愁 作尔,文欲定 前 于用 功夫 大小 文随 了 为 以 解愁 作尔,11,11,0
weijin__luyun_pingyuan_16,weijin__luyun_pingyuan_16__part01,與兄平原書·第16札（本頁次序）,陸雲,6,145,175,今视所作，不谓乃极，更不自信，恐年时间复损弃之，徒自困苦尔。,今视 所作 不谓 乃 极 更 不 自信 恐年 时间 复损弃 之 徒自 困苦 尔,今视 所作 不谓 乃极 更 不 自信 恐年 时间 复 损弃 之 徒自 困苦 尔,15,15,1
weijin__luyun_pingyuan_16,weijin__luyun_pingyuan_16__part01,與兄平原書·第16札（本頁次序）,陸雲,7,175,186,兄小加润色，便欲可出。,兄小加 润色 便 欲 可出,兄小加 润色 便 欲 可出,5,5,0
weijin__luyun_pingyuan_16,weijin__luyun_pingyuan_16__part01,與兄平原書·第16札（本頁次序）,陸雲,8,186,205,极不苦作文，但无新奇，而体力甚困瘁耳。,极不苦 作文 但 无 新奇 而 体力 甚困瘁 耳,极不苦 作文 但 无 新奇 而 体力 甚困瘁 耳,9,9,0
weijin__luyun_pingyuan_16,weijin__luyun_pingyuan_16__part01,與兄平原書·第16札（本頁次序）,陸雲,9,205,225,谨索幼安在此，令之草，今住一弘不呼作工。,谨索 幼安 在 此 令之草 今住 一弘 不呼 作工,谨索 幼安 在 此 令之草 今住 一弘 不呼 作工,9,9,0
weijin__luyun_pingyuan_16,weijin__luyun_pingyuan_16__part01,與兄平原書·第16札（本頁次序）,陸雲,10,225,228,谨启。,谨启,谨启,1,1,0
weijin__luyun_pingyuan_17,weijin__luyun_pingyuan_17__part01,與兄平原書·第17札（本頁次序）,陸雲,0,0,17,云再拜：诲颂兄乃以为佳，甚以自慰。,云 再拜 诲 颂兄 乃 以为 佳 甚以 自慰,云 再拜 诲 颂兄 乃 以为 佳 甚以 自慰,9,9,0
weijin__luyun_pingyuan_17,weijin__luyun_pingyuan_17__part01,與兄平原書·第17札（本頁次序）,陸雲,1,17,40,文章当贵经绮，如谓後颂语如漂漂，故谓如小胜耳。,文章 当贵经 绮 如谓 后颂语 如 漂漂 故谓 如小胜 耳,文章 当贵经 绮 如谓 后 颂语 如 漂漂 故 谓如 小胜耳,10,11,1
weijin__luyun_pingyuan_17,weijin__luyun_pingyuan_17__part01,與兄平原書·第17札（本頁次序）,陸雲,2,40,64,《九愍》如兄所诲，亦殊过望，云意自谓当不如三赋。,九 愍 如兄 所 诲 亦殊 过望 云意 自谓 当 不如 三赋,九 愍 如兄 所 诲 亦殊 过望 云意 自谓 当 不如 三赋,12,12,0
weijin__luyun_pingyuan_17,weijin__luyun_pingyuan_17__part01,與兄平原書·第17札（本頁次序）,陸雲,3,64,85,情难非体中所长，欲遍周流，云意亦谓为佳耳。,情难 非体 中 所长 欲遍 周流 云意亦谓 为 佳 耳,情难 非体 中 所长 欲遍 周流 云意 亦 谓为 佳耳,10,10,1
weijin__luyun_pingyuan_17,weijin__luyun_pingyuan_17__part01,與兄平原書·第17札（本頁次序）,陸雲,4,85,113,然不云其逾于与《渔父》，吾今多少有所定，及所欲去留粗尔。,然不云 其逾于 与 渔父 吾 今 多少 有所 定 及 所欲 去留 粗尔,然不云 其逾于 与 渔父 吾 今 多少 有所 定 及 所欲 去留 粗尔,13,13,0
weijin__luyun_pingyuan_17,weijin__luyun_pingyuan_17__part01,與兄平原書·第17札（本頁次序）,陸雲,5,113,125,今送本往，不审能胜故不？,今送 本往 不 审能 胜故 不,今送 本往 不审 能胜故 不,6,5,1
weijin__luyun_pingyuan_17,weijin__luyun_pingyuan_17__part01,與兄平原書·第17札（本頁次序）,陸雲,6,125,133,意亦殊未以为了。,意亦殊 未 以为 了,意亦殊 未 以为 了,4,4,0
weijin__luyun_pingyuan_17,weijin__luyun_pingyuan_17__part01,與兄平原書·第17札（本頁次序）,陸雲,7,133,194,南去转远，洛中勿勿少暇，愿兄敕所遣留为当尔，可须来不佳，思虑益处，未能补所欲去，彻与察皆不与日韵，思惟不能得，愿赐此一字。,南去 转远 洛中 勿 勿 少暇 愿兄 敕 所遣 留为 当尔 可须 来 不佳 思虑 益处 未能 补 所欲 去 彻与察 皆 不 与 日韵 思惟 不能 得 愿赐此 一字,南去 转远 洛中 勿 勿 少暇 愿兄 敕 所遣 留 为当 尔 可须 来 不佳 思虑 益处 未能 补 所欲 去 彻与察 皆 不 与 日韵 思惟 不能 得 愿赐此 一字,30,31,1
weijin__luyun_pingyuan_17,weijin__luyun_pingyuan_17__part01,與兄平原書·第17札（本頁次序）,陸雲,8,194,212,云作文如兄所论，已过所望，况乃当敢？,云 作文 如兄 所论 已过 所望 况乃当敢,云 作文 如兄 所论 已 过所 望 况乃 当敢,7,9,1
weijin__luyun_pingyuan_17,weijin__luyun_pingyuan_17__part01,與兄平原書·第17札（本頁次序）,陸雲,9,212,227,今兄有张蔡之怀，得此乃怀怖也。,今兄 有 张 蔡之怀 得此 乃 怀怖 也,今兄 有 张蔡 之怀 得此 乃 怀怖 也,8,8,1
weijin__luyun_pingyuan_17,weijin__luyun_pingyuan_17__part01,與兄平原書·第17札（本頁次序）,陸雲,10,227,230,谨启。,谨启,谨启,1,1,0
weijin__luyun_pingyuan_18,weijin__luyun_pingyuan_18__part01,與兄平原書·第18札（本頁次序）,陸雲,0,0,31,云再拜：诲岁暮如兄如所诲，云意亦如前启，情言深至，述恩自难希。,云 再拜 诲 岁暮 如兄 如 所 诲 云意 亦 如前 启 情言 深至 述恩 自难 希,云 再拜 诲 岁暮 如兄 如 所 诲 云意 亦 如前 启 情言 深至 述恩 自难 希,17,17,0
weijin__luyun_pingyuan_18,weijin__luyun_pingyuan_18__part01,與兄平原書·第18札（本頁次序）,陸雲,1,31,46,每忆常侍自论文，为当复自力耳。,每忆常 侍自 论文 为 当复 自力 耳,每忆常 侍自 论文 为当 复 自力 耳,7,7,1
weijin__luyun_pingyuan_18,weijin__luyun_pingyuan_18__part01,與兄平原書·第18札（本頁次序）,陸雲,2,46,60,云意呼发头，但当小不如复耳。,云意呼 发头 但 当 小 不如 复耳,云意呼 发头 但 当 小 不如 复耳,7,7,0
weijin__luyun_pingyuan_18,weijin__luyun_pingyuan_18__part01,與兄平原書·第18札（本頁次序）,陸雲,3,60,72,兄乃不好者，试当更思之。,兄乃 不好 者 试当 更思 之,兄乃 不好 者 试当 更思 之,6,6,0
weijin__luyun_pingyuan_18,weijin__luyun_pingyuan_18__part01,與兄平原書·第18札（本頁次序）,陸雲,4,72,97,所诲云文，所比《愁霖》、《喜霁》之徒，实有可尔者。,所诲 云文 所比 愁霖 喜霁 之徒 实有 可尔者,所诲 云文 所比 愁霖 喜霁 之徒 实有 可尔者,8,8,0
weijin__luyun_pingyuan_18,weijin__luyun_pingyuan_18__part01,與兄平原書·第18札（本頁次序）,陸雲,5,97,110,《登楼》名高，恐未可越尔。,登楼 名高 恐未 可 越尔,登楼 名高 恐未 可 越尔,5,5,0
weijin__luyun_pingyuan_18,weijin__luyun_pingyuan_18__part01,與兄平原書·第18札（本頁次序）,陸雲,6,110,126,杨四公《黄胡颂》，恐此不得见比。,杨四公 黄胡颂 恐此 不得 见 比,杨四公 黄胡颂 恐此 不得 见 比,6,6,0
weijin__luyun_pingyuan_18,weijin__luyun_pingyuan_18__part01,與兄平原書·第18札（本頁次序）,陸雲,7,126,138,闻兄此诲，若有喜惧交集。,闻兄此 诲 若 有喜 惧 交集,闻兄此 诲 若有 喜惧 交集,6,5,1
weijin__luyun_pingyuan_18,weijin__luyun_pingyuan_18__part01,與兄平原書·第18札（本頁次序）,陸雲,8,138,149,《祖德颂》无大谏语耳。,祖德颂 无大谏 语耳,祖德颂 无 大谏 语耳,3,4,1
weijin__luyun_pingyuan_18,weijin__luyun_pingyuan_18__part01,與兄平原書·第18札（本頁次序）,陸雲,9,149,172,然靡靡清工，用辞纬泽，亦未易，恐兄未熟视之耳。,然靡靡 清工 用 辞纬泽 亦 未易 恐兄 未 熟视 之耳,然靡靡 清工 用 辞纬泽 亦 未易 恐兄 未 熟视 之耳,10,10,0
weijin__luyun_pingyuan_18,weijin__luyun_pingyuan_18__part01,與兄平原書·第18札（本頁次序）,陸雲,10,172,202,兄文方当日多，但文实无贵于为多，多而如兄文者，人不餍其多也。,兄文方 当日 多 但文实 无贵于 为 多 多 而 如 兄文者 人 不 餍 其 多 也,兄文方 当日 多 但 文实 无贵于 为 多 多 而 如 兄文者 人 不餍 其多 也,17,16,1
weijin__luyun_pingyuan_18,weijin__luyun_pingyuan_18__part01,與兄平原書·第18札（本頁次序）,陸雲,11,202,217,屡视诸故时文，皆有恨文体成尔。,屡视 诸故 时文 皆 有 恨 文体 成尔,屡视 诸故 时文 皆 有 恨 文体 成尔,8,8,0
weijin__luyun_pingyuan_18,weijin__luyun_pingyuan_18__part01,與兄平原書·第18札（本頁次序）,陸雲,12,217,226,然新声故自难复过。,然 新声 故自难 复过,然 新声 故自难 复过,4,4,0
weijin__luyun_pingyuan_18,weijin__luyun_pingyuan_18__part01,與兄平原書·第18札（本頁次序）,陸雲,13,226,244,《九悲》多好语，可耽咏，但小不韵耳；,九悲 多好语 可 耽咏 但 小不韵 耳,九悲 多 好语 可 耽咏 但 小 不韵 耳,7,9,1
weijin__luyun_pingyuan_18,weijin__luyun_pingyuan_18__part01,與兄平原書·第18札（本頁次序）,陸雲,14,244,265,皆已行天下，天下人归高如此，亦可不复更耳。,皆 已 行天下 天下人 归高 如此 亦可 不复 更 耳,皆 已 行天下 天下人 归高 如此 亦可 不复 更 耳,10,10,0
weijin__luyun_pingyuan_18,weijin__luyun_pingyuan_18__part01,與兄平原書·第18札（本頁次序）,陸雲,15,265,284,兄作大赋必好，意精时故，愿兄作数大文。,兄作 大赋 必好 意精时 故 愿兄作 数大文,兄作 大赋 必好 意精时 故 愿兄 作数 大文,7,8,1
weijin__luyun_pingyuan_18,weijin__luyun_pingyuan_18__part01,與兄平原書·第18札（本頁次序）,陸雲,16,284,301,近日视子安赋，亦对之叹息，绝工矣。,近日 视子 安赋 亦 对 之 叹息 绝工 矣,近日 视子 安赋 亦 对 之 叹息 绝工 矣,9,9,0
weijin__luyun_pingyuan_18,weijin__luyun_pingyuan_18__part01,與兄平原書·第18札（本頁次序）,陸雲,17,301,312,兄诲又尔，故自是高手。,兄诲 又 尔 故自是 高手,兄诲 又 尔 故自是 高手,5,5,0
weijin__luyun_pingyuan_18,weijin__luyun_pingyuan_18__part01,與兄平原書·第18札（本頁次序）,陸雲,18,312,315,谨启。,谨启,谨启,1,1,0
weijin__luyun_pingyuan_19,weijin__luyun_pingyuan_19__part01,與兄平原書·第19札（本頁次序）,陸雲,0,0,14,云再拜：蔡氏所长，唯铭颂耳。,云 再拜 蔡氏 所长 唯铭颂 耳,云 再拜 蔡氏 所长 唯铭颂 耳,6,6,0
weijin__luyun_pingyuan_19,weijin__luyun_pingyuan_19__part01,與兄平原書·第19札（本頁次序）,陸雲,1,14,30,铭之善者，亦复数篇，其馀平平耳。,铭 之 善者 亦 复数 篇 其 馀 平平 耳,铭 之 善者 亦 复数 篇 其 馀 平平 耳,10,10,0
weijin__luyun_pingyuan_19,weijin__luyun_pingyuan_19__part01,與兄平原書·第19札（本頁次序）,陸雲,2,30,45,兄诗赋自与绝域，不当稍与比校。,兄 诗赋 自 与 绝域 不当 稍 与 比校,兄 诗赋 自 与 绝域 不当 稍 与 比校,9,9,0
weijin__luyun_pingyuan_19,weijin__luyun_pingyuan_19__part01,與兄平原書·第19札（本頁次序）,陸雲,3,45,59,张公昔亦云兄新声多之不同也。,张公昔亦云兄 新声 多 之 不同 也,张公昔亦云兄 新声 多 之 不同 也,6,6,0
weijin__luyun_pingyuan_19,weijin__luyun_pingyuan_19__part01,與兄平原書·第19札（本頁次序）,陸雲,4,59,72,典当故为未及，彦藏亦云尔。,典当 故 为 未及 彦 藏 亦 云尔,典当 故 为 未及 彦 藏 亦 云尔,8,8,0
weijin__luyun_pingyuan_19,weijin__luyun_pingyuan_19__part01,與兄平原書·第19札（本頁次序）,陸雲,5,72,94,又古今兄文所未得与校者，亦惟兄所道数都赋耳。,又 古今 兄文 所 未 得 与 校者 亦 惟兄 所道数 都 赋耳,又 古今 兄文 所 未 得 与 校者 亦 惟兄 所 道数 都 赋耳,13,14,1
weijin__luyun_pingyuan_19,weijin__luyun_pingyuan_19__part01,與兄平原書·第19札（本頁次序）,陸雲,6,94,110,其馀虽有小胜负，大都自皆为雌耳。,其 馀 虽 有 小 胜负 大都 自皆为 雌耳,其 馀 虽 有 小 胜负 大都 自皆为 雌耳,9,9,0
weijin__luyun_pingyuan_19,weijin__luyun_pingyuan_19__part01,與兄平原書·第19札（本頁次序）,陸雲,7,110,144,张公父子亦语云，兄文过子安，子安诸兄赋复不皆过，其便可，可不与供论。,张公 父子 亦 语云 兄文 过子安 子安 诸兄 赋复 不 皆 过 其 便 可 可不 与 供论,张公 父子 亦 语云 兄文 过子 安 子安 诸兄 赋复 不 皆 过 其 便 可 可不 与 供论,18,19,1
weijin__luyun_pingyuan_19,weijin__luyun_pingyuan_19__part01,與兄平原書·第19札（本頁次序）,陸雲,8,144,165,云谓兄作《二京》，必得无疑，久劝兄兄为耳。,云谓 兄作 二京 必 得 无疑 久 劝 兄兄 为 耳,云谓 兄作 二京 必 得 无疑 久 劝 兄兄 为 耳,11,11,0
weijin__luyun_pingyuan_19,weijin__luyun_pingyuan_19__part01,與兄平原書·第19札（本頁次序）,陸雲,9,165,208,又思《三都》，世人已作是语，纟弱类长之，能事可见，幽通宾戏之徒自难作，宾戏客语可为耳。,又思 三 都 世人 已作 是 语 纟 弱 类长 之 能事 可见 幽通宾 戏之徒 自难作 宾戏 客语 可为 耳,又思 三 都 世人 已作 是 语 纟 弱 类长 之 能事 可见 幽 通宾 戏之徒 自难作 宾 戏客 语可为 耳,20,21,1
weijin__luyun_pingyuan_19,weijin__luyun_pingyuan_19__part01,與兄平原書·第19札（本頁次序）,陸雲,10,208,214,答之甚未易。,答 之 甚未易,答 之 甚未易,3,3,0
weijin__luyun_pingyuan_19,weijin__luyun_pingyuan_19__part01,與兄平原書·第19札（本頁次序）,陸雲,11,214,230,东方士所不得全其高名，颇有答极。,东方 士所 不得 全其 高名 颇 有 答极,东方 士所 不得 全其 高名 颇 有 答极,8,8,0
weijin__luyun_pingyuan_19,weijin__luyun_pingyuan_19__part01,與兄平原書·第19札（本頁次序）,陸雲,12,230,233,谨启。,谨启,谨启,1,1,0
weijin__luyun_pingyuan_20,weijin__luyun_pingyuan_20__part01,與兄平原書·第20札（本頁次序）,陸雲,0,0,18,云再拜：赋《九愍》如所敕，此自未定。,云 再拜 赋 九 愍 如所 敕 此自 未定,云 再拜 赋 九 愍 如所 敕 此自 未定,9,9,0
weijin__luyun_pingyuan_20,weijin__luyun_pingyuan_20__part01,與兄平原書·第20札（本頁次序）,陸雲,1,18,67,然云意自谓故当是近所作上近者，意又谓其与渔父相见以下尽篇为佳，谓兄必许此条，而渊弦意呼作脱可行耳。,然云意 自谓 故当 是 近 所作 上 近者 意又谓 其 与 渔父 相见 以下 尽篇为 佳 谓 兄必许 此条 而渊弦意 呼作 脱 可行 耳,然云意 自谓 故 当是 近所作 上 近者 意又谓 其与 渔父 相见 以下 尽篇为 佳 谓 兄必许 此条 而渊弦意 呼作 脱 可行 耳,24,22,1
weijin__luyun_pingyuan_20,weijin__luyun_pingyuan_20__part01,與兄平原書·第20札（本頁次序）,陸雲,2,67,109,至兄唯以此为快，不知云论文何以当与兄意作如此异，此是情文，但本少情，而颇能作汜说耳。,至兄 唯 以此 为 快 不知 云 论文 何以 当 与 兄意作 如此 异 此是 情文 但本 少情 而 颇 能 作汜 说 耳,至兄 唯 以此 为 快 不知 云 论文 何以 当 与 兄意作 如此 异 此是 情文 但本 少情 而 颇 能 作汜 说 耳,24,24,0
weijin__luyun_pingyuan_20,weijin__luyun_pingyuan_20__part01,與兄平原書·第20札（本頁次序）,陸雲,3,109,147,又见作九者，多不祖宗原意，而自作一家说，唯兄说与渔父相见，又不大委曲尽其意。,又 见 作九者 多 不 祖宗 原意 而 自作 一家 说 唯兄 说 与 渔父 相见 又 不大 委曲 尽 其意,又 见 作九者 多 不 祖宗 原意 而 自作 一家 说 唯兄 说 与 渔父 相见 又 不大 委曲 尽 其意,21,21,0
weijin__luyun_pingyuan_20,weijin__luyun_pingyuan_20__part01,與兄平原書·第20札（本頁次序）,陸雲,4,147,170,云以原流放，唯见此一人，当为致其义，深自谓佳。,云以 原 流放 唯见 此 一人 当为致 其义 深自谓 佳,云以 原 流放 唯见 此 一人 当为致 其义 深自谓 佳,10,10,0
weijin__luyun_pingyuan_20,weijin__luyun_pingyuan_20__part01,與兄平原書·第20札（本頁次序）,陸雲,5,170,203,愿兄可试更视，与渔父相见时语，亦无他异，附情而言，恐此故胜渊、弦。,愿兄 可试 更视 与 渔父 相见 时语 亦 无 他 异 附情 而言 恐此 故胜渊 弦,愿兄 可试 更视 与 渔父 相见 时语 亦 无他 异 附情 而言 恐此 故胜渊 弦,16,15,1
weijin__luyun_pingyuan_20,weijin__luyun_pingyuan_20__part01,與兄平原書·第20札（本頁次序）,陸雲,6,203,254,兄意所谓不善，愿疏敕其处绪，亦欲成之令出意，莫更感如恶所在，以兄文，云犹时有所能得言云前後所作，谨启。,兄意 所谓 不善 愿疏 敕 其 处绪 亦 欲 成之令 出意 莫 更 感如恶 所在 以兄文 云犹时 有所 能得言云 前后 所 作 谨启,兄意 所谓 不善 愿疏 敕 其 处绪 亦 欲 成之令 出意 莫 更 感如恶 所在 以兄文 云犹时 有所 能得言云 前后 所 作 谨启,23,23,0
weijin__luyun_pingyuan_21,weijin__luyun_pingyuan_21__part01,與兄平原書·第21札（本頁次序）,陸雲,0,0,19,云再拜：诲前二赋佳，视之行已复不如初。,云 再拜 诲 前 二 赋佳 视之行 已复 不 如初,云 再拜 诲 前 二 赋佳 视之行 已复 不 如初,10,10,0
weijin__luyun_pingyuan_21,weijin__luyun_pingyuan_21__part01,與兄平原書·第21札（本頁次序）,陸雲,1,19,54,昔文自无可成，藏之甚密，而为复漏显，世欲为益者，岂有谓之不善而不为怀？,昔文自 无可 成 藏 之 甚密 而 为 复漏 显 世欲 为益者 岂 有 谓之 不善 而 不 为 怀,昔文自 无可 成 藏 之 甚密 而 为复 漏显 世欲 为益者 岂 有 谓之 不善 而 不为 怀,20,18,1
weijin__luyun_pingyuan_21,weijin__luyun_pingyuan_21__part01,與兄平原書·第21札（本頁次序）,陸雲,2,54,67,此不成意，想兄已得怀之耳。,此 不成 意 想兄 已 得 怀之耳,此 不成 意 想兄 已 得 怀之耳,7,7,0
weijin__luyun_pingyuan_21,weijin__luyun_pingyuan_21__part01,與兄平原書·第21札（本頁次序）,陸雲,3,67,121,有作文唯尚多而家多猪羊之徒，作《蝉赋》二千馀言，《隐士赋》三千馀言，既无藻伟体，都自不似事，文章实自不当多。,有 作文 唯尚 多而家 多 猪 羊之徒 作 蝉赋 二千 馀 言 隐士 赋 三千 馀 言 既无藻 伟体 都 自不似 事 文章 实自 不当 多,有 作文 唯尚 多而家 多 猪 羊之徒 作 蝉赋 二千 馀 言 隐士 赋 三千 馀 言 既无藻 伟体 都 自不似 事 文章 实自 不当 多,26,26,0
weijin__luyun_pingyuan_21,weijin__luyun_pingyuan_21__part01,與兄平原書·第21札（本頁次序）,陸雲,4,121,137,古今之能为新声绝曲者，无又过兄。,古今之 能为 新声 绝 曲者 无 又 过兄,古今之 能为 新声 绝 曲者 无 又 过兄,8,8,0
weijin__luyun_pingyuan_21,weijin__luyun_pingyuan_21__part01,與兄平原書·第21札（本頁次序）,陸雲,5,137,157,兄往日文虽多瑰铄，至于文体，实不如今日。,兄 往日 文 虽多瑰铄 至于 文体 实 不如 今日,兄 往日 文 虽 多 瑰铄 至于 文体 实 不如 今日,9,11,1
weijin__luyun_pingyuan_21,weijin__luyun_pingyuan_21__part01,與兄平原書·第21札（本頁次序）,陸雲,6,157,172,间在洛有所视，己当赦而比更隆。,间 在 洛 有所 视 己 当 赦 而 比 更隆,间 在 洛 有所 视 己 当 赦 而 比 更隆,11,11,0
weijin__luyun_pingyuan_21,weijin__luyun_pingyuan_21__part01,與兄平原書·第21札（本頁次序）,陸雲,7,172,189,以今意观文、见此真臾、以为不尽善。,以 今意 观文 见此 真臾 以为 不尽 善,以 今意 观文 见此 真臾 以为 不尽 善,8,8,0
weijin__luyun_pingyuan_21,weijin__luyun_pingyuan_21__part01,與兄平原書·第21札（本頁次序）,陸雲,8,189,212,文罢云：故日向人叹兄文，人终来同，殆以此为病。,文罢云 故日 向 人 叹 兄文 人终 来 同 殆 以此 为病,文罢云 故日 向 人 叹 兄文 人终 来同 殆 以此 为病,12,11,1
weijin__luyun_pingyuan_21,weijin__luyun_pingyuan_21__part01,與兄平原書·第21札（本頁次序）,陸雲,9,212,236,张公文无他异，正自情省，无烦长作文，正尔自复佳。,张 公文 无 他 异 正自情 省 无烦 长 作文 正尔 自复佳,张 公文 无他 异 正自情 省 无烦 长 作文 正尔 自复佳,12,11,1
weijin__luyun_pingyuan_21,weijin__luyun_pingyuan_21__part01,與兄平原書·第21札（本頁次序）,陸雲,10,236,258,兄文章已显一世，亦不足复多自困苦，适欲白兄；,兄 文章 已显 一世 亦 不足 复多自 困苦 适欲白兄,兄 文章 已显 一世 亦 不足 复多自 困苦 适欲 白兄,9,10,1
weijin__luyun_pingyuan_21,weijin__luyun_pingyuan_21__part01,與兄平原書·第21札（本頁次序）,陸雲,11,258,281,可因今清静，尽定昔日文，但当钩除，差易为功力。,可因 今 清静 尽定 昔日 文 但 当 钩 除 差易 为 功力,可因 今 清静 尽定 昔日 文 但 当 钩 除 差易 为 功力,13,13,0
weijin__luyun_pingyuan_21,weijin__luyun_pingyuan_21__part01,與兄平原書·第21札（本頁次序）,陸雲,12,281,295,诲已定敬长诔，意当暗与兄合。,诲 已定 敬长 诔 意当暗 与 兄合,诲 已定 敬长 诔 意当暗 与 兄合,7,7,0
weijin__luyun_pingyuan_21,weijin__luyun_pingyuan_21__part01,與兄平原書·第21札（本頁次序）,陸雲,13,295,333,云久绝音于文章，由前日见教之後，而作文解愁，聊复作数篇，为复欲有所为以忘忧。,云久 绝音 于 文章 由 前日 见教 之后 而 作文 解愁 聊复作 数篇 为复 欲 有所为 以 忘忧,云久 绝音 于 文章 由 前日 见教 之后 而 作文 解愁 聊 复作 数篇 为复 欲 有所为 以 忘忧,18,19,1
weijin__luyun_pingyuan_21,weijin__luyun_pingyuan_21__part01,與兄平原書·第21札（本頁次序）,陸雲,14,333,361,贫家佳物便欲尽，但有钱谷，复羞出之，而体中殊不可以思虑。,贫家 佳物 便 欲 尽 但 有 钱谷 复羞出 之 而体 中殊 不 可以 思虑,贫家 佳物 便 欲 尽 但 有 钱谷 复羞出 之 而体 中殊 不 可以 思虑,15,15,0
weijin__luyun_pingyuan_21,weijin__luyun_pingyuan_21__part01,與兄平原書·第21札（本頁次序）,陸雲,15,361,374,腹立满，背便热，亦试可悲。,腹立 满 背 便 热 亦试 可悲,腹立 满 背 便 热 亦试 可悲,7,7,0
weijin__luyun_pingyuan_21,weijin__luyun_pingyuan_21__part01,與兄平原書·第21札（本頁次序）,陸雲,16,374,407,间视《大荒传》，欲作《大荒赋》，既自难工，又是大赋，恐交自困绝异。,间视 大荒 传 欲作 大荒 赋 既 自难工 又 是 大赋 恐交自困 绝异,间视 大荒 传 欲作 大荒 赋 既 自难工 又 是 大赋 恐交自困 绝异,13,13,0
weijin__luyun_pingyuan_21,weijin__luyun_pingyuan_21__part01,與兄平原書·第21札（本頁次序）,陸雲,17,407,424,往经比干墓，怅然欲吊之，无又即意；,往经 比干 墓 怅然 欲 吊 之 无 又 即意,往经 比干 墓 怅然 欲 吊 之 无 又 即意,10,10,0
weijin__luyun_pingyuan_21,weijin__luyun_pingyuan_21__part01,與兄平原書·第21札（本頁次序）,陸雲,18,424,427,又事业,又 事业,又 事业,2,2,0
weijin__luyun_pingyuan_22,weijin__luyun_pingyuan_22__part01,與兄平原書·第22札（本頁次序）,陸雲,0,0,15,云再拜：张公藏诔自过五言诗耳。,云 再拜 张公藏 诔 自过 五言诗 耳,云 再拜 张公藏 诔 自过 五言诗 耳,7,7,0
weijin__luyun_pingyuan_22,weijin__luyun_pingyuan_22__part01,與兄平原書·第22札（本頁次序）,陸雲,1,15,24,但云自不便五言诗。,但云自 不便 五言诗,但云自 不便 五言诗,3,3,0
weijin__luyun_pingyuan_22,weijin__luyun_pingyuan_22__part01,與兄平原書·第22札（本頁次序）,陸雲,2,24,59,由己而言耳，玄泰诔自不及士祚诔，兄《丞相箴》少多，不如《女史》清约耳。,由己 而言 耳 玄泰 诔 自 不及 士祚 诔 兄 丞相 箴 少多 不如 女史 清约 耳,由己 而言 耳 玄泰 诔 自 不及 士祚 诔 兄 丞相 箴 少多 不如 女史 清约 耳,17,17,0
weijin__luyun_pingyuan_22,weijin__luyun_pingyuan_22__part01,與兄平原書·第22札（本頁次序）,陸雲,3,59,72,恐兄无缘思于此，意犹云何？,恐兄 无缘 思于 此 意犹云何,恐兄 无缘 思 于此 意犹云何,5,5,1
weijin__luyun_pingyuan_22,weijin__luyun_pingyuan_22__part01,與兄平原書·第22札（本頁次序）,陸雲,4,72,84,而况乃有高伦，更复无意。,而况 乃有 高伦 更复 无意,而 况乃 有 高伦 更复 无意,5,6,1
weijin__luyun_pingyuan_22,weijin__luyun_pingyuan_22__part01,與兄平原書·第22札（本頁次序）,陸雲,5,84,98,云故曰不作文，而常少张公文。,云 故曰 不 作文 而常少 张 公文,云 故曰 不 作文 而常少 张 公文,7,7,0
weijin__luyun_pingyuan_22,weijin__luyun_pingyuan_22__part01,與兄平原書·第22札（本頁次序）,陸雲,6,98,129,今所作，兄辄复云过之，得作此公非，便可斐然有所谢，故自为不及。,今所作 兄辄 复云过 之 得作 此公 非 便 可 斐然 有所 谢 故自为 不及,今所作 兄辄 复云过 之 得作 此公 非 便 可 斐然 有所 谢 故 自为 不及,14,15,1
weijin__luyun_pingyuan_22,weijin__luyun_pingyuan_22__part01,與兄平原書·第22札（本頁次序）,陸雲,7,129,146,诸碑藏辈甚极，不足与校，歌亦平平。,诸碑 藏辈 甚极 不足 与校 歌 亦 平平,诸碑 藏辈 甚极 不足 与校 歌 亦 平平,8,8,0
weijin__luyun_pingyuan_22,weijin__luyun_pingyuan_22__part01,與兄平原書·第22札（本頁次序）,陸雲,8,146,218,彼见人讚叙者，当与令伯伦吴百官次第公卿名伯，略尽识少，交当具，顷作颂及吴事，有怆然，且公传未成，诸人所作，多不尽理，兄作之公私并叙，且又非常业。,彼见 人赞 叙者 当 与 令伯伦 吴 百官 次第 公卿 名伯 略 尽识少 交当具 顷作 颂 及 吴事 有怆 然 且 公传 未成 诸人 所作 多 不尽 理 兄作 之 公私 并 叙 且 又 非常 业,彼 见人 赞叙者 当 与 令 伯伦 吴 百官 次第 公卿 名伯 略尽 识少 交当 具 顷作 颂 及 吴事 有 怆然 且 公传 未成 诸人 所 作 多 不尽 理 兄作 之 公私 并 叙 且 又 非常 业,37,40,1
weijin__luyun_pingyuan_22,weijin__luyun_pingyuan_22__part01,與兄平原書·第22札（本頁次序）,陸雲,9,218,236,从云，兄来作之，今略已成，甚复可借。,从云 兄来作 之 今略 已成 甚复 可 借,从云 兄来作 之 今略 已成 甚复 可 借,8,8,0
weijin__luyun_pingyuan_22,weijin__luyun_pingyuan_22__part01,與兄平原書·第22札（本頁次序）,陸雲,10,236,252,事少，功夫亦易耳，犹可得五十卷。,事少 功夫 亦 易 耳 犹可 得 五十卷,事少 功夫 亦 易 耳 犹可 得 五十卷,8,8,0
weijin__luyun_pingyuan_22,weijin__luyun_pingyuan_22__part01,與兄平原書·第22札（本頁次序）,陸雲,11,252,255,谨启。,谨启,谨启,1,1,0
weijin__luyun_pingyuan_25,weijin__luyun_pingyuan_25__part01,與兄平原書·第25札（本頁次序）,陸雲,0,0,25,云再拜：一日会公大钦，欣命坐者皆赋诸诗，了不作备；,云 再拜 一日 会公大钦 欣命 坐者 皆 赋 诸 诗 了 不作备,云 再拜 一日 会公大钦 欣命 坐者 皆 赋 诸 诗 了 不作备,12,12,0
weijin__luyun_pingyuan_25,weijin__luyun_pingyuan_25__part01,與兄平原書·第25札（本頁次序）,陸雲,1,25,41,此日又病极，得思惟立草，复不为。,此日 又 病极 得 思惟 立草 复不为,此日 又 病极 得 思惟 立草 复 不为,7,8,1
weijin__luyun_pingyuan_25,weijin__luyun_pingyuan_25__part01,與兄平原書·第25札（本頁次序）,陸雲,2,41,60,乃仓卒退还，犹复多少有所定，犹不副意。,乃 仓卒 退还 犹复 多少 有所 定 犹不副意,乃 仓卒 退还 犹复 多少 有所 定 犹不副意,8,8,0
weijin__luyun_pingyuan_25,weijin__luyun_pingyuan_25__part01,與兄平原書·第25札（本頁次序）,陸雲,3,60,121,与颂虽同体，然佳不如颂，不解此意可以，王弘远去，当祖道，似当复作诗，构作此一篇，至积思，复欲不如前仓卒时，不知为可存录不？,与 颂 虽 同体 然佳 不如 颂 不解 此意 可以 王弘 远去 当祖道 似当 复作 诗 构作此 一篇 至积思 复欲 不如 前 仓卒 时 不知 为 可 存录 不,与 颂 虽 同体 然佳 不如 颂 不解 此意 可以 王 弘远 去 当祖道 似当 复作 诗 构作此 一篇 至 积思 复欲 不如 前 仓卒 时 不知 为 可 存录 不,29,31,1
weijin__luyun_pingyuan_25,weijin__luyun_pingyuan_25__part01,與兄平原書·第25札（本頁次序）,陸雲,4,121,130,诸诗未出，别写送。,诸诗 未出 别写 送,诸诗 未出 别写 送,4,4,0
weijin__luyun_pingyuan_25,weijin__luyun_pingyuan_25__part01,與兄平原書·第25札（本頁次序）,陸雲,5,130,173,弘远诗极佳，中静作亦佳，张魏郡作《急就诗》，公甚笑，燕王亦似不复祖道，弘远已作为存耳。,弘远 诗 极佳 中静作 亦佳 张魏 郡 作 急 就 诗 公甚笑 燕王 亦 似不复 祖道 弘远 已 作为 存耳,弘远 诗 极佳 中 静作 亦佳 张魏 郡 作 急 就 诗 公甚笑 燕王 亦 似不复 祖道 弘远 已 作为 存耳,20,21,1
weijin__luyun_pingyuan_25,weijin__luyun_pingyuan_25__part01,與兄平原書·第25札（本頁次序）,陸雲,6,173,191,兄《园蔡诗》清工，然犹复非兄诗妙者。,兄 园 蔡诗 清工 然犹复 非兄 诗妙者,兄 园 蔡诗 清工 然犹复 非兄 诗妙者,7,7,0
weijin__luyun_pingyuan_25,weijin__luyun_pingyuan_25__part01,與兄平原書·第25札（本頁次序）,陸雲,7,191,217,云诗亦唯为彼一语，如佳先已先得，便自委顿，欲更作之。,云诗 亦 唯为 彼一语 如佳先 已 先得 便 自 委顿 欲 更作 之,云诗 亦 唯为 彼一语 如佳先 已 先得 便 自 委顿 欲 更作 之,13,13,0
weijin__luyun_pingyuan_25,weijin__luyun_pingyuan_25__part01,與兄平原書·第25札（本頁次序）,陸雲,8,217,236,昔如已身先此篇诗，了不复仿佛识有此语；,昔如 已身 先此 篇 诗 了 不复 仿佛 识有 此语,昔如 已身 先此 篇 诗 了 不复 仿佛 识有 此语,10,10,0
weijin__luyun_pingyuan_25,weijin__luyun_pingyuan_25__part01,與兄平原書·第25札（本頁次序）,陸雲,9,236,244,此语于常言为佳。,此语 于 常言 为佳,此语 于 常言 为佳,4,4,0
weijin__luyun_pingyuan_25,weijin__luyun_pingyuan_25__part01,與兄平原書·第25札（本頁次序）,陸雲,10,244,247,谨启。,谨启,谨启,1,1,0
weijin__luyun_pingyuan_26,weijin__luyun_pingyuan_26__part01,與兄平原書·第26札（本頁次序）,陸雲,0,0,16,云再拜：久不复作文，了无复次第。,云 再拜 久 不复 作文 了 无复 次第,云 再拜 久 不复 作文 了 无复 次第,8,8,0
weijin__luyun_pingyuan_26,weijin__luyun_pingyuan_26__part01,與兄平原書·第26札（本頁次序）,陸雲,1,16,53,真玄昔屡闻周侯至论，前比霖雨，此不人亦作《愁霖赋》，好丑见教，又因人见督；,真玄昔 屡闻 周侯 至论 前比 霖雨 此不人亦作 愁霖 赋 好丑 见教 又 因人 见督,真玄昔 屡闻 周侯 至论 前比 霖雨 此不人亦作 愁霖 赋 好丑 见教 又 因人 见督,14,14,0
weijin__luyun_pingyuan_26,weijin__luyun_pingyuan_26__part01,與兄平原書·第26札（本頁次序）,陸雲,2,53,63,自愁惨，又了无复意。,自愁 惨 又 了 无复意,自 愁惨 又 了无 复意,5,5,1
weijin__luyun_pingyuan_26,weijin__luyun_pingyuan_26__part01,與兄平原書·第26札（本頁次序）,陸雲,3,63,94,此家勤勤难违之，亦复毒此雨，忧邑聊作之，因以言哀思，又作喜霁。,此家 勤勤 难违 之 亦 复毒 此雨 忧邑 聊作 之 因以 言 哀思 又 作喜 霁,此家勤 勤难 违之 亦复 毒此 雨 忧邑 聊作 之 因以 言 哀思 又 作喜 霁,16,15,1
weijin__luyun_pingyuan_26,weijin__luyun_pingyuan_26__part01,與兄平原書·第26札（本頁次序）,陸雲,4,94,104,今送，云作为易得耳。,今送 云 作为 易得 耳,今送 云 作为 易得 耳,5,5,0
weijin__luyun_pingyuan_26,weijin__luyun_pingyuan_26__part01,與兄平原書·第26札（本頁次序）,陸雲,5,104,113,穷不好，故都绝意。,穷 不好 故都 绝意,穷 不好 故都 绝意,4,4,0
weijin__luyun_pingyuan_26,weijin__luyun_pingyuan_26__part01,與兄平原書·第26札（本頁次序）,陸雲,6,113,129,此间人呼作者皆休，故不得有所送。,此间 人呼 作者 皆 休 故 不得 有所 送,此间 人呼 作者 皆 休 故 不得 有所 送,9,9,0
weijin__luyun_pingyuan_26,weijin__luyun_pingyuan_26__part01,與兄平原書·第26札（本頁次序）,陸雲,7,129,146,不审此何成，已出之，故为存不弃耳。,不 审此 何成 已出 之 故为 存不弃 耳,不审 此何成 已出 之 故为 存 不弃 耳,8,8,1
weijin__luyun_pingyuan_26,weijin__luyun_pingyuan_26__part01,與兄平原書·第26札（本頁次序）,陸雲,8,146,149,谨启。,谨启,谨启,1,1,0
weijin__luyun_pingyuan_27,weijin__luyun_pingyuan_27__part01,與兄平原書·第27札（本頁次序）,陸雲,0,0,44,云再拜：一日视伯喈《祖德颂》，亦以述作宜褒扬祖考为先，聊复作此颂，今送之，愿兄为损益之。,云 再拜 一日 视伯喈 祖德颂 亦 以 述作 宜 褒扬 祖考 为先 聊复作 此颂 今送 之 愿兄 为 损益 之,云 再拜 一日 视伯喈 祖德颂 亦 以 述作 宜 褒扬 祖考 为先 聊 复作 此颂 今送 之 愿兄 为 损益 之,20,21,1
weijin__luyun_pingyuan_27,weijin__luyun_pingyuan_27__part01,與兄平原書·第27札（本頁次序）,陸雲,1,44,70,欲令省，而正自辄多，欲无可如省，碑文通大悦愉有似赋。,欲令省 而 正 自辄 多 欲 无可 如省 碑文 通 大悦 愉有 似赋,欲令省 而 正 自辄 多 欲 无可 如省 碑文 通 大悦 愉有 似赋,13,13,0
weijin__luyun_pingyuan_27,weijin__luyun_pingyuan_27__part01,與兄平原書·第27札（本頁次序）,陸雲,2,70,79,愚谓小复质之为佳。,愚谓 小复质 之 为 佳,愚谓 小复 质之为 佳,5,4,1
weijin__luyun_pingyuan_27,weijin__luyun_pingyuan_27__part01,與兄平原書·第27札（本頁次序）,陸雲,3,79,94,前作此颂书之，行欲遣信以白兄。,前作 此颂书 之 行欲遣 信以 白兄,前作 此颂书 之 行欲遣 信以 白兄,6,6,0
weijin__luyun_pingyuan_27,weijin__luyun_pingyuan_27__part01,與兄平原書·第27札（本頁次序）,陸雲,4,94,122,昨闻有赋消息，愁愦无赖，既冀又然，又已成书，聊以付信耳。,昨闻 有 赋 消息 愁 愦 无赖 既冀又然 又 已 成书 聊以 付信 耳,昨闻 有 赋 消息 愁愦 无赖 既冀又然 又 已 成书 聊以 付信 耳,14,13,1
weijin__luyun_pingyuan_27,weijin__luyun_pingyuan_27__part01,與兄平原書·第27札（本頁次序）,陸雲,5,122,145,寻得李宠劝封禅草，信自有才，颇多烦长耳，令送。,寻得 李宠 劝 封禅 草 信 自有 才 颇 多 烦长 耳 令送,寻得 李宠 劝 封禅 草 信 自有 才 颇 多烦 长耳 令送,13,12,1
weijin__luyun_pingyuan_27,weijin__luyun_pingyuan_27__part01,與兄平原書·第27札（本頁次序）,陸雲,6,145,160,间人又有张公所作，已令写别送。,间 人 又 有 张 公所 作 已令 写别 送,间 人 又 有 张 公所 作 已令 写别 送,10,10,0
weijin__luyun_pingyuan_27,weijin__luyun_pingyuan_27__part01,與兄平原書·第27札（本頁次序）,陸雲,7,160,174,临纸罔罔，不知复所言，谨启。,临纸 罔 罔 不知 复所言 谨启,临纸 罔 罔 不知 复所言 谨启,6,6,0
weijin__luyun_pingyuan_29,weijin__luyun_pingyuan_29__part01,與兄平原書·第29札（本頁次序）,陸雲,0,0,14,云再拜：君苗文天才中亦少尔。,云 再拜 君 苗文 天才 中亦少尔,云 再拜 君 苗文 天才 中亦少尔,6,6,0
weijin__luyun_pingyuan_29,weijin__luyun_pingyuan_29__part01,與兄平原書·第29札（本頁次序）,陸雲,1,14,34,然自复能作文，云唯见其《登台赋》及诗颂。,然自复 能 作文 云唯见 其 登台 赋 及 诗颂,然自复 能 作文 云唯见 其 登台 赋 及 诗颂,9,9,0
weijin__luyun_pingyuan_29,weijin__luyun_pingyuan_29__part01,與兄平原書·第29札（本頁次序）,陸雲,2,34,60,作《愁霖赋》极佳，颇仿云，云所如多恐，故当在二人後。,作 愁霖 赋 极佳 颇 仿云 云所 如多恐 故当 在 二人 后,作 愁霖 赋 极佳 颇 仿云 云所 如多恐 故当 在 二人 后,12,12,0
weijin__luyun_pingyuan_29,weijin__luyun_pingyuan_29__part01,與兄平原書·第29札（本頁次序）,陸雲,3,60,67,然未究见其文。,然未究 见 其文,然未究 见 其文,3,3,0
weijin__luyun_pingyuan_29,weijin__luyun_pingyuan_29__part01,與兄平原書·第29札（本頁次序）,陸雲,4,67,87,见兄文，辄云欲烧笔砚，以为此故不喜出之。,见 兄文 辄 云欲烧 笔砚 以为 此故 不 喜出 之,见 兄文 辄 云欲烧 笔砚 以为 此故 不 喜出 之,10,10,0
weijin__luyun_pingyuan_29,weijin__luyun_pingyuan_29__part01,與兄平原書·第29札（本頁次序）,陸雲,5,87,105,曹志，苗之妇公，其妇及儿，皆能作文。,曹志 苗之妇 公 其妇 及儿 皆 能 作文,曹志 苗 之 妇公 其妇 及儿 皆 能 作文,8,9,1
weijin__luyun_pingyuan_29,weijin__luyun_pingyuan_29__part01,與兄平原書·第29札（本頁次序）,陸雲,6,105,130,项借其释询二十七卷，当欲百馀纸写之，不知兄尽有不？,项借 其 释询 二十七 卷 当欲百馀纸 写 之 不知 兄尽 有 不,项借 其 释询 二十七 卷 当欲百馀纸 写 之 不知 兄尽 有 不,12,12,0
weijin__luyun_pingyuan_29,weijin__luyun_pingyuan_29__part01,與兄平原書·第29札（本頁次序）,陸雲,7,130,147,李氏云：「雪与列韵，曹便复不用。」,李氏 云 雪 与 列韵 曹便复 不用,李氏 云 雪 与 列韵 曹便复 不用,7,7,0
weijin__luyun_pingyuan_29,weijin__luyun_pingyuan_29__part01,與兄平原書·第29札（本頁次序）,陸雲,8,147,158,人亦复云，曹不可用者。,人 亦 复云 曹 不可 用 者,人 亦复 云 曹 不可 用者,7,6,1
weijin__luyun_pingyuan_29,weijin__luyun_pingyuan_29__part01,與兄平原書·第29札（本頁次序）,陸雲,9,158,167,音自难得正，谨启。,音自 难得 正 谨启,音自 难得 正 谨启,4,4,0
weijin__luyun_pingyuan_31,weijin__luyun_pingyuan_31__part01,與兄平原書·第31札（本頁次序）,陸雲,0,0,29,云再拜：今送君苗《登台赋》，为佳手笔，云复更定，复胜此不？,云 再拜 今 送君 苗 登台 赋 为佳 手笔 云复 更定 复胜此 不,云 再拜 今 送君 苗 登台 赋 为佳 手笔 云复 更定 复胜此 不,13,13,0
weijin__luyun_pingyuan_31,weijin__luyun_pingyuan_31__part01,與兄平原書·第31札（本頁次序）,陸雲,1,29,35,知能逾之不？,知能 逾 之 不,知能 逾 之 不,4,4,0
weijin__luyun_pingyuan_31,weijin__luyun_pingyuan_31__part01,與兄平原書·第31札（本頁次序）,陸雲,2,35,73,其人能推兄文不可言，作文百馀卷，不肯出之，视仲宣赋集初述征《登楼》前即甚佳。,其人能 推兄文 不 可言 作文 百馀卷 不肯 出 之 视仲宣 赋集 初述 征 登楼 前即 甚佳,其人能 推兄文 不 可言 作文 百馀卷 不肯 出 之 视仲宣 赋集 初述 征 登楼 前即 甚佳,16,16,0
weijin__luyun_pingyuan_31,weijin__luyun_pingyuan_31__part01,與兄平原書·第31札（本頁次序）,陸雲,3,73,100,其馀平平，不得言情处，此贤文正自欲不茂，不审兄呼尔不？,其 馀 平平 不得 言情 处 此贤文正 自欲 不茂 不 审兄 呼尔 不,其 馀 平平 不得 言情 处 此贤文正 自欲 不茂 不审 兄 呼尔 不,13,13,1
weijin__luyun_pingyuan_31,weijin__luyun_pingyuan_31__part01,與兄平原書·第31札（本頁次序）,陸雲,4,100,118,真玄亦云兄文当作宣辈，宣得此巍巍耳。,真玄亦云 兄文 当作 宣辈 宣得 此 巍巍 耳,真玄亦云 兄文 当作 宣辈 宣得 此 巍巍 耳,8,8,0
weijin__luyun_pingyuan_31,weijin__luyun_pingyuan_31__part01,與兄平原書·第31札（本頁次序）,陸雲,5,118,138,愁霖喜霁，殊自委顿，恐此都自易胜，谨启。,愁霖 喜霁 殊自 委顿 恐此 都 自易胜 谨启,愁霖 喜霁 殊自 委顿 恐此 都 自易胜 谨启,8,8,0
weijin__luyun_pingyuan_32,weijin__luyun_pingyuan_32__part01,與兄平原書·第32札（本頁次序）,陸雲,0,0,18,云再拜：诲颂兄意乃以为佳，甚以自慰。,云 再拜 诲 颂 兄意 乃 以为 佳 甚以 自慰,云 再拜 诲 颂 兄意 乃 以为 佳 甚以 自慰,10,10,0
weijin__luyun_pingyuan_32,weijin__luyun_pingyuan_32__part01,與兄平原書·第32札（本頁次序）,陸雲,1,18,29,今易上韵，不知差前不？,今易 上 韵 不知 差前 不,今易 上 韵 不知 差前 不,6,6,0
weijin__luyun_pingyuan_32,weijin__luyun_pingyuan_32__part01,與兄平原書·第32札（本頁次序）,陸雲,2,29,40,不佳者，愿兄小为损益。,不佳者 愿兄 小为 损益,不佳者 愿兄 小为 损益,4,4,0
weijin__luyun_pingyuan_32,weijin__luyun_pingyuan_32__part01,與兄平原書·第32札（本頁次序）,陸雲,3,40,59,今定下云灵旆电挥，因兄见许，意遂不恪。,今 定下 云灵 旆 电挥 因兄 见许 意遂 不 恪,今 定下 云灵 旆 电挥 因兄 见许 意遂 不 恪,10,10,0
weijin__luyun_pingyuan_32,weijin__luyun_pingyuan_32__part01,與兄平原書·第32札（本頁次序）,陸雲,4,59,73,不知可作蔡氏《祖德颂》比不？,不知 可作 蔡氏 祖德颂 比 不,不知 可作 蔡氏 祖德颂 比 不,6,6,0
weijin__luyun_pingyuan_32,weijin__luyun_pingyuan_32__part01,與兄平原書·第32札（本頁次序）,陸雲,5,73,103,景猷有蔡氏文四十馀卷，小者六七纸，大者数十纸，文章亦足为然。,景猷 有 蔡氏文 四十 馀 卷 小 者 六七 纸 大者 数十 纸 文章 亦 足 为然,景猷 有 蔡氏文 四十 馀 卷 小 者 六七 纸 大者 数十 纸 文章 亦 足 为然,17,17,0
weijin__luyun_pingyuan_32,weijin__luyun_pingyuan_32__part01,與兄平原書·第32札（本頁次序）,陸雲,6,103,117,然其可贵者，故复是常所文耳。,然其 可贵 者 故复 是 常所文耳,然其 可贵 者 故复 是 常所文耳,6,6,0
weijin__luyun_pingyuan_32,weijin__luyun_pingyuan_32__part01,與兄平原書·第32札（本頁次序）,陸雲,7,117,138,云顷不佳思虑，胸腹如鼓，夜不便，眠了不可。,云顷 不佳 思虑 胸腹 如鼓 夜 不便 眠 了 不可,云顷 不佳 思虑 胸腹 如鼓 夜 不便 眠 了 不可,10,10,0
weijin__luyun_pingyuan_32,weijin__luyun_pingyuan_32__part01,與兄平原書·第32札（本頁次序）,陸雲,8,138,163,又以有意兄，不佳文章，已足垂不朽，不足又多，谨启。,又 以 有意 兄 不佳 文章 已足 垂 不朽 不足 又 多 谨启,又 以 有意 兄 不佳 文章 已足 垂 不朽 不足 又 多 谨启,13,13,0
weijin__luyun_pingyuan_34,weijin__luyun_pingyuan_34__part01,與兄平原書·第34札（本頁次序）,陸雲,0,0,41,云再拜：顷哀思，更力成《岁暮赋》，适且毕，犹未大定，自呼前後所未有，是云文之绝无。,云 再拜 顷 哀思 更力 成 岁暮 赋 适且 毕 犹未 大定 自呼 前后 所 未有 是 云文 之 绝无,云 再拜 顷 哀思 更力 成 岁暮 赋 适且 毕 犹未 大定 自呼 前后 所 未有 是 云文 之 绝无,20,20,0
weijin__luyun_pingyuan_34,weijin__luyun_pingyuan_34__part01,與兄平原書·第34札（本頁次序）,陸雲,1,41,60,又忆兄常云：「文後成者，恒谓之佳贞。」,又忆 兄常云 文后 成者 恒 谓之 佳贞,又忆 兄常云 文 后成 者 恒 谓之 佳贞,7,8,1
weijin__luyun_pingyuan_34,weijin__luyun_pingyuan_34__part01,與兄平原書·第34札（本頁次序）,陸雲,2,60,71,小尔恐数，自後转不如。,小尔 恐数 自后 转 不如,小尔 恐数 自后 转 不如,5,5,0
weijin__luyun_pingyuan_34,weijin__luyun_pingyuan_34__part01,與兄平原書·第34札（本頁次序）,陸雲,3,71,92,今且欲寄之，既未大定，又恐此信至，兄已发。,今且 欲 寄 之 既 未 大定 又 恐 此信 至 兄 已发,今且 欲 寄 之 既 未 大定 又 恐 此信 至 兄 已发,13,13,0
weijin__luyun_pingyuan_34,weijin__luyun_pingyuan_34__part01,與兄平原書·第34札（本頁次序）,陸雲,4,92,100,当因著洛，谨启。,当因 著洛 谨启,当因 著洛 谨启,3,3,0
weijin__luyun_pingyuan_35,weijin__luyun_pingyuan_35__part01,與兄平原書·第35札（本頁次序）,陸雲,0,0,21,云再拜：兄前表甚有深情远旨，可耽味高文也。,云 再拜 兄前表 甚有 深情 远旨 可 耽味 高文 也,云 再拜 兄前表 甚有 深情 远旨 可 耽味 高文 也,10,10,0
weijin__luyun_pingyuan_35,weijin__luyun_pingyuan_35__part01,與兄平原書·第35札（本頁次序）,陸雲,1,21,52,兄文虽复自相为作多少，然无不为高，体中不快，不足复以自劳役耳。,兄文 虽复 自相为 作 多少 然 无不 为 高 体中 不快 不足 复以 自 劳役 耳,兄文 虽复 自 相 为作 多少 然 无不 为 高 体中 不快 不足 复以 自 劳役 耳,16,17,1
weijin__luyun_pingyuan_35,weijin__luyun_pingyuan_35__part01,與兄平原書·第35札（本頁次序）,陸雲,2,52,70,前集兄文为二十卷，适讫一十，当黄之。,前集 兄文为 二十卷 适讫 一十 当黄 之,前集 兄文为 二十卷 适讫 一十 当黄 之,7,7,0
weijin__luyun_pingyuan_35,weijin__luyun_pingyuan_35__part01,與兄平原書·第35札（本頁次序）,陸雲,3,70,85,书不工，纸又恶，恨不精，谨启。,书不工 纸 又 恶 恨 不 精 谨启,书不工 纸 又 恶 恨 不 精 谨启,8,8,0
southnorth__shenyue_daluejue,southnorth__shenyue_daluejue__part01,答陸厥書,沈約,0,0,14,宮商之聲有五，文字之別累萬。,宫商 之声 有 五 文字 之别 累 万,宫商 之声 有 五 文字 之别 累 万,8,8,0
southnorth__shenyue_daluejue,southnorth__shenyue_daluejue__part01,答陸厥書,沈約,1,14,46,以累萬之繁，配五聲之約，高下低昂，非思力所學，又非止若斯而已也。,以累 万之繁 配 五声 之约 高下 低昂 非 思力 所学 又 非止 若斯 而已 也,以累 万之繁 配 五声 之约 高下 低昂 非 思力 所学 又 非止 若斯 而已 也,15,15,0
southnorth__shenyue_daluejue,southnorth__shenyue_daluejue__part01,答陸厥書,沈約,2,46,56,十字之文，顛倒相配；,十字 之文 颠倒 相配,十字 之文 颠倒 相配,4,4,0
southnorth__shenyue_daluejue,southnorth__shenyue_daluejue__part01,答陸厥書,沈約,3,56,68,字不過十，巧曆已不能盡；,字 不过 十 巧历 已 不能 尽,字 不过 十 巧历 已 不能 尽,7,7,0
southnorth__shenyue_daluejue,southnorth__shenyue_daluejue__part01,答陸厥書,沈約,4,68,77,何況復過於此者乎！,何况 复 过于 此者乎,何况 复 过于 此者乎,4,4,0
southnorth__shenyue_daluejue,southnorth__shenyue_daluejue__part01,答陸厥書,沈約,5,77,99,靈均以來，未經用之於懷抱，固無從得其仿佛矣。,灵均 以来 未经 用之于 怀抱 固 无从 得 其 仿佛 矣,灵均 以来 未经 用之于 怀抱 固 无从 得 其 仿佛 矣,11,11,0
southnorth__shenyue_daluejue,southnorth__shenyue_daluejue__part01,答陸厥書,沈約,6,99,113,若斯之妙，而聖人不尚，何邪？,若斯之妙 而 圣人 不尚 何邪,若斯之妙 而 圣人 不尚 何邪,5,5,0
southnorth__shenyue_daluejue,southnorth__shenyue_daluejue__part01,答陸厥書,沈約,7,113,138,此蓋曲折聲韻之巧，無當於訓義，非聖哲立言之所急也。,此盖 曲折 声韵 之巧 无当于 训义 非 圣哲 立言 之 所 急 也,此盖 曲折 声韵 之巧 无当 于 训义 非 圣哲 立言 之 所 急 也,13,14,1
southnorth__shenyue_daluejue,southnorth__shenyue_daluejue__part01,答陸厥書,沈約,8,138,155,是以子云譬之雕蟲篆刻，雲壯夫不為。,是 以子 云 譬之 雕虫篆刻 云 壮夫不为,是 以子 云 譬之 雕虫篆刻 云 壮夫不为,7,7,0
southnorth__shenyue_daluejue,southnorth__shenyue_daluejue__part01,答陸厥書,沈約,9,155,173,自古辭人，豈不知宮羽之殊，商徵之別。,自古 辞人 岂不知 宫羽 之殊 商征 之别,自古 辞人 岂不知 宫羽 之殊 商征 之别,7,7,0
southnorth__shenyue_daluejue,southnorth__shenyue_daluejue__part01,答陸厥書,沈約,10,173,193,雖知五音之異，而其中參差變動，所昧實多。,虽知 五音 之异 而 其中 参差 变动 所昧 实多,虽知 五音 之异 而 其中 参差 变动 所昧 实多,9,9,0
southnorth__shenyue_daluejue,southnorth__shenyue_daluejue__part01,答陸厥書,沈約,11,193,206,故鄙意所謂，此秘未睹者也。,故 鄙意 所谓 此秘 未睹 者 也,故 鄙意 所谓 此秘 未睹 者 也,7,7,0
southnorth__shenyue_daluejue,southnorth__shenyue_daluejue__part01,答陸厥書,沈約,12,206,224,以此而推，則知前世文士，便未悟此處。,以此 而 推 则 知 前世 文士 便 未悟 此处,以此 而 推 则 知 前世 文士 便 未悟 此处,10,10,0
southnorth__shenyue_daluejue,southnorth__shenyue_daluejue__part01,答陸厥書,沈約,13,224,252,若以文章之音韻，同弦管之聲曲，則美惡妍蚩，不得頓相乖反。,若 以 文章 之 音韵 同弦管 之 声曲 则 美恶 妍 蚩 不得 顿相乖 反,若 以 文章 之 音韵 同弦管 之 声曲 则 美恶 妍 蚩 不得 顿相 乖反,15,15,1
southnorth__shenyue_daluejue,southnorth__shenyue_daluejue__part01,答陸厥書,沈約,14,252,270,譬猶子野操曲，安得忽有闡緩失調之聲；,譬犹子 野操曲 安得 忽有 阐缓 失调 之声,譬犹 子野 操曲 安得 忽 有 阐缓 失调 之声,7,9,1
southnorth__shenyue_daluejue,southnorth__shenyue_daluejue__part01,答陸厥書,沈約,15,270,286,以洛神比陳思他賦，有似異手之作。,以 洛神 比 陈思 他 赋 有似 异手 之作,以 洛神 比 陈思 他 赋 有似 异手 之作,9,9,0
southnorth__shenyue_daluejue,southnorth__shenyue_daluejue__part01,答陸厥書,沈約,16,286,307,故知天機啟則律呂自調，六情滯則音律頓舛也。,故知 天机 启则 律吕 自 调 六情 滞则 音律 顿 舛 也,故知 天机 启则 律吕 自 调 六情 滞则 音律 顿舛 也,12,11,1
southnorth__shenyue_daluejue,southnorth__shenyue_daluejue__part01,答陸厥書,沈約,17,307,335,士衡雖雲炳若縟錦，寧有濯色江波，其中復有一片是衛文之服？,士衡 虽云炳 若缛锦 宁有 濯 色 江波 其中 复有 一片 是 卫文之服,士衡 虽云炳 若缛锦 宁有 濯 色 江波 其中 复有 一片 是 卫文之服,12,12,0
southnorth__shenyue_daluejue,southnorth__shenyue_daluejue__part01,答陸厥書,沈約,18,335,349,此則陸生之言，即復不盡者矣。,此则 陆生 之 言 即复 不尽 者 矣,此则 陆生 之 言 即复 不尽 者 矣,8,8,0
southnorth__shenyue_daluejue,southnorth__shenyue_daluejue__part01,答陸厥書,沈約,19,349,359,韻與不韻，復有精粗。,韵 与 不韵 复有 精粗,韵 与 不韵 复有 精粗,5,5,0
southnorth__shenyue_daluejue,southnorth__shenyue_daluejue__part01,答陸厥書,沈約,20,359,371,輪扁不能言，老地亦不盡。,轮扁 不能 言 老地 亦 不尽,轮扁 不能 言 老地 亦 不尽,6,6,0
southnorth__shenyue_daluejue,southnorth__shenyue_daluejue__part01,答陸厥書,沈約,21,371,374,辨此。,辨此,辨此,1,1,0
southnorth__shenyue_baowangjun,southnorth__shenyue_baowangjun__part01,報王筠書,沈約,0,0,20,覽所示詩，實為麗則，聲和被紙，光影盈字。,览 所示 诗 实为 丽则 声 和 被 纸 光影 盈字,览 所示 诗 实为 丽则 声 和 被 纸 光影 盈字,11,11,0
southnorth__shenyue_baowangjun,southnorth__shenyue_baowangjun__part01,報王筠書,沈約,1,20,31,夔、牙接響，顧有餘慚；,夔 牙 接响 顾 有余 惭,夔 牙 接响 顾有 余惭,6,5,1
southnorth__shenyue_baowangjun,southnorth__shenyue_baowangjun__part01,報王筠書,沈約,2,31,41,孔翠群翔，豈不多愧。,孔翠 群翔 岂 不多愧,孔翠 群翔 岂 不多愧,4,4,0
southnorth__shenyue_baowangjun,southnorth__shenyue_baowangjun__part01,報王筠書,沈約,3,41,61,古情拙目，每佇新奇，爛然總至，權輿已盡。,古情 拙目 每 伫 新奇 烂然 总至 权舆 已尽,古情 拙目 每 伫 新奇 烂然 总至 权舆 已尽,9,9,0
southnorth__shenyue_baowangjun,southnorth__shenyue_baowangjun__part01,報王筠書,沈約,4,61,81,會昌昭發，蘭揮玉振，克諧之義，寧比笙簧。,会昌 昭发 兰挥玉振 克谐 之义 宁比 笙簧,会昌 昭发 兰挥玉振 克谐 之义 宁比 笙簧,7,7,0
southnorth__shenyue_baowangjun,southnorth__shenyue_baowangjun__part01,報王筠書,沈約,5,81,101,思力所該，一至乎此，嘆服吟研，周流忘念。,思力 所该 一至乎 此 叹服 吟研 周流 忘念,思力 所该 一至乎 此 叹服 吟研 周流 忘念,8,8,0
southnorth__shenyue_baowangjun,southnorth__shenyue_baowangjun__part01,報王筠書,沈約,6,101,121,昔時幼壯，頗愛斯文，含咀之間，倏焉疲暮。,昔时 幼壮 颇 爱 斯文 含咀 之间 倏焉 疲暮,昔时 幼壮 颇 爱 斯文 含咀 之间 倏焉 疲暮,9,9,0
southnorth__shenyue_baowangjun,southnorth__shenyue_baowangjun__part01,報王筠書,沈約,7,121,141,不及後進，誠非一人，擅美推能，實歸吾子。,不及 后进 诚非 一人 擅美 推能 实归 吾子,不及 后进 诚非 一人 擅美 推能 实归 吾子,8,8,0
southnorth__shenyue_baowangjun,southnorth__shenyue_baowangjun__part01,報王筠書,沈約,8,141,151,遲比閒日，清覯乃申。,迟比 闲日 清 觏 乃申,迟比 闲日 清 觏 乃申,5,5,0
southnorth__shenyue_baoliuyao,southnorth__shenyue_baoliuyao__part01,報劉杳書,沈約,0,0,20,生平愛嗜，不在人中，林壑之歡，多與事奪。,生平 爱 嗜 不 在 人 中 林壑 之欢 多 与 事夺,生平 爱嗜 不在 人中 林壑 之欢 多 与 事夺,12,9,1
southnorth__shenyue_baoliuyao,southnorth__shenyue_baoliuyao__part01,報劉杳書,沈約,1,20,30,日暮塗殫，此心往矣；,日暮 涂殚 此心 往 矣,日暮 涂殚 此心 往 矣,5,5,0
southnorth__shenyue_baoliuyao,southnorth__shenyue_baoliuyao__part01,報劉杳書,沈約,2,30,42,猶獲少存閒遠，徵懷清曠。,犹获 少存 闲远 征怀 清旷,犹获 少存 闲远 征怀 清旷,5,5,0
southnorth__shenyue_baoliuyao,southnorth__shenyue_baoliuyao__part01,報劉杳書,沈約,3,42,64,結宇東郊，菲雲止息，政復頗寄夙心，時得休偃。,结宇 东郊 菲云 止息 政复 颇 寄 夙心 时得 休 偃,结宇 东郊 菲云 止息 政复 颇 寄 夙心 时得 休 偃,11,11,0
southnorth__shenyue_baoliuyao,southnorth__shenyue_baoliuyao__part01,報劉杳書,沈約,4,64,88,仲長游居之地，休璉所述之美，望慕空深，何可仿佛。,仲长 游居 之 地 休琏 所述 之美 望 慕空深 何可 仿佛,仲长 游居 之 地 休琏 所述 之美 望 慕空深 何可 仿佛,11,11,0
southnorth__shenyue_baoliuyao,southnorth__shenyue_baoliuyao__part01,報劉杳書,沈約,5,88,99,君愛素情多，惠以二贊。,君爱素 情多 惠以 二赞,君爱素 情多 惠以 二赞,4,4,0
southnorth__shenyue_baoliuyao,southnorth__shenyue_baoliuyao__part01,報劉杳書,沈約,6,99,129,辭采妍富，事義畢舉，句韻之間，光影相照，便覺此地，自然十倍。,辞 采妍富 事义 毕举 句韵 之间 光影 相照 便觉 此地 自然 十倍,辞采 妍 富 事义 毕举 句韵 之间 光影 相照 便觉 此地 自然 十倍,12,13,1
southnorth__shenyue_baoliuyao,southnorth__shenyue_baoliuyao__part01,報劉杳書,沈約,7,129,153,故知麗辭之益，其事弘多，輒當置之閣上，坐臥嗟覽。,故知 丽辞 之益 其事 弘多 辄 当置 之阁 上 坐卧 嗟览,故知 丽辞 之益 其事 弘多 辄 当置 之阁 上 坐卧 嗟览,11,11,0
southnorth__shenyue_baoliuyao,southnorth__shenyue_baoliuyao__part01,報劉杳書,沈約,8,153,163,別卷諸篇，並為名制。,别卷 诸篇 并 为名 制,别卷 诸篇 并 为名 制,5,5,0
southnorth__shenyue_baoliuyao,southnorth__shenyue_baoliuyao__part01,報劉杳書,沈約,9,163,189,又山寺既為警策，諸賢從時復高奇，解頤翕疾，義兼乎此。,又 山寺 既 为 警策 诸贤 从 时复 高奇 解颐 翕 疾 义兼乎 此,又 山寺 既 为 警策 诸 贤从 时复 高奇 解颐 翕 疾 义兼乎 此,14,14,1
southnorth__shenyue_baoliuyao,southnorth__shenyue_baoliuyao__part01,報劉杳書,沈約,10,189,199,遲比聚會，更其申析。,迟比 聚会 更 其 申析,迟比 聚会 更 其 申析,5,5,0
southnorth__shenyue_yufanshuzeng,southnorth__shenyue_yufanshuzeng__part01,與范述曾論竟陵王賦書,沈約,0,0,12,夫𣺌泛滄流，則不識涯涘；,夫 𣺌 泛沧流 则 不识涯 涘,夫 𣺌 泛 沧流 则 不识 涯 涘,6,8,1
southnorth__shenyue_yufanshuzeng,southnorth__shenyue_yufanshuzeng__part01,與范述曾論竟陵王賦書,沈約,1,12,23,雜陳鍾石，則莫辨宮商。,杂陈 钟石 则 莫辨 宫商,杂陈 钟石 则 莫辨 宫商,5,5,0
southnorth__shenyue_yufanshuzeng,southnorth__shenyue_yufanshuzeng__part01,與范述曾論竟陵王賦書,沈約,2,23,50,雖復吟誦迴環，編離字滅，終無所辨，仰酬睿旨，微表寸長。,虽复 吟诵 回环 编离 字 灭 终无所 辨 仰酬 睿 旨 微表 寸长,虽复 吟诵 回环 编离 字 灭 终 无所 辨 仰酬 睿 旨 微表 寸长,13,14,1
southnorth__shenyue_daleai,southnorth__shenyue_daleai__part01,答樂藹書,沈約,0,0,31,丞相風道引曠，獨秀生民，凝猷盛烈，方軌伊、旦遣之感，朝野同悲。,丞相 风道 引旷 独秀 生民 凝猷 盛烈 方轨 伊 旦遣 之感 朝野 同悲,丞相 风道 引旷 独秀 生民 凝猷 盛烈 方轨 伊 旦遣 之感 朝野 同悲,13,13,0
southnorth__shenyue_daleai,southnorth__shenyue_daleai__part01,答樂藹書,沈約,1,31,53,承當刊石紀功，傳華千載，宜須盛述，實允來談。,承当 刊 石纪 功 传华 千载 宜须 盛述 实允来 谈,承当 刊 石纪 功 传华 千载 宜须 盛述 实允来 谈,10,10,0
southnorth__shenyue_daleai,southnorth__shenyue_daleai__part01,答樂藹書,沈約,2,53,73,郭有道漢末之匹夫，非蔡伯喈不足以偶三絕；,郭有 道 汉末 之 匹夫 非 蔡伯喈 不足以 偶三绝,郭有 道 汉末 之 匹夫 非 蔡伯喈 不足以 偶 三绝,9,10,1
southnorth__shenyue_daleai,southnorth__shenyue_daleai__part01,答樂藹書,沈約,3,73,87,謝安石素族之台輔，時無麗藻。,谢安石 素族 之台辅 时无丽藻,谢安石 素族 之 台辅 时 无 丽藻,4,7,1
southnorth__shenyue_daleai,southnorth__shenyue_daleai__part01,答樂藹書,沈約,4,87,120,迄乃有碑無文，況文獻王冠冕彝倫，儀形萬內，自非一世辭宗，難或與此。,迄乃有 碑 无文 况 文献 王 冠冕 彝伦 仪形 万内 自非 一世 辞宗 难 或 与 此,迄乃有 碑 无文 况 文献 王 冠冕 彝伦 仪形 万内 自非 一世 辞宗 难 或 与 此,17,17,0
southnorth__shenyue_daleai,southnorth__shenyue_daleai__part01,答樂藹書,沈約,5,120,143,約閭閈鄙人，名不入第，欻酬今旨，便是以禮許人。,约 闾 闬 鄙人 名不入 第 欻 酬 今旨 便是 以礼 许人,约 闾闬 鄙人 名不入 第 欻 酬 今旨 便是 以礼 许人,12,11,1
southnorth__shenyue_daleai,southnorth__shenyue_daleai__part01,答樂藹書,沈約,6,143,157,聞命慚顏，已不覺污之沾背也。,闻命 惭颜 已 不觉 污之 沾 背 也,闻命 惭颜 已 不觉 污之 沾 背 也,8,8,0
southnorth__lujue_yushenyue,southnorth__lujue_yushenyue__part01,與沈約書,陸厥,0,0,28,范詹事《自序》：「性別宮商，識清濁，特能適輕重，濟艱難。,范詹事 自序 性别 宫商 识 清浊 特能适 轻重 济 艰难,范詹事 自序 性别 宫商 识 清浊 特能适 轻重 济 艰难,10,10,0
southnorth__lujue_yushenyue,southnorth__lujue_yushenyue__part01,與沈約書,陸厥,1,28,55,古今文人，多不全了斯處，縱有會此者，不必從根本中來。」,古今 文人 多不全 了 斯处 纵有会 此者 不必 从 根本 中来,古今 文人 多不全 了 斯处 纵有会 此者 不必 从 根本 中来,11,11,0
southnorth__lujue_yushenyue,southnorth__lujue_yushenyue__part01,與沈約書,陸厥,2,55,74,沈尚書亦云：「自靈均以來，此秘未睹。」,沈 尚书 亦 云 自 灵均 以来 此秘 未睹,沈尚书 亦 云 自 灵均 以来 此秘 未睹,9,8,1
southnorth__lujue_yushenyue,southnorth__lujue_yushenyue__part01,與沈約書,陸厥,3,74,86,或「暗與理合，匪由思至。,或 暗 与 理合 匪由思至,或 暗 与 理合 匪由思至,5,5,0
southnorth__lujue_yushenyue,southnorth__lujue_yushenyue__part01,與沈約書,陸厥,4,86,107,張蔡曹王，曾無先覺，潘陸顏謝，去之彌遠。」,张 蔡 曹王 曾 无 先觉 潘陆 颜谢 去 之弥远,张蔡 曹王 曾 无 先觉 潘陆颜谢 去 之 弥远,10,9,1
southnorth__lujue_yushenyue,southnorth__lujue_yushenyue__part01,與沈約書,陸厥,5,107,122,大旨鈞使「宮羽相變，低昂舛節。,大旨 钧 使 宫羽 相变 低昂 舛 节,大旨 钧 使 宫羽 相变 低昂 舛 节,8,8,0
southnorth__lujue_yushenyue,southnorth__lujue_yushenyue__part01,與沈約書,陸厥,6,122,134,若前有浮聲，則後須切響。,若前 有 浮声 则 后须 切响,若前 有 浮声 则 后 须 切响,6,7,1
southnorth__lujue_yushenyue,southnorth__lujue_yushenyue__part01,與沈約書,陸厥,7,134,144,一簡之內，音韶盡殊；,一简 之内 音韶尽殊,一简 之内 音韶尽殊,3,3,0
southnorth__lujue_yushenyue,southnorth__lujue_yushenyue__part01,與沈約書,陸厥,8,144,155,兩句之中，輕重悉異。」,两句 之中 轻重 悉异,两句 之中 轻重 悉异,4,4,0
southnorth__lujue_yushenyue,southnorth__lujue_yushenyue__part01,與沈約書,陸厥,9,155,165,辭既美矣，理又善焉。,辞 既 美 矣 理又善 焉,辞 既 美 矣 理又善 焉,6,6,0
southnorth__lujue_yushenyue,southnorth__lujue_yushenyue__part01,與沈約書,陸厥,10,165,193,但觀歷代眾賢，似不都暗此處，而雲「此秘未睹」，近於誣乎？,但观 历代 众贤 似 不 都 暗 此处 而云 此秘 未睹 近于 诬乎,但观 历代 众贤 似 不 都 暗 此处 而云 此秘 未睹 近于 诬乎,13,13,0
southnorth__lujue_yushenyue,southnorth__lujue_yushenyue__part01,與沈約書,陸厥,11,195,208,案范云：「不從根本中來。」,案范云 不 从 根本 中来,案范云 不从 根本 中来,5,4,1
southnorth__lujue_yushenyue,southnorth__lujue_yushenyue__part01,與沈約書,陸厥,12,208,219,尚書云：「匪由思至。」,尚书 云 匪由思至,尚书 云 匪由思至,3,3,0
southnorth__lujue_yushenyue,southnorth__lujue_yushenyue__part01,與沈約書,陸厥,13,219,237,斯可謂揣情謬於玄黃，擿句差其音律也。,斯 可谓 揣情 谬于 玄黄 擿 句 差 其 音律 也,斯 可谓 揣情 谬于 玄黄 擿 句 差 其 音律 也,11,11,0
southnorth__lujue_yushenyue,southnorth__lujue_yushenyue__part01,與沈約書,陸厥,14,237,249,范又云：「時有會此者。」,范又云 时有会 此者,范又云 时有会 此者,3,3,0
southnorth__lujue_yushenyue,southnorth__lujue_yushenyue__part01,與沈約書,陸厥,15,249,262,，尚書云：「或暗與理合。」,尚书 云 或暗 与 理合,尚书 云 或暗 与 理合,5,5,0
southnorth__lujue_yushenyue,southnorth__lujue_yushenyue__part01,與沈約書,陸厥,16,262,295,則美詠清謳，有辭章調韻者，雖有差謬，亦有會合，推此以往，可得而言。,则 美咏清 讴 有 辞章 调韵者 虽有 差谬 亦 有 会合 推此 以往 可 得 而言,则 美咏 清讴 有 辞章 调韵者 虽 有 差谬 亦 有 会合 推此 以往 可 得 而言,16,17,1
southnorth__lujue_yushenyue,southnorth__lujue_yushenyue__part01,與沈約書,陸厥,17,295,308,夫思有合離，前哲同所不免；,夫思有 合离 前哲同 所 不免,夫思有 合离 前哲同 所 不免,5,5,0
southnorth__lujue_yushenyue,southnorth__lujue_yushenyue__part01,與沈約書,陸厥,18,308,320,文有開塞，即事不得無之。,文有 开塞 即事 不得 无 之,文有 开塞 即事 不得 无 之,6,6,0
southnorth__lujue_yushenyue,southnorth__lujue_yushenyue__part01,與沈約書,陸厥,19,320,338,子建所以好人譏彈，士衡所以遺恨終篇。,子建 所以 好人 讥弹 士衡 所以 遗恨 终篇,子建 所以 好人 讥弹 士衡 所以 遗恨 终篇,8,8,0
southnorth__lujue_yushenyue,southnorth__lujue_yushenyue__part01,與沈約書,陸厥,20,338,354,既曰遺恨，非盡美之作，理可詆訶。,既 曰 遗恨 非尽 美之作 理可 诋 诃,既 曰 遗恨 非 尽美 之作 理可 诋诃,8,8,1
southnorth__lujue_yushenyue,southnorth__lujue_yushenyue__part01,與沈約書,陸厥,21,354,368,君子執其詆訶，便謂合理為暗。,君子 执其 诋 诃 便谓 合理 为暗,君子 执其 诋诃 便谓 合理 为暗,7,6,1
southnorth__lujue_yushenyue,southnorth__lujue_yushenyue__part01,與沈約書,陸厥,22,368,383,豈如指其合理而寄詆訶為遺恨邪？,岂 如 指其 合理 而 寄 诋诃为 遗恨 邪,岂 如 指其 合理 而 寄 诋诃 为 遗恨 邪,9,10,1
southnorth__lujue_yushenyue,southnorth__lujue_yushenyue__part01,與沈約書,陸厥,23,385,452,自魏文屬論，深以清濁為言，劉楨奏書，大明體勢之致，岨峿妥怗之談，操末續顛之說，興玄黃於律呂，比五色之相宣，苟此秘未睹，茲論為何所指邪？,自魏 文属论 深以 清浊 为言 刘桢 奏书 大明 体势 之致 岨 峿 妥 怗 之 谈 操末续 颠 之 说 兴玄 黄于 律吕 比 五色 之 相宣 苟此 秘未睹 兹论 为何 所指 邪,自魏 文属论 深以 清浊 为言 刘桢 奏书 大明 体势 之 致 岨 峿 妥 怗 之 谈 操末续 颠 之 说 兴 玄黄 于 律吕 比 五色 之 相宣 苟此 秘未睹 兹论 为何 所指 邪,33,35,1
southnorth__lujue_yushenyue,southnorth__lujue_yushenyue__part01,與沈約書,陸厥,24,452,476,故愚謂前英已早識宮徵，但未屈曲指的，若今論所申。,故 愚谓 前英 已 早识 宫征 但 未 屈曲 指 的 若 今论 所申,故 愚谓 前英 已 早识 宫征 但 未 屈曲 指 的 若 今论 所申,14,14,0
southnorth__lujue_yushenyue,southnorth__lujue_yushenyue__part01,與沈約書,陸厥,25,476,507,至於掩瑕藏疾，合少謬多，則臨淄所云「人之著述，不能無病」者也。,至于 掩瑕藏疾 合少谬 多 则 临淄 所 云 人 之 著述 不能 无 病 者 也,至于 掩瑕藏疾 合少谬 多 则 临淄 所 云 人 之 著述 不能 无 病 者 也,16,16,0
southnorth__lujue_yushenyue,southnorth__lujue_yushenyue__part01,與沈約書,陸厥,26,507,541,非知之而不改，謂不改則不知，斯曹、陸又稱「竭情多悔，不可力強」者也。,非知 之 而 不 改 谓 不 改则 不知 斯 曹 陆 又称 竭情 多悔 不可 力强 者 也,非知 之 而 不 改 谓 不 改则 不知 斯 曹 陆 又称 竭情 多悔 不可 力强 者 也,19,19,0
southnorth__lujue_yushenyue,southnorth__lujue_yushenyue__part01,與沈約書,陸厥,27,541,583,今許以有病有悔為言，則必自知無悔無病之地，引其不了不合為暗，何獨誣其一合一了之明乎？,今许 以 有 病 有悔 为言 则 必 自知 无悔 无病 之 地 引其 不了 不合 为暗 何独 诬 其一 合一 了 之 明乎,今许 以 有 病 有悔 为言 则 必 自知 无悔 无病 之 地 引其 不了 不合 为暗 何独 诬 其一 合一 了 之 明乎,24,24,0
southnorth__lujue_yushenyue,southnorth__lujue_yushenyue__part01,與沈約書,陸厥,28,583,608,意者亦質文時異，古今好殊，將急在情物，而緩於章句。,意者 亦 质文时 异 古今 好殊 将 急 在 情物 而 缓于 章句,意者 亦 质文 时异 古今 好殊 将 急 在 情物 而 缓于 章句,13,13,1
southnorth__lujue_yushenyue,southnorth__lujue_yushenyue__part01,與沈約書,陸厥,29,608,623,情物，文之所急，美惡猶且相半；,情物 文之所急 美恶 犹且 相半,情物 文之所急 美恶 犹且 相半,5,5,0
southnorth__lujue_yushenyue,southnorth__lujue_yushenyue__part01,與沈約書,陸厥,30,623,638,章句，意之所緩，故合少而謬多。,章句 意之所缓 故合少 而 谬多,章句 意之所缓 故合少 而 谬多,5,5,0
southnorth__lujue_yushenyue,southnorth__lujue_yushenyue__part01,與沈約書,陸厥,31,638,650,義兼於斯，必非不知明矣。,义兼于 斯 必非 不知 明矣,义 兼 于斯 必非 不知 明矣,5,6,1
southnorth__lujue_yushenyue,southnorth__lujue_yushenyue__part01,與沈約書,陸厥,32,652,669,《長門》、《上林》，殆非一家之賦；,长门 上 林 殆非 一家 之赋,长门 上 林 殆非 一家 之赋,6,6,0
southnorth__lujue_yushenyue,southnorth__lujue_yushenyue__part01,與沈約書,陸厥,33,669,686,《洛神》、《池雁》，便成二體之作。,洛神 池雁 便 成二体 之作,洛神 池雁 便成 二体 之作,5,5,1
southnorth__lujue_yushenyue,southnorth__lujue_yushenyue__part01,與沈約書,陸厥,34,686,701,孟堅精整，《詠史》無虧於東主；,孟坚 精整 咏史 无亏于 东主,孟坚 精整 咏史 无亏 于 东主,5,6,1
southnorth__lujue_yushenyue,southnorth__lujue_yushenyue__part01,與沈約書,陸厥,35,701,716,平子恢富，《羽獵》不累於憑虛。,平子 恢富 羽猎 不累 于 凭 虚,平子 恢富 羽猎 不累 于 凭虚,7,6,1
southnorth__lujue_yushenyue,southnorth__lujue_yushenyue__part01,與沈約書,陸厥,36,716,730,王粲《初征》，他文未能稱是；,王 粲 初征 他文 未能 称 是,王 粲 初征 他文 未能 称是,7,6,1
southnorth__lujue_yushenyue,southnorth__lujue_yushenyue__part01,與沈約書,陸厥,37,730,744,楊修敏捷，《暑賦》彌日不獻。,杨修 敏捷 暑赋 弥日 不献,杨修 敏捷 暑赋 弥日 不献,5,5,0
southnorth__lujue_yushenyue,southnorth__lujue_yushenyue__part01,與沈約書,陸厥,38,744,768,率意寡尤，則事促乎一日，翳翳愈伏，而理賒於七步。,率意 寡尤 则 事 促乎 一日 翳 翳 愈伏 而理 赊于 七步,率意 寡尤 则 事 促乎 一日 翳 翳 愈伏 而理 赊于 七步,12,12,0
southnorth__lujue_yushenyue,southnorth__lujue_yushenyue__part01,與沈約書,陸厥,39,768,778,一人之思，遲速天懸；,一人 之思 迟速天 悬,一人 之思 迟速 天悬,4,4,1
southnorth__lujue_yushenyue,southnorth__lujue_yushenyue__part01,與沈約書,陸厥,40,778,788,一家之文，工拙壤隔。,一家 之文 工拙 壤 隔,一家 之文 工拙 壤 隔,5,5,0
southnorth__lujue_yushenyue,southnorth__lujue_yushenyue__part01,與沈約書,陸厥,41,788,802,何獨宮商律呂，必責其如一邪？,何独 宫商 律吕 必责 其 如 一邪,何独 宫商 律吕 必责 其 如 一邪,7,7,0
southnorth__lujue_yushenyue,southnorth__lujue_yushenyue__part01,與沈約書,陸厥,42,802,821,論者乃可言未窮其致，不得言曾無先覺也。,论者 乃 可言 未穷 其致 不得 言 曾 无 先觉 也,论者 乃 可言 未穷 其致 不得 言 曾 无 先觉 也,11,11,0
southnorth__shenyue_xielingyunlun,southnorth__shenyue_xielingyunlun__part01,宋書·謝靈運傳論,沈約,0,0,23,民稟天地之靈，含五常之德，剛柔迭用，喜慍分情。,民禀 天地 之灵 含 五常 之德 刚柔 迭用 喜 愠 分情,民禀 天地 之灵 含 五常 之德 刚柔 迭用 喜 愠 分情,11,11,0
southnorth__shenyue_xielingyunlun,southnorth__shenyue_xielingyunlun__part01,宋書·謝靈運傳論,沈約,1,23,35,夫志動於中，則歌詠外發。,夫志动 于 中 则 歌咏 外发,夫志动 于 中 则 歌咏 外发,6,6,0
southnorth__shenyue_xielingyunlun,southnorth__shenyue_xielingyunlun__part01,宋書·謝靈運傳論,沈約,2,35,55,六義所因，四始攸繫，升降謳謠，紛披風什。,六义 所 因 四始 攸系 升降 讴谣 纷披 风什,六义 所因 四始 攸系 升降 讴谣 纷披 风什,9,8,1
southnorth__shenyue_xielingyunlun,southnorth__shenyue_xielingyunlun__part01,宋書·謝靈運傳論,沈約,3,55,76,雖虞夏以前，遺文不覩，稟氣懷靈，理無或異。,虽虞夏 以前 遗文 不 覩 禀 气 怀灵 理无 或 异,虽虞夏 以前 遗文 不 覩 禀 气 怀灵 理 无或 异,11,11,1
southnorth__shenyue_xielingyunlun,southnorth__shenyue_xielingyunlun__part01,宋書·謝靈運傳論,沈約,4,76,90,然則歌詠所興，宜自生民始也。,然则 歌咏 所兴 宜自 生民 始 也,然则 歌咏 所兴 宜自 生民 始 也,7,7,0
southnorth__shenyue_xielingyunlun,southnorth__shenyue_xielingyunlun__part01,宋書·謝靈運傳論,沈約,5,90,136,周室既衰，風流彌著，屈平、宋玉，導清源於前，賈誼、相如，振芳塵於後，英辭潤金石，高義薄雲天。,周室 既衰 风流 弥著 屈平 宋玉 导清 源于 前 贾谊 相如 振芳尘 于 后 英辞润 金石 高 义薄云天,周室 既衰 风流 弥著 屈平 宋玉 导清 源于 前 贾谊 相如 振 芳尘 于 后 英辞 润 金石 高义薄云天,18,19,1
southnorth__shenyue_xielingyunlun,southnorth__shenyue_xielingyunlun__part01,宋書·謝靈運傳論,沈約,6,136,146,自茲以降，情志愈廣。,自兹以 降 情志 愈广,自兹以 降 情志 愈广,4,4,0
southnorth__shenyue_xielingyunlun,southnorth__shenyue_xielingyunlun__part01,宋書·謝靈運傳論,沈約,7,146,172,王襃、劉向、揚、班、崔、蔡之徒，異軌同奔，遞相師祖。,王 襃 刘向 扬 班 崔 蔡之徒 异轨 同奔 递相 师祖,王 襃 刘向 扬 班 崔 蔡之徒 异轨 同奔 递相 师祖,11,11,0
southnorth__shenyue_xielingyunlun,southnorth__shenyue_xielingyunlun__part01,宋書·謝靈運傳論,沈約,8,172,194,雖清辭麗曲，時發乎篇，而蕪音累氣，固亦多矣。,虽 清辞丽曲 时 发乎 篇 而 芜 音累 气 固亦多 矣,虽 清辞丽曲 时 发乎 篇 而 芜音 累 气 固亦多 矣,11,11,1
southnorth__shenyue_xielingyunlun,southnorth__shenyue_xielingyunlun__part01,宋書·謝靈運傳論,沈約,9,194,216,若夫平子艷發，文以情變，絕唱高蹤，久無嗣響。,若夫 平子艳发 文以 情变 绝唱 高踪 久 无嗣响,若夫 平子 艳发 文以 情变 绝唱 高踪 久 无 嗣响,8,10,1
southnorth__shenyue_xielingyunlun,southnorth__shenyue_xielingyunlun__part01,宋書·謝靈運傳論,沈約,10,216,248,至於建安，曹氏基命，二祖陳王，咸蓄盛藻，甫乃以情緯文，以文被質。,至于 建安 曹氏 基命 二祖 陈王 咸蓄 盛藻 甫 乃 以 情纬文 以文 被 质,至于 建安 曹氏 基命 二祖 陈王 咸蓄 盛藻 甫 乃 以 情纬文 以文 被 质,15,15,0
southnorth__shenyue_xielingyunlun,southnorth__shenyue_xielingyunlun__part01,宋書·謝靈運傳論,沈約,11,248,268,自漢至魏，四百餘年，辭人才子，文體三變。,自汉至 魏 四百余年 辞 人才 子 文体 三变,自汉至 魏 四百余年 辞 人才 子 文体 三变,8,8,0
southnorth__shenyue_xielingyunlun,southnorth__shenyue_xielingyunlun__part01,宋書·謝靈運傳論,沈約,12,268,308,相如巧為形似之言，班固長於情理之說，子建、仲宣以氣質為體，並標能擅美，獨映當時。,相如巧 为 形似 之 言 班固 长于 情理 之 说 子建 仲宣以 气 质为体 并 标能 擅美 独映 当时,相如巧 为 形似 之 言 班固 长于 情理 之 说 子建 仲宣以 气 质为体 并 标能 擅美 独映 当时,19,19,0
southnorth__shenyue_xielingyunlun,southnorth__shenyue_xielingyunlun__part01,宋書·謝靈運傳論,沈約,13,308,335,是以一世之士，各相慕習，原其飈流所始，莫不同祖風、騷。,是 以 一世 之士 各相 慕习 原其 飚 流所始 莫 不同 祖风 骚,是 以 一世 之士 各相 慕习 原其 飚 流所始 莫 不同 祖风 骚,13,13,0
southnorth__shenyue_xielingyunlun,southnorth__shenyue_xielingyunlun__part01,宋書·謝靈運傳論,沈約,14,335,348,徒以賞好異情，故意製相詭。,徒以 赏 好 异情 故意 制相 诡,徒以 赏好 异情 故意 制相 诡,7,6,1
southnorth__shenyue_xielingyunlun,southnorth__shenyue_xielingyunlun__part01,宋書·謝靈運傳論,沈約,15,348,381,降及元康，潘、陸特秀，律異班、賈，體變曹、王，縟旨星稠，繁文綺合。,降及 元康 潘 陆特秀 律异班 贾 体变 曹 王 缛 旨星 稠 繁文 绮合,降及 元康 潘 陆特秀 律异班 贾 体变 曹 王 缛 旨星 稠 繁文 绮合,14,14,0
southnorth__shenyue_xielingyunlun,southnorth__shenyue_xielingyunlun__part01,宋書·謝靈運傳論,沈約,16,381,405,綴平臺之逸響，採南皮之高韻，遺風餘烈，事極江右。,缀 平台 之逸响 采 南皮 之高韵 遗风余烈 事极 江右,缀 平台 之 逸响 采 南皮 之 高韵 遗风余烈 事极 江右,9,11,1
southnorth__shenyue_xielingyunlun,southnorth__shenyue_xielingyunlun__part01,宋書·謝靈運傳論,沈約,17,405,439,有晉中興，玄風獨振，為學窮於柱下，博物止乎七篇，馳騁文辭，義單乎此。,有晋 中兴 玄风 独振 为学 穷于 柱下 博物 止乎 七篇 驰骋 文辞 义 单乎 此,有晋 中兴 玄风 独振 为学 穷于 柱下 博物 止乎 七篇 驰骋 文辞 义 单乎 此,15,15,0
southnorth__shenyue_xielingyunlun,southnorth__shenyue_xielingyunlun__part01,宋書·謝靈運傳論,沈約,18,439,485,自建武暨乎義熙，歷載將百，雖綴響聯辭，波屬雲委，莫不寄言上德，託意玄珠，遒麗之辭，無聞焉爾。,自 建武 暨乎 义熙 历载 将 百 虽缀 响 联辞 波属云委 莫不 寄言上 德 托意 玄珠 遒丽之辞 无闻 焉尔,自 建武 暨乎 义熙 历载 将 百 虽缀 响 联辞 波属云委 莫不 寄言上 德 托意 玄珠 遒丽 之辞 无闻 焉尔,19,20,1
southnorth__shenyue_xielingyunlun,southnorth__shenyue_xielingyunlun__part01,宋書·謝靈運傳論,沈約,19,485,504,仲文始革孫、許之風，叔源大變太元之氣。,仲文始 革孙 许之风 叔源 大变 太元 之 气,仲文始 革孙 许之风 叔源 大变 太元 之 气,8,8,0
southnorth__shenyue_xielingyunlun,southnorth__shenyue_xielingyunlun__part01,宋書·謝靈運傳論,沈約,20,504,515,爰逮宋氏，顏、謝騰聲。,爰 逮 宋氏 颜 谢腾声,爰 逮 宋氏 颜 谢 腾声,5,6,1
southnorth__shenyue_xielingyunlun,southnorth__shenyue_xielingyunlun__part01,宋書·謝靈運傳論,沈約,21,515,542,靈運之興會標舉，延年之體裁明密，並方軌前秀，垂範後昆。,灵运之兴 会标 举 延年 之 体裁 明密 并方轨 前秀 垂范 后昆,灵运 之 兴会 标举 延年 之 体裁 明密 并 方轨 前秀 垂范 后昆,11,13,1
southnorth__shenyue_xielingyunlun,southnorth__shenyue_xielingyunlun__part01,宋書·謝靈運傳論,沈約,22,542,564,若夫敷衽論心，商榷前藻，工拙之數，如有可言。,若夫 敷衽 论心 商榷 前藻 工拙 之数 如 有 可言,若夫 敷衽 论心 商榷 前藻 工拙 之数 如 有 可言,10,10,0
southnorth__shenyue_xielingyunlun,southnorth__shenyue_xielingyunlun__part01,宋書·謝靈運傳論,沈約,23,564,587,夫五色相宣，八音協暢，由乎玄黃律呂，各適物宜。,夫 五色相宣 八 音协 畅 由乎 玄黄 律吕 各 适物宜,夫 五色相宣 八音 协畅 由乎 玄黄 律吕 各 适物 宜,10,10,1
southnorth__shenyue_xielingyunlun,southnorth__shenyue_xielingyunlun__part01,宋書·謝靈運傳論,沈約,24,587,611,欲使宮羽相變，低昂互節，若前有浮聲，則後須切響。,欲 使 宫羽 相变 低昂 互节 若前 有 浮声 则 后须 切响,欲 使 宫羽 相变 低昂 互节 若前 有 浮声 则 后 须 切响,12,13,1
southnorth__shenyue_xielingyunlun,southnorth__shenyue_xielingyunlun__part01,宋書·謝靈運傳論,沈約,25,611,621,一簡之內，音韻盡殊；,一简 之内 音韵 尽殊,一简 之内 音韵 尽殊,4,4,0
southnorth__shenyue_xielingyunlun,southnorth__shenyue_xielingyunlun__part01,宋書·謝靈運傳論,沈約,26,621,631,兩句之中，輕重悉異。,两句 之中 轻重 悉异,两句 之中 轻重 悉异,4,4,0
southnorth__shenyue_xielingyunlun,southnorth__shenyue_xielingyunlun__part01,宋書·謝靈運傳論,沈約,27,631,641,妙達此旨，始可言文。,妙达 此旨 始 可言 文,妙达 此旨 始 可言 文,5,5,0
southnorth__shenyue_xielingyunlun,southnorth__shenyue_xielingyunlun__part01,宋書·謝靈運傳論,沈約,28,641,704,至於先士茂製，諷高歷賞，子建函京之作，仲宣霸岸之篇，子荊零雨之章，正長朔風之句，並直舉胸情，非傍詩史，正以音律調韻，取高前式。,至于 先士茂制 讽高 历赏 子建 函京 之作 仲宣霸岸 之篇 子 荆零雨 之章 正长 朔风 之句 并 直举 胸情 非 傍 诗史 正以 音律 调韵 取高 前式,至于 先士茂制 讽高 历赏 子建 函京 之作 仲宣霸岸 之篇 子 荆零雨 之章 正长 朔风 之句 并 直举 胸情 非 傍 诗史 正以 音律 调韵 取高 前式,26,26,0
southnorth__shenyue_xielingyunlun,southnorth__shenyue_xielingyunlun__part01,宋書·謝靈運傳論,沈約,29,704,727,自騷人以來，多歷年代，雖文體稍精，而此祕未覩。,自 骚人 以来 多历 年代 虽 文体 稍 精 而此 秘未 覩,自 骚人 以来 多历 年代 虽 文体 稍 精 而此 秘未 覩,12,12,0
southnorth__shenyue_xielingyunlun,southnorth__shenyue_xielingyunlun__part01,宋書·謝靈運傳論,沈約,30,727,750,至於高言妙句，音韻天成，皆闇與理合，匪由思至。,至于 高言 妙句 音韵 天成 皆 暗 与 理合 匪由思至,至于 高言 妙句 音韵 天成 皆 暗 与 理合 匪由思至,10,10,0
southnorth__shenyue_xielingyunlun,southnorth__shenyue_xielingyunlun__part01,宋書·謝靈運傳論,沈約,31,750,776,張、蔡、曹、王，曾無先覺，潘、陸、謝、顏，去之彌遠。,张 蔡 曹 王 曾 无 先觉 潘 陆 谢 颜 去 之弥远,张 蔡 曹 王 曾 无 先觉 潘 陆 谢 颜 去 之 弥远,13,14,1
southnorth__shenyue_xielingyunlun,southnorth__shenyue_xielingyunlun__part01,宋書·謝靈運傳論,沈約,32,776,794,世之知音者，有以得之，知此言之非謬。,世之 知音者 有 以 得 之 知 此言 之 非谬,世之 知音者 有 以 得 之 知 此言 之 非谬,10,10,0
southnorth__shenyue_xielingyunlun,southnorth__shenyue_xielingyunlun__part01,宋書·謝靈運傳論,沈約,33,794,804,如曰不然，請待來哲。,如 曰 不然 请待来 哲,如 曰 不然 请待 来哲,5,5,1
southnorth__xiaozixian_wenxue,southnorth__xiaozixian_wenxue__part01,南齊書·文學傳論及贊,蕭子顯,0,0,18,文章者，蓋情性之風標，神明之律呂也。,文章 者 盖 情性 之 风标 神明 之 律吕 也,文章 者 盖 情性 之 风标 神明 之 律吕 也,10,10,0
southnorth__xiaozixian_wenxue,southnorth__xiaozixian_wenxue__part01,南齊書·文學傳論及贊,蕭子顯,1,18,38,蘊思含毫，遊心內運，放言落紙，氣韻天成。,蕴思 含毫 游心 内运 放言 落纸 气 韵 天成,蕴思 含毫 游心 内运 放言 落纸 气 韵 天成,9,9,0
southnorth__xiaozixian_wenxue,southnorth__xiaozixian_wenxue__part01,南齊書·文學傳論及贊,蕭子顯,2,38,60,莫不稟以生靈，遷乎愛嗜，機見殊門，賞悟紛雜。,莫不 禀以 生灵 迁乎 爱 嗜 机见 殊门 赏悟 纷杂,莫不 禀以 生灵 迁乎 爱嗜 机见 殊门 赏悟 纷杂,10,9,1
southnorth__xiaozixian_wenxue,southnorth__xiaozixian_wenxue__part01,南齊書·文學傳論及贊,蕭子顯,3,60,119,若子桓之品藻人才，仲治之區判文體，陸機辨於《文賦》，李充論於《翰林》，張視擿句褒貶，顏延圖寫情興，各任懷抱，共為權衡。,若子 桓之品 藻 人才 仲治之区判 文体 陆机 辨于 文赋 李充 论于 翰林 张视 擿 句 褒贬 颜延图 写 情兴 各任 怀抱 共 为 权衡,若子 桓之品 藻 人才 仲治 之 区判 文体 陆机 辨于 文赋 李充 论于 翰林 张视 擿 句 褒贬 颜延 图写 情兴 各任 怀抱 共 为 权衡,24,26,1
southnorth__xiaozixian_wenxue,southnorth__xiaozixian_wenxue__part01,南齊書·文學傳論及贊,蕭子顯,4,119,139,屬文之道，事出神思，感召無象，變化不窮。,属 文之道 事出 神思 感召 无象 变化不穷,属文 之道 事出 神思 感召 无象 变化不穷,7,7,1
southnorth__xiaozixian_wenxue,southnorth__xiaozixian_wenxue__part01,南齊書·文學傳論及贊,蕭子顯,5,139,152,俱五聲之音響，而出言異句；,俱 五声 之 音响 而 出言 异句,俱 五声 之 音响 而 出言 异句,7,7,0
southnorth__xiaozixian_wenxue,southnorth__xiaozixian_wenxue__part01,南齊書·文學傳論及贊,蕭子顯,6,152,165,等萬物之情狀，而下筆殊形。,等 万物 之 情状 而 下笔 殊形,等 万物 之 情状 而 下笔 殊形,7,7,0
southnorth__xiaozixian_wenxue,southnorth__xiaozixian_wenxue__part01,南齊書·文學傳論及贊,蕭子顯,7,165,185,吟詠規範，本之雅什，流分條散，各以言區。,吟咏 规范 本之雅什 流分 条散 各以言区,吟咏 规范 本之雅什 流分 条散 各以言区,6,6,0
southnorth__xiaozixian_wenxue,southnorth__xiaozixian_wenxue__part01,南齊書·文學傳論及贊,蕭子顯,8,185,214,若陳思《代馬》羣章，王粲《飛鸞》諸製，四言之美，前超後絕。,若 陈思 代马 群章 王 粲 飞鸾 诸制 四言之美 前 超后 绝,若 陈思 代马 群章 王 粲 飞鸾 诸制 四言之美 前超 后绝,12,11,1
southnorth__xiaozixian_wenxue,southnorth__xiaozixian_wenxue__part01,南齊書·文學傳論及贊,蕭子顯,9,214,229,少卿離辭，五言才骨，難與爭鶩。,少卿 离辞 五言 才 骨 难 与 争鹜,少卿 离辞 五言 才 骨 难 与 争鹜,8,8,0
southnorth__xiaozixian_wenxue,southnorth__xiaozixian_wenxue__part01,南齊書·文學傳論及贊,蕭子顯,10,229,261,桂林湘水，平子之華篇，飛館玉池，魏文之麗篆，七言之作，非此誰先。,桂林 湘水 平子 之华篇 飞馆 玉池 魏文之丽 篆 七言 之作 非此 谁 先,桂林 湘水 平子 之 华篇 飞馆 玉池 魏文之丽 篆 七言 之作 非此 谁 先,13,14,1
southnorth__xiaozixian_wenxue,southnorth__xiaozixian_wenxue__part01,南齊書·文學傳論及贊,蕭子顯,11,261,293,卿、雲巨麗，升堂冠冕，張、左恢廓，登高不繼，賦貴披陳，未或加矣。,卿 云巨丽 升堂 冠冕 张 左 恢廓 登高 不继 赋贵 披 陈 未 或加 矣,卿 云 巨丽 升堂 冠冕 张 左 恢廓 登高 不继 赋贵 披陈 未 或加 矣,15,15,1
southnorth__xiaozixian_wenxue,southnorth__xiaozixian_wenxue__part01,南齊書·文學傳論及贊,蕭子顯,12,293,317,顯宗之述傅毅，簡文之摛彥伯，分言制句，多得頌體。,显宗之述 傅毅 简文 之 摛 彦 伯 分言 制句 多得 颂体,显宗之述 傅毅 简文 之 摛 彦 伯 分言 制句 多得 颂体,11,11,0
southnorth__xiaozixian_wenxue,southnorth__xiaozixian_wenxue__part01,南齊書·文學傳論及贊,蕭子顯,13,317,337,裴頠內侍，元規鳳池，子章以來，章表之選。,裴 𬱟 内侍 元 规凤池 子章 以来 章表之选,裴 𬱟 内侍 元规 凤池 子章 以来 章表之选,8,8,1
southnorth__xiaozixian_wenxue,southnorth__xiaozixian_wenxue__part01,南齊書·文學傳論及贊,蕭子顯,14,337,383,孫綽之碑，嗣伯喈之後，謝莊之誄，起安仁之塵，顏延《楊瓚》，自比《馬督》，以多稱貴，歸莊為允。,孙绰之碑 嗣伯喈 之后 谢庄 之 诔 起 安仁 之尘 颜延 杨瓒 自比 马督 以多 称贵 归庄 为 允,孙绰之碑 嗣伯喈 之后 谢庄 之 诔 起 安仁 之尘 颜延 杨瓒 自比 马督 以多 称贵 归庄 为 允,18,18,0
southnorth__xiaozixian_wenxue,southnorth__xiaozixian_wenxue__part01,南齊書·文學傳論及贊,蕭子顯,15,383,407,王褒《僮約》，束皙《發蒙》，滑稽之流，亦可奇瑋。,王褒 僮 约 束皙 发蒙 滑稽 之流 亦可 奇玮,王褒 僮约 束皙 发蒙 滑稽 之流 亦可 奇玮,9,8,1
southnorth__xiaozixian_wenxue,southnorth__xiaozixian_wenxue__part01,南齊書·文學傳論及贊,蕭子顯,16,407,417,五言之制，獨秀衆品。,五言 之制 独秀 众品,五言 之制 独秀 众品,4,4,0
southnorth__xiaozixian_wenxue,southnorth__xiaozixian_wenxue__part01,南齊書·文學傳論及贊,蕭子顯,17,417,437,習玩為理，事久則瀆，在乎文章，彌患凡舊。,习玩为理 事久 则 渎 在乎 文章 弥患 凡 旧,习玩 为理 事久 则 渎 在乎 文章 弥患 凡旧,9,9,1
southnorth__xiaozixian_wenxue,southnorth__xiaozixian_wenxue__part01,南齊書·文學傳論及贊,蕭子顯,18,437,447,若無新變，不能代雄。,若无新变 不能 代雄,若 无 新变 不能 代雄,3,5,1
southnorth__xiaozixian_wenxue,southnorth__xiaozixian_wenxue__part01,南齊書·文學傳論及贊,蕭子顯,19,447,459,建安一體，典論短長互出；,建安 一体 典论 短长 互出,建安 一体 典论 短长 互出,5,5,0
southnorth__xiaozixian_wenxue,southnorth__xiaozixian_wenxue__part01,南齊書·文學傳論及贊,蕭子顯,20,459,473,潘、陸齊名，機、岳之文永異。,潘 陆 齐名 机 岳之文永异,潘 陆 齐名 机 岳之文永异,5,5,0
southnorth__xiaozixian_wenxue,southnorth__xiaozixian_wenxue__part01,南齊書·文學傳論及贊,蕭子顯,21,473,518,江左風味，盛道家之言，郭璞舉其靈變，許詢極其名理，仲文玄氣，猶不盡除，謝混情新，得名未盛。,江左 风味 盛 道家 之 言 郭璞举 其灵变 许询 极其 名 理 仲文玄 气 犹 不尽 除 谢混情 新 得名 未盛,江左 风味 盛 道家 之 言 郭璞举 其 灵变 许询 极其 名理 仲文玄 气 犹 不尽 除 谢混情 新 得名 未盛,21,21,1
southnorth__xiaozixian_wenxue,southnorth__xiaozixian_wenxue__part01,南齊書·文學傳論及贊,蕭子顯,22,518,540,顏、謝竝起，乃各擅奇，休、鮑後出，咸亦標世。,颜 谢 竝 起 乃 各 擅奇 休 鲍后 出 咸亦标 世,颜 谢 竝 起 乃 各 擅奇 休 鲍后 出 咸亦标 世,12,12,0
southnorth__xiaozixian_wenxue,southnorth__xiaozixian_wenxue__part01,南齊書·文學傳論及贊,蕭子顯,23,540,550,朱藍共妍，不相祖述。,朱蓝共妍 不相 祖述,朱蓝 共妍 不相 祖述,3,4,1
southnorth__xiaozixian_wenxue,southnorth__xiaozixian_wenxue__part01,南齊書·文學傳論及贊,蕭子顯,24,550,570,今之文章，作者雖衆，總而為論，略有三體。,今 之 文章 作者 虽众 总而 为论 略有 三体,今 之 文章 作者 虽众 总而 为论 略有 三体,9,9,0
southnorth__xiaozixian_wenxue,southnorth__xiaozixian_wenxue__part01,南齊書·文學傳論及贊,蕭子顯,25,570,592,一則啓心閑繹，託辭華曠，雖存巧綺，終致迂迴。,一则 启心 闲绎 托辞 华旷 虽存巧 绮 终致 迂回,一则 启心 闲绎 托辞 华旷 虽存巧 绮 终致 迂回,9,9,0
southnorth__xiaozixian_wenxue,southnorth__xiaozixian_wenxue__part01,南齊書·文學傳論及贊,蕭子顯,26,592,602,宜登公宴，本非準的。,宜登公宴 本非准 的,宜登公宴 本非准 的,3,3,0
southnorth__xiaozixian_wenxue,southnorth__xiaozixian_wenxue__part01,南齊書·文學傳論及贊,蕭子顯,27,602,623,而疏慢闡緩，膏肓之病，典正可採，酷不入情。,而 疏慢 阐缓 膏肓 之病 典正 可采 酷不入 情,而 疏慢 阐缓 膏肓 之病 典正 可采 酷不入 情,9,9,0
southnorth__xiaozixian_wenxue,southnorth__xiaozixian_wenxue__part01,南齊書·文學傳論及贊,蕭子顯,28,623,635,此體之源，出靈運而成也。,此体 之源 出灵 运而成 也,此体 之源 出 灵运 而成 也,5,6,1
southnorth__xiaozixian_wenxue,southnorth__xiaozixian_wenxue__part01,南齊書·文學傳論及贊,蕭子顯,29,635,657,次則緝事比類，非對不發，博物可嘉，職成拘制。,次则 缉事 比类 非对 不发 博物 可嘉 职成 拘制,次则 缉事 比类 非对 不发 博物 可嘉 职成 拘制,9,9,0
southnorth__xiaozixian_wenxue,southnorth__xiaozixian_wenxue__part01,南齊書·文學傳論及贊,蕭子顯,30,657,678,或全借古語，用申今情，崎嶇牽引，直為偶說。,或 全借 古语 用申 今情 崎岖 牵引 直为 偶说,或 全借 古语 用申 今情 崎岖 牵引 直为 偶说,9,9,0
southnorth__xiaozixian_wenxue,southnorth__xiaozixian_wenxue__part01,南齊書·文學傳論及贊,蕭子顯,31,678,688,唯睹事例，頓失清采。,唯睹 事例 顿失 清采,唯睹 事例 顿失 清采,4,4,0
southnorth__xiaozixian_wenxue,southnorth__xiaozixian_wenxue__part01,南齊書·文學傳論及贊,蕭子顯,32,688,710,此則傅咸五經，應璩指事，雖不全似，可以類從。,此则 傅咸 五经 应璩 指事 虽 不 全似 可以 类 从,此则 傅咸 五经 应璩 指事 虽 不 全似 可以 类从,11,10,1
southnorth__xiaozixian_wenxue,southnorth__xiaozixian_wenxue__part01,南齊書·文學傳論及贊,蕭子顯,33,710,732,次則發唱驚挺，操調險急，雕藻淫豔，傾炫心魂。,次则 发唱 惊 挺 操调险 急 雕藻 淫艳 倾炫 心魂,次则 发唱 惊挺 操调 险急 雕藻 淫艳 倾炫 心魂,10,9,1
southnorth__xiaozixian_wenxue,southnorth__xiaozixian_wenxue__part01,南齊書·文學傳論及贊,蕭子顯,34,732,749,亦猶五色之有紅紫，八音之有鄭、衞。,亦 犹 五色 之有 红 紫 八音 之有 郑 衞,亦 犹 五色 之有 红紫 八音 之有 郑 衞,10,9,1
southnorth__xiaozixian_wenxue,southnorth__xiaozixian_wenxue__part01,南齊書·文學傳論及贊,蕭子顯,35,749,757,斯鮑照之遺烈也。,斯 鲍照 之 遗烈 也,斯 鲍照 之 遗烈 也,5,5,0
southnorth__xiaozixian_wenxue,southnorth__xiaozixian_wenxue__part01,南齊書·文學傳論及贊,蕭子顯,36,757,767,三體之外，請試妄談。,三体 之外 请试 妄谈,三体 之外 请试 妄谈,4,4,0
southnorth__xiaozixian_wenxue,southnorth__xiaozixian_wenxue__part01,南齊書·文學傳論及贊,蕭子顯,37,767,789,若夫委自天機，參之史傳，應思悱來，勿先構聚。,若夫 委自 天机 参之 史传 应思悱来 勿 先构 聚,若夫 委自 天机 参之 史传 应思悱来 勿 先构 聚,9,9,0
southnorth__xiaozixian_wenxue,southnorth__xiaozixian_wenxue__part01,南齊書·文學傳論及贊,蕭子顯,38,789,809,言尚易了，文憎過意，吐石含金，滋潤婉切。,言尚易 了 文憎 过意 吐石 含金 滋润 婉切,言尚易 了 文憎 过意 吐石 含金 滋润 婉切,8,8,0
southnorth__xiaozixian_wenxue,southnorth__xiaozixian_wenxue__part01,南齊書·文學傳論及贊,蕭子顯,39,809,829,雜以風謠，輕脣利吻，不雅不俗，獨中胷懷。,杂以 风谣 轻唇利 吻 不 雅 不俗 独 中 胷 怀,杂以 风谣 轻唇利 吻 不 雅 不俗 独 中 胷 怀,11,11,0
southnorth__xiaozixian_wenxue,southnorth__xiaozixian_wenxue__part01,南齊書·文學傳論及贊,蕭子顯,40,829,849,輪扁斲輪，言之未盡，文人談士，罕或兼工。,轮 扁 斲 轮 言 之 未尽 文人 谈士 罕 或 兼工,轮扁 斲轮 言 之 未尽 文人 谈士 罕 或 兼工,12,10,1
southnorth__xiaozixian_wenxue,southnorth__xiaozixian_wenxue__part01,南齊書·文學傳論及贊,蕭子顯,41,849,881,非唯識有不周，道實相妨，談家所習，理勝其辭，就此求文，終然翳奪。,非 唯识 有 不周 道 实相 妨 谈家 所习 理胜 其辞 就此 求文 终然 翳 夺,非 唯识 有 不周 道 实相 妨 谈家 所习 理胜 其辞 就此 求文 终然 翳夺,16,15,1
southnorth__xiaozixian_wenxue,southnorth__xiaozixian_wenxue__part01,南齊書·文學傳論及贊,蕭子顯,42,881,888,故兼之者鮮矣。,故 兼 之者 鲜 矣,故 兼 之者 鲜 矣,5,5,0
southnorth__xiaozixian_wenxue,southnorth__xiaozixian_wenxue__part01,南齊書·文學傳論及贊,蕭子顯,43,890,903,贊曰：學亞生知，多識前仁。,赞 曰 学亚 生知 多识 前仁,赞 曰 学亚 生知 多识 前仁,6,6,0
southnorth__xiaozixian_wenxue,southnorth__xiaozixian_wenxue__part01,南齊書·文學傳論及贊,蕭子顯,44,903,908,文成筆下。,文成 笔下,文成 笔下,2,2,0
southnorth__xiaozixian_wenxue,southnorth__xiaozixian_wenxue__part01,南齊書·文學傳論及贊,蕭子顯,45,908,913,芬藻麗春。,芬 藻丽 春,芬 藻丽 春,3,3,0
southnorth__xiaoyi_neidianxu,southnorth__xiaoyi_neidianxu__part01,內典碑銘集林序,蕭繹,0,0,21,夫法性空寂，心行處斷，感而遂通，隨方引接。,夫法性 空寂 心行 处断 感而 遂 通 随方 引接,夫法性 空寂 心行 处断 感而 遂 通 随方 引接,9,9,0
southnorth__xiaoyi_neidianxu,southnorth__xiaoyi_neidianxu__part01,內典碑銘集林序,蕭繹,1,21,32,故鵲園善誘，馬苑弘宣；,故鹊 园善 诱 马苑 弘宣,故鹊园 善诱 马苑 弘宣,5,4,1
southnorth__xiaoyi_neidianxu,southnorth__xiaoyi_neidianxu__part01,內典碑銘集林序,蕭繹,2,32,42,白林將謝，青樹已列。,白林 将 谢 青树 已列,白 林将 谢 青树 已列,5,5,1
southnorth__xiaoyi_neidianxu,southnorth__xiaoyi_neidianxu__part01,內典碑銘集林序,蕭繹,3,42,52,是宣金牒，方寄銀身。,是 宣金牒 方寄银身,是 宣金牒 方寄银身,3,3,0
southnorth__xiaoyi_neidianxu,southnorth__xiaoyi_neidianxu__part01,內典碑銘集林序,蕭繹,4,52,63,自象教東流，化行南國。,自象 教 东流 化行 南国,自象 教 东流 化行 南国,5,5,0
southnorth__xiaoyi_neidianxu,southnorth__xiaoyi_neidianxu__part01,內典碑銘集林序,蕭繹,5,63,75,吳主至誠，歷七霄而光曜；,吴主 至诚 历七霄 而 光曜,吴主 至诚 历七霄 而 光曜,5,5,0
southnorth__xiaoyi_neidianxu,southnorth__xiaoyi_neidianxu__part01,內典碑銘集林序,蕭繹,6,75,87,晉王畫像，經五帝而彌新。,晋王 画像 经 五帝 而弥新,晋王 画像 经 五帝 而弥新,5,5,0
southnorth__xiaoyi_neidianxu,southnorth__xiaoyi_neidianxu__part01,內典碑銘集林序,蕭繹,7,87,110,次道、孝伯，嘉賓、玄度，斯數子者，亦一代名人。,次道 孝伯 嘉宾 玄度 斯数子者 亦 一代 名人,次道 孝伯 嘉宾 玄度 斯数子者 亦 一代 名人,8,8,0
southnorth__xiaoyi_neidianxu,southnorth__xiaoyi_neidianxu__part01,內典碑銘集林序,蕭繹,8,110,126,或修理止於伽藍，或歸心盡於談論。,或 修理 止 于 伽蓝 或 归心 尽于 谈论,或 修理 止 于 伽蓝 或 归心 尽于 谈论,9,9,0
southnorth__xiaoyi_neidianxu,southnorth__xiaoyi_neidianxu__part01,內典碑銘集林序,蕭繹,9,126,136,銘頌所稱，興公而已。,铭颂 所称 兴公 而已,铭颂 所称 兴公 而已,4,4,0
southnorth__xiaoyi_neidianxu,southnorth__xiaoyi_neidianxu__part01,內典碑銘集林序,蕭繹,10,136,157,夫披文相質，博約溫潤，吾聞斯語，未見其人。,夫披文 相质 博约 温润 吾 闻斯语 未见其人,夫披文 相质 博约 温润 吾 闻斯语 未见其人,7,7,0
southnorth__xiaoyi_neidianxu,southnorth__xiaoyi_neidianxu__part01,內典碑銘集林序,蕭繹,11,157,169,班固碩學，尚雲讚頌相似；,班固 硕学 尚云 赞颂 相似,班固 硕学 尚云 赞颂 相似,5,5,0
southnorth__xiaoyi_neidianxu,southnorth__xiaoyi_neidianxu__part01,內典碑銘集林序,蕭繹,12,169,181,陸機鈎深，猶聞碑賦如一。,陆机 钩 深 犹闻碑 赋如 一,陆机 钩深 犹闻碑 赋如 一,6,5,1
southnorth__xiaoyi_neidianxu,southnorth__xiaoyi_neidianxu__part01,內典碑銘集林序,蕭繹,13,181,192,唯伯喈作銘，林宗無愧；,唯伯喈 作铭 林宗 无愧,唯伯喈 作铭 林宗 无愧,4,4,0
southnorth__xiaoyi_neidianxu,southnorth__xiaoyi_neidianxu__part01,內典碑銘集林序,蕭繹,14,192,202,德祖能誦，元常善書。,德祖能 诵 元常 善书,德祖能 诵 元常 善书,4,4,0
southnorth__xiaoyi_neidianxu,southnorth__xiaoyi_neidianxu__part01,內典碑銘集林序,蕭繹,15,202,212,一時之盛，莫得系踵。,一时 之盛 莫得 系踵,一时 之盛 莫得 系踵,4,4,0
southnorth__xiaoyi_neidianxu,southnorth__xiaoyi_neidianxu__part01,內典碑銘集林序,蕭繹,16,212,233,況般若玄淵，真如妙密，觸言成累，系境非真。,况 般若 玄渊 真如妙密 触言成 累 系境 非真,况 般若 玄渊 真如妙密 触言成 累 系境 非真,8,8,0
southnorth__xiaoyi_neidianxu,southnorth__xiaoyi_neidianxu__part01,內典碑銘集林序,蕭繹,17,233,243,金石何書，銘頌誰闡；,金石 何书 铭颂 谁 阐,金石 何书 铭颂 谁 阐,5,5,0
southnorth__xiaoyi_neidianxu,southnorth__xiaoyi_neidianxu__part01,內典碑銘集林序,蕭繹,18,243,254,然建塔紀功，招提立寺。,然建塔纪功 招提立 寺,然建塔 纪功 招提立 寺,3,4,1
southnorth__xiaoyi_neidianxu,southnorth__xiaoyi_neidianxu__part01,內典碑銘集林序,蕭繹,19,254,266,或興造有由，或誓願所記。,或兴造 有 由 或 誓愿 所记,或 兴造 有 由 或 誓愿 所记,6,7,1
southnorth__xiaoyi_neidianxu,southnorth__xiaoyi_neidianxu__part01,內典碑銘集林序,蕭繹,20,266,277,故鐫之立石，傳諸不配。,故 镌 之立石 传诸 不配,故 镌 之立石 传诸 不配,5,5,0
southnorth__xiaoyi_neidianxu,southnorth__xiaoyi_neidianxu__part01,內典碑銘集林序,蕭繹,21,277,289,亦有息心應供，是曰桑門。,亦 有息心 应供 是 曰 桑门,亦 有息心 应供 是 曰 桑门,6,6,0
southnorth__xiaoyi_neidianxu,southnorth__xiaoyi_neidianxu__part01,內典碑銘集林序,蕭繹,22,289,299,或謂智囊，或稱印手。,或谓 智囊 或称 印手,或谓 智囊 或称 印手,4,4,0
southnorth__xiaoyi_neidianxu,southnorth__xiaoyi_neidianxu__part01,內典碑銘集林序,蕭繹,23,299,310,高座擅名，預伊師之席；,高座 擅名 预伊师 之席,高座 擅名 预伊师 之席,4,4,0
southnorth__xiaoyi_neidianxu,southnorth__xiaoyi_neidianxu__part01,內典碑銘集林序,蕭繹,24,310,321,道林見重，陪飛龍之座。,道林见 重 陪 飞龙 之座,道 林 见重 陪 飞龙 之座,5,6,1
southnorth__xiaoyi_neidianxu,southnorth__xiaoyi_neidianxu__part01,內典碑銘集林序,蕭繹,25,321,347,峨眉、廬阜之賢，鄴中、宛鄧之哲，昭哉史冊，可得而詳。,峨眉 庐阜 之贤 邺 中 宛 邓之哲 昭哉 史册 可得 而 详,峨眉 庐阜 之贤 邺中 宛 邓之哲 昭哉 史册 可得 而 详,12,11,1
southnorth__xiaoyi_neidianxu,southnorth__xiaoyi_neidianxu__part01,內典碑銘集林序,蕭繹,26,347,358,故碑文之興，斯焉尚矣。,故 碑文 之兴 斯焉 尚 矣,故 碑文 之兴 斯焉 尚 矣,6,6,0
southnorth__xiaoyi_neidianxu,southnorth__xiaoyi_neidianxu__part01,內典碑銘集林序,蕭繹,27,358,371,夫世代亟改，論文之理非一；,夫 世代 亟改 论文 之理 非 一,夫 世代 亟改 论文 之理 非 一,7,7,0
southnorth__xiaoyi_neidianxu,southnorth__xiaoyi_neidianxu__part01,內典碑銘集林序,蕭繹,28,371,383,時事推移，屬詞之體或異。,时事 推移 属 词之体 或 异,时事 推移 属词 之体 或 异,6,6,1
southnorth__xiaoyi_neidianxu,southnorth__xiaoyi_neidianxu__part01,內典碑銘集林序,蕭繹,29,383,394,但繁則傷弱，率則恨省；,但 繁则 伤弱 率则 恨 省,但 繁则 伤弱 率则 恨 省,6,6,0
southnorth__xiaoyi_neidianxu,southnorth__xiaoyi_neidianxu__part01,內典碑銘集林序,蕭繹,30,394,406,存華則失體，從實則無味。,存华则 失体 从 实则 无味,存华则 失体 从 实则 无味,5,5,0
southnorth__xiaoyi_neidianxu,southnorth__xiaoyi_neidianxu__part01,內典碑銘集林序,蕭繹,31,406,417,或引事雖博，其意猶同；,或 引事 虽博 其意 犹同,或 引事 虽博 其意 犹同,5,5,0
southnorth__xiaoyi_neidianxu,southnorth__xiaoyi_neidianxu__part01,內典碑銘集林序,蕭繹,32,417,428,或新意雖奇，無所倚約。,或 新意 虽奇 无所 倚 约,或 新意 虽奇 无所 倚约,6,5,1
southnorth__xiaoyi_neidianxu,southnorth__xiaoyi_neidianxu__part01,內典碑銘集林序,蕭繹,33,428,439,或首尾倫帖，事似牽課；,或 首尾 伦帖 事似 牵课,或 首尾 伦帖 事似 牵课,5,5,0
southnorth__xiaoyi_neidianxu,southnorth__xiaoyi_neidianxu__part01,內典碑銘集林序,蕭繹,34,439,450,或翻復博涉，體制不工。,或 翻复 博涉 体制 不工,或 翻复 博涉 体制 不工,5,5,0
southnorth__xiaoyi_neidianxu,southnorth__xiaoyi_neidianxu__part01,內典碑銘集林序,蕭繹,35,450,462,能使艷而不華，質而不野；,能 使艳 而 不华 质而不野,能 使艳 而 不华 质而不野,5,5,0
southnorth__xiaoyi_neidianxu,southnorth__xiaoyi_neidianxu__part01,內典碑銘集林序,蕭繹,36,462,472,博而不繁，省而不率。,博而 不繁 省 而 不率,博而 不繁 省 而 不率,5,5,0
southnorth__xiaoyi_neidianxu,southnorth__xiaoyi_neidianxu__part01,內典碑銘集林序,蕭繹,37,472,482,文而有質，約而能潤；,文而 有质 约 而 能润,文而 有质 约 而 能润,5,5,0
southnorth__xiaoyi_neidianxu,southnorth__xiaoyi_neidianxu__part01,內典碑銘集林序,蕭繹,38,482,492,事隨意轉，理逐言深。,事 随意 转 理逐言深,事 随意 转 理逐言深,4,4,0
southnorth__xiaoyi_neidianxu,southnorth__xiaoyi_neidianxu__part01,內典碑銘集林序,蕭繹,39,492,502,所謂菁華，無以間也。,所谓 菁华 无以 间 也,所谓 菁华 无以 间 也,5,5,0
southnorth__xiaoyi_neidianxu,southnorth__xiaoyi_neidianxu__part01,內典碑銘集林序,蕭繹,40,502,533,子幼好雕蟲，長而彌篤，游心釋典，寓目詞林，頃常搜聚，有懷著述。,子幼 好 雕虫 长而弥笃 游心 释典 寓目 词林 顷常 搜聚 有怀 著述,子幼 好 雕虫 长而弥笃 游心 释典 寓目 词林 顷常 搜聚 有怀 著述,12,12,0
southnorth__xiaoyi_neidianxu,southnorth__xiaoyi_neidianxu__part01,內典碑銘集林序,蕭繹,41,533,543,譬諸法海，無讓波瀾；,譬 诸法 海 无 让 波澜,譬诸 法海 无 让 波澜,6,5,1
southnorth__xiaoyi_neidianxu,southnorth__xiaoyi_neidianxu__part01,內典碑銘集林序,蕭繹,42,543,553,亦等須彌，同歸一色。,亦 等 须弥 同归 一色,亦 等 须弥 同归 一色,5,5,0
southnorth__xiaoyi_neidianxu,southnorth__xiaoyi_neidianxu__part01,內典碑銘集林序,蕭繹,43,553,564,故不擇高卑，唯能是與。,故不择 高卑 唯能 是 与,故 不择 高卑 唯能 是 与,5,6,1
southnorth__xiaoyi_neidianxu,southnorth__xiaoyi_neidianxu__part01,內典碑銘集林序,蕭繹,44,564,574,倘未詳悉，隨而足之。,倘未 详悉 随而足 之,倘未 详悉 随而足 之,4,4,0
southnorth__xiaoyi_neidianxu,southnorth__xiaoyi_neidianxu__part01,內典碑銘集林序,蕭繹,45,574,590,名為《內典碑銘集林》，合三十卷。,名为 内典 碑铭 集林 合 三十卷,名为 内典 碑铭 集林 合 三十卷,6,6,0
southnorth__xiaoyi_neidianxu,southnorth__xiaoyi_neidianxu__part01,內典碑銘集林序,蕭繹,46,590,602,庶將來君子，或裨觀見焉。,庶 将来 君子 或 裨 观见 焉,庶 将来 君子 或 裨 观见 焉,7,7,0
southnorth__peiziye_diaochong,southnorth__peiziye_diaochong__part01,雕蟲論,裴子野,0,0,16,古者四始六藝，總而為詩，既形四方,古者 四始 六艺 总而为 诗 既形 四方,古者 四始 六艺 总而为 诗 既形 四方,7,7,0
southnorth__peiziye_diaochong,southnorth__peiziye_diaochong__part01,雕蟲論,裴子野,1,17,37,之風，且彰君子之志，勸美懲惡，王化本焉。,之风 且彰 君子 之志 劝美 惩恶 王化本 焉,之风 且彰 君子 之志 劝美 惩恶 王化本 焉,8,8,0
southnorth__peiziye_diaochong,southnorth__peiziye_diaochong__part01,雕蟲論,裴子野,2,37,43,後之作者」，,后 之 作者,后 之 作者,3,3,0
southnorth__peiziye_diaochong,southnorth__peiziye_diaochong__part01,雕蟲論,裴子野,3,44,59,思存枝葉，繁華蘊藻，用以自通。,思存 枝叶 繁华 蕴藻 用以 自 通,思存 枝叶 繁华 蕴藻 用以 自 通,7,7,0
southnorth__peiziye_diaochong,southnorth__peiziye_diaochong__part01,雕蟲論,裴子野,4,59,70,若悱惻芬芳，《楚騷》為,若 悱恻 芬芳 楚骚 为,若 悱恻 芬芳 楚骚 为,5,5,0
southnorth__peiziye_diaochong,southnorth__peiziye_diaochong__part01,雕蟲論,裴子野,5,71,74,之祖；,之祖,之祖,1,1,0
southnorth__peiziye_diaochong,southnorth__peiziye_diaochong__part01,雕蟲論,裴子野,6,74,85,靡漫容與，相如扣其音。,靡 漫容 与 相如扣 其音,靡 漫 容与 相如扣 其音,5,5,1
southnorth__peiziye_diaochong,southnorth__peiziye_diaochong__part01,雕蟲論,裴子野,7,85,95,由是隨聲逐影之儔，棄,由 是 随声 逐影 之 俦 弃,由 是 随声 逐影 之 俦 弃,7,7,0
southnorth__peiziye_diaochong,southnorth__peiziye_diaochong__part01,雕蟲論,裴子野,8,96,102,指歸而無執。,指归 而 无 执,指归 而 无执,4,3,1
southnorth__peiziye_diaochong,southnorth__peiziye_diaochong__part01,雕蟲論,裴子野,9,102,120,賦詩歌頌，百帙五車，蔡應等之俳優，揚,赋诗 歌颂 百帙 五车 蔡应 等 之 俳优 扬,赋诗 歌颂 百帙 五车 蔡应 等 之 俳优 扬,9,9,0
southnorth__peiziye_diaochong,southnorth__peiziye_diaochong__part01,雕蟲論,裴子野,10,121,127,雄悔為童子。,雄悔 为 童子,雄悔 为 童子,3,3,0
southnorth__peiziye_diaochong,southnorth__peiziye_diaochong__part01,雕蟲論,裴子野,11,127,141,聖人不作，《雅》《鄭》誰分？,圣人 不 作 雅 郑 谁 分,圣人 不 作 雅 郑 谁分,7,6,1
southnorth__peiziye_diaochong,southnorth__peiziye_diaochong__part01,雕蟲論,裴子野,12,141,150,其五言為家，則蘇、,其 五言 为家 则 苏,其 五言 为家 则 苏,5,5,0
southnorth__peiziye_diaochong,southnorth__peiziye_diaochong__part01,雕蟲論,裴子野,13,151,171,李自出，曹、劉偉其風力，潘、陸固其枝葉。,李自出 曹 刘伟 其 风力 潘 陆固 其 枝叶,李自出 曹 刘伟 其 风力 潘 陆固 其 枝叶,9,9,0
southnorth__peiziye_diaochong,southnorth__peiziye_diaochong__part01,雕蟲論,裴子野,14,171,177,爰及江左，稱,爰 及 江左 称,爰 及 江左 称,4,4,0
southnorth__peiziye_diaochong,southnorth__peiziye_diaochong__part01,雕蟲論,裴子野,15,178,183,彼顏、謝；,彼颜 谢,彼颜 谢,2,2,0
southnorth__peiziye_diaochong,southnorth__peiziye_diaochong__part01,雕蟲論,裴子野,16,183,193,箴繡鞶帨，無取廟堂。,箴 绣 鞶 帨 无取 庙堂,箴 绣 鞶 帨 无取 庙堂,6,6,0
southnorth__peiziye_diaochong,southnorth__peiziye_diaochong__part01,雕蟲論,裴子野,17,193,203,宋初迄於元壽，多為經,宋初 迄于 元寿 多为 经,宋初 迄于 元寿 多为 经,5,5,0
southnorth__peiziye_diaochong,southnorth__peiziye_diaochong__part01,雕蟲論,裴子野,18,204,206,史。,史,史,1,1,0
southnorth__peiziye_diaochong,southnorth__peiziye_diaochong__part01,雕蟲論,裴子野,19,206,229,大明之代，實好斯文，高才逸韻，頗謝前哲，波流相,大明 之代 实好 斯文 高才逸韵 颇 谢前 哲 波流 相,大明 之代 实好 斯文 高才 逸韵 颇 谢前 哲 波流 相,10,11,1
southnorth__peiziye_diaochong,southnorth__peiziye_diaochong__part01,雕蟲論,裴子野,20,230,237,尚，滋有篤焉。,尚 滋有 笃 焉,尚 滋有 笃 焉,4,4,0
southnorth__peiziye_diaochong,southnorth__peiziye_diaochong__part01,雕蟲論,裴子野,21,237,255,自是閭閻少年，貴游總角，罔不擯落《六,自 是 闾阎 少年 贵游 总角 罔 不 摈落 六,自 是 闾阎 少年 贵游 总角 罔 不 摈落 六,10,10,0
southnorth__peiziye_diaochong,southnorth__peiziye_diaochong__part01,雕蟲論,裴子野,22,256,264,藝》，吟詠情性。,艺 吟咏 情性,艺 吟咏 情性,3,3,0
southnorth__peiziye_diaochong,southnorth__peiziye_diaochong__part01,雕蟲論,裴子野,23,264,281,學者以博依為急務，謂章句為顓魯，淫,学者 以博 依为 急务 谓 章句 为 颛鲁 淫,学者 以博 依为 急务 谓 章句 为 颛鲁 淫,9,9,0
southnorth__peiziye_diaochong,southnorth__peiziye_diaochong__part01,雕蟲論,裴子野,24,282,303,文破典，斐爾為功，無被於管絃，非止乎禮義。,文破典 斐尔 为功 无 被 于 管弦 非 止乎礼 义,文破典 斐尔 为功 无 被 于 管弦 非 止乎礼 义,10,10,0
southnorth__peiziye_diaochong,southnorth__peiziye_diaochong__part01,雕蟲論,裴子野,25,303,331,深心主卉木，遠致極風雲，其興浮，其志弱，巧而不要，隱而不,深心 主卉 木 远致 极 风云 其兴浮 其志弱 巧而 不要 隐而 不,深心 主卉 木 远致 极 风云 其兴浮 其志弱 巧而 不要 隐而 不,12,12,0
southnorth__peiziye_diaochong,southnorth__peiziye_diaochong__part01,雕蟲論,裴子野,26,332,346,深，討其宗途，亦猶宋之風也。,深 讨其宗途 亦 犹 宋之风 也,深 讨其宗途 亦 犹 宋之风 也,6,6,0
southnorth__peiziye_diaochong,southnorth__peiziye_diaochong__part01,雕蟲論,裴子野,27,346,356,若季子聆音，則非興國,若 季子 聆音 则 非 兴国,若 季子 聆音 则 非 兴国,6,6,0
southnorth__peiziye_diaochong,southnorth__peiziye_diaochong__part01,雕蟲論,裴子野,28,357,368,鯉也，趨室，必有不敢。,鲤 也 趋室 必有 不敢,鲤 也 趋室 必有 不敢,5,5,0
southnorth__peiziye_diaochong,southnorth__peiziye_diaochong__part01,雕蟲論,裴子野,29,368,383,荀卿有言：「亂代之徵，文章匿而,荀卿 有言 乱代之征 文章 匿 而,荀卿 有言 乱代 之征 文章 匿 而,6,7,1
southnorth__peiziye_diaochong,southnorth__peiziye_diaochong__part01,雕蟲論,裴子野,30,384,388,采斯。」,采斯,采斯,1,1,0
southnorth__peiziye_diaochong,southnorth__peiziye_diaochong__part01,雕蟲論,裴子野,31,388,393,豈近之乎？,岂近 之乎,岂近 之乎,2,2,0
southnorth__jiangyan_zati,southnorth__jiangyan_zati__part01,雜體詩序,江淹,0,0,47,夫楚謠漢風，既非一骨，魏制晉造，固亦二體，譬猶藍朱成采，雜錯之變無窮，宮商為音，靡曼之態不極。,夫楚 谣汉风 既非 一骨 魏制 晋造 固亦二体 譬犹蓝 朱成 采 杂错 之变 无穷 宫商 为音 靡 曼之态 不极,夫 楚谣 汉风 既非 一骨 魏制 晋造 固亦 二体 譬犹 蓝 朱成 采 杂错 之变 无穷 宫商 为音 靡 曼之态 不极,18,21,1
southnorth__jiangyan_zati,southnorth__jiangyan_zati__part01,雜體詩序,江淹,1,47,77,故蛾眉詎同貌，而俱動於魄，芳草寧其氣，而皆悅於魂，不其然與？,故 蛾眉 讵 同貌 而俱动 于魄 芳草 宁其 气 而皆悦 于 魂 不其然 与,故 蛾眉 讵 同貌 而俱动 于魄 芳草 宁其 气 而皆悦 于 魂 不其然 与,14,14,0
southnorth__jiangyan_zati,southnorth__jiangyan_zati__part01,雜體詩序,江淹,2,77,118,至於世之諸賢，各滯所迷，莫不論甘則忌辛，好丹則非素，豈所謂通方廣恕，好遠兼愛者哉？,至于 世之诸贤 各滞 所迷 莫 不论 甘则 忌 辛 好丹则 非素 岂 所谓 通方 广恕 好远 兼爱 者 哉,至于 世之诸贤 各滞 所迷 莫 不论 甘则 忌 辛 好丹则 非素 岂 所谓 通 方广 恕 好远 兼爱 者 哉,19,20,1
southnorth__jiangyan_zati,southnorth__jiangyan_zati__part01,雜體詩序,江淹,3,118,152,乃及公仲宣之論，家有曲直，安仁士衡之評，人立矯抗，況復殊於此者乎？,乃及 公  仲宣之论 家有 曲直 安仁 士衡 之评 人立 矫抗 况复殊 于 此者乎,乃及 公  仲宣之论 家有 曲直 安仁 士衡 之评 人立 矫抗 况复 殊 于此 者 乎,14,16,1
southnorth__jiangyan_zati,southnorth__jiangyan_zati__part01,雜體詩序,江淹,4,152,173,又貴遠賤近，人之常情，重耳輕目，俗之恆蔽；,又 贵远贱近 人之常情 重耳 轻目 俗之恒蔽,又 贵远贱近 人之常情 重耳 轻目 俗 之 恒蔽,6,8,1
southnorth__jiangyan_zati,southnorth__jiangyan_zati__part01,雜體詩序,江淹,5,173,196,是以邯鄲托曲於李奇，士季假論於嗣宗，此其效也。,是 以 邯郸 托曲于 李奇 士季 假论 于 嗣宗 此其效 也,是 以 邯郸 托曲于 李奇 士季 假论 于 嗣宗 此其效 也,11,11,0
southnorth__jiangyan_zati,southnorth__jiangyan_zati__part01,雜體詩序,江淹,6,196,228,然五言之興，諒非夐古，但關西鄴下，既已罕同，河外江南，頗為異法；,然 五言 之兴 谅非 夐 古 但 关西 邺 下 既 已罕同 河外 江南 颇为 异法,然 五言 之兴 谅非 夐 古 但 关西 邺 下 既 已罕同 河外 江南 颇为 异法,16,16,0
southnorth__jiangyan_zati,southnorth__jiangyan_zati__part01,雜體詩序,江淹,7,228,255,故玄黃經緯之辨，金璧浮沈之殊，仆以為亦各具美兼善而已。,故玄黄 经纬 之辨 金璧浮 沈之殊 仆 以为 亦 各 具美 兼善 而已,故 玄黄 经纬 之辨 金璧浮 沈之殊 仆 以为 亦 各 具美 兼善 而已,12,13,1
southnorth__jiangyan_zati,southnorth__jiangyan_zati__part01,雜體詩序,江淹,8,255,285,今作三十首詩，學攵其文體，雖不足品藻淵流，庶亦無乖商摧云爾。,今作 三十 首诗 学 攵 其 文体 虽 不足 品藻 渊流 庶 亦 无乖 商摧 云尔,今作 三十 首诗 学 攵 其 文体 虽 不足 品藻 渊流 庶 亦 无乖 商摧 云尔,16,16,0
southnorth__xielingyun_yezhongxu,southnorth__xielingyun_yezhongxu__part01,擬魏太子鄴中集詩八首序,謝靈運,0,0,21,建安末，余時在鄴宮，朝遊夕燕，究歡愉之極。,建安 末 余时 在 邺 宫 朝游夕燕 究 欢愉 之极,建安 末 余时 在 邺宫 朝游夕燕 究 欢愉 之极,10,9,1
southnorth__xielingyun_yezhongxu,southnorth__xielingyun_yezhongxu__part01,擬魏太子鄴中集詩八首序,謝靈運,1,21,38,天下良辰美景，賞心樂事，四者難幷。,天下 良辰美景 赏心乐事 四者 难 幷,天下 良辰美景 赏心乐事 四者 难 幷,6,6,0
southnorth__xielingyun_yezhongxu,southnorth__xielingyun_yezhongxu__part01,擬魏太子鄴中集詩八首序,謝靈運,2,38,54,今昆弟友朋，二三諸彥，共盡之矣。,今 昆弟 友朋 二三 诸彦 共尽 之 矣,今 昆弟 友朋 二三 诸彦 共尽 之 矣,8,8,0
southnorth__xielingyun_yezhongxu,southnorth__xielingyun_yezhongxu__part01,擬魏太子鄴中集詩八首序,謝靈運,3,54,67,古來此娛，書籍未見，何者？,古来 此娱 书籍 未见 何者,古来 此娱 书籍 未见 何者,5,5,0
southnorth__xielingyun_yezhongxu,southnorth__xielingyun_yezhongxu__part01,擬魏太子鄴中集詩八首序,謝靈運,4,67,79,楚襄王時，有宋玉、唐景。,楚襄王 时 有 宋玉 唐景,楚襄王 时 有 宋玉 唐景,5,5,0
southnorth__xielingyun_yezhongxu,southnorth__xielingyun_yezhongxu__part01,擬魏太子鄴中集詩八首序,謝靈運,5,79,93,梁孝王時，有鄒、枚、嚴、馬。,梁孝王 时 有 邹 枚 严 马,梁孝王 时 有 邹 枚 严 马,7,7,0
southnorth__xielingyun_yezhongxu,southnorth__xielingyun_yezhongxu__part01,擬魏太子鄴中集詩八首序,謝靈運,6,93,104,遊者美矣，而其主不文。,游者 美矣 而 其主不文,游者 美矣 而 其主不文,4,4,0
southnorth__xielingyun_yezhongxu,southnorth__xielingyun_yezhongxu__part01,擬魏太子鄴中集詩八首序,謝靈運,7,104,133,漢武帝時，徐、樂諸才備應對之能，而雄猜多忌，豈獲昭言之適！,汉武帝 时 徐 乐诸才备 应对 之能 而雄 猜 多 忌 岂 获昭言 之适,汉武帝 时 徐 乐诸才备 应对 之能 而雄 猜 多 忌 岂 获昭言 之适,13,13,0
southnorth__xielingyun_yezhongxu,southnorth__xielingyun_yezhongxu__part01,擬魏太子鄴中集詩八首序,謝靈運,8,133,146,不誣方將，庶必賢於今日爾。,不 诬方 将 庶 必贤于 今日 尔,不诬 方将 庶 必贤于 今日 尔,7,6,1
southnorth__xielingyun_yezhongxu,southnorth__xielingyun_yezhongxu__part01,擬魏太子鄴中集詩八首序,謝靈運,9,146,166,歲月如流，零落將盡，撰文懷人，感往增愴。,岁月如流 零落 将 尽 撰文 怀人 感往 增怆,岁月如流 零落 将 尽 撰文 怀人 感往 增怆,8,8,0
southnorth__xielingyun_yezhongxu,southnorth__xielingyun_yezhongxu__part01,擬魏太子鄴中集詩八首序,謝靈運,10,166,170,其辭曰：,其辞 曰,其辞 曰,2,2,0
liuxie_shipin__liuxie_01,liuxie_shipin__liuxie_01__part01,文心雕龍·原道,劉勰,0,0,17,文之為德也大矣，與天地並生者何哉！,文之为 德 也 大 矣 与 天地 并 生者 何哉,文之为 德 也 大 矣 与 天地 并 生者 何哉,10,10,0
liuxie_shipin__liuxie_01,liuxie_shipin__liuxie_01__part01,文心雕龍·原道,劉勰,1,17,40,夫玄黃色雜，方圓體分，日月疊璧，以垂麗天之象；,夫玄 黄色 杂 方圆 体分 日月 叠 璧 以 垂丽天 之象,夫玄 黄色 杂 方圆 体分 日月 叠 璧 以 垂 丽天 之象,11,12,1
liuxie_shipin__liuxie_01,liuxie_shipin__liuxie_01__part01,文心雕龍·原道,劉勰,2,40,52,山川煥綺，以鋪理地之形；,山川 焕 绮 以铺 理地 之形,山川 焕绮 以铺 理地 之形,6,5,1
liuxie_shipin__liuxie_01,liuxie_shipin__liuxie_01__part01,文心雕龍·原道,劉勰,3,52,59,此蓋道之文也。,此盖道 之文 也,此盖道 之文 也,3,3,0
liuxie_shipin__liuxie_01,liuxie_shipin__liuxie_01__part01,文心雕龍·原道,劉勰,4,59,81,仰觀吐曜，俯察含章，高卑定位，故兩儀既生矣。,仰观 吐曜 俯察 含章 高卑 定位 故 两仪 既生 矣,仰观 吐曜 俯察 含章 高卑 定位 故 两仪 既生 矣,10,10,0
liuxie_shipin__liuxie_01,liuxie_shipin__liuxie_01__part01,文心雕龍·原道,劉勰,5,81,96,惟人參之，性靈所鍾，是謂三才。,惟 人参 之 性灵 所钟 是 谓 三才,惟 人参 之 性灵 所钟 是 谓 三才,8,8,0
liuxie_shipin__liuxie_01,liuxie_shipin__liuxie_01__part01,文心雕龍·原道,劉勰,6,96,126,為五行之秀，實天地之心，心生而言立，言立而文明，自然之道也。,为 五行 之秀 实 天地 之心 心 生 而言 立 言立 而 文明 自然 之道 也,为 五行 之秀 实 天地 之心 心 生 而言 立 言立 而 文明 自然 之道 也,16,16,0
liuxie_shipin__liuxie_01,liuxie_shipin__liuxie_01__part01,文心雕龍·原道,劉勰,7,126,152,傍及萬品，動植皆文︰龍鳳以藻繪呈瑞，虎豹以炳蔚凝姿；,傍及 万品 动植皆文 龙凤 以 藻绘 呈瑞 虎豹 以炳蔚 凝姿,傍及 万品 动植 皆 文 龙凤 以 藻绘 呈瑞 虎豹 以炳蔚 凝姿,10,12,1
liuxie_shipin__liuxie_01,liuxie_shipin__liuxie_01__part01,文心雕龍·原道,劉勰,8,152,164,雲霞雕色，有踰畫工之妙；,云霞 雕色 有 逾 画工 之妙,云霞 雕色 有 逾 画工 之妙,6,6,0
liuxie_shipin__liuxie_01,liuxie_shipin__liuxie_01__part01,文心雕龍·原道,劉勰,9,164,176,草木賁華，無待錦匠之奇；,草木 贲华 无待 锦匠 之奇,草木 贲华 无 待 锦匠 之奇,5,6,1
liuxie_shipin__liuxie_01,liuxie_shipin__liuxie_01__part01,文心雕龍·原道,劉勰,10,176,186,夫豈外飾，蓋自然耳。,夫 岂 外饰 盖 自然 耳,夫 岂 外饰 盖 自然 耳,6,6,0
liuxie_shipin__liuxie_01,liuxie_shipin__liuxie_01__part01,文心雕龍·原道,劉勰,11,186,198,至於林籟結響，調如竽瑟；,至于 林籁 结响 调如竽瑟,至于 林籁 结响 调如竽瑟,4,4,0
liuxie_shipin__liuxie_01,liuxie_shipin__liuxie_01__part01,文心雕龍·原道,劉勰,12,198,208,泉石激韻，和若球鍠；,泉石 激韵 和 若球 锽,泉石 激韵 和 若 球锽,5,5,1
liuxie_shipin__liuxie_01,liuxie_shipin__liuxie_01__part01,文心雕龍·原道,劉勰,13,208,223,故形立則章成矣，聲發則文生矣。,故形立 则 章成 矣 声发 则 文生 矣,故形立 则 章成 矣 声发 则 文生 矣,8,8,0
liuxie_shipin__liuxie_01,liuxie_shipin__liuxie_01__part01,文心雕龍·原道,劉勰,14,223,245,夫以無識之物，郁然有彩，有心之器，其無文歟！,夫以 无识 之物 郁然 有彩 有心 之器 其无文 欤,夫以 无识 之物 郁然 有彩 有心 之器 其 无文 欤,9,10,1
liuxie_shipin__liuxie_01,liuxie_shipin__liuxie_01__part01,文心雕龍·原道,劉勰,15,247,269,人文之元，肇自太極，幽贊神明，《易》象惟先。,人文 之元 肇自 太极 幽赞 神明 易 象惟先,人文 之元 肇自 太极 幽赞 神明 易 象惟先,8,8,0
liuxie_shipin__liuxie_01,liuxie_shipin__liuxie_01__part01,文心雕龍·原道,劉勰,16,269,281,庖犧畫其始，仲尼翼其終。,庖 牺画 其始 仲尼 翼 其终,庖牺 画其始 仲尼 翼 其终,6,5,1
liuxie_shipin__liuxie_01,liuxie_shipin__liuxie_01__part01,文心雕龍·原道,劉勰,17,281,299,而《乾》、《坤》兩位，獨制《文言》。,而 干 坤 两位 独制 文言,而 干 坤 两位 独制 文言,6,6,0
liuxie_shipin__liuxie_01,liuxie_shipin__liuxie_01__part01,文心雕龍·原道,劉勰,18,299,310,言之文也，天地之心哉！,言之文 也 天地 之心 哉,言之文 也 天地 之心 哉,5,5,0
liuxie_shipin__liuxie_01,liuxie_shipin__liuxie_01__part01,文心雕龍·原道,劉勰,19,310,355,若迺《河圖》孕乎八卦，《洛書》韞乎九疇，玉版金鏤之實，丹文綠牒之華，誰其尸之，亦神理而已。,若 迺 河图 孕乎 八卦 洛书 韫 乎 九畴 玉版 金 镂 之实 丹文绿牒 之华 谁 其 尸 之 亦 神理 而已,若 迺 河图 孕乎 八卦 洛书 韫 乎 九畴 玉版 金镂 之实 丹文绿牒 之华 谁 其 尸 之 亦 神理 而已,22,21,1
liuxie_shipin__liuxie_01,liuxie_shipin__liuxie_01__part01,文心雕龍·原道,劉勰,20,357,390,自鳥跡代繩文字始炳，炎皞遺事，紀在《三墳》，而年世渺邈，聲采靡追。,自鸟迹 代绳 文字 始炳 炎 皞 遗事 纪在 三坟 而 年 世渺邈 声 采靡 追,自 鸟迹 代绳 文字 始炳 炎 皞 遗事 纪在 三坟 而 年 世渺邈 声采 靡 追,15,16,1
liuxie_shipin__liuxie_01,liuxie_shipin__liuxie_01__part01,文心雕龍·原道,劉勰,21,390,401,唐虞文章，則煥乎始盛。,唐虞 文章 则 焕乎 始盛,唐虞 文章 则 焕乎 始盛,5,5,0
liuxie_shipin__liuxie_01,liuxie_shipin__liuxie_01__part01,文心雕龍·原道,劉勰,22,401,413,元首載歌，既發吟詠之志；,元首 载歌 既发 吟咏 之志,元首 载歌 既发 吟咏 之志,5,5,0
liuxie_shipin__liuxie_01,liuxie_shipin__liuxie_01__part01,文心雕龍·原道,劉勰,23,413,425,益稷陳謨，亦垂敷奏之風。,益稷 陈谟 亦 垂 敷 奏 之风,益稷 陈谟 亦 垂 敷 奏 之风,7,7,0
liuxie_shipin__liuxie_01,liuxie_shipin__liuxie_01__part01,文心雕龍·原道,劉勰,24,425,445,夏后氏興，業峻鴻績，九序惟歌，勳德彌縟。,夏后氏 兴 业峻鸿绩 九序 惟歌 勋德弥缛,夏后氏 兴 业峻鸿绩 九序 惟歌 勋德 弥缛,6,7,1
liuxie_shipin__liuxie_01,liuxie_shipin__liuxie_01__part01,文心雕龍·原道,劉勰,25,445,470,逮及商周，文勝其質，《雅》、《頌》所被，英華曰新。,逮及 商周 文胜 其质 雅 颂 所 被 英华 曰 新,逮及 商周 文胜 其质 雅 颂 所 被 英华 曰 新,11,11,0
liuxie_shipin__liuxie_01,liuxie_shipin__liuxie_01__part01,文心雕龍·原道,劉勰,26,470,490,文王患憂，繇辭炳曜，符采複隱，精義堅深。,文王 患忧 繇 辞炳曜 符采 复隐 精义 坚深,文王 患忧 繇辞 炳 曜 符采 复隐 精义 坚深,8,9,1
liuxie_shipin__liuxie_01,liuxie_shipin__liuxie_01__part01,文心雕龍·原道,劉勰,27,490,512,重以公旦多材，振其徽烈，剬詩緝頌，斧藻群言。,重以 公旦 多材 振其徽烈 剬 诗 缉 颂 斧藻 群言,重以 公旦 多材 振其徽烈 剬 诗 缉 颂 斧藻 群言,10,10,0
liuxie_shipin__liuxie_01,liuxie_shipin__liuxie_01__part01,文心雕龍·原道,劉勰,28,512,535,至夫子繼聖，獨秀前哲，鎔鈞六經，必金聲而玉振；,至 夫子 继圣 独秀 前哲 镕 钧 六经 必 金声 而玉振,至 夫子 继圣 独秀 前哲 镕钧 六经 必 金声 而玉振,11,10,1
liuxie_shipin__liuxie_01,liuxie_shipin__liuxie_01__part01,文心雕龍·原道,劉勰,29,535,576,雕琢性情，組織辭令，木鐸啟而千里應，席珍流而萬世響，寫天地之輝光，曉生民之耳目矣。,雕琢 性情 组织 辞令 木铎 启而 千里 应 席珍流 而 万世 响 写 天地 之 辉光 晓 生民 之 耳目 矣,雕琢 性情 组织 辞令 木铎 启而 千里 应 席珍流 而 万世 响 写 天地 之 辉光 晓 生民 之 耳目 矣,21,21,0
liuxie_shipin__liuxie_01,liuxie_shipin__liuxie_01__part01,文心雕龍·原道,劉勰,30,578,645,爰自風姓，暨于孔氏，玄聖創典，素王述訓，莫不原道心以敷章，研神理而設教，取象乎《河》、《洛》，問數乎蓍龜，觀天文以極變，察人文以成化；,爰 自风姓 暨于 孔氏 玄圣 创典 素王述 训 莫不 原道 心以 敷章 研神理 而 设教 取象乎 河 洛 问数乎 蓍龟 观 天文 以极变 察 人文 以 成化,爰 自风姓 暨于 孔氏 玄圣 创典 素王述 训 莫不 原道 心以 敷章 研神理 而 设教 取象乎 河 洛 问数 乎 蓍龟 观 天文 以 极变 察 人文 以 成化,27,29,1
liuxie_shipin__liuxie_01,liuxie_shipin__liuxie_01__part01,文心雕龍·原道,劉勰,31,645,668,然后能經緯區宇，彌綸彝憲，發輝事業，彪炳辭義。,然后 能 经纬 区宇 弥纶 彝宪 发辉 事业 彪炳 辞义,然后 能 经纬 区宇 弥纶 彝宪 发辉 事业 彪炳 辞义,10,10,0
liuxie_shipin__liuxie_01,liuxie_shipin__liuxie_01__part01,文心雕龍·原道,劉勰,32,668,696,故知道沿聖以垂文，聖因文而明道，旁通而無滯，日用而不匱。,故 知道 沿圣以 垂文 圣因 文而明 道 旁通 而 无滞 日用 而 不 匮,故 知道 沿圣以 垂文 圣 因文 而 明道 旁通 而 无滞 日用 而 不匮,14,14,1
liuxie_shipin__liuxie_01,liuxie_shipin__liuxie_01__part01,文心雕龍·原道,劉勰,33,696,711,《易》曰︰鼓天下之動者存乎辭。,易 曰 鼓 天下 之动者 存乎 辞,易 曰 鼓 天下 之动者 存乎 辞,7,7,0
liuxie_shipin__liuxie_01,liuxie_shipin__liuxie_01__part01,文心雕龍·原道,劉勰,34,711,727,辭之所以能鼓天下者，迺道之文也。,辞 之所以 能鼓 天下 者 迺 道 之文 也,辞 之所以 能鼓 天下 者 迺 道 之文 也,9,9,0
liuxie_shipin__liuxie_01,liuxie_shipin__liuxie_01__part01,文心雕龍·原道,劉勰,35,729,732,贊曰︰,赞 曰,赞 曰,2,2,0
liuxie_shipin__liuxie_01,liuxie_shipin__liuxie_01__part01,文心雕龍·原道,劉勰,36,734,744,道心惟微，神理設教。,道心 惟微 神理 设教,道心 惟微 神理 设教,4,4,0
liuxie_shipin__liuxie_01,liuxie_shipin__liuxie_01__part01,文心雕龍·原道,劉勰,37,744,754,光采元聖，炳燿仁孝。,光采 元圣 炳燿 仁孝,光采 元圣 炳燿 仁孝,4,4,0
liuxie_shipin__liuxie_01,liuxie_shipin__liuxie_01__part01,文心雕龍·原道,劉勰,38,756,766,龍圖獻體，龜書呈貌。,龙 图献体 龟书 呈貌,龙图 献体 龟书 呈貌,4,4,1
liuxie_shipin__liuxie_01,liuxie_shipin__liuxie_01__part01,文心雕龍·原道,劉勰,39,766,776,天文斯觀，民胥以傚。,天文 斯观 民胥 以 傚,天文 斯观 民胥 以 傚,5,5,0
liuxie_shipin__liuxie_02,liuxie_shipin__liuxie_02__part01,文心雕龍·徵聖,劉勰,0,0,42,夫作者曰聖，述者曰明，陶鑄性情，功在上哲，夫子文章，可得而聞，則聖人之情，見乎辭矣。,夫 作者 曰 圣 述者 曰 明 陶铸 性情 功在 上 哲 夫子 文章 可得 而闻 则 圣人 之情 见乎 辞 矣,夫 作者 曰 圣 述者 曰 明 陶铸 性情 功在 上 哲 夫子 文章 可得 而闻 则 圣人 之情 见乎 辞 矣,22,22,0
liuxie_shipin__liuxie_02,liuxie_shipin__liuxie_02__part01,文心雕龍·徵聖,劉勰,1,42,52,先王聖化，布在方冊；,先王 圣化 布在 方册,先王 圣化 布在 方册,4,4,0
liuxie_shipin__liuxie_02,liuxie_shipin__liuxie_02__part01,文心雕龍·徵聖,劉勰,2,52,62,夫子風采，溢於格言。,夫子 风采 溢于 格言,夫子 风采 溢于 格言,4,4,0
liuxie_shipin__liuxie_02,liuxie_shipin__liuxie_02__part01,文心雕龍·徵聖,劉勰,3,62,75,是以遠稱唐世，則煥乎為盛；,是 以远称 唐世 则 焕乎 为 盛,是 以远称 唐世 则 焕乎 为 盛,7,7,0
liuxie_shipin__liuxie_02,liuxie_shipin__liuxie_02__part01,文心雕龍·徵聖,劉勰,4,75,86,近褒周代，則郁哉可從。,近 褒 周代 则 郁哉 可 从,近 褒 周代 则 郁哉 可 从,7,7,0
liuxie_shipin__liuxie_02,liuxie_shipin__liuxie_02__part01,文心雕龍·徵聖,劉勰,5,86,95,此政化貴文之徵也。,此政化 贵文之征 也,此政化 贵文之征 也,3,3,0
liuxie_shipin__liuxie_02,liuxie_shipin__liuxie_02__part01,文心雕龍·徵聖,劉勰,6,95,106,鄭伯入陳，以文辭為功；,郑伯入 陈 以 文辞 为功,郑伯入 陈 以 文辞 为功,5,5,0
liuxie_shipin__liuxie_02,liuxie_shipin__liuxie_02__part01,文心雕龍·徵聖,劉勰,7,106,117,宋置折俎，以多文舉禮。,宋置 折 俎 以多 文举 礼,宋置 折 俎 以多 文举 礼,6,6,0
liuxie_shipin__liuxie_02,liuxie_shipin__liuxie_02__part01,文心雕龍·徵聖,劉勰,8,117,126,此事跡貴文之徵也。,此 事迹 贵文之征 也,此 事迹 贵文之征 也,4,4,0
liuxie_shipin__liuxie_02,liuxie_shipin__liuxie_02__part01,文心雕龍·徵聖,劉勰,9,126,143,褒美子產，則云言以足志，文以足言；,褒美 子产 则 云言以 足志 文以 足言,褒美 子产 则 云言以 足志 文以 足言,7,7,0
liuxie_shipin__liuxie_02,liuxie_shipin__liuxie_02__part01,文心雕龍·徵聖,劉勰,10,143,158,泛論君子，則云情欲信，辭欲巧；,泛论 君子 则 云 情欲 信 辞欲巧,泛论 君子 则 云 情欲 信 辞欲巧,7,7,0
liuxie_shipin__liuxie_02,liuxie_shipin__liuxie_02__part01,文心雕龍·徵聖,劉勰,11,158,167,此修身貴文之徵也。,此 修身 贵文之征 也,此 修身 贵文之征 也,4,4,0
liuxie_shipin__liuxie_02,liuxie_shipin__liuxie_02__part01,文心雕龍·徵聖,劉勰,12,167,195,然則志足而言文，情信而辭巧，迺含章之玉牒，秉文之金科矣。,然则 志足 而言 文 情信 而 辞巧 迺 含章 之玉牒 秉文 之 金科 矣,然则 志足 而言 文 情信 而 辞巧 迺 含章 之玉牒 秉文 之 金科 矣,14,14,0
liuxie_shipin__liuxie_02,liuxie_shipin__liuxie_02__part01,文心雕龍·徵聖,劉勰,13,197,208,夫鑒周日月，妙極機神；,夫鉴 周日 月 妙极 机神,夫鉴 周日 月 妙极 机神,5,5,0
liuxie_shipin__liuxie_02,liuxie_shipin__liuxie_02__part01,文心雕龍·徵聖,劉勰,14,208,218,文成規矩，思合符契。,文成 规矩 思合 符契,文成 规矩 思合 符契,4,4,0
liuxie_shipin__liuxie_02,liuxie_shipin__liuxie_02__part01,文心雕龍·徵聖,劉勰,15,218,246,或簡言以達旨，或博文以該情，或明理以立體，或隱義以藏用。,或 简言 以达旨 或 博文 以该 情 或 明理 以 立体 或 隐义 以藏用,或 简言 以 达旨 或 博文 以该 情 或 明理 以 立体 或 隐义 以藏用,14,15,1
liuxie_shipin__liuxie_02,liuxie_shipin__liuxie_02__part01,文心雕龍·徵聖,劉勰,16,246,275,故《春秋》一字以褒貶，《喪服》舉輕以包重，此簡言以達旨也。,故 春秋 一字 以 褒贬 丧服 举轻以 包重 此 简言 以达旨 也,故 春秋 一字 以 褒贬 丧服 举轻以 包重 此 简言 以 达旨 也,12,13,1
liuxie_shipin__liuxie_02,liuxie_shipin__liuxie_02__part01,文心雕龍·徵聖,劉勰,17,275,303,《邠詩》聯章以積句，《儒行》縟說以繁辭，此博文以該情也。,邠 诗 联章 以积句 儒行 缛 说 以 繁辞 此 博文 以该 情 也,邠诗 联章 以积句 儒行 缛 说 以 繁辞 此 博文 以该 情 也,14,13,1
liuxie_shipin__liuxie_02,liuxie_shipin__liuxie_02__part01,文心雕龍·徵聖,劉勰,18,303,327,書契斷決以象夬，文章昭晰以象離，此明理以立體也。,书契 断决 以象 夬 文章 昭晰 以象 离 此 明理 以 立体 也,书契 断决 以象 夬 文章 昭晰 以象 离 此 明理 以 立体 也,13,13,0
liuxie_shipin__liuxie_02,liuxie_shipin__liuxie_02__part01,文心雕龍·徵聖,劉勰,19,327,351,四象精義以曲隱，五例微辭以婉晦，此隱義以藏用也。,四象 精义 以曲隐 五例 微辞 以婉晦 此隐义 以藏用 也,四象 精义 以 曲隐 五例 微辞 以婉晦 此 隐义 以藏用 也,9,11,1
liuxie_shipin__liuxie_02,liuxie_shipin__liuxie_02__part01,文心雕龍·徵聖,劉勰,20,351,384,故知繁略殊形，隱顯異術，抑引隨時，變通會適，徵之周孔，則文有師矣。,故知 繁略殊 形 隐显 异术 抑引 随时 变通 会适 征之周 孔 则 文有师 矣,故知 繁略殊 形 隐显 异术 抑引 随时 变通 会适 征之周 孔 则 文有师 矣,14,14,0
liuxie_shipin__liuxie_02,liuxie_shipin__liuxie_02__part01,文心雕龍·徵聖,劉勰,21,386,396,是以論文，必徵於聖；,是 以 论文 必征 于 圣,是 以 论文 必征 于 圣,6,6,0
liuxie_shipin__liuxie_02,liuxie_shipin__liuxie_02__part01,文心雕龍·徵聖,劉勰,22,396,403,窺聖必宗於經。,窥圣 必宗于 经,窥圣 必宗于 经,3,3,0
liuxie_shipin__liuxie_02,liuxie_shipin__liuxie_02__part01,文心雕龍·徵聖,劉勰,23,403,417,《易》稱辨物正言，斷辭則備；,易 称辨物 正言 断 辞则备,易 称辨物 正言 断辞 则 备,5,6,1
liuxie_shipin__liuxie_02,liuxie_shipin__liuxie_02__part01,文心雕龍·徵聖,劉勰,24,417,431,《書》云辭尚體要，弗惟好異。,书 云辞 尚体 要 弗惟好 异,书 云辞 尚 体要 弗惟 好异,6,6,1
liuxie_shipin__liuxie_02,liuxie_shipin__liuxie_02__part01,文心雕龍·徵聖,劉勰,25,431,463,故知正言所以立辯，體要所以成辭，辭成無好異之尤，辯立有斷辭之義。,故知 正 言 所以 立辩 体 要 所以 成辞 辞成 无 好 异 之 尤 辩立 有断 辞之义,故知 正 言 所以 立辩 体要 所以 成辞 辞成 无 好异 之 尤 辩立 有 断辞 之义,18,17,1
liuxie_shipin__liuxie_02,liuxie_shipin__liuxie_02__part01,文心雕龍·徵聖,劉勰,26,463,475,雖精義曲隱，無傷其正言；,虽 精义 曲隐 无伤 其 正言,虽 精义 曲隐 无伤 其正言,6,5,1
liuxie_shipin__liuxie_02,liuxie_shipin__liuxie_02__part01,文心雕龍·徵聖,劉勰,27,475,486,微辭婉晦，不害其體要。,微辞 婉晦 不害 其体 要,微辞 婉晦 不害 其 体要,5,5,1
liuxie_shipin__liuxie_02,liuxie_shipin__liuxie_02__part01,文心雕龍·徵聖,劉勰,28,486,513,體要與微辭偕通，正言共精義並用，聖人之文章，亦可見也。,体要 与 微辞 偕通 正言共 精义 并用 圣人 之 文章 亦可 见 也,体要 与 微辞 偕通 正言共 精义 并用 圣人 之 文章 亦可 见 也,13,13,0
liuxie_shipin__liuxie_02,liuxie_shipin__liuxie_02__part01,文心雕龍·徵聖,劉勰,29,515,531,顏闔以為仲尼飾羽而畫，徒事華辭。,颜阖 以为 仲尼 饰羽 而 画 徒事 华辞,颜阖 以为 仲尼 饰羽 而画 徒事 华辞,8,7,1
liuxie_shipin__liuxie_02,liuxie_shipin__liuxie_02__part01,文心雕龍·徵聖,劉勰,30,531,541,雖欲訾聖，弗可得已。,虽欲 訾圣 弗可得 已,虽欲 訾圣 弗可得 已,4,4,0
liuxie_shipin__liuxie_02,liuxie_shipin__liuxie_02__part01,文心雕龍·徵聖,劉勰,31,541,558,然則聖文之雅麗，固銜華而佩實者也。,然则 圣文 之 雅丽 固衔 华而佩 实者 也,然则 圣文 之 雅丽 固衔 华而佩 实者 也,8,8,0
liuxie_shipin__liuxie_02,liuxie_shipin__liuxie_02__part01,文心雕龍·徵聖,劉勰,32,558,568,天道難聞，猶或鑽仰；,天道 难闻 犹 或 钻仰,天道 难闻 犹 或 钻仰,5,5,0
liuxie_shipin__liuxie_02,liuxie_shipin__liuxie_02__part01,文心雕龍·徵聖,劉勰,33,568,578,文章可見，胡寧勿思。,文章 可见 胡宁勿思,文章 可见 胡宁 勿思,3,4,1
liuxie_shipin__liuxie_02,liuxie_shipin__liuxie_02__part01,文心雕龍·徵聖,劉勰,34,578,590,若徵聖立言，則文其庶矣。,若征 圣 立言 则 文其 庶 矣,若 征圣 立言 则 文其 庶 矣,7,7,1
liuxie_shipin__liuxie_02,liuxie_shipin__liuxie_02__part01,文心雕龍·徵聖,劉勰,35,592,595,贊曰︰,赞 曰,赞 曰,2,2,0
liuxie_shipin__liuxie_02,liuxie_shipin__liuxie_02__part01,文心雕龍·徵聖,劉勰,36,597,607,妙極生知，睿哲惟宰。,妙极 生 知 睿哲 惟宰,妙极 生 知 睿哲 惟宰,5,5,0
liuxie_shipin__liuxie_02,liuxie_shipin__liuxie_02__part01,文心雕龍·徵聖,劉勰,37,607,617,精理為文，秀氣成采。,精理 为文 秀 气 成采,精理 为文 秀 气 成采,5,5,0
liuxie_shipin__liuxie_02,liuxie_shipin__liuxie_02__part01,文心雕龍·徵聖,劉勰,38,619,629,鑒懸日月，辭富山海。,鉴悬 日月 辞富 山海,鉴悬 日月 辞富 山海,4,4,0
liuxie_shipin__liuxie_02,liuxie_shipin__liuxie_02__part01,文心雕龍·徵聖,劉勰,39,629,639,百齡影徂，千載心在。,百龄影 徂 千载 心在,百龄 影 徂 千载 心在,4,5,1
liuxie_shipin__liuxie_03,liuxie_shipin__liuxie_03__part01,文心雕龍·宗經,劉勰,0,0,10,三極彝訓，其書曰經。,三极 彝训 其书 曰 经,三极 彝训 其书 曰 经,5,5,0
liuxie_shipin__liuxie_03,liuxie_shipin__liuxie_03__part01,文心雕龍·宗經,劉勰,1,10,27,經也者，恆久之至道，不刊之鴻教也。,经也者 恒久 之至 道 不刊 之鸿教 也,经也者 恒久 之至 道 不刊 之 鸿教 也,7,8,1
liuxie_shipin__liuxie_03,liuxie_shipin__liuxie_03__part01,文心雕龍·宗經,劉勰,2,27,60,故象天地，效鬼神，忝物序，制人紀，洞性靈之奧區，極文章之骨髓者也。,故象 天地 效 鬼神 忝 物序 制人纪 洞 性灵 之奥区 极 文章 之 骨髓 者 也,故象 天地 效 鬼神 忝 物序 制 人纪 洞 性灵 之 奥区 极 文章 之 骨髓 者 也,16,18,1
liuxie_shipin__liuxie_03,liuxie_shipin__liuxie_03__part01,文心雕龍·宗經,劉勰,3,60,110,皇世《三墳》，帝代《五典》，重於《八索》，中以《九丘》，歲歷綿曖，條流紛糅，自夫子刊述，而大寶咸耀。,皇世 三坟 帝代 五典 重于 八索 中以 九丘 岁 历绵 暧 条流 纷糅 自 夫子 刊述 而 大宝 咸耀,皇世 三坟 帝代 五典 重于 八索 中以 九丘 岁历 绵暧 条流 纷糅 自 夫子 刊述 而 大宝 咸耀,19,18,1
liuxie_shipin__liuxie_03,liuxie_shipin__liuxie_03__part01,文心雕龍·宗經,劉勰,4,110,128,於是《易》張《十翼》，《書》標七觀。,于是 易 张 十翼 书 标七观,于是 易 张 十翼 书 标 七观,6,7,1
liuxie_shipin__liuxie_03,liuxie_shipin__liuxie_03__part01,文心雕龍·宗經,劉勰,5,128,175,《詩》列四始，《禮》正五經，《春秋》五例，義既極乎性情，辭亦匠於文理，故能開學養正，昭明有融。,诗 列四始 礼 正 五经 春秋 五例 义 既 极乎 性情 辞亦匠 于 文理 故能 开学 养正 昭明 有融,诗 列四始 礼 正 五经 春秋 五例 义 既 极乎 性情 辞亦匠 于 文理 故能 开学 养正 昭明 有融,19,19,0
liuxie_shipin__liuxie_03,liuxie_shipin__liuxie_03__part01,文心雕龍·宗經,劉勰,6,175,198,然而道心惟微，聖謀卓絕，墻宇重峻，而吐納自深。,然而 道心 惟微 圣谋 卓绝 墙宇 重峻 而 吐纳 自深,然而 道心 惟微 圣谋 卓绝 墙宇 重峻 而 吐纳 自深,10,10,0
liuxie_shipin__liuxie_03,liuxie_shipin__liuxie_03__part01,文心雕龍·宗經,劉勰,7,198,213,譬萬鈞之洪鐘，無錚錚之細響矣。,譬万钧 之 洪钟 无 铮铮 之细响 矣,譬 万钧 之 洪钟 无 铮铮 之 细响 矣,7,9,1
liuxie_shipin__liuxie_03,liuxie_shipin__liuxie_03__part01,文心雕龍·宗經,劉勰,8,215,228,夫《易》惟談天，入神致用。,夫 易 惟 谈天 入神 致 用,夫 易 惟 谈天 入神 致 用,7,7,0
liuxie_shipin__liuxie_03,liuxie_shipin__liuxie_03__part01,文心雕龍·宗經,劉勰,9,228,256,故《繫》稱旨遠辭文，言中事隱，韋編三絕，固哲人之驪淵也。,故 系 称旨 远 辞文 言中事隐 韦编三绝 固 哲人 之骊渊 也,故 系 称旨 远辞文 言中事隐 韦编三绝 固 哲人 之 骊渊 也,11,11,1
liuxie_shipin__liuxie_03,liuxie_shipin__liuxie_03__part01,文心雕龍·宗經,劉勰,10,256,282,《書》實記言，而詁訓茫昧，通乎《爾雅》，則文意曉然。,书 实 记言 而诂 训 茫昧 通乎 尔雅 则 文意 晓然,书 实 记言 而 诂训 茫昧 通乎 尔雅 则 文意 晓然,11,11,1
liuxie_shipin__liuxie_03,liuxie_shipin__liuxie_03__part01,文心雕龍·宗經,劉勰,11,282,311,故子夏歎《書》，昭昭若日月之明，離離如星辰之行，言照灼也。,故子 夏叹 书 昭昭 若 日月 之明 离离 如 星辰 之 行 言照 灼 也,故子 夏叹 书 昭昭 若 日月 之明 离离 如 星辰 之 行 言照 灼 也,15,15,0
liuxie_shipin__liuxie_03,liuxie_shipin__liuxie_03__part01,文心雕龍·宗經,劉勰,12,311,347,《詩》主言志，詁訓同《書》，摛風裁興，藻辭譎喻，溫柔在誦，故最附深衷矣。,诗 主 言志 诂 训同 书 摛 风裁兴 藻辞 谲 喻 温柔 在 诵 故 最 附 深衷 矣,诗 主 言志 诂训 同 书 摛 风裁 兴 藻辞 谲 喻 温柔 在 诵 故 最 附 深衷 矣,19,20,1
liuxie_shipin__liuxie_03,liuxie_shipin__liuxie_03__part01,文心雕龍·宗經,劉勰,13,347,379,《禮》以立體，據事制範，章條纎曲，執而後顯，採掇片言，莫非寶也。,礼 以 立体 据事 制范 章条 纎 曲 执 而后 显 采掇 片言 莫非 宝 也,礼 以 立体 据事 制范 章条 纎 曲 执 而后 显 采掇 片言 莫非 宝 也,16,16,0
liuxie_shipin__liuxie_03,liuxie_shipin__liuxie_03__part01,文心雕龍·宗經,劉勰,14,379,402,《春秋》辨理，一字見義，五石六鷁，以詳備成文；,春秋 辨理 一字 见义 五石六鹢 以 详备 成文,春秋 辨理 一字 见义 五石六鹢 以 详备 成文,8,8,0
liuxie_shipin__liuxie_03,liuxie_shipin__liuxie_03__part01,文心雕龍·宗經,劉勰,15,402,424,雉門兩觀，以先後顯旨，其婉章志晦，諒以邃矣。,雉门 两观 以 先后 显旨 其婉章 志晦 谅 以邃 矣,雉门 两观 以 先后 显旨 其婉章 志晦 谅 以邃 矣,10,10,0
liuxie_shipin__liuxie_03,liuxie_shipin__liuxie_03__part01,文心雕龍·宗經,劉勰,16,424,440,《尚書》則覽文如詭，而尋理即暢；,尚书 则 览 文如 诡 而 寻理 即 畅,尚书 则 览 文如 诡 而 寻理 即畅,9,8,1
liuxie_shipin__liuxie_03,liuxie_shipin__liuxie_03__part01,文心雕龍·宗經,劉勰,17,440,456,《春秋》則觀辭立曉，而訪義方隱。,春秋 则 观辞 立晓 而 访义 方隐,春秋 则 观辞 立晓 而 访义 方隐,7,7,0
liuxie_shipin__liuxie_03,liuxie_shipin__liuxie_03__part01,文心雕龍·宗經,劉勰,18,456,471,此聖文之殊致，表裏之異體者也。,此圣文 之殊致 表里 之 异体 者 也,此 圣文 之殊致 表里 之 异体 者 也,7,8,1
liuxie_shipin__liuxie_03,liuxie_shipin__liuxie_03__part01,文心雕龍·宗經,劉勰,19,471,536,至根柢槃深，枝葉峻茂，辭約而旨豐，事近而喻遠，是以往者雖舊，餘味日新，後進追取而非晚，前脩文用而未先，可謂太山偏雨，河潤千里者也。,至 根柢 槃 深 枝叶 峻茂 辞约 而 旨丰 事近 而 喻远 是 以往 者 虽旧 余味 日新 后进 追取 而 非晚 前 修文 用 而 未 先 可谓 太山 偏雨 河润 千里 者 也,至 根柢 槃 深 枝叶 峻茂 辞约 而 旨丰 事近 而 喻远 是 以往 者 虽旧 余味 日新 后进 追取 而 非晚 前 修文 用 而 未 先 可谓 太山 偏雨 河润 千里 者 也,35,35,0
liuxie_shipin__liuxie_03,liuxie_shipin__liuxie_03__part01,文心雕龍·宗經,劉勰,20,538,552,故論說辭序，則《易》統其首；,故论 说辞 序 则 易 统其首,故论 说辞 序 则 易 统其首,6,6,0
liuxie_shipin__liuxie_03,liuxie_shipin__liuxie_03__part01,文心雕龍·宗經,劉勰,21,552,565,詔策章奏，則《書》發其源；,诏策 章奏 则 书 发其源,诏策 章奏 则 书 发其源,5,5,0
liuxie_shipin__liuxie_03,liuxie_shipin__liuxie_03__part01,文心雕龍·宗經,劉勰,22,565,578,賦頌歌讚，則《詩》立其本；,赋 颂歌 赞 则 诗 立其本,赋 颂歌 赞 则 诗 立其本,6,6,0
liuxie_shipin__liuxie_03,liuxie_shipin__liuxie_03__part01,文心雕龍·宗經,劉勰,23,578,591,銘誄箴祝，則《禮》總其端；,铭 诔 箴 祝 则 礼 总其端,铭诔 箴祝 则 礼 总其端,7,5,1
liuxie_shipin__liuxie_03,liuxie_shipin__liuxie_03__part01,文心雕龍·宗經,劉勰,24,591,604,紀傳盟檄，則《春秋》為根；,纪传盟 檄 则 春秋 为根,纪传 盟 檄 则 春秋 为根,5,6,1
liuxie_shipin__liuxie_03,liuxie_shipin__liuxie_03__part01,文心雕龍·宗經,劉勰,25,604,629,並窮高以樹表，極遠以啟疆，所以百家騰躍，終入環內。,并 穷 高以 树表 极远 以启疆 所以 百家 腾跃 终入 环内,并 穷高 以 树表 极远 以 启疆 所以 百家 腾跃 终入 环内,11,12,1
liuxie_shipin__liuxie_03,liuxie_shipin__liuxie_03__part01,文心雕龍·宗經,劉勰,26,629,655,稟經以製式，酌雅以富言，是即山而鑄銅，煮海而為鹽也。,禀经 以 制式 酌雅以 富言 是 即 山 而 铸铜 煮 海而为 盐 也,禀经 以 制式 酌雅以 富言 是 即 山 而 铸铜 煮 海而为 盐 也,14,14,0
liuxie_shipin__liuxie_03,liuxie_shipin__liuxie_03__part01,文心雕龍·宗經,劉勰,27,657,668,故文能宗經，體有六義；,故文能 宗经 体有 六义,故文能 宗经 体有 六义,4,4,0
liuxie_shipin__liuxie_03,liuxie_shipin__liuxie_03__part01,文心雕龍·宗經,劉勰,28,668,716,一則情深而不詭，二則風清而不雜，三則事信而不誕，四則義直而不回，五則體約而不蕪，六則文麗而不淫。,一则 情深 而 不 诡 二则 风清 而 不杂 三则 事信 而 不诞 四则义 直 而 不 回 五则 体约 而 不 芜 六则 文丽 而 不淫,一则 情深 而 不 诡 二则 风清 而 不杂 三则 事信 而 不诞 四则 义直 而 不 回 五则 体约 而 不 芜 六则 文丽 而 不淫,27,27,1
liuxie_shipin__liuxie_03,liuxie_shipin__liuxie_03__part01,文心雕龍·宗經,劉勰,29,716,733,揚子比雕玉以作器，謂五經之含文也。,扬子 比雕 玉以 作器 谓 五经 之 含文 也,扬子 比 雕玉 以作器 谓 五经 之 含文 也,9,9,1
liuxie_shipin__liuxie_03,liuxie_shipin__liuxie_03__part01,文心雕龍·宗經,劉勰,30,735,777,夫文以行立，行以文傳，四教所先，符采相濟，勵德樹聲，莫不師聖，而建言脩辭，鮮克宗經。,夫文以 行立 行以 文传 四教 所先 符采 相济 励德树声 莫不 师圣 而 建言 修辞 鲜克宗经,夫文以 行立 行以 文传 四教 所先 符采 相济 励德 树声 莫不 师圣 而 建言 修辞 鲜克宗经,15,16,1
liuxie_shipin__liuxie_03,liuxie_shipin__liuxie_03__part01,文心雕龍·宗經,劉勰,31,777,799,是以楚艷漢侈，流弊不還，正末歸本，不其懿歟。,是 以 楚艳汉侈 流弊 不 还 正末 归本 不其懿 欤,是 以 楚艳 汉侈 流弊 不 还 正末 归本 不其懿 欤,10,11,1
liuxie_shipin__liuxie_03,liuxie_shipin__liuxie_03__part01,文心雕龍·宗經,劉勰,32,801,804,贊曰︰,赞 曰,赞 曰,2,2,0
liuxie_shipin__liuxie_03,liuxie_shipin__liuxie_03__part01,文心雕龍·宗經,劉勰,33,806,826,三極彝訓，道深稽古，致化惟一，分教斯五。,三极 彝训 道 深稽古 致化 惟一 分教斯五,三极 彝训 道 深稽古 致化 惟一 分教斯五,7,7,0
liuxie_shipin__liuxie_03,liuxie_shipin__liuxie_03__part01,文心雕龍·宗經,劉勰,34,828,848,性靈鎔匠，文章奧府，淵哉鑠乎，群言之祖。,性灵 镕 匠 文章 奥府 渊哉铄乎 群言 之祖,性灵 镕匠 文章 奥府 渊哉铄乎 群言 之祖,8,7,1
liuxie_shipin__liuxie_04,liuxie_shipin__liuxie_04__part01,文心雕龍·正緯,劉勰,0,0,31,夫神道闡幽，天命微顯，馬龍出而大《易》興，神龜見而《洪范》燿。,夫 神道 阐幽 天命 微显 马龙 出而大 易 兴 神龟 见 而 洪范 燿,夫 神道 阐幽 天命 微显 马龙 出而大 易 兴 神龟 见 而 洪范 燿,14,14,0
liuxie_shipin__liuxie_04,liuxie_shipin__liuxie_04__part01,文心雕龍·正緯,劉勰,1,31,55,故《繫辭》稱河出圖，洛出書，聖人則之，斯之謂也。,故 系辞 称河 出图 洛 出书 圣人 则 之 斯之谓 也,故 系辞 称 河出图 洛 出书 圣人 则 之 斯之谓 也,11,11,1
liuxie_shipin__liuxie_04,liuxie_shipin__liuxie_04__part01,文心雕龍·正緯,劉勰,2,55,76,但世夐文隱，好生矯誕，真雖存矣，偽亦憑焉。,但世 夐 文隐 好生 矫诞 真 虽存 矣 伪 亦 凭 焉,但世 夐 文隐 好生 矫诞 真 虽存 矣 伪 亦 凭 焉,12,12,0
liuxie_shipin__liuxie_04,liuxie_shipin__liuxie_04__part01,文心雕龍·正緯,劉勰,3,78,90,夫六經彪炳，而緯候稠疊；,夫 六经 彪炳 而纬候 稠叠,夫 六经 彪炳 而 纬候 稠叠,5,6,1
liuxie_shipin__liuxie_04,liuxie_shipin__liuxie_04__part01,文心雕龍·正緯,劉勰,4,90,142,《孝》、《論》昭晳，而《鉤》、《讖》葳蕤，按經驗緯，其偽有四：蓋緯之成經，其猶織綜，絲麻不雜，布帛乃成；,孝 论 昭 晳 而 钩 谶 葳蕤 按 经验 纬 其伪 有 四 盖纬 之 成经 其犹织 综 丝麻 不杂 布帛 乃成,孝 论 昭 晳 而 钩 谶 葳蕤 按 经验 纬 其伪 有 四 盖纬 之 成经 其 犹 织综 丝麻 不杂 布帛 乃成,23,24,1
liuxie_shipin__liuxie_04,liuxie_shipin__liuxie_04__part01,文心雕龍·正緯,劉勰,5,142,158,今經正緯奇，倍擿千里，其偽一矣。,今经 正纬奇 倍 擿 千里 其伪 一 矣,今经 正纬奇 倍 擿 千里 其伪 一 矣,8,8,0
liuxie_shipin__liuxie_04,liuxie_shipin__liuxie_04__part01,文心雕龍·正緯,劉勰,6,158,165,經顯，聖訓也；,经显 圣训 也,经显 圣训 也,3,3,0
liuxie_shipin__liuxie_04,liuxie_shipin__liuxie_04__part01,文心雕龍·正緯,劉勰,7,165,172,緯隱，神教也。,纬隐 神教 也,纬隐 神教 也,3,3,0
liuxie_shipin__liuxie_04,liuxie_shipin__liuxie_04__part01,文心雕龍·正緯,劉勰,8,172,199,聖訓宜廣，神教宜約，而今緯多於經，神理更繁，其偽二矣。,圣训 宜广 神教 宜约 而今 纬 多于 经 神理 更繁 其伪 二 矣,圣训 宜广 神教 宜约 而今 纬 多于 经 神理 更繁 其伪 二 矣,13,13,0
liuxie_shipin__liuxie_04,liuxie_shipin__liuxie_04__part01,文心雕龍·正緯,劉勰,9,199,238,有命自天，迺稱符讖，而八十一篇，皆託於孔子，則是堯造綠圖，昌制丹書，其偽三矣。,有命 自天 迺 称符 谶 而 八十 一篇 皆 托于 孔子 则 是 尧 造绿图 昌制 丹书 其伪 三 矣,有命 自天 迺 称 符谶 而 八十 一篇 皆 托于 孔子 则 是 尧 造绿图 昌制 丹书 其伪 三 矣,20,20,1
liuxie_shipin__liuxie_04,liuxie_shipin__liuxie_04__part01,文心雕龍·正緯,劉勰,10,238,273,商周以前，圖籙頻見，春秋之末，群經方備，先緯後經，體乖織綜，其偽四矣。,商周 以前 图箓 频见 春秋 之末 群经 方备 先纬后 经 体乖织 综 其伪 四 矣,商周 以前 图箓 频见 春秋 之末 群经 方备 先纬后 经 体乖 织综 其伪 四 矣,15,15,1
liuxie_shipin__liuxie_04,liuxie_shipin__liuxie_04__part01,文心雕龍·正緯,劉勰,11,273,294,偽既倍摘，則義異自明，經足訓矣，緯何豫焉。,伪 既 倍 摘 则 义异 自明 经足训 矣 纬何 豫 焉,伪 既 倍 摘 则 义异 自明 经足训 矣 纬何 豫 焉,12,12,0
liuxie_shipin__liuxie_04,liuxie_shipin__liuxie_04__part01,文心雕龍·正緯,劉勰,12,296,319,原夫圖籙之見，迺昊天休命，事以瑞聖，義非配經。,原夫 图箓 之见 迺 昊天 休命 事以 瑞圣 义非 配经,原夫 图箓 之见 迺 昊天 休命 事以 瑞圣 义非 配经,10,10,0
liuxie_shipin__liuxie_04,liuxie_shipin__liuxie_04__part01,文心雕龍·正緯,劉勰,13,319,340,故河不出圖，夫子有歎，如或可造，無勞喟然。,故 河不出图 夫子 有 叹 如 或 可造 无劳 喟然,故 河不出图 夫子 有 叹 如 或 可造 无劳 喟然,10,10,0
liuxie_shipin__liuxie_04,liuxie_shipin__liuxie_04__part01,文心雕龍·正緯,劉勰,14,340,373,昔康王河圖，陳於東序，故知前世符命，歷代寶傳，仲尼所撰，序錄而已。,昔康王 河图 陈于 东序 故知 前世 符命 历代 宝传 仲尼 所撰 序录 而已,昔康王 河图 陈于 东序 故知 前世 符命 历代 宝传 仲尼 所撰 序录 而已,13,13,0
liuxie_shipin__liuxie_04,liuxie_shipin__liuxie_04__part01,文心雕龍·正緯,劉勰,15,373,436,於是伎數之士，附以詭術，或說陰陽，或序災異，若鳥鳴似語，蟲葉成字，篇條滋蔓，必假孔氏，通儒討覈，謂起哀平，東序秘寶，朱紫亂矣。,于是 伎数 之士 附以 诡术 或 说 阴阳 或序 灾异 若 鸟鸣 似语 虫 叶成 字 篇条 滋蔓 必假 孔氏 通儒 讨核 谓 起 哀平 东序 秘宝 朱紫乱 矣,于是 伎数 之士 附以 诡术 或 说 阴阳 或序 灾异 若 鸟鸣 似语 虫叶成字 篇条 滋蔓 必假 孔氏 通儒 讨核 谓 起 哀平 东序 秘宝 朱紫乱 矣,29,27,1
liuxie_shipin__liuxie_04,liuxie_shipin__liuxie_04__part01,文心雕龍·正緯,劉勰,16,436,484,至於光武之世，篤信斯術，風化所靡，學者比肩，沛獻集緯以通經，曹褒撰讖以定禮，乖道謬典，亦已甚矣。,至于 光武之世 笃信 斯术 风化 所靡 学者 比肩 沛献 集纬以 通经 曹褒 撰 谶 以 定礼 乖道 谬典 亦 已 甚 矣,至于 光武之世 笃信 斯术 风化 所靡 学者 比肩 沛献 集纬以 通经 曹褒 撰 谶 以 定礼 乖道 谬典 亦 已 甚 矣,22,22,0
liuxie_shipin__liuxie_04,liuxie_shipin__liuxie_04__part01,文心雕龍·正緯,劉勰,17,484,524,是以桓譚疾其虛偽，尹敏戲其深假，張衡發其僻謬，荀悅明其詭誕，四賢博練，論之精矣。,是 以桓 谭疾其 虚伪 尹敏戏 其 深假 张衡 发其僻 谬 荀悦明 其 诡诞 四贤博练 论之精 矣,是 以桓 谭疾其 虚伪 尹敏戏 其 深假 张衡 发其 僻谬 荀悦明 其 诡诞 四贤 博练 论之精 矣,16,17,1
liuxie_shipin__liuxie_04,liuxie_shipin__liuxie_04__part01,文心雕龍·正緯,劉勰,18,526,576,若乃羲農軒皞之源，山瀆鍾律之要，白魚赤烏之符，黃金紫玉之瑞，事豐奇偉，辭富膏腴，無益經典而有助文章。,若乃羲 农轩 皞 之源 山渎 钟律 之要 白鱼赤乌 之符 黄金 紫玉之瑞 事丰 奇伟 辞富 膏腴 无益 经典 而 有助 文章,若 乃 羲农 轩皞 之源 山渎 钟律 之要 白鱼赤乌 之符 黄金 紫玉之瑞 事丰 奇伟 辞富 膏腴 无益 经典 而 有助 文章,20,21,1
liuxie_shipin__liuxie_04,liuxie_shipin__liuxie_04__part01,文心雕龍·正緯,劉勰,19,576,600,是以後來辭人，捃摭英華，平子恐其迷學，奏令禁絕；,是 以后 来辞 人 捃 摭 英华 平子 恐其 迷学 奏令 禁绝,是 以后 来 辞人 捃 摭 英华 平子 恐其 迷学 奏令 禁绝,12,12,1
liuxie_shipin__liuxie_04,liuxie_shipin__liuxie_04__part01,文心雕龍·正緯,劉勰,20,600,612,仲豫惜其雜真，未許煨燔；,仲豫惜 其杂 真 未许 煨 燔,仲豫惜 其杂 真 未许 煨 燔,6,6,0
liuxie_shipin__liuxie_04,liuxie_shipin__liuxie_04__part01,文心雕龍·正緯,劉勰,21,612,622,前代配經，故詳論焉。,前代 配经 故 详论 焉,前代 配经 故 详论 焉,5,5,0
liuxie_shipin__liuxie_04,liuxie_shipin__liuxie_04__part01,文心雕龍·正緯,劉勰,22,624,627,贊曰︰,赞 曰,赞 曰,2,2,0
liuxie_shipin__liuxie_04,liuxie_shipin__liuxie_04__part01,文心雕龍·正緯,劉勰,23,629,639,榮河溫洛，是孕圖緯。,荣河 温洛 是 孕 图纬,荣河 温洛 是 孕 图纬,5,5,0
liuxie_shipin__liuxie_04,liuxie_shipin__liuxie_04__part01,文心雕龍·正緯,劉勰,24,639,649,神寶藏用，理隱文貴。,神 宝藏 用 理隐文贵,神 宝藏 用 理 隐文 贵,4,6,1
liuxie_shipin__liuxie_04,liuxie_shipin__liuxie_04__part01,文心雕龍·正緯,劉勰,25,651,661,世歷二漢，朱紫騰沸。,世历 二汉 朱紫腾 沸,世历 二汉 朱紫 腾沸,4,4,1
liuxie_shipin__liuxie_04,liuxie_shipin__liuxie_04__part01,文心雕龍·正緯,劉勰,26,661,671,芟夷譎詭，糅其雕蔚。,芟夷 谲 诡 糅其 雕蔚,芟夷 谲诡 糅其 雕蔚,5,4,1
liuxie_shipin__liuxie_05,liuxie_shipin__liuxie_05__part01,文心雕龍·辨騷,劉勰,0,0,28,自《風》、《雅》寢聲，莫或抽緒，奇文鬱起，其《離騷》哉！,自 风 雅 寝声 莫 或 抽绪 奇文 郁起 其 离骚 哉,自 风 雅 寝声 莫 或 抽绪 奇文 郁起 其 离骚 哉,12,12,0
liuxie_shipin__liuxie_05,liuxie_shipin__liuxie_05__part01,文心雕龍·辨騷,劉勰,1,28,59,固已軒翥詩人之後，奮飛辭家之前，豈去聖之未遠，而楚人之多才乎！,固已 轩翥 诗人 之后 奋飞 辞家 之前 岂 去 圣 之 未远 而楚 人 之 多才乎,固已 轩翥 诗人 之后 奋飞 辞家 之前 岂 去 圣 之 未远 而楚 人 之 多才乎,16,16,0
liuxie_shipin__liuxie_05,liuxie_shipin__liuxie_05__part01,文心雕龍·辨騷,劉勰,2,59,97,昔漢武愛《騷》，而淮南作《傳》，以為《國風》好色而不淫，《小雅》怨誹而不亂。,昔汉 武爱 骚 而 淮南 作 传 以为 国风 好色 而 不淫 小雅 怨 诽 而 不乱,昔 汉武 爱 骚 而 淮南 作 传 以为 国风 好色 而 不淫 小雅 怨诽 而 不乱,17,17,1
liuxie_shipin__liuxie_05,liuxie_shipin__liuxie_05__part01,文心雕龍·辨騷,劉勰,3,97,108,若《離騷》者可謂兼之。,若 离骚 者 可谓 兼 之,若 离骚 者 可谓 兼 之,6,6,0
liuxie_shipin__liuxie_05,liuxie_shipin__liuxie_05__part01,文心雕龍·辨騷,劉勰,4,108,138,蟬蛻穢濁之中，浮游塵埃之外，皭然涅而不淄，雖與日月爭光可也。,蝉蜕 秽浊 之中 浮游 尘埃 之外 皭 然 涅 而 不 淄 虽 与 日月 争光 可 也,蝉蜕 秽浊 之中 浮游 尘埃 之外 皭 然 涅 而 不 淄 虽 与 日月 争光 可 也,18,18,0
liuxie_shipin__liuxie_05,liuxie_shipin__liuxie_05__part01,文心雕龍·辨騷,劉勰,5,138,152,班固以為露才揚己，忿懟沉江；,班固 以为 露才扬己 忿 怼 沉江,班固 以为 露才扬己 忿怼 沉江,6,5,1
liuxie_shipin__liuxie_05,liuxie_shipin__liuxie_05__part01,文心雕龍·辨騷,劉勰,6,152,163,羿澆二姚，與左氏不合；,羿浇二姚 与 左氏 不合,羿浇 二姚 与 左氏 不合,4,5,1
liuxie_shipin__liuxie_05,liuxie_shipin__liuxie_05__part01,文心雕龍·辨騷,劉勰,7,163,176,崐侖懸圃，非《經》義所載；,崐 仑 悬圃 非 经 义所载,崐 仑 悬圃 非 经 义所载,6,6,0
liuxie_shipin__liuxie_05,liuxie_shipin__liuxie_05__part01,文心雕龍·辨騷,劉勰,8,176,199,然其文辭麗雅，為詞賦之宗，雖非明哲，可謂妙才。,然其 文辞 丽雅 为 词赋 之宗 虽非 明哲 可谓 妙 才,然其 文辞 丽雅 为 词赋 之宗 虽非 明哲 可谓 妙 才,11,11,0
liuxie_shipin__liuxie_05,liuxie_shipin__liuxie_05__part01,文心雕龍·辨騷,劉勰,9,199,277,王逸以為詩人提耳，屈原婉順，《離騷》之文，依《經》立義，駟虯乘翳，則時乘六龍，崐崙流沙，則《禹貢》敷土，名儒辭賦，莫不擬其儀表，所謂金相玉質，百世無匹者也。,王逸 以为 诗人 提耳 屈原 婉顺 离骚 之文 依 经 立义 驷 虬 乘 翳 则 时 乘六龙 崐 仑 流沙 则 禹贡 敷土 名儒 辞赋 莫不 拟 其 仪表 所谓 金相玉质 百世 无匹者 也,王逸 以为 诗人 提耳 屈原 婉顺 离骚 之文 依 经 立义 驷 虬 乘 翳 则 时乘 六龙 崐 仑 流沙 则 禹贡 敷土 名儒 辞赋 莫不 拟 其 仪表 所谓 金相玉质 百世 无匹 者 也,35,36,1
liuxie_shipin__liuxie_05,liuxie_shipin__liuxie_05__part01,文心雕龍·辨騷,劉勰,10,277,290,及漢宣嗟歎，以為皆合經術；,及汉宣 嗟叹 以为 皆 合 经术,及汉宣 嗟叹 以为 皆 合 经术,6,6,0
liuxie_shipin__liuxie_05,liuxie_shipin__liuxie_05__part01,文心雕龍·辨騷,劉勰,11,290,302,揚雄諷味，亦言體同詩雅。,扬雄 讽味 亦 言体 同诗雅,扬雄 讽味 亦 言体 同诗雅,5,5,0
liuxie_shipin__liuxie_05,liuxie_shipin__liuxie_05__part01,文心雕龍·辨騷,劉勰,12,302,341,四家舉以方經，而孟堅謂不合傳，褒貶任聲，抑揚過實，可謂鑒而弗精，翫而未覈者也。,四家 举 以方 经 而 孟 坚谓 不合 传 褒贬 任声 抑扬 过实 可谓 鉴而弗精 玩 而 未 核者 也,四家 举 以方 经 而 孟 坚谓 不合 传 褒贬 任声 抑扬 过实 可谓 鉴而弗精 玩 而 未 核者 也,20,20,0
liuxie_shipin__liuxie_05,liuxie_shipin__liuxie_05__part01,文心雕龍·辨騷,劉勰,13,343,353,將覈其論，必徵言焉。,将 核其论 必征 言 焉,将 核其论 必 征言 焉,5,5,1
liuxie_shipin__liuxie_05,liuxie_shipin__liuxie_05__part01,文心雕龍·辨騷,劉勰,14,353,375,故其陳堯舜之耿介，稱湯武之祗敬，典誥之體也；,故其 陈 尧舜 之 耿介 称汤 武之祗 敬 典 诰 之体 也,故其 陈 尧舜 之 耿介 称 汤武 之祗 敬 典诰 之体 也,12,12,1
liuxie_shipin__liuxie_05,liuxie_shipin__liuxie_05__part01,文心雕龍·辨騷,劉勰,15,375,395,譏桀紂之猖披，傷羿澆之顛隕，規諷之旨也；,讥 桀纣 之 猖披 伤羿 浇 之 颠 陨 规讽 之旨 也,讥 桀纣 之 猖披 伤 羿浇 之 颠陨 规讽 之旨 也,12,11,1
liuxie_shipin__liuxie_05,liuxie_shipin__liuxie_05__part01,文心雕龍·辨騷,劉勰,16,395,415,虯龍以喻君子，雲蜺以譬讒邪，比興之義也；,虬龙 以喻 君子 云 蜺 以 譬谗邪 比兴 之义 也,虬龙 以喻 君子 云蜺 以 譬 谗邪 比兴 之义 也,10,10,1
liuxie_shipin__liuxie_05,liuxie_shipin__liuxie_05__part01,文心雕龍·辨騷,劉勰,17,415,435,每一顧而掩涕，歎君門之九重，忠恕之辭也；,每一顾 而 掩涕 叹君门 之 九重 忠恕 之辞 也,每 一顾 而 掩涕 叹 君门 之 九重 忠恕 之辞 也,9,11,1
liuxie_shipin__liuxie_05,liuxie_shipin__liuxie_05__part01,文心雕龍·辨騷,劉勰,18,435,452,觀茲四事，同於《風》、《雅》者也。,观兹四事 同 于 风 雅 者 也,观兹四事 同于 风 雅 者 也,7,6,1
liuxie_shipin__liuxie_05,liuxie_shipin__liuxie_05__part01,文心雕龍·辨騷,劉勰,19,452,480,至於託雲龍，說迂怪，豐隆求宓妃，鴆鳥媒娀女，詭異之辭也；,至于 托 云龙 说 迂怪 丰隆求 宓妃 鸩 鸟媒 娀 女 诡异 之辞 也,至于 托 云龙 说 迂怪 丰隆 求宓 妃 鸩 鸟媒 娀 女 诡异 之辞 也,14,15,1
liuxie_shipin__liuxie_05,liuxie_shipin__liuxie_05__part01,文心雕龍·辨騷,劉勰,20,480,506,康回傾地，夷羿彃日，木夫九首，土伯三目，譎怪之談也；,康回 倾地 夷羿 𪪼 日 木夫 九首 土伯 三目 谲怪之谈 也,康回 倾地 夷羿 𪪼 日 木夫 九首 土伯 三目 谲怪之谈 也,11,11,0
liuxie_shipin__liuxie_05,liuxie_shipin__liuxie_05__part01,文心雕龍·辨騷,劉勰,21,506,526,依彭咸之遺則，從子胥以自適，狷狹之志也；,依彭 咸之 遗则 从子 胥以 自适 狷 狭之志 也,依彭咸 之 遗则 从子 胥以 自适 狷狭 之志 也,9,9,1
liuxie_shipin__liuxie_05,liuxie_shipin__liuxie_05__part01,文心雕龍·辨騷,劉勰,22,526,562,士女雜坐，亂而不分，指以為樂，娛酒不廢，沉湎日夜，舉以為懽，荒淫之意也；,士女 杂坐 乱 而 不分 指 以为 乐 娱酒 不 废 沉湎 日夜 举 以为 懽 荒淫 之意 也,士女 杂坐 乱 而 不分 指 以为 乐 娱酒 不废 沉湎 日夜 举 以为 懽 荒淫 之意 也,19,18,1
liuxie_shipin__liuxie_05,liuxie_shipin__liuxie_05__part01,文心雕龍·辨騷,劉勰,23,562,574,摘此四事，異乎經典者也。,摘此 四事 异乎 经典 者 也,摘此 四事 异乎 经典 者 也,6,6,0
liuxie_shipin__liuxie_05,liuxie_shipin__liuxie_05__part01,文心雕龍·辨騷,劉勰,24,574,632,故論其典誥則如彼，語其夸誕則如此，固知《楚辭》者，體慢於三代，而風雅於戰國，乃《雅》、《頌》之博徒，而詞賦之英傑也。,故论 其典 诰 则 如 彼 语其 夸诞 则 如此 固知 楚辞 者 体慢 于 三代 而 风雅 于 战国 乃 雅 颂 之博徒 而 词赋 之 英杰 也,故论 其 典诰 则 如 彼 语其 夸诞 则 如此 固知 楚辞 者 体慢 于 三代 而 风雅 于 战国 乃 雅 颂 之博徒 而 词赋 之 英杰 也,29,29,1
liuxie_shipin__liuxie_05,liuxie_shipin__liuxie_05__part01,文心雕龍·辨騷,劉勰,25,632,658,觀其骨鯁所樹，肌膚所附，雖取鎔《經》意，亦自鑄偉辭。,观其 骨鲠 所树 肌肤 所 附 虽取 镕 经 意 亦 自 铸伟辞,观其 骨鲠 所树 肌肤 所附 虽取 镕 经 意 亦 自铸 伟辞,13,12,1
liuxie_shipin__liuxie_05,liuxie_shipin__liuxie_05__part01,文心雕龍·辨騷,劉勰,26,658,672,故《騷》經九章，朗麗以哀志；,故 骚 经 九章 朗丽以 哀志,故 骚 经 九章 朗丽 以哀志,6,6,1
liuxie_shipin__liuxie_05,liuxie_shipin__liuxie_05__part01,文心雕龍·辨騷,劉勰,27,672,688,《九歌》、《九辯》，綺靡以傷情；,九歌 九辩 绮靡 以 伤情,九歌 九辩 绮靡 以 伤情,5,5,0
liuxie_shipin__liuxie_05,liuxie_shipin__liuxie_05__part01,文心雕龍·辨騷,劉勰,28,688,704,《遠游》、《天問》，瓌詭而惠巧；,远游 天问 瓌 诡而惠巧,远游 天问 瓌 诡而惠巧,4,4,0
liuxie_shipin__liuxie_05,liuxie_shipin__liuxie_05__part01,文心雕龍·辨騷,劉勰,29,704,720,《招魂》、《招隱》，耀豔而深華；,招魂 招隐 耀艳 而 深华,招魂 招隐 耀艳 而 深华,5,5,0
liuxie_shipin__liuxie_05,liuxie_shipin__liuxie_05__part01,文心雕龍·辨騷,劉勰,30,720,730,《卜居》標放言之致；,卜居 标 放言 之 致,卜居 标 放言 之 致,5,5,0
liuxie_shipin__liuxie_05,liuxie_shipin__liuxie_05__part01,文心雕龍·辨騷,劉勰,31,730,740,《漁父》寄獨往之才。,渔父 寄独往 之 才,渔父 寄 独往 之才,4,4,1
liuxie_shipin__liuxie_05,liuxie_shipin__liuxie_05__part01,文心雕龍·辨騷,劉勰,32,740,763,故能氣往轢古，辭來切今，驚采絕豔，難與並能矣。,故能 气 往轹 古 辞来切 今 惊采绝艳 难 与 并 能 矣,故能 气 往 轹古 辞来切 今 惊采绝艳 难 与 并 能 矣,12,12,1
liuxie_shipin__liuxie_05,liuxie_shipin__liuxie_05__part01,文心雕龍·辨騷,劉勰,33,765,789,自《九懷》以下，遽躡其跡，而屈宋逸步，莫之能追。,自 九怀 以下 遽 蹑 其迹 而屈 宋逸步 莫之能 追,自 九怀 以下 遽 蹑 其迹 而屈 宋逸步 莫之能 追,10,10,0
liuxie_shipin__liuxie_05,liuxie_shipin__liuxie_05__part01,文心雕龍·辨騷,劉勰,34,789,802,故其敘情怨，則鬱伊而易感；,故其 叙情 怨 则 郁伊而易感,故其 叙情 怨 则 郁伊而易感,5,5,0
liuxie_shipin__liuxie_05,liuxie_shipin__liuxie_05__part01,文心雕龍·辨騷,劉勰,35,802,813,述離居，則愴怏而難懷；,述 离居 则 怆 怏而 难怀,述 离居 则 怆怏 而 难怀,6,6,1
liuxie_shipin__liuxie_05,liuxie_shipin__liuxie_05__part01,文心雕龍·辨騷,劉勰,36,813,824,論山水，則循聲而得貌；,论 山水 则 循声 而得貌,论 山水 则 循声 而得貌,5,5,0
liuxie_shipin__liuxie_05,liuxie_shipin__liuxie_05__part01,文心雕龍·辨騷,劉勰,37,824,835,言節候，則披文而見時。,言节候 则 披文 而 见 时,言 节候 则 披文 而 见 时,6,7,1
liuxie_shipin__liuxie_05,liuxie_shipin__liuxie_05__part01,文心雕龍·辨騷,劉勰,38,835,864,是以枚賈追風以入麗，馬揚沿波而得奇，其衣被詞人，非一代也。,是 以 枚 贾 追风 以入丽 马扬 沿波 而 得 奇 其 衣被 词人 非 一代 也,是 以 枚贾 追风 以入丽 马扬 沿波 而 得 奇 其 衣被 词人 非 一代 也,17,16,1
liuxie_shipin__liuxie_05,liuxie_shipin__liuxie_05__part01,文心雕龍·辨騷,劉勰,39,864,873,故才高者菀其鴻裁。,故才 高者 菀 其鸿裁,故才 高者 菀 其 鸿裁,4,5,1
liuxie_shipin__liuxie_05,liuxie_shipin__liuxie_05__part01,文心雕龍·辨騷,劉勰,40,873,897,中巧者獵其豔辭，吟諷者銜其山川，童蒙者拾其香草。,中巧者 猎其艳辞 吟 讽者 衔 其 山川 童蒙 者 拾 其 香草,中巧者 猎其 艳辞 吟讽 者 衔 其 山川 童蒙 者 拾 其 香草,12,13,1
liuxie_shipin__liuxie_05,liuxie_shipin__liuxie_05__part01,文心雕龍·辨騷,劉勰,41,897,967,若能憑軾以倚《雅》、《頌》，懸轡以馭楚篇，酌奇而不失其真，翫華而不墜其實，則顧盼可以驅辭力，欬唾可以窮文致，亦不復乞靈於長卿，假寵於子淵矣。,若能 凭轼 以 倚 雅 颂 悬辔 以驭 楚篇 酌奇 而 不失 其真 玩华 而 不 坠 其实 则 顾盼 可以 驱辞力 欬 唾 可以 穷文致 亦 不复 乞灵 于 长卿 假宠于 子渊 矣,若能 凭轼 以 倚 雅 颂 悬辔 以驭 楚篇 酌奇 而 不失 其真 玩华 而 不坠 其实 则 顾盼 可以 驱辞 力 欬 唾 可以 穷文致 亦 不复 乞灵 于 长卿 假宠 于子渊 矣,34,34,1
liuxie_shipin__liuxie_05,liuxie_shipin__liuxie_05__part01,文心雕龍·辨騷,劉勰,42,969,972,贊曰︰,赞 曰,赞 曰,2,2,0
liuxie_shipin__liuxie_05,liuxie_shipin__liuxie_05__part01,文心雕龍·辨騷,劉勰,43,974,986,不有屈原，豈見《離騷》。,不有 屈原 岂见 离骚,不有 屈原 岂见 离骚,4,4,0
liuxie_shipin__liuxie_05,liuxie_shipin__liuxie_05__part01,文心雕龍·辨騷,劉勰,44,986,996,驚才風逸，壯志煙高。,惊才风逸 壮志 烟高,惊才风逸 壮志 烟高,3,3,0
liuxie_shipin__liuxie_05,liuxie_shipin__liuxie_05__part01,文心雕龍·辨騷,劉勰,45,998,1018,山川無極，情理實勞，金相玉式，豔溢錙毫。,山川 无极 情理 实劳 金相玉式 艳溢 锱毫,山川 无极 情理 实劳 金相玉式 艳溢 锱毫,7,7,0
liuxie_shipin__liuxie_06,liuxie_shipin__liuxie_06__part01,文心雕龍·明詩,劉勰,0,0,22,大舜云︰詩言志，歌永言，聖謨所析，義已明矣。,大舜 云 诗言志 歌永言 圣谟 所析 义 已明 矣,大舜 云 诗言志 歌永言 圣谟 所析 义 已明 矣,9,9,0
liuxie_shipin__liuxie_06,liuxie_shipin__liuxie_06__part01,文心雕龍·明詩,劉勰,1,22,44,是以在心為志，發言為詩，舒文載實，其在茲乎？,是 以 在 心为志 发言 为 诗 舒文载实 其在兹乎,是 以 在 心为志 发言 为 诗 舒文载实 其在兹乎,9,9,0
liuxie_shipin__liuxie_06,liuxie_shipin__liuxie_06__part01,文心雕龍·明詩,劉勰,2,44,55,詩者，持也，持人情性；,诗者 持 也 持人 情性,诗者 持 也 持人 情性,5,5,0
liuxie_shipin__liuxie_06,liuxie_shipin__liuxie_06__part01,文心雕龍·明詩,劉勰,3,55,75,三百之蔽，義歸無邪，持之為訓，有符焉爾。,三百 之蔽 义归 无邪 持之为 训 有 符焉尔,三百 之蔽 义归 无邪 持之为 训 有符 焉尔,8,8,1
liuxie_shipin__liuxie_06,liuxie_shipin__liuxie_06__part01,文心雕龍·明詩,劉勰,4,75,95,人稟七情，應物斯感，感物吟志，莫非自然。,人 禀 七情 应物斯感 感物吟志 莫非 自然,人 禀 七情 应物 斯感 感物吟志 莫非 自然,7,8,1
liuxie_shipin__liuxie_06,liuxie_shipin__liuxie_06__part01,文心雕龍·明詩,劉勰,5,95,108,昔葛天氏樂辭云：玄鳥在曲；,昔 葛天氏 乐辞云 玄鸟 在 曲,昔 葛天氏 乐辞 云 玄鸟 在 曲,6,7,1
liuxie_shipin__liuxie_06,liuxie_shipin__liuxie_06__part01,文心雕龍·明詩,劉勰,6,108,145,黃帝雲門，理不空綺，至堯有大唐之歌，舜造《南風》之詩，觀其二文，辭達而已。,黄帝 云 门 理不空 绮 至尧 有 大唐 之歌 舜造 南风 之诗 观 其二 文 辞达 而已,黄帝 云门 理不空 绮 至尧 有 大唐 之歌 舜造 南风 之诗 观 其二 文 辞达 而已,17,16,1
liuxie_shipin__liuxie_06,liuxie_shipin__liuxie_06__part01,文心雕龍·明詩,劉勰,7,145,156,及大禹成功，九序惟歌；,及 大禹 成功 九序 惟歌,及 大禹 成功 九序 惟歌,5,5,0
liuxie_shipin__liuxie_06,liuxie_shipin__liuxie_06__part01,文心雕龍·明詩,劉勰,8,156,176,太康敗德，五子咸怨，順美匡惡，其來久矣。,太康 败德 五子 咸怨 顺美匡恶 其来 久 矣,太康 败德 五子 咸怨 顺美匡恶 其来 久 矣,8,8,0
liuxie_shipin__liuxie_06,liuxie_shipin__liuxie_06__part01,文心雕龍·明詩,劉勰,9,178,203,自商暨周，《雅》、《頌》圓備，四始彪炳，六義環深。,自商 暨 周 雅 颂 圆备 四始 彪炳 六义 环深,自商 暨 周 雅 颂 圆备 四始 彪炳 六义 环深,10,10,0
liuxie_shipin__liuxie_06,liuxie_shipin__liuxie_06__part01,文心雕龍·明詩,劉勰,10,203,230,子夏監絢素之章，子貢悟琢磨之句，故商賜二子，可與言詩。,子夏监 绚素 之章 子贡 悟 琢磨 之句 故商 赐 二子 可 与 言 诗,子夏监 绚素 之章 子贡 悟 琢磨 之句 故 商赐 二 子 可 与 言 诗,14,15,1
liuxie_shipin__liuxie_06,liuxie_shipin__liuxie_06__part01,文心雕龍·明詩,劉勰,11,230,241,自王澤殄竭，風人輟采；,自王泽殄竭 风人 辍采,自 王泽 殄 竭 风人 辍采,3,6,1
liuxie_shipin__liuxie_06,liuxie_shipin__liuxie_06__part01,文心雕龍·明詩,劉勰,12,241,267,《春秋》觀志，諷誦舊章，酬酢以為賓榮，吐納而成身文。,春秋 观志 讽诵 旧章 酬酢 以为 宾荣 吐纳 而成 身文,春秋 观志 讽诵 旧章 酬酢 以为 宾荣 吐纳 而成 身文,10,10,0
liuxie_shipin__liuxie_06,liuxie_shipin__liuxie_06__part01,文心雕龍·明詩,劉勰,13,267,281,逮楚國諷怨，則《離騷》為刺。,逮 楚国 讽怨 则 离骚 为 刺,逮 楚国 讽怨 则 离骚 为 刺,7,7,0
liuxie_shipin__liuxie_06,liuxie_shipin__liuxie_06__part01,文心雕龍·明詩,劉勰,14,281,291,秦皇滅典，亦造仙詩。,秦皇 灭典 亦 造仙 诗,秦皇 灭典 亦造 仙诗,5,4,1
liuxie_shipin__liuxie_06,liuxie_shipin__liuxie_06__part01,文心雕龍·明詩,劉勰,15,291,311,漢初四言，韋孟首唱，匡諫之義，繼軌周人。,汉 初四 言 韦孟 首唱 匡谏 之义 继轨 周人,汉 初四 言 韦孟 首唱 匡谏 之义 继轨 周人,9,9,0
liuxie_shipin__liuxie_06,liuxie_shipin__liuxie_06__part01,文心雕龍·明詩,劉勰,16,311,331,孝武愛文，柏梁列韻，嚴馬之徒，屬辭無方。,孝武爱文 柏梁 列韵 严马 之徒 属辞 无方,孝武爱文 柏梁 列韵 严马 之徒 属辞 无方,7,7,0
liuxie_shipin__liuxie_06,liuxie_shipin__liuxie_06__part01,文心雕龍·明詩,劉勰,17,331,379,至成帝品錄，三百餘篇，朝章國采，亦云周備，而辭人遺翰，莫見五言，所以李陵、班婕妤，見疑於後代也。,至 成帝 品录 三 百余篇 朝章 国采 亦 云 周备 而 辞人 遗翰 莫见 五言 所以 李陵 班婕妤 见疑 于 后代 也,至 成帝 品录 三 百余篇 朝章 国采 亦 云 周备 而 辞人 遗翰 莫见 五言 所以 李陵 班婕妤 见疑 于 后代 也,22,22,0
liuxie_shipin__liuxie_06,liuxie_shipin__liuxie_06__part01,文心雕龍·明詩,劉勰,18,379,393,按《召南‧行露》，始肇半章；,按 召南 行露 始肇 半章,按 召南 行露 始肇 半章,5,5,0
liuxie_shipin__liuxie_06,liuxie_shipin__liuxie_06__part01,文心雕龍·明詩,劉勰,19,393,403,孺子滄浪，亦有全曲；,孺子 沧浪 亦 有 全曲,孺子 沧浪 亦 有 全曲,5,5,0
liuxie_shipin__liuxie_06,liuxie_shipin__liuxie_06__part01,文心雕龍·明詩,劉勰,20,403,415,暇豫優歌，遠見《春秋》；,暇 豫 优歌 远见 春秋,暇 豫 优歌 远见 春秋,5,5,0
liuxie_shipin__liuxie_06,liuxie_shipin__liuxie_06__part01,文心雕龍·明詩,劉勰,21,415,427,《邪徑》童謠，近在成世；,邪径 童谣 近 在 成世,邪径 童谣 近 在 成世,5,5,0
liuxie_shipin__liuxie_06,liuxie_shipin__liuxie_06__part01,文心雕龍·明詩,劉勰,22,427,438,閱時取證，則五言久矣。,阅时 取证 则 五言 久 矣,阅时 取证 则 五言 久 矣,6,6,0
liuxie_shipin__liuxie_06,liuxie_shipin__liuxie_06__part01,文心雕龍·明詩,劉勰,23,438,474,又古詩佳麗，或稱枚叔，其《孤竹》一篇，則傅毅之詞，比采而推，兩漢之作乎！,又 古诗 佳丽 或称 枚 叔 其 孤竹 一篇 则 傅毅 之词 比采 而 推 两汉 之作乎,又 古诗 佳丽 或称 枚 叔 其 孤竹 一篇 则 傅毅 之词 比采 而 推 两汉 之作乎,17,17,0
liuxie_shipin__liuxie_06,liuxie_shipin__liuxie_06__part01,文心雕龍·明詩,劉勰,24,474,518,觀其結體散文，直而不野，婉轉附物，怊悵切情，實五言之冠冕也，至於張衡《怨篇》，清典可味；,观其 结体 散文 直而 不野 婉转 附物 怊 怅切情 实 五言 之 冠冕 也 至于 张衡 怨篇 清典 可味,观其 结体 散文 直而 不野 婉转 附物 怊怅 切情 实 五言 之 冠冕 也 至于 张衡 怨篇 清典 可味,19,19,1
liuxie_shipin__liuxie_06,liuxie_shipin__liuxie_06__part01,文心雕龍·明詩,劉勰,25,518,528,仙詩緩歌，雅有新聲。,仙诗 缓歌 雅有 新声,仙诗 缓歌 雅有 新声,4,4,0
liuxie_shipin__liuxie_06,liuxie_shipin__liuxie_06__part01,文心雕龍·明詩,劉勰,26,530,552,暨建安之初，五言騰踊，文帝陳思，縱轡以騁節；,暨 建安 之初 五言 腾 踊 文帝 陈思 纵辔 以骋 节,暨 建安 之初 五言 腾踊 文帝 陈思 纵辔 以 骋节,11,10,1
liuxie_shipin__liuxie_06,liuxie_shipin__liuxie_06__part01,文心雕龍·明詩,劉勰,27,552,563,王徐應劉，望路而爭驅；,王 徐应 刘 望路 而 争驱,王徐应刘 望路 而 争驱,6,4,1
liuxie_shipin__liuxie_06,liuxie_shipin__liuxie_06__part01,文心雕龍·明詩,劉勰,28,563,592,並憐風月，狎池苑，述恩榮，敘酣宴，慷慨以任氣，磊落以使才；,并怜 风月 狎 池苑 述恩荣 叙酣宴 慷慨 以任 气 磊落 以使 才,并怜 风月 狎 池苑 述 恩荣 叙酣宴 慷慨 以任 气 磊落 以使 才,12,13,1
liuxie_shipin__liuxie_06,liuxie_shipin__liuxie_06__part01,文心雕龍·明詩,劉勰,29,592,604,造懷指事，不求纖密之巧；,造怀 指事 不 求 纤密 之巧,造怀 指事 不 求 纤密 之巧,6,6,0
liuxie_shipin__liuxie_06,liuxie_shipin__liuxie_06__part01,文心雕龍·明詩,劉勰,30,604,616,驅辭逐貌，唯取昭晰之能；,驱辞 逐貌 唯取 昭晰 之能,驱辞 逐貌 唯取 昭晰 之能,5,5,0
liuxie_shipin__liuxie_06,liuxie_shipin__liuxie_06__part01,文心雕龍·明詩,劉勰,31,616,622,此其所同也。,此其 所同 也,此其 所同 也,3,3,0
liuxie_shipin__liuxie_06,liuxie_shipin__liuxie_06__part01,文心雕龍·明詩,劉勰,32,622,643,乃正始明道，詩雜仙心，何晏之徒，率多浮淺。,乃 正始 明 道 诗杂 仙心 何晏 之徒 率多 浮浅,乃 正始 明道 诗杂 仙心 何晏 之徒 率多 浮浅,10,9,1
liuxie_shipin__liuxie_06,liuxie_shipin__liuxie_06__part01,文心雕龍·明詩,劉勰,33,643,659,唯嵇志清峻，阮旨遙深，故能標焉。,唯 嵇志 清峻 阮旨 遥深 故能 标焉,唯 嵇志 清峻 阮旨 遥深 故能 标焉,7,7,0
liuxie_shipin__liuxie_06,liuxie_shipin__liuxie_06__part01,文心雕龍·明詩,劉勰,34,659,683,若乃應璩百一，獨立不懼，辭譎義貞，亦魏之遺直也。,若 乃 应璩 百一 独立 不 惧 辞谲 义贞 亦 魏 之 遗直 也,若 乃 应璩 百一 独立 不 惧 辞谲 义贞 亦 魏 之 遗直 也,14,14,0
liuxie_shipin__liuxie_06,liuxie_shipin__liuxie_06__part01,文心雕龍·明詩,劉勰,35,683,735,晉世群才，稍入輕綺，張潘左陸，比肩詩衢，采縟於正始，力柔於建安，或㭊文以為妙，或流靡以自妍，此其大略也。,晋世群 才 稍入 轻 绮 张潘 左陆 比肩 诗衢 采缛于 正始 力柔 于建安 或 㭊 文 以为 妙 或 流靡 以 自妍 此其 大略 也,晋世群 才 稍入 轻绮 张潘左陆 比肩 诗衢 采缛于 正始 力柔 于建安 或 㭊 文 以为 妙 或 流靡 以 自妍 此其 大略 也,25,23,1
liuxie_shipin__liuxie_06,liuxie_shipin__liuxie_06__part01,文心雕龍·明詩,劉勰,36,735,795,江左篇製，溺乎玄風，嗤笑徇務之志，崇盛忘機之談，袁孫以下，雖各有雕采，而辭趣一揆，莫與爭雄，所以景純仙篇，挺拔而為俊矣。,江左 篇制 溺乎 玄风 嗤笑 徇务之志 崇盛 忘 机之谈 袁孙 以下 虽 各有 雕采 而 辞趣 一揆 莫 与 争雄 所以 景纯 仙篇 挺拔 而 为 俊 矣,江左 篇制 溺乎 玄风 嗤笑 徇务 之志 崇盛 忘机 之谈 袁孙 以下 虽 各有 雕采 而 辞趣 一揆 莫 与 争雄 所以 景纯 仙篇 挺拔 而 为 俊 矣,28,29,1
liuxie_shipin__liuxie_06,liuxie_shipin__liuxie_06__part01,文心雕龍·明詩,劉勰,37,795,854,宋初文詠，體有因革，莊老告退，而山水方滋，儷采百字之偶，爭價一句之奇，情必極貌以寫物，辭必窮力而追新，此近世之所競也。,宋初 文咏 体有 因革 庄老 告退 而 山水 方滋 俪 采 百字 之偶 争价 一句 之奇 情必 极貌 以 写物 辞必 穷力 而 追 新 此 近世 之 所 竞 也,宋初 文咏 体有 因革 庄老 告退 而 山水 方滋 俪 采 百字 之偶 争价 一句 之奇 情必 极貌 以 写物 辞必 穷力 而 追 新 此 近世 之 所 竞 也,31,31,0
liuxie_shipin__liuxie_06,liuxie_shipin__liuxie_06__part01,文心雕龍·明詩,劉勰,38,856,884,故鋪觀列代，而情變之數可監，撮舉同異，而綱領之要可明矣。,故铺 观列代 而 情变 之数 可监 撮 举同异 而 纲领 之要 可明 矣,故 铺观 列代 而 情变 之数 可监 撮举 同异 而 纲领 之要 可明 矣,13,14,1
liuxie_shipin__liuxie_06,liuxie_shipin__liuxie_06__part01,文心雕龍·明詩,劉勰,39,884,897,若夫四言正體，則雅潤為本；,若夫 四言 正体 则 雅润 为 本,若夫 四言 正体 则 雅润 为本,7,6,1
liuxie_shipin__liuxie_06,liuxie_shipin__liuxie_06__part01,文心雕龍·明詩,劉勰,40,897,908,五言流調，則清麗居宗；,五言 流调 则 清丽 居宗,五言 流调 则 清丽 居宗,5,5,0
liuxie_shipin__liuxie_06,liuxie_shipin__liuxie_06__part01,文心雕龍·明詩,劉勰,41,908,918,華實異用，惟才所安。,华实 异用 惟才 所安,华实 异用 惟才 所安,4,4,0
liuxie_shipin__liuxie_06,liuxie_shipin__liuxie_06__part01,文心雕龍·明詩,劉勰,42,918,943,故平子得其雅，叔夜含其潤，茂先凝其清，景陽振其麗。,故平子 得 其雅 叔夜 含 其润 茂先 凝其清 景阳 振其丽,故 平子 得 其雅 叔夜 含 其润 茂先 凝其清 景阳 振其丽,10,11,1
liuxie_shipin__liuxie_06,liuxie_shipin__liuxie_06__part01,文心雕龍·明詩,劉勰,43,943,959,兼善則子建仲宣，偏美則太沖公幹。,兼善 则 子 建仲宣 偏美则 太冲 公干,兼善 则子 建仲宣 偏美则 太冲 公干,7,6,1
liuxie_shipin__liuxie_06,liuxie_shipin__liuxie_06__part01,文心雕龍·明詩,劉勰,44,959,980,然詩有恆裁，思無定位，隨性適分，鮮能通圓。,然诗 有恒 裁 思无 定位 随性 适分 鲜能 通圆,然诗 有 恒裁 思无 定位 随性适分 鲜能 通圆,9,8,1
liuxie_shipin__liuxie_06,liuxie_shipin__liuxie_06__part01,文心雕龍·明詩,劉勰,45,980,992,若妙識所難，其易也將至；,若妙识 所难 其易 也 将 至,若 妙识 所难 其易 也 将 至,6,7,1
liuxie_shipin__liuxie_06,liuxie_shipin__liuxie_06__part01,文心雕龍·明詩,劉勰,46,992,1003,忽以為易，其難也方來。,忽 以为 易 其难 也 方来,忽 以为 易 其难 也 方来,6,6,0
liuxie_shipin__liuxie_06,liuxie_shipin__liuxie_06__part01,文心雕龍·明詩,劉勰,47,1003,1016,至於三六雜言，則出自篇什；,至于 三 六 杂言 则 出自 篇什,至于 三 六 杂言 则 出自 篇什,7,7,0
liuxie_shipin__liuxie_06,liuxie_shipin__liuxie_06__part01,文心雕龍·明詩,劉勰,48,1016,1027,離合之發，則明於圖讖；,离合 之发 则 明于 图 谶,离合 之发 则 明于 图谶,6,5,1
liuxie_shipin__liuxie_06,liuxie_shipin__liuxie_06__part01,文心雕龍·明詩,劉勰,49,1027,1038,回文所興，則道原為始；,回文 所兴 则 道 原为始,回文 所兴 则 道 原为始,5,5,0
liuxie_shipin__liuxie_06,liuxie_shipin__liuxie_06__part01,文心雕龍·明詩,劉勰,50,1038,1049,聯句共韻，則柏梁餘製；,联句 共韵 则 柏梁 余制,联句 共韵 则 柏梁 余制,5,5,0
liuxie_shipin__liuxie_06,liuxie_shipin__liuxie_06__part01,文心雕龍·明詩,劉勰,51,1049,1069,巨細或殊，情理同致，總歸詩囿，故不繁云。,巨细 或殊 情理 同致 总归 诗 囿 故 不 繁云,巨细 或殊 情理 同致 总归 诗囿 故 不 繁云,10,9,1
liuxie_shipin__liuxie_06,liuxie_shipin__liuxie_06__part01,文心雕龍·明詩,劉勰,52,1071,1074,贊曰：,赞 曰,赞 曰,2,2,0
liuxie_shipin__liuxie_06,liuxie_shipin__liuxie_06__part01,文心雕龍·明詩,劉勰,53,1076,1086,民生而志，詠歌所含。,民生 而志 咏歌 所 含,民生 而志 咏歌 所 含,5,5,0
liuxie_shipin__liuxie_06,liuxie_shipin__liuxie_06__part01,文心雕龍·明詩,劉勰,54,1086,1096,興資皇世，風流二南。,兴资 皇世 风流 二南,兴资 皇世 风流 二南,4,4,0
liuxie_shipin__liuxie_06,liuxie_shipin__liuxie_06__part01,文心雕龍·明詩,劉勰,55,1098,1108,神理共契，政序相參。,神理共契 政序 相参,神理共契 政序 相参,3,3,0
liuxie_shipin__liuxie_06,liuxie_shipin__liuxie_06__part01,文心雕龍·明詩,劉勰,56,1108,1118,英華彌縟，萬代永耽。,英华 弥缛 万代 永耽,英华 弥缛 万代 永耽,4,4,0
liuxie_shipin__liuxie_07,liuxie_shipin__liuxie_07__part01,文心雕龍·樂府,劉勰,0,0,13,樂府者，聲依永，律和聲也。,乐府 者 声依永 律和声 也,乐府 者 声依永 律 和声 也,5,6,1
liuxie_shipin__liuxie_07,liuxie_shipin__liuxie_07__part01,文心雕龍·樂府,劉勰,1,13,23,鈞天九奏，既其上帝；,钧 天九奏 既 其 上帝,钧天 九奏 既 其 上帝,5,5,1
liuxie_shipin__liuxie_07,liuxie_shipin__liuxie_07__part01,文心雕龍·樂府,劉勰,2,23,33,葛天八闋，爰及皇時。,葛天八阕 爰 及 皇时,葛天 八阕 爰 及 皇时,4,5,1
liuxie_shipin__liuxie_07,liuxie_shipin__liuxie_07__part01,文心雕龍·樂府,劉勰,3,33,46,自咸英以降，亦無得而論矣。,自咸英 以降 亦 无得 而论 矣,自咸英 以降 亦 无得 而论 矣,6,6,0
liuxie_shipin__liuxie_07,liuxie_shipin__liuxie_07__part01,文心雕龍·樂府,劉勰,4,46,60,至於塗山歌於候人，始為南音；,至于 涂 山歌 于候 人 始为 南音,至于 涂 山歌 于候 人 始为 南音,7,7,0
liuxie_shipin__liuxie_07,liuxie_shipin__liuxie_07__part01,文心雕龍·樂府,劉勰,5,60,72,有娀謠乎飛燕，始為北聲；,有 娀 谣乎 飞燕 始为 北声,有 娀 谣乎 飞燕 始为 北声,6,6,0
liuxie_shipin__liuxie_07,liuxie_shipin__liuxie_07__part01,文心雕龍·樂府,劉勰,6,72,84,夏甲歎於東陽，東音以發；,夏甲叹 于 东阳 东音 以发,夏甲叹 于 东阳 东音 以发,5,5,0
liuxie_shipin__liuxie_07,liuxie_shipin__liuxie_07__part01,文心雕龍·樂府,劉勰,7,84,96,殷整思於西河，西音以興；,殷整 思于 西河 西音 以兴,殷整 思于 西河 西音 以兴,5,5,0
liuxie_shipin__liuxie_07,liuxie_shipin__liuxie_07__part01,文心雕龍·樂府,劉勰,8,96,107,音聲推移，亦不一概矣。,音声 推移 亦 不 一概 矣,音声 推移 亦 不 一概 矣,6,6,0
liuxie_shipin__liuxie_07,liuxie_shipin__liuxie_07__part01,文心雕龍·樂府,劉勰,9,107,137,匹夫庶婦，謳吟土風，詩官採言，樂盲被律，志感絲篁，氣變金石。,匹夫 庶妇 讴吟 土风 诗官 采言 乐盲 被律 志感丝 篁 气 变 金石,匹夫庶妇 讴吟 土风 诗官 采言 乐盲 被律 志感 丝篁 气 变 金石,13,12,1
liuxie_shipin__liuxie_07,liuxie_shipin__liuxie_07__part01,文心雕龍·樂府,劉勰,10,137,160,是以師曠覘風於盛衰，季札鑒微於興廢，精之至也。,是 以师 旷 觇 风于 盛衰 季札鉴 微于 兴废 精之至 也,是 以 师旷 觇 风于 盛衰 季札 鉴微 于 兴废 精之至 也,11,12,1
liuxie_shipin__liuxie_07,liuxie_shipin__liuxie_07__part01,文心雕龍·樂府,劉勰,11,162,184,夫樂本心術，故響浹肌髓，先王慎焉，務塞淫濫。,夫乐本 心术 故响 浃 肌髓 先王 慎焉 务塞淫 滥,夫乐本 心术 故响 浃 肌髓 先王 慎焉 务塞 淫滥,9,9,1
liuxie_shipin__liuxie_07,liuxie_shipin__liuxie_07__part01,文心雕龍·樂府,劉勰,12,184,206,敷訓胄子，必歌九德，故能情感七始，化動八風。,敷 训胄子 必歌 九德 故能 情感 七始 化动 八风,敷 训胄 子 必歌 九德 故能 情感 七始 化动 八风,9,10,1
liuxie_shipin__liuxie_07,liuxie_shipin__liuxie_07__part01,文心雕龍·樂府,劉勰,13,206,289,自雅聲浸微，溺音騰沸，秦燔《樂經》，漢初紹復，制氏紀其鏗鏘，叔孫定其容與，於是《武德》興乎高祖，《四時》廣於孝文，雖摹《韶》、《夏》，而頗襲秦舊，中和之響，闃其不還。,自雅声 浸微 溺音腾 沸 秦 燔 乐经 汉初 绍复 制氏纪 其 铿锵 叔孙定 其容 与 于是 武德 兴乎 高祖 四时 广于 孝文 虽摹 韶 夏 而 颇 袭 秦旧 中 和 之响 阒 其 不 还,自 雅声 浸微 溺音 腾沸 秦 燔 乐经 汉初 绍复 制氏纪 其 铿锵 叔孙 定其 容与 于是 武德 兴乎 高祖 四时 广于 孝文 虽摹 韶 夏 而 颇 袭 秦旧 中 和 之响 阒其 不 还,36,36,1
liuxie_shipin__liuxie_07,liuxie_shipin__liuxie_07__part01,文心雕龍·樂府,劉勰,14,289,370,暨武帝崇禮，始立樂府，總趙代之音，撮齊楚之氣，延年以曼聲協律，朱馬以騷體製歌，《桂華》雜曲，麗而不經，《赤雁》群篇，靡而非典，河間薦雅而罕御，故汲黯致譏於天馬也。,暨 武帝 崇礼 始立 乐府 总 赵代之音 撮 齐楚 之 气 延年 以 曼声 协律 朱马 以骚 体制 歌 桂华 杂曲 丽而 不经 赤雁 群篇 靡 而 非典 河间 荐雅 而 罕御 故 汲 黯致 讥于 天马 也,暨 武帝 崇礼 始立 乐府 总 赵代之音 撮 齐楚 之 气 延年 以 曼声 协律 朱马 以骚 体制 歌 桂华 杂曲 丽而 不经 赤雁 群篇 靡 而 非典 河间 荐雅 而 罕御 故 汲 黯致 讥于 天马 也,38,38,0
liuxie_shipin__liuxie_07,liuxie_shipin__liuxie_07__part01,文心雕龍·樂府,劉勰,15,370,383,至宣帝雅頌，詩效《鹿鳴》。,至 宣帝 雅颂 诗效 鹿鸣,至 宣帝 雅颂 诗效 鹿鸣,5,5,0
liuxie_shipin__liuxie_07,liuxie_shipin__liuxie_07__part01,文心雕龍·樂府,劉勰,16,383,404,邇及元成，稍廣淫樂，正音乖俗，其難也如此。,迩 及元成 稍广 淫乐 正音 乖俗 其难 也 如此,迩 及元成 稍广 淫乐 正音 乖俗 其难 也 如此,9,9,0
liuxie_shipin__liuxie_07,liuxie_shipin__liuxie_07__part01,文心雕龍·樂府,劉勰,17,404,425,暨後郊廟，惟雜雅章，辭雖典文，而律非夔曠。,暨 后 郊庙 惟杂 雅章 辞 虽典文 而律 非 夔 旷,暨 后 郊庙 惟杂 雅章 辞 虽典文 而律 非 夔旷,11,10,1
liuxie_shipin__liuxie_07,liuxie_shipin__liuxie_07__part01,文心雕龍·樂府,劉勰,18,425,447,至於魏之三祖，氣爽才麗，宰割辭調，音靡節平。,至于 魏 之三 祖 气 爽才丽 宰割 辞调 音靡 节平,至于 魏 之三 祖 气 爽 才丽 宰割 辞调 音靡 节平,10,11,1
liuxie_shipin__liuxie_07,liuxie_shipin__liuxie_07__part01,文心雕龍·樂府,劉勰,19,447,498,觀其北上眾引，秋風列篇，或述酣宴，或傷羈戍，志不出於淫蕩，辭不離於哀思，雖三調之正聲，實韶夏之鄭曲也。,观其 北上 众引 秋风 列篇 或述 酣宴 或伤 羁戍 志 不 出于 淫荡 辞不离 于 哀思 虽三调 之 正声 实韶夏 之 郑曲 也,观其 北上 众引 秋风 列篇 或述 酣宴 或伤 羁戍 志 不 出于 淫荡 辞 不离 于 哀思 虽 三调 之 正声 实韶夏 之 郑曲 也,23,25,1
liuxie_shipin__liuxie_07,liuxie_shipin__liuxie_07__part01,文心雕龍·樂府,劉勰,20,498,519,逮於晉世，則傅玄曉音，創定雅歌，以詠祖宗；,逮于 晋世 则 傅玄晓音 创定 雅歌 以咏 祖宗,逮于 晋世 则 傅玄晓音 创定 雅歌 以咏 祖宗,8,8,0
liuxie_shipin__liuxie_07,liuxie_shipin__liuxie_07__part01,文心雕龍·樂府,劉勰,21,519,529,張華新篇，亦充庭萬。,张 华新 篇 亦 充庭 万,张 华新 篇 亦 充 庭万,6,6,1
liuxie_shipin__liuxie_07,liuxie_shipin__liuxie_07__part01,文心雕龍·樂府,劉勰,22,529,565,然杜夔調律，音奏舒雅，荀勖改懸，聲節哀急，故阮咸譏其離聲，後人驗其銅尺；,然杜夔 调律 音奏 舒雅 荀勖 改悬 声 节哀 急 故 阮咸 讥其 离声 后人 验其 铜尺,然杜夔 调律 音奏 舒雅 荀勖 改悬 声 节哀 急 故 阮咸 讥其 离声 后人 验其 铜尺,16,16,0
liuxie_shipin__liuxie_07,liuxie_shipin__liuxie_07__part01,文心雕龍·樂府,劉勰,23,565,578,和樂精妙，固表裏而相資矣。,和 乐 精妙 固 表里 而 相资 矣,和乐 精妙 固 表里 而 相资 矣,8,7,1
liuxie_shipin__liuxie_07,liuxie_shipin__liuxie_07__part01,文心雕龍·樂府,劉勰,24,580,604,故知詩為樂心，聲為樂體，樂體在聲，瞽師務調其器；,故知 诗为 乐心 声为 乐体 乐体 在 声 瞽 师务调 其器,故知 诗为 乐心 声 为乐 体 乐体 在 声 瞽师 务调 其器,11,12,1
liuxie_shipin__liuxie_07,liuxie_shipin__liuxie_07__part01,文心雕龍·樂府,劉勰,25,604,616,樂心在詩，君子宜正其文。,乐心 在 诗 君子 宜正 其文,乐心 在 诗 君子 宜正 其文,6,6,0
liuxie_shipin__liuxie_07,liuxie_shipin__liuxie_07__part01,文心雕龍·樂府,劉勰,26,616,628,好樂無荒，晉風所以稱遠；,好乐 无荒 晋风 所以 称远,好乐 无荒 晋风 所以 称远,5,5,0
liuxie_shipin__liuxie_07,liuxie_shipin__liuxie_07__part01,文心雕龍·樂府,劉勰,27,628,640,伊其相謔，鄭國所以云亡。,伊其 相谑 郑国 所以 云亡,伊其 相谑 郑国 所以 云亡,5,5,0
liuxie_shipin__liuxie_07,liuxie_shipin__liuxie_07__part01,文心雕龍·樂府,劉勰,28,640,654,故知季札觀辭，不直聽聲而已。,故知 季札 观辞 不直 听声 而已,故知 季札 观辞 不直 听声 而已,6,6,0
liuxie_shipin__liuxie_07,liuxie_shipin__liuxie_07__part01,文心雕龍·樂府,劉勰,29,654,676,若夫豔歌婉孌，怨志詄絕，淫辭在曲，正響焉生！,若夫 艳歌 婉 娈 怨 志 詄 绝 淫辞 在 曲 正响 焉生,若夫 艳歌 婉娈 怨 志 詄 绝 淫辞 在 曲 正响 焉生,13,12,1
liuxie_shipin__liuxie_07,liuxie_shipin__liuxie_07__part01,文心雕龍·樂府,劉勰,30,676,698,然俗聽飛馳，職競新異，雅詠溫恭，必欠伸魚睨；,然俗 听 飞驰 职竞 新异 雅咏温 恭 必 欠伸 鱼睨,然俗 听 飞驰 职竞 新异 雅咏 温恭 必 欠伸 鱼睨,10,10,1
liuxie_shipin__liuxie_07,liuxie_shipin__liuxie_07__part01,文心雕龍·樂府,劉勰,31,698,709,奇辭切至，則拊髀雀躍；,奇辞切 至 则 拊 髀 雀跃,奇辞切 至 则 拊 髀 雀跃,6,6,0
liuxie_shipin__liuxie_07,liuxie_shipin__liuxie_07__part01,文心雕龍·樂府,劉勰,32,709,719,詩聲俱鄭，自此階矣。,诗声 俱 郑 自此 阶矣,诗声 俱 郑 自此 阶矣,5,5,0
liuxie_shipin__liuxie_07,liuxie_shipin__liuxie_07__part01,文心雕龍·樂府,劉勰,33,721,768,凡樂辭曰詩，詩聲曰歌，聲來被辭，辭繁難節，故陳思稱李延年閑於增損古辭，多者則宜減之，明貴約也。,凡乐辞 曰 诗 诗声 曰 歌 声来 被 辞 辞 繁难 节 故 陈思称 李延年 闲于 增损 古辞 多者 则 宜减 之 明贵 约 也,凡 乐辞 曰 诗 诗声 曰 歌 声来 被辞 辞 繁难 节 故 陈思 称 李延年 闲于 增损 古辞 多者 则 宜减 之 明贵 约 也,25,26,1
liuxie_shipin__liuxie_07,liuxie_shipin__liuxie_07__part01,文心雕龍·樂府,劉勰,34,768,793,觀高祖之詠大風，孝武之歎來遲，歌童被聲，莫敢不協；,观 高祖 之 咏 大风 孝武 之 叹 来 迟 歌童 被 声 莫敢 不协,观 高祖 之 咏 大风 孝武之叹 来迟 歌童 被声 莫敢 不协,15,11,1
liuxie_shipin__liuxie_07,liuxie_shipin__liuxie_07__part01,文心雕龍·樂府,劉勰,35,793,825,子建士衡，咸有佳篇，並無詔伶人，故事謝絲管，俗稱乖調，蓋未思也。,子建士衡 咸有 佳篇 并 无 诏 伶人 故事 谢丝管 俗称 乖调 盖未思 也,子建士衡 咸有 佳篇 并 无 诏 伶人 故事 谢 丝管 俗称 乖调 盖未思 也,13,14,1
liuxie_shipin__liuxie_07,liuxie_shipin__liuxie_07__part01,文心雕龍·樂府,劉勰,36,825,861,至於斬伎鼓吹，漢世鐃挽，雖戎喪殊事，而並總入樂府，繆襲所致，亦有可算焉。,至于 斩 伎 鼓吹 汉世 铙 挽 虽戎 丧殊 事 而 并 总入 乐府 缪袭 所致 亦 有 可算 焉,至于 斩 伎 鼓吹 汉世 铙挽 虽戎 丧殊 事 而 并 总入 乐府 缪袭 所致 亦 有 可算 焉,20,19,1
liuxie_shipin__liuxie_07,liuxie_shipin__liuxie_07__part01,文心雕龍·樂府,劉勰,37,861,883,昔子政品文，詩與歌別，故略具樂篇，以標區界。,昔 子政 品文 诗 与 歌别 故 略具 乐篇 以标 区界,昔 子政 品文 诗 与 歌别 故 略具 乐篇 以标 区界,11,11,0
liuxie_shipin__liuxie_07,liuxie_shipin__liuxie_07__part01,文心雕龍·樂府,劉勰,38,885,888,贊曰：,赞 曰,赞 曰,2,2,0
liuxie_shipin__liuxie_07,liuxie_shipin__liuxie_07__part01,文心雕龍·樂府,劉勰,39,890,900,八音摛文，樹辭為體。,八音 摛 文 树辞 为体,八音 摛 文 树辞 为体,5,5,0
liuxie_shipin__liuxie_07,liuxie_shipin__liuxie_07__part01,文心雕龍·樂府,劉勰,40,900,910,謳吟坰野，金石雲陛。,讴吟 坰 野 金石 云 陛,讴吟 坰 野 金石 云陛,6,5,1
liuxie_shipin__liuxie_07,liuxie_shipin__liuxie_07__part01,文心雕龍·樂府,劉勰,41,912,922,韶響難追，鄭聲易啟。,韶响 难 追 郑声 易启,韶响 难 追 郑声 易启,5,5,0
liuxie_shipin__liuxie_07,liuxie_shipin__liuxie_07__part01,文心雕龍·樂府,劉勰,42,922,932,豈惟觀樂，於焉識禮。,岂 惟 观乐 于焉 识礼,岂惟 观乐 于焉 识礼,5,4,1
liuxie_shipin__liuxie_08,liuxie_shipin__liuxie_08__part01,文心雕龍·詮賦,劉勰,0,0,10,詩有六義，其二曰賦。,诗有 六义 其二 曰 赋,诗有 六义 其二 曰 赋,5,5,0
liuxie_shipin__liuxie_08,liuxie_shipin__liuxie_08__part01,文心雕龍·詮賦,劉勰,1,10,27,賦者，鋪也，鋪采摛文，體物寫志也。,赋者 铺 也 铺采摛文 体物 写志 也,赋者 铺 也 铺采摛文 体物 写志 也,7,7,0
liuxie_shipin__liuxie_08,liuxie_shipin__liuxie_08__part01,文心雕龍·詮賦,劉勰,2,27,41,昔邵公稱公卿獻詩，師箴瞍賦。,昔邵 公称 公卿 献诗 师 箴 瞍 赋,昔邵 公称 公卿 献诗 师 箴 瞍 赋,8,8,0
liuxie_shipin__liuxie_08,liuxie_shipin__liuxie_08__part01,文心雕龍·詮賦,劉勰,3,41,54,傳云：登高能賦，可為大夫。,传云 登高 能赋 可 为 大夫,传云 登高能赋 可 为 大夫,6,5,1
liuxie_shipin__liuxie_08,liuxie_shipin__liuxie_08__part01,文心雕龍·詮賦,劉勰,4,54,76,詩序則同義，傳說則異體，總其歸塗，實相枝幹。,诗序 则 同义 传说 则 异体 总其 归涂 实相 枝干,诗序 则 同义 传说 则 异体 总其 归涂 实相 枝干,10,10,0
liuxie_shipin__liuxie_08,liuxie_shipin__liuxie_08__part01,文心雕龍·詮賦,劉勰,5,76,94,劉向云明不歌而頌，班固稱古詩之流也。,刘向 云明 不歌 而 颂 班固 称 古诗 之流 也,刘向 云明 不歌 而 颂 班固 称 古诗 之流 也,10,10,0
liuxie_shipin__liuxie_08,liuxie_shipin__liuxie_08__part01,文心雕龍·詮賦,劉勰,6,94,130,至如鄭莊之賦大隧，士蒍之賦狐裘，結言𢭃韻，詞自己作，雖合賦體，明而未融。,至 如 郑庄 之 赋大 隧 士 𫇭 之赋 狐裘 结言 𢭃 韵 词 自己 作 虽合 赋体 明而 未融,至 如 郑庄 之 赋大 隧 士 𫇭 之赋 狐裘 结言 𢭃 韵 词 自己 作 虽合 赋体 明而 未融,20,20,0
liuxie_shipin__liuxie_08,liuxie_shipin__liuxie_08__part01,文心雕龍·詮賦,劉勰,7,130,143,及靈均唱《騷》，始廣聲貌。,及 灵均 唱 骚 始广声貌,及 灵均 唱 骚 始广 声貌,5,6,1
liuxie_shipin__liuxie_08,liuxie_shipin__liuxie_08__part01,文心雕龍·詮賦,劉勰,8,143,163,然賦也者，受命於詩人，拓宇於《楚辭》也。,然赋 也 者 受命 于 诗人 拓宇于 楚辞 也,然赋 也 者 受命 于 诗人 拓宇于 楚辞 也,9,9,0
liuxie_shipin__liuxie_08,liuxie_shipin__liuxie_08__part01,文心雕龍·詮賦,劉勰,9,163,203,於是荀況《禮》《智》，宋玉《風》《釣》，爰錫名號，與詩畫境，六義附庸，蔚成大國。,于是 荀况 礼 智 宋玉 风 钓 爰 锡 名号 与 诗 画境 六义 附庸 蔚成 大国,于是 荀况 礼 智 宋玉 风 钓 爰 锡 名号 与 诗 画境 六义附庸 蔚成 大国,17,16,1
liuxie_shipin__liuxie_08,liuxie_shipin__liuxie_08__part01,文心雕龍·詮賦,劉勰,10,203,232,遂客主以首引，極聲貌以窮文，斯蓋別詩之原始，命賦之厥初也。,遂 客主以 首引 极声貌 以 穷文 斯盖别 诗 之 原始 命赋 之厥 初 也,遂 客主以 首引 极 声貌 以穷文 斯盖别 诗 之 原始 命赋 之厥 初 也,14,14,1
liuxie_shipin__liuxie_08,liuxie_shipin__liuxie_08__part01,文心雕龍·詮賦,劉勰,11,234,244,秦世不文，頗有雜賦。,秦世不文 颇 有 杂赋,秦世不文 颇 有 杂赋,4,4,0
liuxie_shipin__liuxie_08,liuxie_shipin__liuxie_08__part01,文心雕龍·詮賦,劉勰,12,244,278,漢初詞人，順流而作，陸賈扣其端，賈誼振其緒，枚馬同其風，王揚騁其勢；,汉初 词人 顺流 而作 陆贾扣 其端 贾谊 振其绪 枚 马同 其风 王扬骋 其势,汉初 词人 顺流 而作 陆贾扣 其端 贾谊 振其绪 枚马 同其风 王扬 骋 其势,13,13,1
liuxie_shipin__liuxie_08,liuxie_shipin__liuxie_08__part01,文心雕龍·詮賦,劉勰,13,278,288,皋朔已下，品物畢圖。,皋 朔 已 下 品物 毕图,皋 朔 已 下 品物 毕图,6,6,0
liuxie_shipin__liuxie_08,liuxie_shipin__liuxie_08__part01,文心雕龍·詮賦,劉勰,14,288,322,繁積於宣時，校閱於成世，進御之賦千有餘首，討其源流，信興楚而盛漢矣。,繁积 于 宣时 校阅 于 成世 进御 之 赋千有 余首 讨其 源流 信兴楚 而 盛汉 矣,繁积 于 宣时 校阅 于 成世 进御 之 赋千有 余首 讨其 源流 信兴楚 而 盛汉 矣,16,16,0
liuxie_shipin__liuxie_08,liuxie_shipin__liuxie_08__part01,文心雕龍·詮賦,劉勰,15,322,358,夫京殿苑獵，述行序志，並體國經野，義尚光大，既履端於倡序，亦歸餘於總亂。,夫京殿 苑猎 述 行序志 并 体国经野 义尚 光大 既履端 于 倡序 亦 归余于 总乱,夫京殿 苑猎 述 行序志 并 体国经野 义尚 光大 既履端 于 倡序 亦 归余 于 总乱,14,15,1
liuxie_shipin__liuxie_08,liuxie_shipin__liuxie_08__part01,文心雕龍·詮賦,劉勰,16,358,368,序以建言，首引情本；,序以 建言 首引 情本,序以 建言 首引 情本,4,4,0
liuxie_shipin__liuxie_08,liuxie_shipin__liuxie_08__part01,文心雕龍·詮賦,劉勰,17,368,378,亂以理篇，迭致文契。,乱 以理篇 迭致 文契,乱 以理篇 迭致 文契,4,4,0
liuxie_shipin__liuxie_08,liuxie_shipin__liuxie_08__part01,文心雕龍·詮賦,劉勰,18,378,416,按那之卒章，閔馬稱亂，故知殷人輯頌，楚人理賦，斯並鴻裁之寰域，雅文之樞轄也。,按 那 之 卒 章 闵马称 乱 故知 殷人辑 颂 楚 人理 赋 斯 并鸿裁 之 寰域 雅文 之枢辖 也,按 那 之 卒 章 闵马 称乱 故知 殷人辑 颂 楚 人理 赋 斯 并 鸿裁 之寰域 雅文 之 枢辖 也,20,21,1
liuxie_shipin__liuxie_08,liuxie_shipin__liuxie_08__part01,文心雕龍·詮賦,劉勰,19,416,450,至於草區禽族，庶品雜類，則觸興致情，因變取會，擬諸形容，則言務纖密；,至于 草区 禽族 庶品 杂类 则 触 兴致 情 因变 取会 拟 诸 形容 则 言务 纤密,至于 草区 禽族 庶品 杂类 则 触 兴致 情 因变 取会 拟 诸 形容 则 言务 纤密,17,17,0
liuxie_shipin__liuxie_08,liuxie_shipin__liuxie_08__part01,文心雕龍·詮賦,劉勰,20,450,461,象其物宜，則理貴側附；,象 其物宜 则 理贵侧 附,象 其物宜 则 理贵 侧附,5,5,1
liuxie_shipin__liuxie_08,liuxie_shipin__liuxie_08__part01,文心雕龍·詮賦,劉勰,21,461,476,斯又小制之區畛，奇巧之機要也。,斯 又 小制 之区 畛 奇巧 之 机要 也,斯 又 小制 之 区畛 奇巧 之 机要 也,9,9,1
liuxie_shipin__liuxie_08,liuxie_shipin__liuxie_08__part01,文心雕龍·詮賦,劉勰,22,478,490,觀夫荀結隱語，事數自環；,观夫 荀结 隐语 事数 自环,观夫 荀结 隐语 事数 自环,5,5,0
liuxie_shipin__liuxie_08,liuxie_shipin__liuxie_08__part01,文心雕龍·詮賦,劉勰,23,490,500,宋發夸談，實始淫麗。,宋发 夸谈 实始 淫丽,宋发 夸谈 实始 淫丽,4,4,0
liuxie_shipin__liuxie_08,liuxie_shipin__liuxie_08__part01,文心雕龍·詮賦,劉勰,24,500,513,枚乘《菟園》，舉要以會新；,枚 乘 菟园 举要 以会 新,枚 乘 菟园 举要 以会 新,6,6,0
liuxie_shipin__liuxie_08,liuxie_shipin__liuxie_08__part01,文心雕龍·詮賦,劉勰,25,513,526,相如《上林》，繁類以成豔；,相如 上 林 繁类 以 成艳,相如 上 林 繁类 以 成艳,6,6,0
liuxie_shipin__liuxie_08,liuxie_shipin__liuxie_08__part01,文心雕龍·詮賦,劉勰,26,526,539,賈誼《鵩鳥》，致辨於情理；,贾谊 𫛳 鸟 致辨于 情理,贾谊 𫛳 鸟 致辨于 情理,5,5,0
liuxie_shipin__liuxie_08,liuxie_shipin__liuxie_08__part01,文心雕龍·詮賦,劉勰,27,539,552,子淵《洞簫》，窮變於聲貌；,子渊 洞箫 穷变 于 声貌,子渊 洞箫 穷变 于 声貌,5,5,0
liuxie_shipin__liuxie_08,liuxie_shipin__liuxie_08__part01,文心雕龍·詮賦,劉勰,28,552,565,孟堅《兩都》，明絢以雅贍；,孟坚 两 都 明绚 以雅 赡,孟坚 两都 明绚 以 雅赡,6,5,1
liuxie_shipin__liuxie_08,liuxie_shipin__liuxie_08__part01,文心雕龍·詮賦,劉勰,29,565,578,張衡《二京》，迅發以宏富；,张衡 二京 迅发以 宏富,张衡 二京 迅发以 宏富,4,4,0
liuxie_shipin__liuxie_08,liuxie_shipin__liuxie_08__part01,文心雕龍·詮賦,劉勰,30,578,591,子雲《甘泉》，構深瑋之風；,子云 甘泉 构深玮 之风,子云 甘泉 构深玮 之风,4,4,0
liuxie_shipin__liuxie_08,liuxie_shipin__liuxie_08__part01,文心雕龍·詮賦,劉勰,31,591,604,延壽《靈光》，含飛動之勢；,延寿 灵光 含 飞动 之势,延寿 灵光 含 飞动 之势,5,5,0
liuxie_shipin__liuxie_08,liuxie_shipin__liuxie_08__part01,文心雕龍·詮賦,劉勰,32,604,617,凡此十家，並辭賦之英傑也。,凡 此 十家 并 辞赋 之 英杰 也,凡此 十家 并 辞赋 之 英杰 也,8,7,1
liuxie_shipin__liuxie_08,liuxie_shipin__liuxie_08__part01,文心雕龍·詮賦,劉勰,33,617,628,及仲宣靡密，發端必遒；,及仲 宣靡密 发端 必 遒,及仲 宣靡密 发端 必 遒,5,5,0
liuxie_shipin__liuxie_08,liuxie_shipin__liuxie_08__part01,文心雕龍·詮賦,劉勰,34,628,638,偉長博通，時逢壯采；,伟长 博通 时逢 壮采,伟长 博通 时逢 壮采,4,4,0
liuxie_shipin__liuxie_08,liuxie_shipin__liuxie_08__part01,文心雕龍·詮賦,劉勰,35,638,649,太沖安仁，策勳於鴻規；,太冲 安仁 策勋 于鸿规,太冲 安仁 策勋 于 鸿规,4,5,1
liuxie_shipin__liuxie_08,liuxie_shipin__liuxie_08__part01,文心雕龍·詮賦,劉勰,36,649,660,士衡子安，底績於流制；,士衡 子安 底绩 于 流制,士衡 子安 底绩 于 流制,5,5,0
liuxie_shipin__liuxie_08,liuxie_shipin__liuxie_08__part01,文心雕龍·詮賦,劉勰,37,660,670,景純綺巧，縟理有餘；,景纯 绮 巧 缛 理 有余,景纯 绮 巧 缛 理 有余,6,6,0
liuxie_shipin__liuxie_08,liuxie_shipin__liuxie_08__part01,文心雕龍·詮賦,劉勰,38,670,680,彥伯梗概，情韻不匱；,彦 伯 梗概 情韵 不 匮,彦 伯 梗概 情韵 不匮,6,5,1
liuxie_shipin__liuxie_08,liuxie_shipin__liuxie_08__part01,文心雕龍·詮賦,劉勰,39,680,688,亦魏晉之賦首也。,亦 魏晋 之 赋首 也,亦 魏晋 之 赋首 也,5,5,0
liuxie_shipin__liuxie_08,liuxie_shipin__liuxie_08__part01,文心雕龍·詮賦,劉勰,40,690,703,原夫登高之旨，蓋覩物興情。,原夫 登高 之旨 盖 覩 物兴情,原夫 登高 之旨 盖 覩 物 兴情,6,7,1
liuxie_shipin__liuxie_08,liuxie_shipin__liuxie_08__part01,文心雕龍·詮賦,劉勰,41,703,714,情以物興，故義必明雅；,情以 物兴 故义 必明雅,情以 物兴 故义 必明雅,4,4,0
liuxie_shipin__liuxie_08,liuxie_shipin__liuxie_08__part01,文心雕龍·詮賦,劉勰,42,714,725,物以情觀，故詞必巧麗。,物以 情观 故词 必巧丽,物以 情观 故词 必 巧丽,4,5,1
liuxie_shipin__liuxie_08,liuxie_shipin__liuxie_08__part01,文心雕龍·詮賦,劉勰,43,725,750,麗詞雅義，符采相勝，如組織之品朱紫，畫繪之著玄黃。,丽词 雅义 符采 相胜 如 组织 之品 朱 紫 画绘 之著 玄黄,丽 词雅 义 符采 相胜 如 组织 之品 朱 紫 画绘 之著 玄黄,12,13,1
liuxie_shipin__liuxie_08,liuxie_shipin__liuxie_08__part01,文心雕龍·詮賦,劉勰,44,750,772,文雖新而有質，色雖糅而有本，此立賦之大體也。,文 虽 新 而 有质 色 虽糅 而 有 本 此立 赋 之 大体 也,文 虽 新 而 有质 色 虽糅 而 有 本 此立 赋 之 大体 也,15,15,0
liuxie_shipin__liuxie_08,liuxie_shipin__liuxie_08__part01,文心雕龍·詮賦,劉勰,45,772,834,然逐末之儔，蔑棄其本，雖讀千賦，愈惑體要，遂使繁華損枝，膏腴害骨，無貴風軌，莫益勸戒，此揚子所以追悔於雕虫，貽誚於霧縠者也。,然逐末 之 俦 蔑弃 其本 虽读 千赋 愈惑 体要 遂 使 繁华损枝 膏腴 害骨 无贵 风轨 莫益 劝戒 此 扬子 所以 追悔 于 雕虫 贻诮 于 雾 縠 者 也,然逐末 之 俦 蔑弃 其本 虽读 千赋 愈惑 体要 遂 使 繁华损枝 膏腴 害骨 无贵 风轨 莫益 劝戒 此 扬子 所以 追悔 于 雕虫 贻诮 于 雾縠 者 也,30,29,1
liuxie_shipin__liuxie_08,liuxie_shipin__liuxie_08__part01,文心雕龍·詮賦,劉勰,46,836,839,贊曰：,赞 曰,赞 曰,2,2,0
liuxie_shipin__liuxie_08,liuxie_shipin__liuxie_08__part01,文心雕龍·詮賦,劉勰,47,841,851,賦自詩出，分歧異派。,赋自 诗出 分歧 异派,赋自 诗出 分歧 异派,4,4,0
liuxie_shipin__liuxie_08,liuxie_shipin__liuxie_08__part01,文心雕龍·詮賦,劉勰,48,851,861,寫物圖貌，蔚似雕畫。,写物 图貌 蔚似 雕画,写物 图貌 蔚似 雕画,4,4,0
liuxie_shipin__liuxie_08,liuxie_shipin__liuxie_08__part01,文心雕龍·詮賦,劉勰,49,863,873,㭊滯必揚，言曠無隘。,㭊 滞必扬 言旷无隘,㭊 滞必扬 言 旷无 隘,3,5,1
liuxie_shipin__liuxie_08,liuxie_shipin__liuxie_08__part01,文心雕龍·詮賦,劉勰,50,873,883,風歸麗則，辭翦美稗。,风归丽则 辞翦 美 稗,风归 丽则 辞翦 美 稗,4,5,1
liuxie_shipin__liuxie_09,liuxie_shipin__liuxie_09__part01,文心雕龍·頌讚,劉勰,0,0,10,四始之至，頌居其極。,四始 之 至 颂居 其极,四始 之 至 颂居 其极,5,5,0
liuxie_shipin__liuxie_09,liuxie_shipin__liuxie_09__part01,文心雕龍·頌讚,劉勰,1,10,27,頌者，容也，所以美盛德而述形容也。,颂者 容 也 所以 美 盛德 而述 形容 也,颂者 容 也 所以 美 盛德 而述 形容 也,9,9,0
liuxie_shipin__liuxie_09,liuxie_shipin__liuxie_09__part01,文心雕龍·頌讚,劉勰,2,27,43,昔帝嚳之世，咸墨為頌，以歌九韶。,昔 帝喾 之世 咸墨 为 颂 以歌 九韶,昔 帝喾 之世 咸墨 为 颂 以歌 九韶,8,8,0
liuxie_shipin__liuxie_09,liuxie_shipin__liuxie_09__part01,文心雕龍·頌讚,劉勰,3,43,53,自商以下，文理允備。,自商 以下 文理 允备,自商 以下 文理 允备,4,4,0
liuxie_shipin__liuxie_09,liuxie_shipin__liuxie_09__part01,文心雕龍·頌讚,劉勰,4,53,78,夫化偃一國謂之風，風正四方謂之雅，容告神明謂之頌。,夫化 偃 一国 谓之 风 风 正 四方 谓之 雅 容告 神明 谓之 颂,夫化 偃 一国 谓之 风 风正 四方 谓之 雅 容告 神明 谓之 颂,14,13,1
liuxie_shipin__liuxie_09,liuxie_shipin__liuxie_09__part01,文心雕龍·頌讚,劉勰,5,78,88,風雅序人，事兼變正；,风雅 序人 事 兼 变正,风雅 序人 事 兼 变正,5,5,0
liuxie_shipin__liuxie_09,liuxie_shipin__liuxie_09__part01,文心雕龍·頌讚,劉勰,6,88,98,頌主告神，義必純美。,颂主告 神 义必 纯美,颂主告 神 义必 纯美,4,4,0
liuxie_shipin__liuxie_09,liuxie_shipin__liuxie_09__part01,文心雕龍·頌讚,劉勰,7,98,130,魯國以公旦次編，商人以前王追錄，斯乃宗廟之正歌，非讌饗之常詠也。,鲁国 以公旦次 编 商人 以前 王追录 斯乃 宗庙 之正歌 非 䜩 飨 之常 咏 也,鲁国 以公旦次 编 商人 以前 王 追录 斯乃 宗庙 之正歌 非 䜩 飨 之常 咏 也,15,16,1
liuxie_shipin__liuxie_09,liuxie_shipin__liuxie_09__part01,文心雕龍·頌讚,劉勰,8,130,142,《時邁》一篇，周公所製。,时迈 一篇 周 公所 制,时迈 一篇 周 公所 制,5,5,0
liuxie_shipin__liuxie_09,liuxie_shipin__liuxie_09__part01,文心雕龍·頌讚,劉勰,9,142,152,哲人之頌，規式存焉。,哲人 之颂 规式 存焉,哲人 之颂 规式 存焉,4,4,0
liuxie_shipin__liuxie_09,liuxie_shipin__liuxie_09__part01,文心雕龍·頌讚,劉勰,10,154,165,夫民各有心，勿壅惟口。,夫民 各 有心 勿 壅 惟口,夫民 各 有心 勿 壅 惟口,6,6,0
liuxie_shipin__liuxie_09,liuxie_shipin__liuxie_09__part01,文心雕龍·頌讚,劉勰,11,165,214,晉輿之稱原田，魯民之刺裘鞸，直言不詠，短辭以諷，邱明子高，並諜為誦，斯則野誦之變體，浸被乎人事矣。,晋 舆之称 原田 鲁民 之 刺 裘 鞸 直言 不咏 短辞 以讽 邱 明子 高 并谍 为 诵 斯则 野诵 之 变体 浸 被乎 人事 矣,晋 舆之称 原田 鲁民 之 刺 裘 鞸 直言 不咏 短辞 以讽 邱 明子 高 并谍 为 诵 斯则 野诵 之 变体 浸 被乎 人事 矣,26,26,0
liuxie_shipin__liuxie_09,liuxie_shipin__liuxie_09__part01,文心雕龍·頌讚,劉勰,12,214,239,及三閭《橘頌》，情采芬芳，比類寓意，又覃及細物矣。,及三闾 橘颂 情采 芬芳 比类 寓意 又 覃及 细物 矣,及 三闾 橘颂 情采 芬芳 比类 寓意 又 覃及 细物 矣,10,11,1
liuxie_shipin__liuxie_09,liuxie_shipin__liuxie_09__part01,文心雕龍·頌讚,劉勰,13,239,251,至於秦政刻文，爰頌其德。,至于 秦政刻 文 爰 颂 其德,至于 秦政刻 文 爰 颂 其德,6,6,0
liuxie_shipin__liuxie_09,liuxie_shipin__liuxie_09__part01,文心雕龍·頌讚,劉勰,14,251,272,漢之惠景，亦有述容，沿世並作，相繼於時矣。,汉之惠景 亦 有述 容 沿世 并作 相继 于 时 矣,汉之惠景 亦 有述 容 沿世 并作 相继 于时 矣,10,9,1
liuxie_shipin__liuxie_09,liuxie_shipin__liuxie_09__part01,文心雕龍·頌讚,劉勰,15,272,340,若夫子雲之表充國，孟堅之序戴侯，武仲之美顯宗，史岑之述熹后，或擬《清廟》，或範《駉》《那》，雖淺深不同，詳略各異，其褒德顯容，典章一也。,若 夫子 云之表 充国 孟坚 之序 戴侯 武仲之美 显宗 史岑 之述 熹后 或拟 清庙 或范 𬳶 那 虽浅深 不同 详略 各异 其 褒德 显容 典章 一 也,若 夫子 云之表 充国 孟坚 之序 戴侯 武仲之美 显宗 史岑 之述 熹后 或拟 清庙 或范 𬳶 那 虽 浅深 不同 详略 各异 其 褒德 显容 典章 一 也,27,28,1
liuxie_shipin__liuxie_09,liuxie_shipin__liuxie_09__part01,文心雕龍·頌讚,劉勰,16,340,368,至於班傅之《北征》《西巡》，變為序引，豈不褒過而謬體哉！,至于 班傅 之 北征 西巡 变为 序引 岂 不 褒过 而 谬体 哉,至于 班傅 之 北征 西巡 变为 序引 岂 不 褒过 而 谬体 哉,13,13,0
liuxie_shipin__liuxie_09,liuxie_shipin__liuxie_09__part01,文心雕龍·頌讚,劉勰,17,368,393,馬融之《廣成》《上林》，雅而似賦，何弄文而失質乎！,马融 之 广成 上 林 雅而 似赋 何弄 文而 失质乎,马融 之 广成 上 林 雅而 似赋 何弄 文而 失质乎,10,10,0
liuxie_shipin__liuxie_09,liuxie_shipin__liuxie_09__part01,文心雕龍·頌讚,劉勰,18,393,420,又崔瑗《文學》，蔡邕《樊渠》，並致美於序，而簡約乎篇；,又 崔瑗 文学 蔡邕 樊渠 并致 美于序 而 简约 乎 篇,又 崔瑗 文学 蔡邕 樊渠 并致 美于序 而 简约 乎 篇,11,11,0
liuxie_shipin__liuxie_09,liuxie_shipin__liuxie_09__part01,文心雕龍·頌讚,劉勰,19,420,457,摯虞品藻，頗為精覈，至云雜以風雅，而不變旨趣，徒張虛論，有似黃白之偽說矣。,挚虞品 藻 颇为 精核 至云杂 以 风雅 而 不变 旨趣 徒张 虚论 有似 黄白之 伪说 矣,挚虞品 藻 颇为 精核 至云杂 以 风雅 而 不变 旨趣 徒张 虚论 有似 黄白之 伪说 矣,16,16,0
liuxie_shipin__liuxie_09,liuxie_shipin__liuxie_09__part01,文心雕龍·頌讚,劉勰,20,457,468,及魏晉辨頌，鮮有出轍。,及 魏晋 辨颂 鲜有 出辙,及 魏晋 辨颂 鲜有 出辙,5,5,0
liuxie_shipin__liuxie_09,liuxie_shipin__liuxie_09__part01,文心雕龍·頌讚,劉勰,21,468,481,陳思所綴，以《皇子》為標；,陈思所缀 以 皇子 为标,陈思 所缀 以 皇子 为标,4,5,1
liuxie_shipin__liuxie_09,liuxie_shipin__liuxie_09__part01,文心雕龍·頌讚,劉勰,22,481,494,陸機積篇，惟《功臣》最顯；,陆机 积篇 惟 功臣 最显,陆机 积篇 惟 功臣 最显,5,5,0
liuxie_shipin__liuxie_09,liuxie_shipin__liuxie_09__part01,文心雕龍·頌讚,劉勰,23,494,508,其褒貶雜居，固末代之訛體也。,其 褒贬 杂居 固 末代 之讹体 也,其 褒贬 杂居 固 末代 之 讹体 也,7,8,1
liuxie_shipin__liuxie_09,liuxie_shipin__liuxie_09__part01,文心雕龍·頌讚,劉勰,24,510,535,原夫頌惟典雅，辭必清鑠，敷寫似賦，而不入華侈之區；,原夫颂 惟 典雅 辞必 清铄 敷写 似赋 而 不入 华侈之区,原夫颂 惟 典雅 辞必 清铄 敷写 似赋 而 不入 华侈 之区,10,11,1
liuxie_shipin__liuxie_09,liuxie_shipin__liuxie_09__part01,文心雕龍·頌讚,劉勰,25,535,548,敬慎如銘，而異乎規戒之域；,敬慎 如铭 而 异乎 规戒 之域,敬慎 如铭 而 异乎 规戒 之域,6,6,0
liuxie_shipin__liuxie_09,liuxie_shipin__liuxie_09__part01,文心雕龍·頌讚,劉勰,26,548,582,揄揚以發藻，汪洋以樹義，雖纖曲巧致，與情而變，其大體所底，如斯而已。,揄 扬以 发藻 汪洋 以树义 虽纤曲 巧致 与 情而变 其 大体 所底 如 斯 而已,揄扬 以 发藻 汪洋 以 树义 虽 纤曲 巧致 与 情而变 其 大体 所底 如斯 而已,15,16,1
liuxie_shipin__liuxie_09,liuxie_shipin__liuxie_09__part01,文心雕龍·頌讚,劉勰,27,584,593,讚者，明也，助也。,赞者 明 也 助 也,赞者 明 也 助 也,5,5,0
liuxie_shipin__liuxie_09,liuxie_shipin__liuxie_09__part01,文心雕龍·頌讚,劉勰,28,593,611,昔虞舜之祀，樂正重讚，蓋唱發之辭也。,昔 虞舜 之祀 乐正 重赞 盖唱 发之辞 也,昔 虞舜 之祀 乐正 重赞 盖唱 发之辞 也,8,8,0
liuxie_shipin__liuxie_09,liuxie_shipin__liuxie_09__part01,文心雕龍·頌讚,劉勰,29,611,638,及益讚於禹，伊陟讚於巫咸，並颺言以明事，嗟嘆以助辭也。,及益 赞于 禹 伊陟赞于 巫咸 并 飏 言 以 明事 嗟叹 以助 辞 也,及益 赞于 禹 伊陟赞于 巫咸 并 飏 言 以 明事 嗟叹 以 助辞 也,14,14,1
liuxie_shipin__liuxie_09,liuxie_shipin__liuxie_09__part01,文心雕龍·頌讚,劉勰,30,638,657,故漢置鴻臚，以唱拜為讚，即古之遺語也。,故汉置 鸿 胪 以唱 拜 为 赞 即古 之 遗语 也,故汉置 鸿胪 以唱 拜 为 赞 即古 之 遗语 也,11,10,1
liuxie_shipin__liuxie_09,liuxie_shipin__liuxie_09__part01,文心雕龍·頌讚,劉勰,31,657,668,至相如屬筆，始讚荊軻。,至 相如属 笔 始赞 荆轲,至 相如 属笔 始赞 荆轲,5,5,1
liuxie_shipin__liuxie_09,liuxie_shipin__liuxie_09__part01,文心雕龍·頌讚,劉勰,32,668,683,及遷《史》固《書》，託讚褒貶。,及迁 史 固 书 托赞 褒贬,及迁 史 固 书 托赞 褒贬,6,6,0
liuxie_shipin__liuxie_09,liuxie_shipin__liuxie_09__part01,文心雕龍·頌讚,劉勰,33,683,695,約文以總錄，頌體以論辭；,约 文以 总录 颂体 以论 辞,约 文以 总录 颂体 以 论辞,6,6,1
liuxie_shipin__liuxie_09,liuxie_shipin__liuxie_09__part01,文心雕龍·頌讚,劉勰,34,695,706,又紀傳後評，亦同其名。,又纪 传后 评 亦 同 其名,又 纪传 后评 亦 同 其名,6,6,1
liuxie_shipin__liuxie_09,liuxie_shipin__liuxie_09__part01,文心雕龍·頌讚,劉勰,35,706,724,而仲洽《流別》，謬稱為述，失之遠矣。,而仲洽 流别 谬 称为 述 失之远 矣,而仲洽 流别 谬 称为 述 失之远 矣,7,7,0
liuxie_shipin__liuxie_09,liuxie_shipin__liuxie_09__part01,文心雕龍·頌讚,劉勰,36,724,749,及景純注《雅》，動植必讚，義兼美惡，亦猶頌之變耳。,及景 纯注 雅 动植 必赞 义 兼 美恶 亦 犹颂 之 变耳,及景 纯注 雅 动植 必赞 义 兼 美恶 亦 犹颂 之 变耳,12,12,0
liuxie_shipin__liuxie_09,liuxie_shipin__liuxie_09__part01,文心雕龍·頌讚,劉勰,37,751,791,然本其為義，事在獎歎，所以古來篇體，促而不廣，必結言於四字之句，盤桓乎數韻之辭；,然本 其为义 事 在 奖叹 所以 古来 篇体 促而 不广 必 结言 于 四字 之句 盘桓 乎 数韵 之辞,然本 其为义 事 在 奖叹 所以 古来 篇体 促而 不广 必 结言 于 四字 之句 盘桓 乎 数韵 之辞,19,19,0
liuxie_shipin__liuxie_09,liuxie_shipin__liuxie_09__part01,文心雕龍·頌讚,劉勰,38,791,808,約舉以盡情，昭灼以送文，此其體也。,约 举以 尽情 昭灼以 送文 此其体 也,约 举以 尽情 昭灼以 送文 此其体 也,7,7,0
liuxie_shipin__liuxie_09,liuxie_shipin__liuxie_09__part01,文心雕龍·頌讚,劉勰,39,808,832,發源雖遠，而致用蓋寡，大抵所歸，其頌家之細條乎！,发源 虽远 而致 用 盖 寡 大抵 所归 其颂家 之 细条 乎,发源 虽远 而致 用 盖 寡 大抵 所归 其颂家 之 细条 乎,12,12,0
liuxie_shipin__liuxie_09,liuxie_shipin__liuxie_09__part01,文心雕龍·頌讚,劉勰,40,834,837,贊曰︰,赞 曰,赞 曰,2,2,0
liuxie_shipin__liuxie_09,liuxie_shipin__liuxie_09__part01,文心雕龍·頌讚,劉勰,41,839,849,容體底頌，勳業垂讚。,容体 底颂 勋业 垂赞,容体 底颂 勋业 垂赞,4,4,0
liuxie_shipin__liuxie_09,liuxie_shipin__liuxie_09__part01,文心雕龍·頌讚,劉勰,42,849,859,鏤影摛文，聲理有爛。,镂影 摛 文 声理 有 烂,镂影 摛 文 声理 有 烂,6,6,0
liuxie_shipin__liuxie_09,liuxie_shipin__liuxie_09__part01,文心雕龍·頌讚,劉勰,43,861,871,年積愈遠，音徽如旦。,年积 愈远 音徽 如旦,年积 愈远 音徽 如旦,4,4,0
liuxie_shipin__liuxie_09,liuxie_shipin__liuxie_09__part01,文心雕龍·頌讚,劉勰,44,871,881,降及品物，炫辭作翫。,降及 品物 炫辞作 玩,降及 品物 炫辞 作玩,4,4,1
liuxie_shipin__liuxie_10,liuxie_shipin__liuxie_10__part01,文心雕龍·祝盟,劉勰,0,0,10,天地定位，祀徧群神。,天地 定位 祀 徧 群 神,天地 定位 祀 徧 群 神,6,6,0
liuxie_shipin__liuxie_10,liuxie_shipin__liuxie_10__part01,文心雕龍·祝盟,劉勰,1,10,40,六宗既禋，三望咸秩，甘雨和風，是生黍稷，兆民所仰，美報興焉。,六宗 既 禋 三望 咸秩 甘雨 和 风 是 生 黍 稷 兆民所仰 美报 兴焉,六宗 既 禋 三望 咸秩 甘雨 和风 是 生 黍 稷 兆民所仰 美报 兴焉,15,14,1
liuxie_shipin__liuxie_10,liuxie_shipin__liuxie_10__part01,文心雕龍·祝盟,劉勰,2,40,60,犧盛惟馨，本於明德，祝史陳信，資乎文辭。,牺盛 惟馨 本 于明德 祝史 陈信 资乎 文辞,牺盛 惟馨 本 于明德 祝史 陈信 资乎 文辞,8,8,0
liuxie_shipin__liuxie_10,liuxie_shipin__liuxie_10__part01,文心雕龍·祝盟,劉勰,3,60,71,昔伊耆始蜡，以祭八神。,昔伊耆 始蜡 以 祭 八神,昔伊耆 始蜡 以 祭 八神,5,5,0
liuxie_shipin__liuxie_10,liuxie_shipin__liuxie_10__part01,文心雕龍·祝盟,劉勰,4,71,96,其辭云：土反其宅，水歸其壑，昆蟲毋作，草木歸其澤。,其辞云 土反 其宅 水归 其壑 昆虫 毋作 草木 归其泽,其辞云 土反 其宅 水归 其壑 昆虫 毋作 草木 归其泽,9,9,0
liuxie_shipin__liuxie_10,liuxie_shipin__liuxie_10__part01,文心雕龍·祝盟,劉勰,5,96,107,則上皇祝文，爰在茲矣。,则 上 皇祝文 爰 在 兹 矣,则 上 皇祝文 爰 在 兹 矣,7,7,0
liuxie_shipin__liuxie_10,liuxie_shipin__liuxie_10__part01,文心雕龍·祝盟,劉勰,6,107,128,舜之祠田云：荷此長耜，耕彼南畝，四海俱有。,舜 之 祠田云 荷此 长耜 耕彼南亩 四海 俱有,舜 之 祠田云 荷此 长耜 耕彼 南亩 四海 俱有,8,9,1
liuxie_shipin__liuxie_10,liuxie_shipin__liuxie_10__part01,文心雕龍·祝盟,劉勰,7,128,139,利民之志，頗形於言矣。,利民 之志 颇 形于 言 矣,利民 之志 颇 形于 言 矣,6,6,0
liuxie_shipin__liuxie_10,liuxie_shipin__liuxie_10__part01,文心雕龍·祝盟,劉勰,8,141,169,至於商履，聖敬日躋，玄牡告天，以萬方罪己，即郊禋之詞也；,至于 商履 圣敬日 跻 玄牡告 天 以 万方 罪己 即郊 禋 之 词 也,至于 商履 圣敬日 跻 玄牡告 天 以 万方 罪己 即郊 禋 之 词 也,14,14,0
liuxie_shipin__liuxie_10,liuxie_shipin__liuxie_10__part01,文心雕龍·祝盟,劉勰,9,169,187,素車禱旱，以六事責躬，則雩禜之文也。,素车 祷旱 以六事责 躬 则 雩 禜 之 文 也,素车 祷旱 以六事 责躬 则 雩 禜 之 文 也,10,10,1
liuxie_shipin__liuxie_10,liuxie_shipin__liuxie_10__part01,文心雕龍·祝盟,劉勰,10,187,225,及周之太祝，掌六祝之辭，是以庶物咸生，陳於天地之郊，旁作穆穆，唱於迎日之拜；,及 周之太 祝 掌六祝 之辞 是 以 庶物 咸生 陈于 天地 之郊 旁作 穆穆 唱于 迎日 之 拜,及 周之太 祝 掌六祝 之辞 是 以 庶物 咸生 陈于 天地 之郊 旁作 穆穆 唱于 迎日 之 拜,18,18,0
liuxie_shipin__liuxie_10,liuxie_shipin__liuxie_10__part01,文心雕龍·祝盟,劉勰,11,225,237,夙興夜處，言於祔廟之祝；,夙兴夜处 言于 祔 庙 之 祝,夙兴夜处 言于 祔庙 之祝,6,4,1
liuxie_shipin__liuxie_10,liuxie_shipin__liuxie_10__part01,文心雕龍·祝盟,劉勰,12,237,249,多福無疆，布於少牢之饋；,多福 无疆 布于 少牢 之馈,多福 无疆 布于 少牢 之馈,5,5,0
liuxie_shipin__liuxie_10,liuxie_shipin__liuxie_10__part01,文心雕龍·祝盟,劉勰,13,249,259,宜社類禡，莫不有文。,宜社类 祃 莫不 有文,宜社 类祃 莫不 有文,4,4,1
liuxie_shipin__liuxie_10,liuxie_shipin__liuxie_10__part01,文心雕龍·祝盟,劉勰,14,259,274,所以寅虔於神祇，嚴恭於宗廟也。,所以 寅 虔于 神祇 严恭于 宗庙 也,所以 寅 虔于 神祇 严恭 于 宗庙 也,7,8,1
liuxie_shipin__liuxie_10,liuxie_shipin__liuxie_10__part01,文心雕龍·祝盟,劉勰,15,274,294,春秋已下，黷祀諂祭，祝幣史辭，靡神不至。,春秋 已下 黩祀 谄 祭 祝币 史辞 靡 神不至,春秋 已下 黩祀 谄祭 祝币史辞 靡 神不至,9,7,1
liuxie_shipin__liuxie_10,liuxie_shipin__liuxie_10__part01,文心雕龍·祝盟,劉勰,16,294,309,至於張老成室，致善於歌哭之禱；,至于 张 老成 室 致 善于 歌哭 之祷,至于 张 老成 室 致 善于 歌哭 之祷,8,8,0
liuxie_shipin__liuxie_10,liuxie_shipin__liuxie_10__part01,文心雕龍·祝盟,劉勰,17,309,322,蒯瞶臨戰，獲佑於筋骨之請；,蒯 瞆 临战 获佑于 筋骨 之 请,蒯 瞆 临战 获佑于 筋骨 之 请,7,7,0
liuxie_shipin__liuxie_10,liuxie_shipin__liuxie_10__part01,文心雕龍·祝盟,劉勰,18,322,333,雖造次顛沛，必於祝矣。,虽 造次颠沛 必于 祝 矣,虽 造次颠沛 必于 祝 矣,5,5,0
liuxie_shipin__liuxie_10,liuxie_shipin__liuxie_10__part01,文心雕龍·祝盟,劉勰,19,333,352,若夫《楚辭‧招魂》，可謂祝辭之組纚也。,若夫 楚辞 招魂 可谓 祝辞 之组 𫄥 也,若夫 楚辞 招魂 可谓 祝辞 之组 𫄥 也,8,8,0
liuxie_shipin__liuxie_10,liuxie_shipin__liuxie_10__part01,文心雕龍·祝盟,劉勰,20,352,376,漢之群祀，肅其旨禮，既總碩儒之儀，亦參方士之術。,汉之群 祀 肃其旨 礼 既 总 硕儒 之仪 亦 参 方士 之术,汉之群 祀 肃其旨 礼 既 总 硕儒 之仪 亦 参 方士 之术,12,12,0
liuxie_shipin__liuxie_10,liuxie_shipin__liuxie_10__part01,文心雕龍·祝盟,劉勰,21,376,390,所以秘祝移過，異於成湯之心；,所以 秘祝移 过 异于 成汤 之心,所以 秘祝 移过 异 于 成汤 之心,6,7,1
liuxie_shipin__liuxie_10,liuxie_shipin__liuxie_10__part01,文心雕龍·祝盟,劉勰,22,390,402,侲子敺疫，同乎越巫之祝；,侲 子 敺 疫 同乎 越 巫之祝,侲 子 敺 疫 同乎 越 巫之祝,7,7,0
liuxie_shipin__liuxie_10,liuxie_shipin__liuxie_10__part01,文心雕龍·祝盟,劉勰,23,402,408,禮失之漸也。,礼失 之渐 也,礼失 之渐 也,3,3,0
liuxie_shipin__liuxie_10,liuxie_shipin__liuxie_10__part01,文心雕龍·祝盟,劉勰,24,408,439,至如黃帝有祝邪之文，東方朔有罵鬼之書，於是後之譴咒，務於善罵。,至 如 黄帝 有祝邪 之文 东方朔 有 骂 鬼 之书 于是 后 之 谴咒 务于 善 骂,至 如 黄帝 有祝邪 之文 东方朔 有 骂 鬼 之书 于是 后 之 谴咒 务于 善 骂,17,17,0
liuxie_shipin__liuxie_10,liuxie_shipin__liuxie_10__part01,文心雕龍·祝盟,劉勰,25,439,451,唯陳思詰咎，裁以正義矣。,唯陈思 诘 咎 裁以 正义 矣,唯 陈思 诘 咎 裁以 正义 矣,6,7,1
liuxie_shipin__liuxie_10,liuxie_shipin__liuxie_10__part01,文心雕龍·祝盟,劉勰,26,453,465,若乃禮之祭祀，事止告饗；,若乃礼 之 祭祀 事止 告 飨,若乃礼 之 祭祀 事止 告飨,6,5,1
liuxie_shipin__liuxie_10,liuxie_shipin__liuxie_10__part01,文心雕龍·祝盟,劉勰,27,465,487,而中代祭文兼讚言行，祭而兼讚，蓋引神而作也。,而 中代 祭文 兼赞 言行 祭 而 兼赞 盖 引神 而作 也,而 中代 祭文 兼赞 言行 祭 而 兼赞 盖 引神 而作 也,12,12,0
liuxie_shipin__liuxie_10,liuxie_shipin__liuxie_10__part01,文心雕龍·祝盟,劉勰,28,487,508,又漢代山陵，哀策流文，周喪盛姬，內史執策。,又 汉代 山陵 哀策 流文 周丧 盛姬 内史 执策,又 汉代 山陵 哀策 流文 周丧 盛姬 内史 执策,9,9,0
liuxie_shipin__liuxie_10,liuxie_shipin__liuxie_10__part01,文心雕龍·祝盟,劉勰,29,508,522,然則策本書贈，因哀而為文也。,然则 策 本书 赠 因哀 而 为 文 也,然则 策 本书 赠 因哀 而 为 文 也,9,9,0
liuxie_shipin__liuxie_10,liuxie_shipin__liuxie_10__part01,文心雕龍·祝盟,劉勰,30,522,561,是以義同於誄，而文實告神，誄首而哀末，頌體而祝儀，太史所作之讚，因周之祝文也。,是 以义 同于 诔 而文 实告 神 诔 首 而 哀末 颂体 而 祝仪 太史 所作 之赞 因周 之祝文 也,是 以义 同于 诔 而文 实告 神 诔 首 而 哀末 颂体 而 祝仪 太史 所作 之赞 因周 之祝文 也,20,20,0
liuxie_shipin__liuxie_10,liuxie_shipin__liuxie_10__part01,文心雕龍·祝盟,劉勰,31,561,583,凡群言發華，而降神務實，修辭立誠，在於無媿。,凡 群言 发华 而 降神 务实 修辞立诚 在于 无 媿,凡 群言 发华 而 降神 务实 修辞立诚 在于 无媿,10,9,1
liuxie_shipin__liuxie_10,liuxie_shipin__liuxie_10__part01,文心雕龍·祝盟,劉勰,32,583,593,祈禱之式，必誠以敬；,祈祷 之式 必诚 以敬,祈祷 之式 必诚 以敬,4,4,0
liuxie_shipin__liuxie_10,liuxie_shipin__liuxie_10__part01,文心雕龍·祝盟,劉勰,33,593,603,祭奠之楷，宜恭且哀；,祭奠 之楷 宜恭且 哀,祭奠 之楷 宜恭且 哀,4,4,0
liuxie_shipin__liuxie_10,liuxie_shipin__liuxie_10__part01,文心雕龍·祝盟,劉勰,34,603,609,此其大較也。,此 其大较 也,此其 大较 也,3,3,1
liuxie_shipin__liuxie_10,liuxie_shipin__liuxie_10__part01,文心雕龍·祝盟,劉勰,35,609,623,班固之祀濛山，祈禱之誠敬也；,班固 之祀 蒙山 祈祷 之 诚敬 也,班固 之祀 蒙山 祈祷 之 诚敬 也,7,7,0
liuxie_shipin__liuxie_10,liuxie_shipin__liuxie_10__part01,文心雕龍·祝盟,劉勰,36,623,637,潘岳之祭庾婦，祭奠之恭哀也；,潘岳 之 祭 庾妇 祭奠 之恭哀 也,潘岳 之 祭 庾妇 祭奠 之恭哀 也,7,7,0
liuxie_shipin__liuxie_10,liuxie_shipin__liuxie_10__part01,文心雕龍·祝盟,劉勰,37,637,648,舉𢑥而求，昭然可鑒矣。,举 𢑥 而求 昭然 可鉴 矣,举 𢑥 而求 昭然 可鉴 矣,6,6,0
liuxie_shipin__liuxie_10,liuxie_shipin__liuxie_10__part01,文心雕龍·祝盟,劉勰,38,650,656,盟者，明也。,盟者 明 也,盟者 明 也,3,3,0
liuxie_shipin__liuxie_10,liuxie_shipin__liuxie_10__part01,文心雕龍·祝盟,劉勰,39,656,682,騂毛白馬，珠盤玉敦，陳辭乎方明之下，祝告於神明者也。,骍 毛 白马 珠盘玉敦 陈辞乎 方明 之下 祝告 于 神明 者 也,骍毛 白马 珠盘玉敦 陈辞 乎 方明 之下 祝告 于 神明 者 也,12,12,1
liuxie_shipin__liuxie_10,liuxie_shipin__liuxie_10__part01,文心雕龍·祝盟,劉勰,40,682,702,在昔三王，詛盟不及，時有要誓，結言而退。,在 昔 三王 诅盟 不及 时有 要 誓 结言 而 退,在 昔 三王 诅盟 不及 时有 要 誓 结言 而 退,11,11,0
liuxie_shipin__liuxie_10,liuxie_shipin__liuxie_10__part01,文心雕龍·祝盟,劉勰,41,702,724,周衰屢盟，以及要契，始之以曹沫，終之以毛遂。,周衰 屡盟 以及 要 契 始之以 曹沫 终之以 毛遂,周衰 屡盟 以及 要 契 始之以 曹沫 终之以 毛遂,9,9,0
liuxie_shipin__liuxie_10,liuxie_shipin__liuxie_10__part01,文心雕龍·祝盟,劉勰,42,724,736,及秦昭盟夷，設黃龍之詛；,及 秦昭盟 夷 设 黄龙 之诅,及 秦昭盟 夷 设 黄龙 之诅,6,6,0
liuxie_shipin__liuxie_10,liuxie_shipin__liuxie_10__part01,文心雕龍·祝盟,劉勰,43,736,747,漢祖建侯，定山河之誓。,汉祖 建侯 定 山河 之誓,汉祖 建侯 定 山河 之誓,5,5,0
liuxie_shipin__liuxie_10,liuxie_shipin__liuxie_10__part01,文心雕龍·祝盟,劉勰,44,747,770,然義存則克終，道廢則渝始，崇替在人，咒何預焉。,然义 存则克终 道 废则渝始 崇替 在 人 咒何 预焉,然义 存则 克终 道 废则渝始 崇替 在 人 咒何 预焉,9,10,1
liuxie_shipin__liuxie_10,liuxie_shipin__liuxie_10__part01,文心雕龍·祝盟,劉勰,45,770,782,若夫臧洪歃辭，氣截雲蜺；,若夫 臧洪 歃辞 气 截云 蜺,若夫 臧洪 歃辞 气 截 云蜺,6,6,1
liuxie_shipin__liuxie_10,liuxie_shipin__liuxie_10__part01,文心雕龍·祝盟,劉勰,46,782,792,劉琨鐵誓，精貫霏霜；,刘琨 铁誓 精贯 霏 霜,刘琨 铁誓 精贯 霏 霜,5,5,0
liuxie_shipin__liuxie_10,liuxie_shipin__liuxie_10__part01,文心雕龍·祝盟,劉勰,47,792,804,而無補於漢晉，反為仇讎。,而 无补 于 汉晋 反为 仇 雠,而 无补 于 汉晋 反 为 仇雠,7,7,1
liuxie_shipin__liuxie_10,liuxie_shipin__liuxie_10__part01,文心雕龍·祝盟,劉勰,48,804,816,故知信不由衷，盟無益也。,故知 信 不 由衷 盟 无益 也,故知 信 不 由衷 盟 无益 也,7,7,0
liuxie_shipin__liuxie_10,liuxie_shipin__liuxie_10__part01,文心雕龍·祝盟,劉勰,49,816,871,夫盟之大體，必序危機，獎忠孝，共存亡，戮心力，祈幽靈以取鑒，指九天以為正，感激以立誠，切至以敷辭，此其所同也。,夫盟 之 大体 必序 危机 奖 忠孝 共存亡 戮 心力 祈 幽灵 以取 鉴 指 九天 以为 正 感激 以立诚 切至 以 敷辞 此其 所同 也,夫盟 之 大体 必序 危机 奖 忠孝 共存亡 戮 心力 祈 幽灵 以 取鉴 指 九天 以为 正 感激 以立诚 切至 以 敷辞 此其 所同 也,26,26,1
liuxie_shipin__liuxie_10,liuxie_shipin__liuxie_10__part01,文心雕龍·祝盟,劉勰,50,871,882,然非辭之難，處辭為難。,然非 辞之难 处辞 为难,然非 辞之难 处辞 为难,4,4,0
liuxie_shipin__liuxie_10,liuxie_shipin__liuxie_10__part01,文心雕龍·祝盟,劉勰,51,882,902,後之君子，宜在殷鑒，忠信可矣，無恃神焉！,后 之 君子 宜在 殷鉴 忠信 可 矣 无恃神 焉,后 之 君子 宜在 殷鉴 忠信 可 矣 无恃神 焉,10,10,0
liuxie_shipin__liuxie_10,liuxie_shipin__liuxie_10__part01,文心雕龍·祝盟,劉勰,52,904,907,贊曰：,赞 曰,赞 曰,2,2,0
liuxie_shipin__liuxie_10,liuxie_shipin__liuxie_10__part01,文心雕龍·祝盟,劉勰,53,909,919,毖祀欽明，祝史惟談。,毖 祀 钦明 祝史 惟谈,毖 祀 钦明 祝史 惟谈,5,5,0
liuxie_shipin__liuxie_10,liuxie_shipin__liuxie_10__part01,文心雕龍·祝盟,劉勰,54,919,929,立誠在肅，脩辭必甘。,立诚 在 肃 修辞 必甘,立诚 在 肃 修辞 必甘,5,5,0
liuxie_shipin__liuxie_10,liuxie_shipin__liuxie_10__part01,文心雕龍·祝盟,劉勰,55,931,951,季代彌飾，絢言朱藍，神之來格，所貴無慚。,季代弥饰 绚言 朱蓝 神之来格 所贵 无惭,季代弥饰 绚言 朱蓝 神 之 来格 所贵 无惭,6,8,1
liuxie_shipin__liuxie_11,liuxie_shipin__liuxie_11__part01,文心雕龍·銘箴,劉勰,0,0,68,昔帝軒刻輿几以弼違，大禹勒筍簴而招諫，成湯盤盂，著日新之規，武王戶席，題必戒之訓，周公慎言於金人，仲尼革容于欹器，則先聖鑒戒，其來久矣。,昔帝 轩刻 舆 几以弼 违 大禹 勒 笋 簴 而 招 谏 成 汤盘 盂 著日 新之规 武王 户席 题 必戒 之训 周公 慎言 于 金人 仲尼 革容于 欹 器 则 先圣 鉴戒 其来 久 矣,昔 帝轩 刻 舆几 以 弼违 大禹 勒 笋 簴 而 招谏 成汤 盘盂 著日 新之规 武王 户席 题 必戒 之训 周公 慎言 于 金人 仲尼 革容于 欹 器 则 先圣 鉴戒 其来 久 矣,36,35,1
liuxie_shipin__liuxie_11,liuxie_shipin__liuxie_11__part01,文心雕龍·銘箴,劉勰,1,70,91,故銘者，名也，觀器必也正名，審用貴乎盛德。,故铭者 名 也 观器 必也正名 审用 贵乎 盛德,故铭者 名 也 观器 必也正名 审用 贵乎 盛德,8,8,0
liuxie_shipin__liuxie_11,liuxie_shipin__liuxie_11__part01,文心雕龍·銘箴,劉勰,2,91,185,蓋臧武仲之論銘也，曰：「天子令德，諸侯計功，大夫稱伐」，夏鑄九牧之金鼎，周勒肅慎之楛矢，令德之事也，呂望銘功於昆吾，仲山鏤績於庸器，計功之義也，魏顆紀勳於景鐘，孔悝表勤於衛鼎，稱伐之類也。,盖 臧 武仲之论铭 也 曰 天子 令德 诸侯 计功 大夫 称伐 夏铸 九牧之金鼎 周勒 肃慎 之 楛 矢 令德之事 也 吕望 铭功于 昆吾 仲山 镂绩 于 庸器 计功 之义 也 魏颗 纪勋 于 景钟 孔悝 表 勤于 卫鼎 称伐 之类 也,盖臧 武仲之论铭 也 曰 天子 令德 诸侯 计功 大夫 称伐 夏铸 九牧之金鼎 周勒 肃慎 之 楛 矢 令德之事 也 吕望 铭功 于 昆 吾 仲山 镂绩 于 庸器 计功 之义 也 魏颗 纪勋 于 景钟 孔悝 表 勤于 卫鼎 称伐 之类 也,41,42,1
liuxie_shipin__liuxie_11,liuxie_shipin__liuxie_11__part01,文心雕龍·銘箴,劉勰,3,187,205,若乃飛廉有石槨之錫，靈公有蒿里之謚。,若 乃 飞廉 有 石椁 之 锡 灵 公有 蒿里 之 谥,若 乃 飞廉 有 石椁 之锡 灵 公有 蒿里 之 谥,12,11,1
liuxie_shipin__liuxie_11,liuxie_shipin__liuxie_11__part01,文心雕龍·銘箴,劉勰,4,205,215,銘發幽石，吁可怪矣！,铭发 幽石 吁 可怪 矣,铭发 幽石 吁 可怪 矣,5,5,0
liuxie_shipin__liuxie_11,liuxie_shipin__liuxie_11__part01,文心雕龍·銘箴,劉勰,5,215,241,趙靈勒跡於番吾，秦昭刻博於華山，夸誕示後，吁可笑也！,赵灵勒迹 于 番 吾 秦昭刻 博 于华山 夸诞 示后 吁 可笑 也,赵灵勒迹 于 番 吾 秦昭刻 博 于华山 夸诞 示后 吁 可笑 也,12,12,0
liuxie_shipin__liuxie_11,liuxie_shipin__liuxie_11__part01,文心雕龍·銘箴,劉勰,6,241,251,詳觀眾例，銘義見矣。,详 观众 例 铭义 见 矣,详 观众 例 铭义 见 矣,6,6,0
liuxie_shipin__liuxie_11,liuxie_shipin__liuxie_11__part01,文心雕龍·銘箴,劉勰,7,253,274,至于始皇勒岳，政暴而文澤，亦有疎通之美焉。,至于 始皇 勒岳 政暴 而 文泽 亦 有 疎 通之美 焉,至于 始皇 勒岳 政暴 而 文泽 亦 有 疎 通之美 焉,11,11,0
liuxie_shipin__liuxie_11,liuxie_shipin__liuxie_11__part01,文心雕龍·銘箴,劉勰,8,274,294,若班固燕然之勒，張昶華陰之碣，序亦盛矣。,若 班固 燕然 之勒 张昶 华阴 之碣 序亦盛 矣,若 班固 燕然 之勒 张昶 华阴 之碣 序亦盛 矣,9,9,0
liuxie_shipin__liuxie_11,liuxie_shipin__liuxie_11__part01,文心雕龍·銘箴,劉勰,9,294,304,蔡邕銘思，獨冠古今。,蔡邕铭思 独冠 古今,蔡邕铭思 独冠 古今,3,3,0
liuxie_shipin__liuxie_11,liuxie_shipin__liuxie_11__part01,文心雕龍·銘箴,劉勰,10,304,314,橋公之鉞，吐納典謨；,桥公之钺 吐纳 典谟,桥公之钺 吐纳 典谟,3,3,0
liuxie_shipin__liuxie_11,liuxie_shipin__liuxie_11__part01,文心雕龍·銘箴,劉勰,11,314,329,朱穆之鼎，全成碑文，溺所長也。,朱穆之 鼎 全成 碑文 溺 所长 也,朱穆之 鼎 全成 碑文 溺 所长 也,7,7,0
liuxie_shipin__liuxie_11,liuxie_shipin__liuxie_11__part01,文心雕龍·銘箴,劉勰,12,331,354,至如敬通雜器，準矱武銘，而事非其物，繁略違中。,至 如敬通 杂器 准 矱 武 铭 而事非 其物 繁略 违中,至 如敬通 杂器 准矱 武铭 而事非 其物 繁略 违中,11,9,1
liuxie_shipin__liuxie_11,liuxie_shipin__liuxie_11__part01,文心雕龍·銘箴,劉勰,13,354,364,崔駰品物，讚多戒少；,崔 骃 品物 赞多 戒少,崔 骃 品物 赞多 戒少,5,5,0
liuxie_shipin__liuxie_11,liuxie_shipin__liuxie_11__part01,文心雕龍·銘箴,劉勰,14,364,374,李尤積篇，義儉辭碎。,李尤积 篇 义俭辞 碎,李尤 积篇 义俭辞 碎,4,4,1
liuxie_shipin__liuxie_11,liuxie_shipin__liuxie_11__part01,文心雕龍·銘箴,劉勰,15,374,386,蓍龜神物，而居博奕之中；,蓍龟 神物 而居 博奕 之中,蓍龟 神物 而居 博奕 之中,5,5,0
liuxie_shipin__liuxie_11,liuxie_shipin__liuxie_11__part01,文心雕龍·銘箴,劉勰,16,386,398,衡斛嘉量，而在臼杵之末；,衡斛 嘉量 而 在 臼杵 之末,衡斛 嘉量 而 在 臼杵 之末,6,6,0
liuxie_shipin__liuxie_11,liuxie_shipin__liuxie_11__part01,文心雕龍·銘箴,劉勰,17,398,413,曾名品之未暇，何事理之能閑哉！,曾 名品 之未暇 何事 理之能 闲哉,曾 名品 之未暇 何事 理之能 闲哉,6,6,0
liuxie_shipin__liuxie_11,liuxie_shipin__liuxie_11__part01,文心雕龍·銘箴,劉勰,18,413,423,魏文九寶，器利辭鈍。,魏文九宝 器利辞 钝,魏文 九宝 器 利辞 钝,3,5,1
liuxie_shipin__liuxie_11,liuxie_shipin__liuxie_11__part01,文心雕龍·銘箴,劉勰,19,423,434,唯張載劍閣，其才清采。,唯 张载 剑阁 其才 清采,唯 张载 剑阁 其才 清采,5,5,0
liuxie_shipin__liuxie_11,liuxie_shipin__liuxie_11__part01,文心雕龍·銘箴,劉勰,20,434,454,迅足駸駸，後發前至，勒銘岷漢，得其宜矣。,迅足 骎 骎 后发 前至 勒铭 岷汉 得 其宜 矣,迅足 骎骎 后发 前至 勒铭 岷汉 得 其宜 矣,10,9,1
liuxie_shipin__liuxie_11,liuxie_shipin__liuxie_11__part01,文心雕龍·銘箴,劉勰,21,456,471,箴者，所以攻疾防患，喻鍼石也。,箴者 所以 攻疾防患 喻针 石 也,箴者 所以 攻疾防患 喻 针石 也,6,6,1
liuxie_shipin__liuxie_11,liuxie_shipin__liuxie_11__part01,文心雕龍·銘箴,劉勰,22,471,481,斯文之興，盛於三代。,斯文 之兴 盛于 三代,斯文 之兴 盛于 三代,4,4,0
liuxie_shipin__liuxie_11,liuxie_shipin__liuxie_11__part01,文心雕龍·銘箴,劉勰,23,481,491,夏商二箴，餘句頗存。,夏商 二 箴 余句 颇 存,夏商 二 箴 余句 颇存,6,5,1
liuxie_shipin__liuxie_11,liuxie_shipin__liuxie_11__part01,文心雕龍·銘箴,劉勰,24,491,515,及周之辛甲，百官箴闕，唯《虞箴》一篇，體義備焉。,及 周之辛甲 百官 箴 阙 唯 虞 箴 一篇 体义备 焉,及 周之辛甲 百官 箴阙 唯 虞 箴 一篇 体义备 焉,11,10,1
liuxie_shipin__liuxie_11,liuxie_shipin__liuxie_11__part01,文心雕龍·銘箴,劉勰,25,517,527,迄至春秋，微而未絕。,迄至 春秋 微而 未绝,迄至 春秋 微而 未绝,4,4,0
liuxie_shipin__liuxie_11,liuxie_shipin__liuxie_11__part01,文心雕龍·銘箴,劉勰,26,527,544,故魏絳諷君於后羿，楚子訓民於在勤。,故魏 绛 讽君于 后羿 楚子 训民于 在 勤,故魏 绛 讽君于 后羿 楚子 训民 于 在 勤,8,9,1
liuxie_shipin__liuxie_11,liuxie_shipin__liuxie_11__part01,文心雕龍·銘箴,劉勰,27,544,587,戰代以來，棄德務功，銘辭代興，箴文委絕，至揚雄稽古，始範《虞箴》，作卿尹州牧二十五篇。,战代 以来 弃德务功 铭辞代兴 箴 文委 绝 至 扬雄 稽古 始范 虞 箴 作卿 尹 州牧 二十五 篇,战代 以来 弃德务功 铭辞 代兴 箴 文委 绝 至 扬雄 稽古 始范 虞 箴 作卿 尹 州牧 二十五 篇,18,19,1
liuxie_shipin__liuxie_11,liuxie_shipin__liuxie_11__part01,文心雕龍·銘箴,劉勰,28,587,629,及崔胡補綴，總稱《百官》，指事配位，鞶鑒可徵，信所謂追清風於前古，攀辛甲於後代者也。,及 崔胡 补缀 总称 百官 指事 配位 鞶 鉴可征 信 所谓 追 清风 于 前古 攀辛甲于 后代 者 也,及 崔胡 补缀 总称 百官 指事 配位 鞶鉴 可征 信 所谓 追 清风 于 前古 攀辛甲于 后代 者 也,19,19,1
liuxie_shipin__liuxie_11,liuxie_shipin__liuxie_11__part01,文心雕龍·銘箴,劉勰,29,631,645,至於潘勖《符節》，要而失淺；,至于 潘勖 符节 要 而 失浅,至于 潘勖 符节 要 而 失浅,6,6,0
liuxie_shipin__liuxie_11,liuxie_shipin__liuxie_11__part01,文心雕龍·銘箴,劉勰,30,645,657,溫嶠《侍臣》，博而患繁；,温峤 侍臣 博而 患繁,温峤 侍臣 博而 患繁,4,4,0
liuxie_shipin__liuxie_11,liuxie_shipin__liuxie_11__part01,文心雕龍·銘箴,劉勰,31,657,669,王濟《國子》，引廣事雜；,王济 国子 引广事杂,王济 国子 引广事杂,3,3,0
liuxie_shipin__liuxie_11,liuxie_shipin__liuxie_11__part01,文心雕龍·銘箴,劉勰,32,669,681,潘尼《乘輿》，義正體蕪；,潘尼 乘舆 义 正体 芜,潘尼 乘舆 义 正体 芜,5,5,0
liuxie_shipin__liuxie_11,liuxie_shipin__liuxie_11__part01,文心雕龍·銘箴,劉勰,33,681,691,凡斯繼作，鮮有克衷。,凡斯继作 鲜有 克衷,凡斯 继作 鲜有 克衷,3,4,1
liuxie_shipin__liuxie_11,liuxie_shipin__liuxie_11__part01,文心雕龍·銘箴,劉勰,34,691,714,至於王朗雜箴，乃置巾履，得其戒慎，而失其所施。,至于 王朗杂 箴 乃置 巾 履 得 其 戒慎 而失 其所施,至于 王朗杂 箴 乃置 巾 履 得 其 戒慎 而失 其所施,11,11,0
liuxie_shipin__liuxie_11,liuxie_shipin__liuxie_11__part01,文心雕龍·銘箴,劉勰,35,714,742,觀其約文舉要，憲章戒銘，而水火井竈，繁辭不已，志有偏也。,观其约 文举 要 宪章 戒铭 而 水火 井灶 繁辞 不已 志有 偏 也,观其约 文举 要 宪章 戒铭 而 水火 井灶 繁辞 不已 志有 偏 也,13,13,0
liuxie_shipin__liuxie_11,liuxie_shipin__liuxie_11__part01,文心雕龍·銘箴,劉勰,36,744,777,夫箴誦於官，銘題於器，名目雖異，而警戒實同，箴全禦過，故文資確切；,夫 箴诵 于 官 铭题 于器 名目 虽异 而 警戒 实同 箴 全御过 故文资 确切,夫 箴诵 于官 铭题 于器 名目 虽异 而 警戒 实同 箴 全御过 故 文资 确切,15,15,1
liuxie_shipin__liuxie_11,liuxie_shipin__liuxie_11__part01,文心雕龍·銘箴,劉勰,37,777,788,銘兼褒賛，故體貴弘潤；,铭 兼 褒 賛 故体 贵弘润,铭 兼 褒 賛 故体 贵 弘润,6,7,1
liuxie_shipin__liuxie_11,liuxie_shipin__liuxie_11__part01,文心雕龍·銘箴,劉勰,38,788,812,其取事也必覈以辨，其摛文也必簡而深，此其大要也。,其取 事 也 必核 以 辨 其 摛 文 也 必 简而深 此 其大要 也,其取 事 也 必核 以 辨 其 摛 文 也 必 简而深 此 其大要 也,15,15,0
liuxie_shipin__liuxie_11,liuxie_shipin__liuxie_11__part01,文心雕龍·銘箴,劉勰,39,812,840,然矢言之道蓋闕，庸器之制久淪，所以箴銘異用，罕施於後代。,然 矢言 之道 盖 阙 庸器 之 制久 沦 所以 箴铭 异用 罕施 于 后代,然 矢言 之道 盖阙 庸器 之 制久 沦 所以 箴铭 异用 罕施 于 后代,15,14,1
liuxie_shipin__liuxie_11,liuxie_shipin__liuxie_11__part01,文心雕龍·銘箴,劉勰,40,840,853,惟秉文君子，宜酌其遠大矣。,惟秉文 君子 宜酌 其 远大 矣,惟秉文 君子 宜酌 其 远大 矣,6,6,0
liuxie_shipin__liuxie_11,liuxie_shipin__liuxie_11__part01,文心雕龍·銘箴,劉勰,41,855,858,贊曰︰,赞 曰,赞 曰,2,2,0
liuxie_shipin__liuxie_11,liuxie_shipin__liuxie_11__part01,文心雕龍·銘箴,劉勰,42,860,870,銘實器表，箴惟德軌。,铭实 器表 箴 惟德轨,铭实 器表 箴 惟德轨,4,4,0
liuxie_shipin__liuxie_11,liuxie_shipin__liuxie_11__part01,文心雕龍·銘箴,劉勰,43,870,880,有佩於言，無鑒於水。,有佩于 言 无 鉴于 水,有佩于 言 无 鉴于 水,5,5,0
liuxie_shipin__liuxie_11,liuxie_shipin__liuxie_11__part01,文心雕龍·銘箴,劉勰,44,882,892,秉茲貞勵，警乎立履。,秉兹贞励 警乎 立履,秉兹贞励 警乎 立履,3,3,0
liuxie_shipin__liuxie_11,liuxie_shipin__liuxie_11__part01,文心雕龍·銘箴,劉勰,45,892,902,義典則弘，文約為美。,义典 则 弘 文约 为 美,义 典则 弘 文约 为 美,6,6,1
liuxie_shipin__liuxie_12,liuxie_shipin__liuxie_12__part01,文心雕龍·誄碑,劉勰,0,0,11,周世盛德，有銘誄之文。,周世 盛德 有铭 诔 之文,周世 盛德 有 铭诔 之文,5,5,1
liuxie_shipin__liuxie_12,liuxie_shipin__liuxie_12__part01,文心雕龍·誄碑,劉勰,1,11,21,大夫之材，臨喪能誄。,大夫 之材 临丧能 诔,大夫 之材 临丧 能 诔,4,5,1
liuxie_shipin__liuxie_12,liuxie_shipin__liuxie_12__part01,文心雕龍·誄碑,劉勰,2,21,27,誄者，累也。,诔 者 累 也,诔 者 累 也,4,4,0
liuxie_shipin__liuxie_12,liuxie_shipin__liuxie_12__part01,文心雕龍·誄碑,劉勰,3,27,38,累其德行，旌之不朽也。,累其 德行 旌 之 不朽 也,累其 德行 旌 之 不朽 也,6,6,0
liuxie_shipin__liuxie_12,liuxie_shipin__liuxie_12__part01,文心雕龍·誄碑,劉勰,4,38,48,夏商以前，其詳靡聞。,夏商 以前 其 详靡闻,夏商 以前 其 详靡闻,4,4,0
liuxie_shipin__liuxie_12,liuxie_shipin__liuxie_12__part01,文心雕龍·誄碑,劉勰,5,48,58,周雖有誄，未被于士。,周 虽 有 诔 未 被 于士,周 虽 有 诔 未 被 于士,7,7,0
liuxie_shipin__liuxie_12,liuxie_shipin__liuxie_12__part01,文心雕龍·誄碑,劉勰,6,58,79,又賤不誄貴，幼不誄長，在萬乘則稱天以誄之。,又 贱 不 诔 贵 幼 不 诔 长 在 万乘 则 称 天以 诔 之,又 贱 不 诔 贵 幼 不 诔 长 在 万乘 则 称 天以 诔 之,16,16,0
liuxie_shipin__liuxie_12,liuxie_shipin__liuxie_12__part01,文心雕龍·誄碑,劉勰,7,79,90,讀誄定謚，其節文大矣。,读 诔 定 谥 其节 文大 矣,读 诔 定 谥 其 节文 大 矣,7,8,1
liuxie_shipin__liuxie_12,liuxie_shipin__liuxie_12__part01,文心雕龍·誄碑,劉勰,8,92,104,自魯莊戰乘丘，始及于士。,自鲁庄战 乘丘 始及 于士,自鲁庄战 乘丘 始及 于士,4,4,0
liuxie_shipin__liuxie_12,liuxie_shipin__liuxie_12__part01,文心雕龍·誄碑,劉勰,9,104,114,逮尼父卒，哀公作誄。,逮尼父 卒 哀公作 诔,逮尼父 卒 哀公作 诔,4,4,0
liuxie_shipin__liuxie_12,liuxie_shipin__liuxie_12__part01,文心雕龍·誄碑,劉勰,10,114,136,觀其憗遺之切，嗚呼之歎，雖非叡作，古式存焉。,观其 憗 遗之切 呜呼 之叹 虽非 叡 作 古式 存焉,观其 憗 遗之切 呜呼 之叹 虽非 叡 作 古式 存焉,10,10,0
liuxie_shipin__liuxie_12,liuxie_shipin__liuxie_12__part01,文心雕龍·誄碑,劉勰,11,136,152,至柳妻之誄惠子，則辭哀而韻長矣。,至柳妻 之 诔 惠子 则 辞哀 而 韵长 矣,至柳妻 之 诔 惠子 则 辞哀 而 韵长 矣,9,9,0
liuxie_shipin__liuxie_12,liuxie_shipin__liuxie_12__part01,文心雕龍·誄碑,劉勰,12,154,159,暨乎漢世。,暨乎 汉世,暨乎 汉世,2,2,0
liuxie_shipin__liuxie_12,liuxie_shipin__liuxie_12__part01,文心雕龍·誄碑,劉勰,13,159,164,承流而作。,承流 而作,承流 而作,2,2,0
liuxie_shipin__liuxie_12,liuxie_shipin__liuxie_12__part01,文心雕龍·誄碑,劉勰,14,164,202,揚雄之誄元后，文實煩穢，沙麓撮其要，而摯疑成篇，安有累德述尊，而闊略四句乎！,扬雄 之 诔 元 后 文实 烦秽 沙麓 撮 其要 而挚 疑成 篇 安有 累德述 尊 而 阔略 四句 乎,扬雄 之 诔 元 后 文实 烦秽 沙麓 撮 其要 而挚 疑成 篇 安有 累德述 尊 而 阔略 四句 乎,20,20,0
liuxie_shipin__liuxie_12,liuxie_shipin__liuxie_12__part01,文心雕龍·誄碑,劉勰,15,202,212,杜篤之誄，有譽前代。,杜笃 之 诔 有誉 前代,杜笃 之 诔 有誉 前代,5,5,0
liuxie_shipin__liuxie_12,liuxie_shipin__liuxie_12__part01,文心雕龍·誄碑,劉勰,16,212,236,吳誄雖工，而他篇頗疎，豈以見稱光武而改盻千金哉！,吴 诔 虽工 而 他 篇 颇 疎 岂以 见称 光武 而 改 盻 千金 哉,吴 诔 虽工 而 他 篇 颇 疎 岂以 见称 光武 而 改 盻 千金 哉,16,16,0
liuxie_shipin__liuxie_12,liuxie_shipin__liuxie_12__part01,文心雕龍·誄碑,劉勰,17,236,274,傅毅所制，文體倫序，孝山崔瑗，辨絜相參，觀其序事如傳，辭靡律調，固誄之才也。,傅毅 所制 文体 伦序 孝山 崔瑗 辨 絜 相参 观其序 事 如传 辞靡 律调 固 诔 之 才 也,傅毅 所制 文体 伦序 孝山 崔瑗 辨 絜 相参 观其序 事 如传 辞靡 律调 固 诔 之 才 也,19,19,0
liuxie_shipin__liuxie_12,liuxie_shipin__liuxie_12__part01,文心雕龍·誄碑,劉勰,18,274,308,潘岳構意，專師孝山，巧於序悲，易入新切，所以隔代相望，能徵厥聲者也。,潘岳 构意 专师 孝山 巧于 序悲 易入 新切 所以 隔代 相望 能征 厥 声者 也,潘岳 构意 专师 孝山 巧于 序悲 易入 新切 所以 隔代 相望 能征 厥 声者 也,15,15,0
liuxie_shipin__liuxie_12,liuxie_shipin__liuxie_12__part01,文心雕龍·誄碑,劉勰,19,310,332,至如崔駰誄趙，劉陶誄黃，並得憲章，工在簡要。,至 如 崔 骃 诔 赵 刘陶 诔 黄 并 得 宪章 工在 简要,至 如 崔 骃 诔 赵 刘陶 诔 黄 并 得 宪章 工在 简要,14,14,0
liuxie_shipin__liuxie_12,liuxie_shipin__liuxie_12__part01,文心雕龍·誄碑,劉勰,20,332,357,陳思叨名而體實繁緩，文皇誄末，旨言自陳，其乖甚矣。,陈思叨名 而 体实 繁缓 文皇 诔 末 旨言自 陈 其乖 甚 矣,陈思 叨名 而 体实 繁缓 文皇 诔 末 旨言 自陈 其乖 甚 矣,12,13,1
liuxie_shipin__liuxie_12,liuxie_shipin__liuxie_12__part01,文心雕龍·誄碑,劉勰,21,357,371,若夫殷臣誄湯，追褒玄鳥之祚；,若夫 殷臣 诔 汤 追褒 玄鸟 之祚,若夫 殷臣 诔 汤 追褒 玄鸟 之祚,7,7,0
liuxie_shipin__liuxie_12,liuxie_shipin__liuxie_12__part01,文心雕龍·誄碑,劉勰,22,371,383,周史歌文，上闡后稷之烈。,周史 歌文 上 阐 后稷 之烈,周史 歌文 上 阐 后稷 之烈,6,6,0
liuxie_shipin__liuxie_12,liuxie_shipin__liuxie_12__part01,文心雕龍·誄碑,劉勰,23,383,395,誄述祖宗，蓋詩人之則也。,诔 述 祖宗 盖 诗人 之则 也,诔 述 祖宗 盖 诗人 之则 也,7,7,0
liuxie_shipin__liuxie_12,liuxie_shipin__liuxie_12__part01,文心雕龍·誄碑,劉勰,24,397,410,至於序述哀情，則觸類而長。,至于 序述 哀情 则 触类而长,至于 序述 哀情 则 触类而长,5,5,0
liuxie_shipin__liuxie_12,liuxie_shipin__liuxie_12__part01,文心雕龍·誄碑,劉勰,25,410,440,傅毅之誄北海，云「白日幽光，雰霧杳冥」，始序致感，遂為後式。,傅毅 之 诔 北海 云 白日 幽光 雰 雾 杳 冥 始序 致感 遂 为 后式,傅毅 之 诔 北海 云 白日 幽光 雰雾 杳冥 始序 致感 遂 为 后式,16,14,1
liuxie_shipin__liuxie_12,liuxie_shipin__liuxie_12__part01,文心雕龍·誄碑,劉勰,26,440,451,景而效者，彌取於工矣。,景而 效者 弥取 于 工矣,景而 效者 弥取 于 工矣,5,5,0
liuxie_shipin__liuxie_12,liuxie_shipin__liuxie_12__part01,文心雕龍·誄碑,劉勰,27,453,478,詳夫誄之為制，蓋選言錄行，傳體而頌文，榮始而哀終。,详夫 诔 之 为制 盖选言 录行 传体 而 颂文 荣始 而 哀终,详夫 诔 之 为制 盖 选言 录行 传体 而 颂文 荣始 而 哀终,12,13,1
liuxie_shipin__liuxie_12,liuxie_shipin__liuxie_12__part01,文心雕龍·誄碑,劉勰,28,478,489,論其人也，曖乎若可覿；,论其人 也 暧乎 若 可 觌,论其人 也 暧乎 若 可 觌,6,6,0
liuxie_shipin__liuxie_12,liuxie_shipin__liuxie_12__part01,文心雕龍·誄碑,劉勰,29,489,500,道其哀也，淒焉如可傷。,道 其哀 也 凄焉 如 可伤,道 其哀 也 凄焉 如 可伤,6,6,0
liuxie_shipin__liuxie_12,liuxie_shipin__liuxie_12__part01,文心雕龍·誄碑,劉勰,30,500,505,此其旨也。,此其旨 也,此其旨 也,2,2,0
liuxie_shipin__liuxie_12,liuxie_shipin__liuxie_12__part01,文心雕龍·誄碑,劉勰,31,507,513,碑者，埤也。,碑者 埤 也,碑者 埤 也,3,3,0
liuxie_shipin__liuxie_12,liuxie_shipin__liuxie_12__part01,文心雕龍·誄碑,劉勰,32,513,533,上古帝皇，紀號封禪，樹石埤岳，故曰碑也。,上古 帝皇 纪号 封禅 树石 埤岳 故曰 碑 也,上古 帝皇 纪号 封禅 树石 埤岳 故曰 碑 也,9,9,0
liuxie_shipin__liuxie_12,liuxie_shipin__liuxie_12__part01,文心雕龍·誄碑,劉勰,33,533,550,周穆紀跡于弇山之石，亦古碑之意也。,周穆纪迹 于 弇 山之石 亦 古碑 之意 也,周穆纪迹 于 弇 山之石 亦 古碑 之意 也,8,8,0
liuxie_shipin__liuxie_12,liuxie_shipin__liuxie_12__part01,文心雕龍·誄碑,劉勰,34,550,603,又宗廟有碑，樹之兩楹，事止麗牲，未勒勳績，而庸器漸缺，故後代用碑，以石代金，同乎不朽，自廟徂墳，猶封基也。,又 宗庙 有碑 树 之 两楹 事止 丽牲 未勒 勋绩 而庸器 渐缺 故 后代 用碑 以石 代金 同乎 不朽 自庙 徂 坟 犹封基 也,又 宗庙 有碑 树 之 两楹 事止 丽牲 未勒 勋绩 而庸器 渐缺 故 后代 用碑 以石 代金 同乎 不朽 自庙 徂 坟 犹封基 也,24,24,0
liuxie_shipin__liuxie_12,liuxie_shipin__liuxie_12__part01,文心雕龍·誄碑,劉勰,35,605,616,自後漢以來，碑碣雲起。,自 后汉 以来 碑碣 云起,自 后汉 以来 碑碣 云起,5,5,0
liuxie_shipin__liuxie_12,liuxie_shipin__liuxie_12__part01,文心雕龍·誄碑,劉勰,36,616,626,才鋒所斷，莫高蔡邕。,才锋 所断 莫高 蔡邕,才锋 所断 莫高 蔡邕,4,4,0
liuxie_shipin__liuxie_12,liuxie_shipin__liuxie_12__part01,文心雕龍·誄碑,劉勰,37,626,647,觀楊賜之碑，骨鯁訓典，陳郭二文，詞無擇言。,观杨赐 之碑 骨鲠 训典 陈 郭二文 词无择 言,观杨赐 之碑 骨鲠 训典 陈 郭二文 词无 择言,8,8,1
liuxie_shipin__liuxie_12,liuxie_shipin__liuxie_12__part01,文心雕龍·誄碑,劉勰,38,647,657,周胡眾碑，莫非清允。,周胡众 碑 莫非 清允,周胡众 碑 莫非 清允,4,4,0
liuxie_shipin__liuxie_12,liuxie_shipin__liuxie_12__part01,文心雕龍·誄碑,劉勰,39,657,673,其敘事也該而要，其綴采也雅而澤。,其 叙事 也 该 而 要 其缀 采 也 雅而泽,其 叙事 也 该 而 要 其缀 采 也 雅而泽,10,10,0
liuxie_shipin__liuxie_12,liuxie_shipin__liuxie_12__part01,文心雕龍·誄碑,劉勰,40,673,687,清詞轉而不窮，巧義出而卓立。,清词 转而 不穷 巧义 出 而 卓立,清词 转而 不穷 巧义 出 而 卓立,7,7,0
liuxie_shipin__liuxie_12,liuxie_shipin__liuxie_12__part01,文心雕龍·誄碑,劉勰,41,687,697,察其為才，自然而至。,察其为 才 自然 而 至,察其为 才 自然 而 至,5,5,0
liuxie_shipin__liuxie_12,liuxie_shipin__liuxie_12__part01,文心雕龍·誄碑,劉勰,42,699,709,孔融所創，有摹伯喈。,孔融 所 创 有 摹伯喈,孔融 所创 有 摹伯喈,5,4,1
liuxie_shipin__liuxie_12,liuxie_shipin__liuxie_12__part01,文心雕龍·誄碑,劉勰,43,709,724,張陳兩文，辨給足采，亦其亞也。,张陈 两文 辨 给 足采 亦 其亚 也,张陈 两文 辨给 足采 亦 其亚 也,8,7,1
liuxie_shipin__liuxie_12,liuxie_shipin__liuxie_12__part01,文心雕龍·誄碑,劉勰,44,724,735,及孫綽為文，志在碑誄；,及 孙绰为 文 志在 碑 诔,及 孙绰为 文 志在 碑诔,6,5,1
liuxie_shipin__liuxie_12,liuxie_shipin__liuxie_12__part01,文心雕龍·誄碑,劉勰,45,735,745,溫王郤庾，辭多枝雜；,温王 郤 庾 辞 多枝 杂,温王 郤 庾 辞多 枝杂,6,5,1
liuxie_shipin__liuxie_12,liuxie_shipin__liuxie_12__part01,文心雕龍·誄碑,劉勰,46,745,755,桓彝一篇，最為辨裁。,桓 彝 一篇 最为 辨裁,桓 彝 一篇 最为 辨裁,5,5,0
liuxie_shipin__liuxie_12,liuxie_shipin__liuxie_12__part01,文心雕龍·誄碑,劉勰,47,757,790,夫屬碑之體，資乎史才，其序則傳，其文則銘，標序盛德，必見清風之華；,夫属 碑 之体 资乎史 才 其序 则 传 其文则铭 标序 盛德 必见 清风 之华,夫属 碑 之体 资乎史 才 其序 则 传 其 文则 铭 标序 盛德 必见 清风 之华,14,16,1
liuxie_shipin__liuxie_12,liuxie_shipin__liuxie_12__part01,文心雕龍·誄碑,劉勰,48,790,802,昭紀鴻懿，必見峻偉之烈；,昭纪鸿懿 必见峻 伟之烈,昭纪 鸿懿 必见 峻伟 之烈,3,5,1
liuxie_shipin__liuxie_12,liuxie_shipin__liuxie_12__part01,文心雕龍·誄碑,劉勰,49,802,808,此碑之制也。,此碑 之制 也,此碑 之制 也,3,3,0
liuxie_shipin__liuxie_12,liuxie_shipin__liuxie_12__part01,文心雕龍·誄碑,劉勰,50,810,831,夫碑實銘器，銘實碑文，因器立名，事先於誄。,夫碑 实铭器 铭实 碑文 因器 立名 事先 于 诔,夫碑 实铭器 铭实 碑文 因器 立名 事先 于 诔,9,9,0
liuxie_shipin__liuxie_12,liuxie_shipin__liuxie_12__part01,文心雕龍·誄碑,劉勰,51,831,844,是以勒石讚勳者，入銘之域；,是 以 勒石 赞勋者 入铭 之域,是 以 勒石 赞勋者 入铭 之域,6,6,0
liuxie_shipin__liuxie_12,liuxie_shipin__liuxie_12__part01,文心雕龍·誄碑,劉勰,52,844,856,樹碑述已者，同誄之區焉。,树碑 述 已者 同 诔 之区 焉,树碑 述 已者 同 诔 之区 焉,7,7,0
liuxie_shipin__liuxie_12,liuxie_shipin__liuxie_12__part01,文心雕龍·誄碑,劉勰,53,858,861,贊曰：,赞 曰,赞 曰,2,2,0
liuxie_shipin__liuxie_12,liuxie_shipin__liuxie_12__part01,文心雕龍·誄碑,劉勰,54,863,873,寫實追虛，碑誄以立。,写实 追虚 碑 诔 以立,写实 追虚 碑诔 以立,5,4,1
liuxie_shipin__liuxie_12,liuxie_shipin__liuxie_12__part01,文心雕龍·誄碑,劉勰,55,873,883,銘德慕行，文采允集。,铭德 慕行 文采 允集,铭德 慕行 文采 允集,4,4,0
liuxie_shipin__liuxie_12,liuxie_shipin__liuxie_12__part01,文心雕龍·誄碑,劉勰,56,885,895,觀風似面，聽辭如泣。,观风 似面 听辞 如泣,观风 似面 听辞 如泣,4,4,0
liuxie_shipin__liuxie_12,liuxie_shipin__liuxie_12__part01,文心雕龍·誄碑,劉勰,57,895,905,石墨鐫華，頹影豈忒。,石墨 镌华 颓影 岂 忒,石墨 镌华 颓影 岂 忒,5,5,0
liuxie_shipin__liuxie_13,liuxie_shipin__liuxie_13__part01,文心雕龍·哀弔,劉勰,0,0,10,賦憲之謚，短折曰哀。,赋宪 之 谥 短折 曰 哀,赋宪 之 谥 短折 曰 哀,6,6,0
liuxie_shipin__liuxie_13,liuxie_shipin__liuxie_13__part01,文心雕龍·哀弔,劉勰,1,10,16,哀者，依也。,哀者 依 也,哀者 依 也,3,3,0
liuxie_shipin__liuxie_13,liuxie_shipin__liuxie_13__part01,文心雕龍·哀弔,劉勰,2,16,26,悲實依心，故曰哀也。,悲实 依心 故曰 哀 也,悲实 依心 故曰 哀 也,5,5,0
liuxie_shipin__liuxie_13,liuxie_shipin__liuxie_13__part01,文心雕龍·哀弔,劉勰,3,26,48,以辭遣哀，蓋下流之悼，故不在黃髮，必施夭昏。,以辞 遣 哀 盖 下流 之悼 故 不 在 黄发 必施 夭昏,以辞 遣 哀 盖 下流 之悼 故 不在 黄发 必施 夭昏,12,11,1
liuxie_shipin__liuxie_13,liuxie_shipin__liuxie_13__part01,文心雕龍·哀弔,劉勰,4,48,80,昔三良殉秦，百夫莫贖，事均夭橫，《黃鳥》賦哀，抑亦詩人之哀辭乎！,昔三良 殉秦 百夫 莫 赎 事均 夭 横 黄鸟 赋哀 抑 亦 诗人 之 哀辞 乎,昔三良 殉秦 百夫 莫 赎 事均 夭横 黄鸟 赋哀 抑 亦 诗人 之 哀辞 乎,16,15,1
liuxie_shipin__liuxie_13,liuxie_shipin__liuxie_13__part01,文心雕龍·哀弔,劉勰,5,82,108,暨漢武封禪，而霍子侯暴亡，帝傷而作詩，亦哀辭之類矣。,暨汉武 封禅 而 霍子 侯暴亡 帝伤 而 作诗 亦 哀辞 之类 矣,暨 汉武 封禅 而 霍子 侯暴亡 帝伤 而 作诗 亦 哀辞 之类 矣,12,13,1
liuxie_shipin__liuxie_13,liuxie_shipin__liuxie_13__part01,文心雕龍·哀弔,劉勰,6,108,126,及後漢汝陽王亡，崔瑗哀辭，始變前式。,及 后汉 汝阳王 亡 崔瑗 哀辞 始变 前式,及 后汉 汝阳王 亡 崔瑗 哀辞 始变 前式,8,8,0
liuxie_shipin__liuxie_13,liuxie_shipin__liuxie_13__part01,文心雕龍·哀弔,劉勰,7,126,137,然履突鬼門，怪而不辭；,然履 突鬼门 怪 而 不辞,然履突 鬼门 怪 而 不辞,5,5,1
liuxie_shipin__liuxie_13,liuxie_shipin__liuxie_13__part01,文心雕龍·哀弔,劉勰,8,137,147,駕龍乘雲，仙而不哀；,驾龙 乘云 仙而 不哀,驾龙 乘云 仙而 不哀,4,4,0
liuxie_shipin__liuxie_13,liuxie_shipin__liuxie_13__part01,文心雕龍·哀弔,劉勰,9,147,166,又卒章五言，頗似歌謠，亦彷彿乎漢武也。,又 卒 章 五言 颇似 歌谣 亦 仿佛 乎 汉武 也,又 卒 章 五言 颇似 歌谣 亦 仿佛 乎 汉武 也,11,11,0
liuxie_shipin__liuxie_13,liuxie_shipin__liuxie_13__part01,文心雕龍·哀弔,劉勰,10,168,192,至于蘇順張升，並述哀文，雖發其精華，而未極心實。,至于 苏顺 张升 并述 哀文 虽发 其 精华 而 未 极 心实,至于 苏顺 张升 并述 哀文 虽发 其 精华 而 未极 心实,12,11,1
liuxie_shipin__liuxie_13,liuxie_shipin__liuxie_13__part01,文心雕龍·哀弔,劉勰,11,192,215,建安哀辭，惟偉長差善，《行女》一篇，時有惻怛。,建安 哀辞 惟伟长 差善 行女 一篇 时有 恻 怛,建安 哀辞 惟 伟长 差善 行女 一篇 时有 恻怛,9,9,1
liuxie_shipin__liuxie_13,liuxie_shipin__liuxie_13__part01,文心雕龍·哀弔,劉勰,12,215,226,及潘岳繼作，實踵其美。,及 潘岳 继作 实踵其美,及 潘岳 继作 实踵其美,4,4,0
liuxie_shipin__liuxie_13,liuxie_shipin__liuxie_13__part01,文心雕龍·哀弔,劉勰,13,226,243,觀其慮善辭變，情洞悲苦，敘事如傳。,观其虑 善 辞变 情洞 悲苦 叙事 如传,观其虑 善辞 变 情洞 悲苦 叙事 如传,7,7,1
liuxie_shipin__liuxie_13,liuxie_shipin__liuxie_13__part01,文心雕龍·哀弔,劉勰,14,243,258,結言摹詩，促節四言，鮮有緩句；,结言 摹 诗 促节 四言 鲜有 缓句,结言 摹 诗 促节 四言 鲜有 缓句,7,7,0
liuxie_shipin__liuxie_13,liuxie_shipin__liuxie_13__part01,文心雕龍·哀弔,劉勰,15,258,287,故能義直而文婉，體舊而趣新，《金鹿》《澤蘭》，莫之或繼也。,故能义 直 而 文婉 体旧 而趣 新 金鹿 泽兰 莫 之 或 继 也,故能义 直 而 文婉 体旧 而趣 新 金鹿 泽兰 莫 之 或 继 也,14,14,0
liuxie_shipin__liuxie_13,liuxie_shipin__liuxie_13__part01,文心雕龍·哀弔,劉勰,16,289,309,原夫哀辭大體，情主於痛傷，而辭窮乎愛惜。,原夫 哀辞 大体 情主于 痛伤 而辞 穷乎 爱惜,原夫 哀辞 大体 情主于 痛伤 而 辞穷 乎 爱惜,8,9,1
liuxie_shipin__liuxie_13,liuxie_shipin__liuxie_13__part01,文心雕龍·哀弔,劉勰,17,309,321,幼未成德，故譽止於察惠；,幼未 成德 故誉止 于察惠,幼未 成德 故誉止 于察惠,4,4,0
liuxie_shipin__liuxie_13,liuxie_shipin__liuxie_13__part01,文心雕龍·哀弔,劉勰,18,321,333,弱不勝務，故悼加乎膚色。,弱 不胜 务 故悼加乎 肤色,弱 不胜 务 故悼加乎 肤色,5,5,0
liuxie_shipin__liuxie_13,liuxie_shipin__liuxie_13__part01,文心雕龍·哀弔,劉勰,19,333,351,隱心而結文則事愜，觀文而屬心則體奢。,隐心 而 结文则 事 惬 观文 而 属 心则 体奢,隐心 而结 文则 事 惬 观文 而 属心 则 体奢,10,10,1
liuxie_shipin__liuxie_13,liuxie_shipin__liuxie_13__part01,文心雕龍·哀弔,劉勰,20,351,362,奢體為辭，則雖麗不哀；,奢体 为 辞 则 虽丽不哀,奢体 为 辞 则 虽丽不哀,5,5,0
liuxie_shipin__liuxie_13,liuxie_shipin__liuxie_13__part01,文心雕龍·哀弔,劉勰,21,362,379,必使情往會悲，文來引泣，乃其貴耳。,必使 情往 会 悲 文来 引泣 乃 其贵 耳,必使 情往 会 悲 文来 引泣 乃 其 贵耳,9,9,1
liuxie_shipin__liuxie_13,liuxie_shipin__liuxie_13__part01,文心雕龍·哀弔,劉勰,22,381,387,弔者，至也。,吊者 至 也,吊者 至 也,3,3,0
liuxie_shipin__liuxie_13,liuxie_shipin__liuxie_13__part01,文心雕龍·哀弔,劉勰,23,387,392,《詩》云：,诗 云,诗 云,2,2,0
liuxie_shipin__liuxie_13,liuxie_shipin__liuxie_13__part01,文心雕龍·哀弔,劉勰,24,396,402,，言神至也。,言神 至 也,言神 至 也,3,3,0
liuxie_shipin__liuxie_13,liuxie_shipin__liuxie_13__part01,文心雕龍·哀弔,劉勰,25,402,427,君子令終定謚，事極理哀，故賓之慰主，以至到為言也。,君子 令 终定 谥 事极理 哀 故宾 之 慰主 以至 到 为 言 也,君子 令终 定 谥 事极 理哀 故宾 之 慰主 以至 到 为言 也,14,13,1
liuxie_shipin__liuxie_13,liuxie_shipin__liuxie_13__part01,文心雕龍·哀弔,劉勰,26,427,438,壓溺乖道，所以不弔矣。,压溺 乖道 所以 不吊 矣,压溺 乖道 所以 不吊 矣,5,5,0
liuxie_shipin__liuxie_13,liuxie_shipin__liuxie_13__part01,文心雕龍·哀弔,劉勰,27,438,459,又宋水鄭火，行人奉辭，國災民亡，故同弔也。,又 宋水 郑火 行人 奉辞 国 灾民 亡 故同 吊 也,又 宋水 郑火 行人 奉辞 国 灾民 亡 故同 吊 也,11,11,0
liuxie_shipin__liuxie_13,liuxie_shipin__liuxie_13__part01,文心雕龍·哀弔,劉勰,28,461,492,及晉築虒臺，齊襲燕城，史趙蘇秦，翻賀為弔，虐民搆敵，亦亡之道。,及晋 筑 虒 台 齐袭 燕城 史 赵 苏秦 翻贺 为 吊 虐 民 搆 敌 亦 亡 之 道,及 晋筑 虒台 齐袭 燕城 史 赵 苏秦 翻贺为吊 虐 民 搆 敌 亦 亡 之 道,20,17,1
liuxie_shipin__liuxie_13,liuxie_shipin__liuxie_13__part01,文心雕龍·哀弔,劉勰,29,492,503,凡斯之例，弔之所設也。,凡斯之例 吊之所设 也,凡斯之例 吊之所设 也,3,3,0
liuxie_shipin__liuxie_13,liuxie_shipin__liuxie_13__part01,文心雕龍·哀弔,劉勰,30,505,543,或驕貴以殞身，或狷忿以乖道，或有志而無時，或美才而兼累，追而慰之，並名為弔。,或 骄贵以 殒身 或 狷 忿 以 乖道 或 有志 而 无时 或 美才 而 兼累 追而慰 之 并 名为 吊,或 骄贵 以 殒身 或 狷 忿 以 乖道 或 有志 而 无时 或 美才 而 兼累 追而慰 之 并 名为 吊,21,22,1
liuxie_shipin__liuxie_13,liuxie_shipin__liuxie_13__part01,文心雕龍·哀弔,劉勰,31,545,588,自賈誼浮湘，發憤弔屈，體同而事覈，辭清而理哀，蓋首出之作也，及相如之弔二世，全為賦體；,自 贾谊 浮湘 发愤 吊屈 体同 而 事核 辞清 而 理哀 盖 首出 之作 也 及 相如 之 吊 二世 全为 赋体,自 贾谊 浮湘 发愤 吊屈 体同 而 事核 辞清 而 理哀 盖 首出 之作 也 及 相如 之 吊 二世 全为 赋体,22,22,0
liuxie_shipin__liuxie_13,liuxie_shipin__liuxie_13__part01,文心雕龍·哀弔,劉勰,32,588,602,桓譚以為其言惻愴，讀者歎息。,桓谭 以为 其言 恻怆 读者 叹息,桓谭 以为 其 言 恻怆 读者 叹息,6,7,1
liuxie_shipin__liuxie_13,liuxie_shipin__liuxie_13__part01,文心雕龍·哀弔,劉勰,33,602,614,及平章要切，斷而能悲也。,及平章 要切 断 而 能 悲 也,及平章 要切 断 而 能 悲 也,7,7,0
liuxie_shipin__liuxie_13,liuxie_shipin__liuxie_13__part01,文心雕龍·哀弔,劉勰,34,614,635,揚雄弔屈，思積功寡，意深文略，故辭韻沈膇。,扬雄 吊屈 思积 功寡 意深 文略 故辞 韵 沈 膇,扬雄 吊屈 思 积功 寡 意深 文略 故辞 韵 沈 膇,10,11,1
liuxie_shipin__liuxie_13,liuxie_shipin__liuxie_13__part01,文心雕龍·哀弔,劉勰,35,635,658,班彪蔡邕，並敏于致語，然影附賈氏，難為並驅耳。,班彪 蔡邕 并敏于 致语 然影 附 贾氏 难为 并 驱耳,班彪 蔡邕 并敏于 致语 然影 附 贾氏 难为 并驱 耳,10,10,1
liuxie_shipin__liuxie_13,liuxie_shipin__liuxie_13__part01,文心雕龍·哀弔,劉勰,36,660,682,胡阮之弔夷齊，褒而無聞，仲宣所制，譏呵實工。,胡阮 之 吊夷齐 褒而 无闻 仲宣所制 讥呵 实工,胡 阮之吊 夷齐 褒而 无闻 仲宣所制 讥呵 实工,8,8,1
liuxie_shipin__liuxie_13,liuxie_shipin__liuxie_13__part01,文心雕龍·哀弔,劉勰,37,682,700,然則胡阮嘉其清，王子傷其隘，各志也。,然则 胡 阮嘉其清 王子 伤其隘 各志 也,然则 胡 阮嘉其清 王子 伤其隘 各志 也,7,7,0
liuxie_shipin__liuxie_13,liuxie_shipin__liuxie_13__part01,文心雕龍·哀弔,劉勰,38,700,713,彌衡之弔平子，縟麗而輕清；,弥衡 之 吊平子 缛丽 而 轻清,弥衡 之 吊 平子 缛丽 而 轻清,6,7,1
liuxie_shipin__liuxie_13,liuxie_shipin__liuxie_13__part01,文心雕龍·哀弔,劉勰,39,713,726,陸機之弔魏武，序巧而文繁。,陆机 之吊 魏武 序巧 而 文繁,陆机 之吊 魏武 序巧 而 文繁,6,6,0
liuxie_shipin__liuxie_13,liuxie_shipin__liuxie_13__part01,文心雕龍·哀弔,劉勰,40,726,738,降斯以下，未有可稱者也。,降斯 以下 未有 可称 者 也,降斯 以下 未有 可称 者 也,6,6,0
liuxie_shipin__liuxie_13,liuxie_shipin__liuxie_13__part01,文心雕龍·哀弔,劉勰,41,740,752,夫弔雖古義，而華辭末造；,夫吊 虽 古义 而 华辞 末造,夫吊 虽 古义 而 华辞 末造,6,6,0
liuxie_shipin__liuxie_13,liuxie_shipin__liuxie_13__part01,文心雕龍·哀弔,劉勰,42,752,763,華過韻緩，則化而為賦。,华过 韵缓 则 化 而 为 赋,华过 韵缓 则 化 而 为 赋,7,7,0
liuxie_shipin__liuxie_13,liuxie_shipin__liuxie_13__part01,文心雕龍·哀弔,劉勰,43,763,793,固宜正義以繩理，昭德而塞違，割析褒貶，哀而有正，則無奪倫矣。,固宜 正义 以绳理 昭德而塞违 割析 褒贬 哀而 有 正 则 无夺伦 矣,固宜 正义 以绳理 昭德而塞违 割析 褒贬 哀而 有 正 则 无 夺伦 矣,12,13,1
liuxie_shipin__liuxie_13,liuxie_shipin__liuxie_13__part01,文心雕龍·哀弔,劉勰,44,795,798,贊曰：,赞 曰,赞 曰,2,2,0
liuxie_shipin__liuxie_13,liuxie_shipin__liuxie_13__part01,文心雕龍·哀弔,劉勰,45,800,810,辭定所一，在彼弱弄。,辞定 所 一 在 彼弱 弄,辞定 所 一 在 彼弱 弄,6,6,0
liuxie_shipin__liuxie_13,liuxie_shipin__liuxie_13__part01,文心雕龍·哀弔,劉勰,46,810,820,苗而不秀，自古斯慟。,苗而不秀 自古 斯恸,苗而不秀 自古 斯恸,3,3,0
liuxie_shipin__liuxie_13,liuxie_shipin__liuxie_13__part01,文心雕龍·哀弔,劉勰,47,822,832,雖有通才，迷方失控。,虽 有 通才 迷方 失控,虽 有 通才 迷方 失控,5,5,0
liuxie_shipin__liuxie_13,liuxie_shipin__liuxie_13__part01,文心雕龍·哀弔,劉勰,48,832,842,千載可傷，寓言以送。,千载 可伤 寓言 以送,千载 可伤 寓言 以送,4,4,0
liuxie_shipin__liuxie_14,liuxie_shipin__liuxie_14__part01,文心雕龍·雜文,劉勰,0,0,20,智術之子，博雅之人，藻溢於辭，辭盈乎氣。,智术 之子 博雅 之 人 藻溢于 辞 辞盈乎 气,智术 之子 博雅 之 人 藻溢于 辞 辞盈乎 气,9,9,0
liuxie_shipin__liuxie_14,liuxie_shipin__liuxie_14__part01,文心雕龍·雜文,劉勰,1,20,31,苑囿文情，故日新殊致。,苑囿 文情 故日 新殊致,苑囿 文情 故日 新殊致,4,4,0
liuxie_shipin__liuxie_14,liuxie_shipin__liuxie_14__part01,文心雕龍·雜文,劉勰,2,33,63,宋玉含才，頗亦負俗，始造對問，以申其志，放懷寥廓，氣實使文。,宋玉含 才 颇 亦 负俗 始造 对 问 以申 其志 放怀 寥廓 气 实使 文,宋玉含 才 颇 亦 负俗 始造 对问 以申 其志 放怀 寥廓 气 实使 文,15,14,1
liuxie_shipin__liuxie_14,liuxie_shipin__liuxie_14__part01,文心雕龍·雜文,劉勰,3,63,86,及枚乘摛豔，首製《七發》，腴辭雲搆，夸麗風駭。,及 枚 乘 摛 艳 首制 七发 腴 辞 云 搆 夸丽风 骇,及 枚 乘 摛艳 首制 七发 腴辞 云 搆 夸丽 风骇,13,11,1
liuxie_shipin__liuxie_14,liuxie_shipin__liuxie_14__part01,文心雕龍·雜文,劉勰,4,86,111,蓋七竅所發，發乎嗜欲，始邪末正，所以戒膏粱之子也。,盖 七窍 所 发 发乎 嗜欲 始邪 末 正 所以 戒 膏粱 之子 也,盖 七窍 所 发 发乎 嗜欲 始邪 末 正 所以 戒 膏粱 之子 也,14,14,0
liuxie_shipin__liuxie_14,liuxie_shipin__liuxie_14__part01,文心雕龍·雜文,劉勰,5,111,142,揚雄覃思文閣，業深綜述，碎文璅語，肇為連珠，其辭雖小而明潤矣。,扬雄 覃思 文阁 业深 综述 碎 文 璅 语 肇为 连珠 其辞 虽小而 明润 矣,扬雄 覃思 文阁 业深 综述 碎 文 璅 语 肇为 连珠 其辞 虽小而 明润 矣,15,15,0
liuxie_shipin__liuxie_14,liuxie_shipin__liuxie_14__part01,文心雕龍·雜文,劉勰,6,142,160,凡此三者，文章之枝派，暇豫之末造也。,凡 此 三者 文章 之枝 派 暇 豫 之末造 也,凡此 三者 文章 之枝 派 暇 豫 之末造 也,10,9,1
liuxie_shipin__liuxie_14,liuxie_shipin__liuxie_14__part01,文心雕龍·雜文,劉勰,7,162,183,自對問以後，東方朔效而廣之，名為「客難」。,自对 问 以后 东方朔 效而广 之 名为 客难,自 对问 以后 东方朔 效而广 之 名为 客难,8,8,1
liuxie_shipin__liuxie_14,liuxie_shipin__liuxie_14__part01,文心雕龍·雜文,劉勰,8,183,193,託古慰志，疎而有辨。,托古慰 志 疎 而 有 辨,托古慰 志 疎 而 有 辨,6,6,0
liuxie_shipin__liuxie_14,liuxie_shipin__liuxie_14__part01,文心雕龍·雜文,劉勰,9,193,215,揚雄《解嘲》，雜以諧謔，迴環自釋，頗亦為工。,扬雄 解嘲 杂以 谐谑 回环 自释 颇 亦 为工,扬雄 解嘲 杂以 谐谑 回环 自释 颇 亦 为工,9,9,0
liuxie_shipin__liuxie_14,liuxie_shipin__liuxie_14__part01,文心雕龍·雜文,劉勰,10,215,228,班固《賓戲》，含懿采之華；,班固 宾戏 含懿 采之华,班固 宾戏 含懿 采之华,4,4,0
liuxie_shipin__liuxie_14,liuxie_shipin__liuxie_14__part01,文心雕龍·雜文,劉勰,11,228,241,崔駰《達旨》，吐典言之裁；,崔 骃 达旨 吐典言 之裁,崔 骃 达旨 吐典言 之裁,5,5,0
liuxie_shipin__liuxie_14,liuxie_shipin__liuxie_14__part01,文心雕龍·雜文,劉勰,12,241,253,張衡《應間》，密而兼雅；,张衡 应间 密而 兼雅,张衡 应间 密而 兼雅,4,4,0
liuxie_shipin__liuxie_14,liuxie_shipin__liuxie_14__part01,文心雕龍·雜文,劉勰,13,253,265,崔實《客譏》，整而微質；,崔实 客讥 整而 微质,崔实 客讥 整而 微质,4,4,0
liuxie_shipin__liuxie_14,liuxie_shipin__liuxie_14__part01,文心雕龍·雜文,劉勰,14,265,278,蔡邕《釋誨》，體奧而文炳；,蔡邕 释诲 体奥 而 文炳,蔡邕 释诲 体奥 而 文炳,5,5,0
liuxie_shipin__liuxie_14,liuxie_shipin__liuxie_14__part01,文心雕龍·雜文,劉勰,15,278,291,景純《客傲》，情見而采蔚；,景纯 客傲 情见 而 采蔚,景纯 客傲 情见 而 采蔚,5,5,0
liuxie_shipin__liuxie_14,liuxie_shipin__liuxie_14__part01,文心雕龍·雜文,劉勰,16,291,305,雖迭相祖述，然屬篇之高者也。,虽迭 相 祖述 然属 篇 之 高者 也,虽迭 相 祖述 然 属篇 之 高者 也,8,8,1
liuxie_shipin__liuxie_14,liuxie_shipin__liuxie_14__part01,文心雕龍·雜文,劉勰,17,307,322,至於陳思《客問》，辭高而理疎；,至于 陈思 客问 辞高而理 疎,至于 陈思 客问 辞高而理 疎,5,5,0
liuxie_shipin__liuxie_14,liuxie_shipin__liuxie_14__part01,文心雕龍·雜文,劉勰,18,322,335,庾敳《客咨》，意榮而文悴。,庾 敳 客 咨 意荣 而 文悴,庾 敳 客 咨 意荣 而 文悴,7,7,0
liuxie_shipin__liuxie_14,liuxie_shipin__liuxie_14__part01,文心雕龍·雜文,劉勰,19,335,345,斯類甚眾，無所取矣。,斯类 甚众 无所取 矣,斯类 甚众 无所 取 矣,4,5,1
liuxie_shipin__liuxie_14,liuxie_shipin__liuxie_14__part01,文心雕龍·雜文,劉勰,20,345,358,原茲文之設，迺發憤以表志。,原兹文 之设 迺 发愤 以表志,原兹文 之设 迺 发愤 以表志,5,5,0
liuxie_shipin__liuxie_14,liuxie_shipin__liuxie_14__part01,文心雕龍·雜文,劉勰,21,358,392,身挫憑乎道勝，時屯寄於情泰，莫不淵岳其心，麟鳳其采，此立本之大要也。,身挫 凭乎 道 胜 时屯 寄于 情泰 莫不 渊岳 其心 麟凤 其采 此立本 之大要 也,身挫 凭乎 道 胜 时屯 寄于 情泰 莫不 渊岳 其心 麟凤 其采 此立本 之大要 也,15,15,0
liuxie_shipin__liuxie_14,liuxie_shipin__liuxie_14__part01,文心雕龍·雜文,劉勰,22,394,407,自《七發》以下，作者繼踵。,自 七发 以下 作者 继踵,自 七发 以下 作者 继踵,5,5,0
liuxie_shipin__liuxie_14,liuxie_shipin__liuxie_14__part01,文心雕龍·雜文,劉勰,23,407,421,觀枚氏首唱，信獨拔而偉麗矣。,观枚 氏 首唱 信独拔 而伟丽 矣,观枚 氏 首唱 信 独拔 而 伟丽 矣,6,8,1
liuxie_shipin__liuxie_14,liuxie_shipin__liuxie_14__part01,文心雕龍·雜文,劉勰,24,421,435,及傅毅《七激》，會清要之工；,及 傅毅 七激 会清要 之工,及 傅毅 七激 会清要 之工,5,5,0
liuxie_shipin__liuxie_14,liuxie_shipin__liuxie_14__part01,文心雕龍·雜文,劉勰,25,435,448,崔駰《七依》，入博雅之巧；,崔 骃 七依 入 博雅 之巧,崔 骃 七依 入 博雅 之巧,6,6,0
liuxie_shipin__liuxie_14,liuxie_shipin__liuxie_14__part01,文心雕龍·雜文,劉勰,26,448,460,張衡《七辨》，結采綿靡；,张衡 七辨 结采 绵靡,张衡 七辨 结采 绵靡,4,4,0
liuxie_shipin__liuxie_14,liuxie_shipin__liuxie_14__part01,文心雕龍·雜文,劉勰,27,460,472,崔瑗《七厲》，植義純正；,崔瑗 七厉 植义 纯正,崔瑗 七厉 植义 纯正,4,4,0
liuxie_shipin__liuxie_14,liuxie_shipin__liuxie_14__part01,文心雕龍·雜文,劉勰,28,472,485,陳思《七啟》，取美於宏壯；,陈思 七启 取美于 宏壮,陈思 七启 取美于 宏壮,4,4,0
liuxie_shipin__liuxie_14,liuxie_shipin__liuxie_14__part01,文心雕龍·雜文,劉勰,29,485,498,仲宣《七釋》，致辨於事理。,仲宣 七释 致辨于 事理,仲宣 七释 致辨于 事理,4,4,0
liuxie_shipin__liuxie_14,liuxie_shipin__liuxie_14__part01,文心雕龍·雜文,劉勰,30,500,529,自桓麟《七說》以下，左思《七諷》以上，枝附影從，十有餘家。,自桓麟 七说 以下 左思 七讽 以上 枝附影从 十有 余家,自桓麟 七说 以下 左思 七讽 以上 枝附影从 十有 余家,9,9,0
liuxie_shipin__liuxie_14,liuxie_shipin__liuxie_14__part01,文心雕龍·雜文,劉勰,31,529,543,或文麗而義暌，或理粹而辭駁。,或 文丽而义 暌 或理粹 而 辞驳,或 文丽 而义 暌 或理粹 而 辞驳,6,7,1
liuxie_shipin__liuxie_14,liuxie_shipin__liuxie_14__part01,文心雕龍·雜文,劉勰,32,543,562,觀其大抵所歸，莫不高談宮館，壯語畋獵。,观其 大抵 所归 莫不 高谈 宫馆 壮语 畋猎,观其 大抵 所归 莫不 高谈 宫馆 壮语 畋猎,8,8,0
liuxie_shipin__liuxie_14,liuxie_shipin__liuxie_14__part01,文心雕龍·雜文,劉勰,33,562,576,窮瓌奇之服饌，極蠱媚之聲色。,穷 瓌 奇之服 馔 极 蛊媚 之 声色,穷 瓌 奇 之 服馔 极 蛊媚 之 声色,8,9,1
liuxie_shipin__liuxie_14,liuxie_shipin__liuxie_14__part01,文心雕龍·雜文,劉勰,34,576,602,甘意搖骨體，豔詞動魂識，雖始之以淫侈，而終之以居正。,甘意 摇骨体 艳词 动魂识 虽始 之 以 淫侈 而 终之以 居正,甘意 摇 骨体 艳词 动 魂识 虽始 之 以 淫侈 而 终之以 居正,11,13,1
liuxie_shipin__liuxie_14,liuxie_shipin__liuxie_14__part01,文心雕龍·雜文,劉勰,35,602,613,然諷一勸百，勢不自反。,然 讽一劝百 势 不 自反,然 讽一劝百 势 不 自反,5,5,0
liuxie_shipin__liuxie_14,liuxie_shipin__liuxie_14__part01,文心雕龍·雜文,劉勰,36,613,632,子雲所謂先騁鄭衛之聲，曲終而奏雅者也。,子云 所谓 先骋 郑卫之声 曲终 而 奏雅者 也,子云 所谓 先骋 郑卫 之声 曲终 而 奏雅者 也,8,9,1
liuxie_shipin__liuxie_14,liuxie_shipin__liuxie_14__part01,文心雕龍·雜文,劉勰,37,632,658,唯《七厲》敘賢，歸以儒道，雖文非拔群，而意實卓爾矣。,唯 七厉 叙贤 归以 儒道 虽文非 拔群 而意 实卓尔 矣,唯 七厉 叙贤 归以 儒道 虽文非 拔群 而 意实 卓尔 矣,10,11,1
liuxie_shipin__liuxie_14,liuxie_shipin__liuxie_14__part01,文心雕龍·雜文,劉勰,38,660,673,自《連珠》以下，擬者間出。,自 连珠 以下 拟者 间 出,自 连珠 以下 拟者 间 出,6,6,0
liuxie_shipin__liuxie_14,liuxie_shipin__liuxie_14__part01,文心雕龍·雜文,劉勰,39,673,697,杜篤賈逵之曹，劉珍潘勖之輩，欲穿明珠，多貫魚目。,杜笃 贾逵 之 曹 刘珍 潘勖 之辈 欲 穿 明珠 多贯 鱼目,杜笃 贾逵 之 曹 刘珍 潘勖 之辈 欲 穿 明珠 多贯 鱼目,12,12,0
liuxie_shipin__liuxie_14,liuxie_shipin__liuxie_14__part01,文心雕龍·雜文,劉勰,40,697,724,可謂壽陵匍匐，非復邯鄲之步，里醜捧心，不關西施之嚬矣。,可谓 寿陵匍匐 非复 邯郸 之步 里丑捧心 不 关 西施 之 嚬 矣,可谓 寿陵匍匐 非复 邯郸 之步 里丑捧心 不关 西施 之 嚬 矣,12,11,1
liuxie_shipin__liuxie_14,liuxie_shipin__liuxie_14__part01,文心雕龍·雜文,劉勰,41,726,748,唯士衡運思，理新文敏，而裁章置句，廣於舊篇。,唯士衡 运思 理新文敏 而 裁章 置 句 广于 旧篇,唯士衡 运思 理新文敏 而 裁章 置 句 广于 旧篇,9,9,0
liuxie_shipin__liuxie_14,liuxie_shipin__liuxie_14__part01,文心雕龍·雜文,劉勰,42,748,758,豈慕朱仲四寸之璫乎！,岂慕 朱仲 四寸 之 珰 乎,岂慕 朱仲 四寸 之 珰 乎,6,6,0
liuxie_shipin__liuxie_14,liuxie_shipin__liuxie_14__part01,文心雕龍·雜文,劉勰,43,758,769,夫文小易周，思閑可贍。,夫文小易 周 思闲 可 赡,夫文小易 周 思 闲可 赡,5,5,1
liuxie_shipin__liuxie_14,liuxie_shipin__liuxie_14__part01,文心雕龍·雜文,劉勰,44,769,793,足使義明而詞淨，事圓而音澤，磊磊自轉，可稱珠耳。,足 使义明 而 词净 事圆 而 音泽 磊磊 自转 可称 珠耳,足 使义明 而 词净 事圆 而 音泽 磊磊 自转 可称 珠耳,11,11,0
liuxie_shipin__liuxie_14,liuxie_shipin__liuxie_14__part01,文心雕龍·雜文,劉勰,45,795,807,詳夫漢來雜文，名號多品。,详夫汉来 杂文 名号 多品,详夫汉来 杂文 名号 多品,4,4,0
liuxie_shipin__liuxie_14,liuxie_shipin__liuxie_14__part01,文心雕龍·雜文,劉勰,46,807,843,或典誥誓問，或覽略篇章，或曲操弄引，或吟諷謠詠，總括其名，並歸雜文之區；,或典 诰 誓 问 或览略 篇章 或曲 操弄 引 或吟 讽谣 咏 总括 其名 并 归 杂文 之区,或典 诰誓 问 或览略 篇章 或曲 操弄 引 或 吟讽 谣咏 总括 其名 并 归 杂文 之区,18,17,1
liuxie_shipin__liuxie_14,liuxie_shipin__liuxie_14__part01,文心雕龍·雜文,劉勰,47,843,855,甄別其義，各入討論之域；,甄别 其义 各入 讨论 之域,甄别 其义 各入 讨论 之域,5,5,0
liuxie_shipin__liuxie_14,liuxie_shipin__liuxie_14__part01,文心雕龍·雜文,劉勰,48,855,865,類聚有貫，故不曲述。,类聚 有贯 故不曲述,类聚 有贯 故不曲述,3,3,0
liuxie_shipin__liuxie_14,liuxie_shipin__liuxie_14__part01,文心雕龍·雜文,劉勰,49,867,870,贊曰：,赞 曰,赞 曰,2,2,0
liuxie_shipin__liuxie_14,liuxie_shipin__liuxie_14__part01,文心雕龍·雜文,劉勰,50,872,882,偉矣前修，學堅多飽。,伟矣 前修 学坚 多 饱,伟矣 前修 学坚 多 饱,5,5,0
liuxie_shipin__liuxie_14,liuxie_shipin__liuxie_14__part01,文心雕龍·雜文,劉勰,51,882,892,負文餘力，飛靡弄巧。,负文 余力 飞靡 弄 巧,负文 余力 飞靡 弄 巧,5,5,0
liuxie_shipin__liuxie_14,liuxie_shipin__liuxie_14__part01,文心雕龍·雜文,劉勰,52,894,904,枝辭攢映，嚖若參昴。,枝辞 攒映 嚖 若 参 昴,枝辞 攒映 嚖 若 参昴,6,5,1
liuxie_shipin__liuxie_14,liuxie_shipin__liuxie_14__part01,文心雕龍·雜文,劉勰,53,904,914,慕嚬之心，於焉祇攪。,慕 嚬 之心 于焉 祇 搅,慕 嚬 之心 于焉 祇 搅,6,6,0
liuxie_shipin__liuxie_15,liuxie_shipin__liuxie_15__part01,文心雕龍·諧讔,劉勰,0,0,7,芮良夫之詩云：,芮良夫 之 诗云,芮良夫 之 诗云,3,3,0
liuxie_shipin__liuxie_15,liuxie_shipin__liuxie_15__part01,文心雕龍·諧讔,劉勰,1,16,17,。,,,0,0,0
liuxie_shipin__liuxie_15,liuxie_shipin__liuxie_15__part01,文心雕龍·諧讔,劉勰,2,17,42,夫心險如山，口壅若川，怨怒之情不一，歡謔之言無方。,夫心险 如山 口壅若川 怨怒 之情 不 一 欢谑 之言 无方,夫心险 如山 口壅若川 怨怒 之情 不 一 欢谑 之 言 无方,10,11,1
liuxie_shipin__liuxie_15,liuxie_shipin__liuxie_15__part01,文心雕龍·諧讔,劉勰,3,42,56,昔華元棄甲，城者發睅目之謳；,昔华元 弃甲 城者 发 睅 目 之 讴,昔 华元 弃甲 城者 发 睅 目 之 讴,8,9,1
liuxie_shipin__liuxie_15,liuxie_shipin__liuxie_15__part01,文心雕龍·諧讔,劉勰,4,56,69,臧紇喪師，國人造侏儒之歌；,臧纥 丧师 国 人造 侏儒 之歌,臧纥 丧师 国 人造 侏儒 之歌,6,6,0
liuxie_shipin__liuxie_15,liuxie_shipin__liuxie_15__part01,文心雕龍·諧讔,劉勰,5,69,81,並嗤戲形貌，內怨為俳也；,并 嗤 戏 形貌 内怨 为 俳 也,并 嗤戏 形貌 内怨 为 俳 也,8,7,1
liuxie_shipin__liuxie_15,liuxie_shipin__liuxie_15__part01,文心雕龍·諧讔,劉勰,6,81,102,又蠶蟹鄙諺，貍首淫哇，苟可箴戒，載於禮典。,又 蚕蟹 鄙谚 貍 首 淫 哇 苟可 箴戒 载于 礼典,又 蚕蟹 鄙谚 貍 首 淫 哇 苟可 箴戒 载 于 礼典,11,12,1
liuxie_shipin__liuxie_15,liuxie_shipin__liuxie_15__part01,文心雕龍·諧讔,劉勰,7,102,114,故知諧辭讔言，亦無棄矣。,故知 谐 辞 讔 言 亦 无弃 矣,故知 谐辞 讔 言 亦 无弃 矣,8,7,1
liuxie_shipin__liuxie_15,liuxie_shipin__liuxie_15__part01,文心雕龍·諧讔,劉勰,8,116,132,諧之言皆也，辭淺會俗，皆悅笑也。,谐之言 皆 也 辞浅会俗 皆 悦 笑 也,谐之言 皆 也 辞浅会俗 皆 悦笑 也,8,7,1
liuxie_shipin__liuxie_15,liuxie_shipin__liuxie_15__part01,文心雕龍·諧讔,劉勰,9,132,145,昔齊威酣樂，而淳于說甘酒；,昔齐威 酣乐 而 淳于 说 甘酒,昔齐威 酣乐 而 淳于 说 甘酒,6,6,0
liuxie_shipin__liuxie_15,liuxie_shipin__liuxie_15__part01,文心雕龍·諧讔,劉勰,10,145,167,楚襄讌集，而宋玉賦好色，意在微諷，有足觀者。,楚襄 䜩 集 而 宋玉赋 好色 意在 微讽 有足 观者,楚襄 䜩 集 而 宋玉赋 好色 意在 微讽 有足 观者,10,10,0
liuxie_shipin__liuxie_15,liuxie_shipin__liuxie_15__part01,文心雕龍·諧讔,劉勰,11,167,193,及優旃之諷漆城，優孟之諫葬馬，並譎辭飾說，抑止昏暴。,及 优旃之讽 漆城 优孟 之谏 葬 马 并谲 辞饰 说 抑止 昏暴,及 优旃 之讽 漆城 优孟 之谏 葬 马 并 谲辞 饰说 抑止 昏暴,12,13,1
liuxie_shipin__liuxie_15,liuxie_shipin__liuxie_15__part01,文心雕龍·諧讔,劉勰,12,193,218,是以子長編史，列傳滑稽，以其辭雖傾回，意歸義正也。,是 以子 长编 史 列传 滑稽 以其辞 虽 倾回 意归义 正 也,是 以子 长编 史 列传 滑稽 以其辞 虽 倾回 意归 义正 也,12,12,1
liuxie_shipin__liuxie_15,liuxie_shipin__liuxie_15__part01,文心雕龍·諧讔,劉勰,13,220,266,但本體不雅，其流易弊，於是東方枚皋，餔糟啜醨，無所匡正，而詆嫚媟弄，故其自稱為賦，迺亦俳也。,但 本体 不 雅 其流易 弊 于是 东方 枚 皋 𫗦 糟 啜 醨 无 所 匡正 而 诋 嫚 媟 弄 故其 自称为 赋 迺 亦 俳 也,但 本体 不 雅 其流易 弊 于是 东方 枚 皋 𫗦 糟 啜 醨 无所 匡正 而 诋嫚 媟 弄 故其 自称为 赋 迺 亦 俳 也,29,27,1
liuxie_shipin__liuxie_15,liuxie_shipin__liuxie_15__part01,文心雕龍·諧讔,劉勰,14,266,276,見視如倡，亦有悔矣。,见视 如倡 亦 有悔 矣,见视 如倡 亦 有悔 矣,5,5,0
liuxie_shipin__liuxie_15,liuxie_shipin__liuxie_15__part01,文心雕龍·諧讔,劉勰,15,276,311,至魏文因俳說以著《笑書》，薛綜憑宴會而發嘲調，雖抃推席，而無益時用矣。,至 魏文因 俳 说 以 著 笑书 薛综凭 宴会 而 发嘲调 虽 抃 推席 而 无益 时用 矣,至 魏文因 俳说 以著 笑书 薛综凭 宴会 而发 嘲调 虽 抃 推席 而 无益 时用 矣,18,16,1
liuxie_shipin__liuxie_15,liuxie_shipin__liuxie_15__part01,文心雕龍·諧讔,劉勰,16,313,325,然而懿文之士，未免枉轡；,然而 懿 文之士 未免 枉 辔,然而 懿 文之士 未免 枉辔,6,5,1
liuxie_shipin__liuxie_15,liuxie_shipin__liuxie_15__part01,文心雕龍·諧讔,劉勰,17,325,349,潘岳醜婦之屬，束皙賣餅之類，尤而效之，蓋以百數。,潘岳 丑妇 之 属 束皙 卖 饼 之类 尤而效之 盖以 百数,潘岳 丑妇 之 属 束皙 卖饼 之类 尤而效之 盖以 百数,11,10,1
liuxie_shipin__liuxie_15,liuxie_shipin__liuxie_15__part01,文心雕龍·諧讔,劉勰,18,349,359,魏晉滑稽，盛相驅扇。,魏晋 滑稽 盛相 驱扇,魏晋 滑稽 盛相 驱扇,4,4,0
liuxie_shipin__liuxie_15,liuxie_shipin__liuxie_15__part01,文心雕龍·諧讔,劉勰,19,359,372,遂乃應瑒之鼻，方於盜削卵；,遂 乃 应 玚 之 鼻 方于 盗 削卵,遂 乃 应 玚 之 鼻 方于 盗 削卵,9,9,0
liuxie_shipin__liuxie_15,liuxie_shipin__liuxie_15__part01,文心雕龍·諧讔,劉勰,20,372,383,張華之形，比乎握舂杵。,张华之形 比乎 握 舂 杵,张华之形 比乎 握 舂 杵,5,5,0
liuxie_shipin__liuxie_15,liuxie_shipin__liuxie_15__part01,文心雕龍·諧讔,劉勰,21,383,408,曾是莠言，有虧德音，豈非溺者之妄笑，胥靡之狂歌歟！,曾 是莠言 有 亏德音 岂非 溺者 之妄笑 胥靡 之 狂歌 欤,曾 是莠言 有 亏德音 岂非 溺者 之妄笑 胥靡 之 狂歌 欤,11,11,0
liuxie_shipin__liuxie_15,liuxie_shipin__liuxie_15__part01,文心雕龍·諧讔,劉勰,22,410,416,讔者，隱也；,讔 者 隐 也,讔 者 隐 也,4,4,0
liuxie_shipin__liuxie_15,liuxie_shipin__liuxie_15__part01,文心雕龍·諧讔,劉勰,23,416,429,遯辭以隱意，譎譬以指事也。,遯 辞以 隐意 谲 譬以 指事 也,遯 辞以 隐意 谲譬 以 指事 也,7,7,1
liuxie_shipin__liuxie_15,liuxie_shipin__liuxie_15__part01,文心雕龍·諧讔,劉勰,24,429,446,昔還社求拯於楚師，喻眢井而稱麥麴；,昔 还 社求 拯于 楚师 喻 眢 井 而 称 麦曲,昔 还 社求 拯于 楚师 喻 眢 井 而 称 麦曲,11,11,0
liuxie_shipin__liuxie_15,liuxie_shipin__liuxie_15__part01,文心雕龍·諧讔,劉勰,25,446,462,叔儀乞糧於魯人，歌珮玉而呼庚癸；,叔仪 乞粮 于鲁人 歌珮玉 而 呼庚 癸,叔仪 乞粮 于 鲁人 歌珮玉 而 呼庚 癸,7,8,1
liuxie_shipin__liuxie_15,liuxie_shipin__liuxie_15__part01,文心雕龍·諧讔,劉勰,26,462,480,伍舉刺荊王以大鳥，齊客譏薛公以海魚；,伍举 刺 荆王 以大鸟 齐客 讥 薛公以 海鱼,伍 举刺 荆王 以大鸟 齐客 讥 薛公以 海鱼,8,8,1
liuxie_shipin__liuxie_15,liuxie_shipin__liuxie_15__part01,文心雕龍·諧讔,劉勰,27,480,506,莊姬託辭於龍尾，臧文謬書於羊裘，隱語之用，被於紀傳。,庄姬 托辞 于 龙尾 臧文谬 书于 羊 裘 隐语 之用 被 于 纪传,庄姬 托辞 于 龙尾 臧文谬 书于 羊 裘 隐语 之用 被 于 纪传,13,13,0
liuxie_shipin__liuxie_15,liuxie_shipin__liuxie_15__part01,文心雕龍·諧讔,劉勰,28,506,520,大者興治濟身，其次弼違曉惑。,大者 兴治济身 其次 弼 违晓惑,大者 兴治 济身 其次 弼违 晓惑,5,6,1
liuxie_shipin__liuxie_15,liuxie_shipin__liuxie_15__part01,文心雕龍·諧讔,劉勰,29,520,546,蓋意生於權譎，而事出於機急，與夫諧辭，可相表裏者也。,盖意 生于 权谲 而事 出于 机急 与 夫谐 辞 可相 表里 者 也,盖意 生于 权谲 而事 出于 机急 与 夫 谐辞 可 相表里 者 也,13,13,1
liuxie_shipin__liuxie_15,liuxie_shipin__liuxie_15__part01,文心雕龍·諧讔,劉勰,30,548,567,漢世隱書十有八篇，歆固編文，錄之歌末。,汉世 隐书十有 八篇 歆 固 编文 录之歌 末,汉世 隐书 十有 八篇 歆 固 编文 录之歌 末,8,9,1
liuxie_shipin__liuxie_15,liuxie_shipin__liuxie_15__part01,文心雕龍·諧讔,劉勰,31,567,578,昔楚莊齊威，性好隱語。,昔楚 庄齐威 性好 隐语,昔楚 庄齐威 性好 隐语,4,4,0
liuxie_shipin__liuxie_15,liuxie_shipin__liuxie_15__part01,文心雕龍·諧讔,劉勰,32,578,589,至東方曼倩，尤巧辭述。,至 东方 曼倩 尤 巧辞 述,至 东方 曼倩 尤 巧辞 述,6,6,0
liuxie_shipin__liuxie_15,liuxie_shipin__liuxie_15__part01,文心雕龍·諧讔,劉勰,33,589,600,但謬辭詆戲，無益規補。,但 谬辞 诋戏 无益 规补,但 谬辞 诋戏 无益 规补,5,5,0
liuxie_shipin__liuxie_15,liuxie_shipin__liuxie_15__part01,文心雕龍·諧讔,劉勰,34,600,622,自魏代以來，頗非俳優，而君子嘲隱，化為謎語。,自魏代 以来 颇 非 俳优 而 君子 嘲隐 化为 谜语,自魏代 以来 颇 非 俳优 而 君子 嘲隐 化为 谜语,10,10,0
liuxie_shipin__liuxie_15,liuxie_shipin__liuxie_15__part01,文心雕龍·諧讔,劉勰,35,622,636,謎也者，迴互其辭，使昏迷也。,谜 也 者 回互 其辞 使 昏迷 也,谜 也 者 回互 其辞 使 昏迷 也,8,8,0
liuxie_shipin__liuxie_15,liuxie_shipin__liuxie_15__part01,文心雕龍·諧讔,劉勰,36,636,672,或體目文字，或圖象品物，纖巧以弄思，淺察以衒辭，義欲婉而正，辭欲隱而顯。,或 体目 文字 或 图象 品物 纤巧 以弄思 浅察以 衒 辞 义欲婉 而 正 辞欲 隐而显,或 体目文字 或 图象 品物 纤巧 以弄思 浅察 以 衒辞 义欲婉 而 正 辞欲 隐而显,16,15,1
liuxie_shipin__liuxie_15,liuxie_shipin__liuxie_15__part01,文心雕龍·諧讔,劉勰,37,672,684,荀卿《蠶賦》，已兆其體；,荀卿 蚕赋 已兆其体,荀卿 蚕赋 已兆其体,3,3,0
liuxie_shipin__liuxie_15,liuxie_shipin__liuxie_15__part01,文心雕龍·諧讔,劉勰,38,684,715,至魏文陳思，約而密之，高貴鄉公，博舉品物，雖有小巧，用乖遠大。,至 魏文 陈思 约 而 密 之 高贵 乡公 博举 品物 虽 有 小巧 用乖 远大,至 魏文 陈思 约 而 密 之 高贵 乡公 博举 品物 虽 有 小巧 用 乖远 大,16,17,1
liuxie_shipin__liuxie_15,liuxie_shipin__liuxie_15__part01,文心雕龍·諧讔,劉勰,39,715,742,夫觀古之為隱，理周要務，豈為童稚之戲謔，搏髀而抃笑哉！,夫观 古之为 隐 理周 要务 岂为 童稚 之 戏谑 搏 髀 而 抃 笑 哉,夫观 古之为 隐 理周 要务 岂为 童稚 之 戏谑 搏 髀 而 抃 笑 哉,15,15,0
liuxie_shipin__liuxie_15,liuxie_shipin__liuxie_15__part01,文心雕龍·諧讔,劉勰,40,744,760,然文辭之有諧讔，譬九流之有小說。,然 文辞 之有 谐 讔 譬 九流 之有 小说,然 文辞 之有 谐讔 譬 九流 之有 小说,9,8,1
liuxie_shipin__liuxie_15,liuxie_shipin__liuxie_15__part01,文心雕龍·諧讔,劉勰,41,760,791,蓋稗官所采，以廣視聽，若效而不已，則髡袒而入室，旃孟之石交乎！,盖 稗官 所采 以广 视听 若效 而 不已 则 髡 袒 而 入室 旃 孟之石 交乎,盖 稗官 所采 以广 视听 若效 而 不已 则 髡 袒 而 入室 旃 孟之石 交乎,16,16,0
liuxie_shipin__liuxie_15,liuxie_shipin__liuxie_15__part01,文心雕龍·諧讔,劉勰,42,793,796,贊曰：,赞 曰,赞 曰,2,2,0
liuxie_shipin__liuxie_15,liuxie_shipin__liuxie_15__part01,文心雕龍·諧讔,劉勰,43,798,808,古之嘲隱，振危釋憊。,古之嘲隐 振危 释惫,古之嘲隐 振危 释惫,3,3,0
liuxie_shipin__liuxie_15,liuxie_shipin__liuxie_15__part01,文心雕龍·諧讔,劉勰,44,808,818,雖有絲麻，無棄菅蒯。,虽 有 丝麻 无弃 菅 蒯,虽 有 丝麻 无弃 菅 蒯,6,6,0
liuxie_shipin__liuxie_15,liuxie_shipin__liuxie_15__part01,文心雕龍·諧讔,劉勰,45,820,830,會義適時，頗益諷誡。,会义 适时 颇益 讽诫,会义 适时 颇益 讽诫,4,4,0
liuxie_shipin__liuxie_15,liuxie_shipin__liuxie_15__part01,文心雕龍·諧讔,劉勰,46,830,840,空戲滑稽，德音大壞。,空戏 滑稽 德音 大坏,空戏 滑稽 德音 大坏,4,4,0
liuxie_shipin__liuxie_16,liuxie_shipin__liuxie_16__part01,文心雕龍·史傳,劉勰,0,0,20,開闢草昧，歲紀綿邈，居今識古，其載籍乎！,开辟 草昧 岁 纪绵邈 居 今识古 其载 籍乎,开辟 草昧 岁纪 绵邈 居 今识古 其 载籍 乎,8,9,1
liuxie_shipin__liuxie_16,liuxie_shipin__liuxie_16__part01,文心雕龍·史傳,劉勰,1,20,40,軒轅之世，史有蒼頡，主文之職，其來久矣。,轩辕 之世 史有 苍颉 主文 之职 其来 久 矣,轩辕 之世 史有 苍颉 主文 之职 其来 久 矣,9,9,0
liuxie_shipin__liuxie_16,liuxie_shipin__liuxie_16__part01,文心雕龍·史傳,劉勰,2,40,50,《曲禮》曰：史載筆。,曲礼 曰 史载 笔,曲礼 曰 史载 笔,4,4,0
liuxie_shipin__liuxie_16,liuxie_shipin__liuxie_16__part01,文心雕龍·史傳,劉勰,3,50,53,左右。,左右,左右,1,1,0
liuxie_shipin__liuxie_16,liuxie_shipin__liuxie_16__part01,文心雕龍·史傳,劉勰,4,53,59,史者，使也。,史者 使 也,史者 使 也,3,3,0
liuxie_shipin__liuxie_16,liuxie_shipin__liuxie_16__part01,文心雕龍·史傳,劉勰,5,59,69,執筆左右，使之記也。,执笔 左右 使之记 也,执笔 左右 使之记 也,4,4,0
liuxie_shipin__liuxie_16,liuxie_shipin__liuxie_16__part01,文心雕龍·史傳,劉勰,6,69,82,古者，左史記事，右史記言。,古者 左 史记 事 右 史记 言,古者 左 史记 事 右 史记 言,7,7,0
liuxie_shipin__liuxie_16,liuxie_shipin__liuxie_16__part01,文心雕龍·史傳,劉勰,7,82,98,言經則《尚書》，事經則《春秋》。,言经 则 尚书 事经 则 春秋,言经 则 尚书 事经 则 春秋,6,6,0
liuxie_shipin__liuxie_16,liuxie_shipin__liuxie_16__part01,文心雕龍·史傳,劉勰,8,98,112,唐虞流于典謨，商夏被于誥誓。,唐虞流于 典谟 商夏 被 于 诰 誓,唐虞流 于 典谟 商夏 被 于 诰誓,7,7,1
liuxie_shipin__liuxie_16,liuxie_shipin__liuxie_16__part01,文心雕龍·史傳,劉勰,9,112,157,自周命維新，姬公定法，紬三正以班歷，貫四時以聯事，諸侯建邦，各有國史，彰善癉惡，樹之風聲。,自周命 维新 姬 公定 法 䌷 三正 以班历 贯 四时 以联事 诸侯 建邦 各有 国史 彰善瘅恶 树之风声,自周命 维新 姬 公定 法 䌷 三正以 班历 贯 四时 以 联事 诸侯 建邦 各有 国史 彰善瘅恶 树之风声,17,18,1
liuxie_shipin__liuxie_16,liuxie_shipin__liuxie_16__part01,文心雕龍·史傳,劉勰,10,157,178,自平王微弱，政不及雅，憲章散紊，彝倫攸斁。,自平王 微弱 政 不及 雅 宪章 散紊 彝伦 攸 斁,自平王 微弱 政 不及 雅 宪章 散紊 彝伦 攸 斁,10,10,0
liuxie_shipin__liuxie_16,liuxie_shipin__liuxie_16__part01,文心雕龍·史傳,劉勰,11,180,190,昔者夫子閔王道之缺。,昔者 夫子 闵 王道 之缺,昔者 夫子 闵 王道 之缺,5,5,0
liuxie_shipin__liuxie_16,liuxie_shipin__liuxie_16__part01,文心雕龍·史傳,劉勰,12,190,248,傷斯文之墜，靜居以歎鳳，臨衢而泣麟，於是就太師以正《雅》《頌》，因魯史以修《春秋》，舉得失以表黜陟，徵存亡以標勸戒；,伤 斯文 之坠 静居以 叹凤 临衢 而 泣麟 于是 就 太师 以正 雅 颂 因 鲁史 以修 春秋 举 得失 以表黜 陟 征 存亡 以标 劝戒,伤 斯文 之坠 静居 以 叹凤 临衢 而 泣麟 于是 就 太师 以正 雅 颂 因 鲁史 以修 春秋 举 得失 以表黜 陟 征 存亡 以标 劝戒,26,27,1
liuxie_shipin__liuxie_16,liuxie_shipin__liuxie_16__part01,文心雕龍·史傳,劉勰,13,248,258,褒見一字，貴踰軒冕；,褒见 一字 贵逾轩 冕,褒见 一字 贵 逾 轩冕,4,5,1
liuxie_shipin__liuxie_16,liuxie_shipin__liuxie_16__part01,文心雕龍·史傳,劉勰,14,258,268,貶在片言，誅深斧鉞。,贬 在 片言 诛深 斧钺,贬 在 片言 诛深 斧钺,5,5,0
liuxie_shipin__liuxie_16,liuxie_shipin__liuxie_16__part01,文心雕龍·史傳,劉勰,15,268,300,然睿旨幽隱，經文婉約，丘明同時，實得微言，乃原始要終，創為傳體。,然睿旨 幽隐 经文 婉约 丘明 同时 实 得 微言 乃 原始要终 创为 传体,然睿旨 幽隐 经文 婉约 丘明 同时 实 得 微言 乃 原始要终 创为 传体,13,13,0
liuxie_shipin__liuxie_16,liuxie_shipin__liuxie_16__part01,文心雕龍·史傳,劉勰,16,300,306,傳者，轉也。,传者 转 也,传者 转 也,3,3,0
liuxie_shipin__liuxie_16,liuxie_shipin__liuxie_16__part01,文心雕龍·史傳,劉勰,17,306,330,轉受經旨，以授於後，實聖文之羽翮，記籍之冠冕也。,转受 经旨 以授 于 后 实圣文 之羽翮 记籍 之 冠冕 也,转 受经 旨 以授 于 后 实 圣文 之羽翮 记籍 之 冠冕 也,11,13,1
liuxie_shipin__liuxie_16,liuxie_shipin__liuxie_16__part01,文心雕龍·史傳,劉勰,18,332,344,及至縱橫之世，史職猶存。,及至 纵横 之世 史职 犹存,及至 纵横 之世 史职 犹存,5,5,0
liuxie_shipin__liuxie_16,liuxie_shipin__liuxie_16__part01,文心雕龍·史傳,劉勰,19,344,355,秦并七王，而戰國有策。,秦 并 七王 而 战国 有策,秦 并 七王 而 战国 有策,6,6,0
liuxie_shipin__liuxie_16,liuxie_shipin__liuxie_16__part01,文心雕龍·史傳,劉勰,20,355,369,蓋錄而弗敘，故即簡而為名也。,盖录 而 弗 叙 故即 简而 为名 也,盖录 而 弗 叙 故即 简而 为名 也,8,8,0
liuxie_shipin__liuxie_16,liuxie_shipin__liuxie_16__part01,文心雕龍·史傳,劉勰,21,369,379,漢滅嬴項，武功積年。,汉灭 嬴 项 武功 积 年,汉灭 嬴项 武功 积年,6,4,1
liuxie_shipin__liuxie_16,liuxie_shipin__liuxie_16__part01,文心雕龍·史傳,劉勰,22,379,392,陸賈稽古，作《楚漢春秋》。,陆贾稽古 作 楚汉 春秋,陆贾稽古 作 楚汉 春秋,4,4,0
liuxie_shipin__liuxie_16,liuxie_shipin__liuxie_16__part01,文心雕龍·史傳,劉勰,23,392,413,爰及太史談，世惟執簡，子長繼志，甄序帝勣。,爰 及 太史 谈 世惟 执简 子长 继志 甄序帝 𪟝,爰 及 太史 谈 世惟 执简 子长 继志 甄序帝 𪟝,10,10,0
liuxie_shipin__liuxie_16,liuxie_shipin__liuxie_16__part01,文心雕龍·史傳,劉勰,24,413,424,比堯稱典，則位雜中賢；,比尧 称典 则 位杂 中贤,比尧 称典 则 位杂 中贤,5,5,0
liuxie_shipin__liuxie_16,liuxie_shipin__liuxie_16__part01,文心雕龍·史傳,劉勰,25,424,435,法孔題經，則文非元聖。,法孔题 经 则 文非元 圣,法孔题 经 则 文非 元圣,5,5,1
liuxie_shipin__liuxie_16,liuxie_shipin__liuxie_16__part01,文心雕龍·史傳,劉勰,26,435,448,故取式《呂覽》，通號曰紀。,故取 式 吕览 通号 曰 纪,故取 式 吕览 通号 曰 纪,6,6,0
liuxie_shipin__liuxie_16,liuxie_shipin__liuxie_16__part01,文心雕龍·史傳,劉勰,27,448,458,紀綱之號，亦宏稱也。,纪纲 之号 亦宏称 也,纪纲 之号 亦宏称 也,4,4,0
liuxie_shipin__liuxie_16,liuxie_shipin__liuxie_16__part01,文心雕龍·史傳,劉勰,28,458,535,故本紀以述皇王，列傳以總侯伯，八書以鋪政體，十表以譜年爵，雖殊古式，而得事序焉，爾其實錄無隱之旨，博雅弘辯之才，愛奇反經之尤，條例踳落之失，叔皮論之詳矣。,故 本纪 以述 皇王 列传 以 总侯伯 八书以 铺 政体 十表以 谱 年 爵 虽殊 古式 而 得 事序 焉 尔 其 实录 无隐 之旨 博雅 弘辩 之 才 爱奇 反经 之 尤 条例 踳 落之失 叔皮论 之 详 矣,故 本纪 以述 皇王 列传 以 总侯伯 八书 以铺 政体 十表以 谱 年 爵 虽殊 古式 而 得 事序 焉 尔其 实录 无隐 之旨 博雅 弘辩 之才 爱奇 反经 之 尤 条例 踳 落之失 叔皮论 之 详 矣,40,38,1
liuxie_shipin__liuxie_16,liuxie_shipin__liuxie_16__part01,文心雕龍·史傳,劉勰,29,537,560,及班固述漢，因循前業，觀司馬遷之辭，思實過半。,及 班固 述汉 因循 前业 观 司马迁 之辞 思实 过半,及 班固 述汉 因循 前业 观 司马迁 之辞 思实 过半,10,10,0
liuxie_shipin__liuxie_16,liuxie_shipin__liuxie_16__part01,文心雕龍·史傳,劉勰,30,560,581,其十志該富，讚序弘麗，儒雅彬彬，信有遺味。,其十志 该富 赞序 弘丽 儒雅 彬彬 信有 遗味,其十志 该富 赞序 弘丽 儒雅 彬彬 信有 遗味,8,8,0
liuxie_shipin__liuxie_16,liuxie_shipin__liuxie_16__part01,文心雕龍·史傳,劉勰,31,581,618,至於宗經矩聖之典，端緒豐贍之功，遺親攘美之罪，徵賄鬻筆之愆，公理辨之究矣。,至于 宗经矩 圣之典 端绪 丰赡 之功 遗亲 攘 美之罪 征贿鬻笔 之 愆 公理 辨之究 矣,至于 宗经矩 圣之典 端绪 丰赡 之功 遗亲 攘美之罪 征贿 鬻笔 之 愆 公理 辨之究 矣,15,15,1
liuxie_shipin__liuxie_16,liuxie_shipin__liuxie_16__part01,文心雕龍·史傳,劉勰,32,620,643,觀夫左氏綴事，附經間出，於文為約，而氏族難明。,观夫 左氏缀 事 附经间 出 于 文为 约 而 氏族 难明,观夫 左氏缀 事 附经间 出 于 文为 约 而 氏族 难明,11,11,0
liuxie_shipin__liuxie_16,liuxie_shipin__liuxie_16__part01,文心雕龍·史傳,劉勰,33,643,662,及史遷各傳，人始區詳而易覽，述者宗焉。,及史 迁 各传 人始区 详而易览 述者 宗焉,及 史迁 各传 人始 区详 而易览 述者 宗焉,7,8,1
liuxie_shipin__liuxie_16,liuxie_shipin__liuxie_16__part01,文心雕龍·史傳,劉勰,34,662,686,及孝惠委機，呂后攝政，班史立紀，違經失實，何則？,及 孝惠委机 吕后 摄政 班史 立纪 违经 失实 何则,及 孝惠委机 吕后 摄政 班史 立纪 违经 失实 何则,9,9,0
liuxie_shipin__liuxie_16,liuxie_shipin__liuxie_16__part01,文心雕龍·史傳,劉勰,35,686,698,庖犧以來，未聞女帝者也。,庖 牺 以来 未闻 女帝者 也,庖牺 以来 未闻 女帝者 也,6,5,1
liuxie_shipin__liuxie_16,liuxie_shipin__liuxie_16__part01,文心雕龍·史傳,劉勰,36,698,708,漢運所值，難為後法。,汉运 所值 难为 后法,汉运 所值 难为 后法,4,4,0
liuxie_shipin__liuxie_16,liuxie_shipin__liuxie_16__part01,文心雕龍·史傳,劉勰,37,708,718,牝雞無晨，武王首誓；,牝鸡 无晨 武王 首誓,牝鸡 无晨 武王 首誓,4,4,0
liuxie_shipin__liuxie_16,liuxie_shipin__liuxie_16__part01,文心雕龍·史傳,劉勰,38,718,728,婦無與國，齊桓著盟；,妇无与国 齐桓 著盟,妇无 与国 齐桓 著盟,3,4,1
liuxie_shipin__liuxie_16,liuxie_shipin__liuxie_16__part01,文心雕龍·史傳,劉勰,39,728,752,宣后亂秦，呂氏危漢，豈唯政事難假，亦名號宜慎矣。,宣后 乱 秦 吕氏 危汉 岂 唯 政事 难假 亦 名号 宜慎 矣,宣后 乱 秦 吕氏 危汉 岂唯 政事 难假 亦 名号 宜慎 矣,13,12,1
liuxie_shipin__liuxie_16,liuxie_shipin__liuxie_16__part01,文心雕龍·史傳,劉勰,40,752,778,張衡司史，而惑同遷固，元帝王后，欲為立紀，謬亦甚矣。,张衡 司史 而惑同 迁固 元 帝王 后 欲 为 立纪 谬 亦 甚 矣,张衡 司史 而惑 同 迁固 元 帝王 后 欲 为 立纪 谬 亦 甚 矣,14,15,1
liuxie_shipin__liuxie_16,liuxie_shipin__liuxie_16__part01,文心雕龍·史傳,劉勰,41,778,791,尋子弘雖偽，要當孝惠之嗣；,寻子弘 虽伪 要 当孝惠 之 嗣,寻子弘 虽伪 要当 孝惠之嗣,6,4,1
liuxie_shipin__liuxie_16,liuxie_shipin__liuxie_16__part01,文心雕龍·史傳,劉勰,42,791,803,孺子誠微，實繼平帝之體；,孺子 诚微 实继平帝 之体,孺子 诚微 实继平帝 之体,4,4,0
liuxie_shipin__liuxie_16,liuxie_shipin__liuxie_16__part01,文心雕龍·史傳,劉勰,43,803,815,二子可紀，何有於二后哉。,二子 可纪 何有 于 二后 哉,二子 可纪 何有 于 二后 哉,6,6,0
liuxie_shipin__liuxie_16,liuxie_shipin__liuxie_16__part01,文心雕龍·史傳,劉勰,44,817,833,至於《後漢》紀傳，發源《東觀》。,至于 后汉 纪传 发源 东观,至于 后汉 纪传 发源 东观,5,5,0
liuxie_shipin__liuxie_16,liuxie_shipin__liuxie_16__part01,文心雕龍·史傳,劉勰,45,833,843,袁張所製，偏駁不倫。,袁张 所制 偏驳 不伦,袁张 所制 偏驳 不伦,4,4,0
liuxie_shipin__liuxie_16,liuxie_shipin__liuxie_16__part01,文心雕龍·史傳,劉勰,46,843,853,薛謝之作，疎謬少信。,薛谢 之作 疎 谬少信,薛谢 之作 疎 谬少信,4,4,0
liuxie_shipin__liuxie_16,liuxie_shipin__liuxie_16__part01,文心雕龍·史傳,劉勰,47,853,872,若司馬彪之詳實，華嶠之準當，則其冠也。,若 司马彪 之 详实 华峤 之准 当 则 其冠 也,若 司马彪 之 详实 华峤 之 准当 则 其冠 也,10,10,1
liuxie_shipin__liuxie_16,liuxie_shipin__liuxie_16__part01,文心雕龍·史傳,劉勰,48,872,883,及魏代三雄，記傳互出。,及 魏代三雄 记传 互出,及 魏代三雄 记传 互出,4,4,0
liuxie_shipin__liuxie_16,liuxie_shipin__liuxie_16__part01,文心雕龍·史傳,劉勰,49,883,917,《陽秋》《魏略》之屬，《江表》《吳錄》之類，或激抗難徵，或疎闊寡要。,阳秋 魏略 之属 江表 吴录 之类 或 激抗 难征 或 疎 阔 寡要,阳秋 魏略 之属 江表 吴录 之类 或 激抗 难征 或 疎 阔 寡要,13,13,0
liuxie_shipin__liuxie_16,liuxie_shipin__liuxie_16__part01,文心雕龍·史傳,劉勰,50,917,943,唯陳壽《三志》，文質辨洽，荀張比之於遷固，非妄譽也。,唯陈寿 三志 文质 辨洽 荀张 比之于 迁固 非妄誉 也,唯陈寿 三志 文 质辨 洽 荀张 比之于 迁固 非妄誉 也,9,10,1
liuxie_shipin__liuxie_16,liuxie_shipin__liuxie_16__part01,文心雕龍·史傳,劉勰,51,945,957,至於晉代之書，繁乎著作。,至于 晋代 之 书 繁乎 著作,至于 晋代 之 书 繁乎 著作,6,6,0
liuxie_shipin__liuxie_16,liuxie_shipin__liuxie_16__part01,文心雕龍·史傳,劉勰,52,957,984,陸機肇始而未備，王韶續末而不終，干寶述紀，以審正得序；,陆机 肇始 而 未备 王韶续 末 而 不终 干宝述纪 以审 正得序,陆机 肇始 而 未备 王韶续 末 而 不终 干宝述纪 以 审正 得序,11,12,1
liuxie_shipin__liuxie_16,liuxie_shipin__liuxie_16__part01,文心雕龍·史傳,劉勰,53,984,997,孫盛《陽秋》，以約舉為能。,孙盛 阳秋 以约 举为 能,孙盛 阳秋 以约 举为 能,5,5,0
liuxie_shipin__liuxie_16,liuxie_shipin__liuxie_16__part01,文心雕龍·史傳,劉勰,54,997,1010,按《春秋》經傳，舉例發凡。,按 春秋 经传 举例发凡,按 春秋 经传 举例发凡,4,4,0
liuxie_shipin__liuxie_16,liuxie_shipin__liuxie_16__part01,文心雕龍·史傳,劉勰,55,1010,1025,自《史》《漢》以下，莫有準的。,自 史 汉 以下 莫有准 的,自 史 汉 以下 莫有准 的,6,6,0
liuxie_shipin__liuxie_16,liuxie_shipin__liuxie_16__part01,文心雕龍·史傳,劉勰,56,1025,1038,至鄧璨《晉紀》，始立條例。,至 邓璨 晋纪 始立 条例,至 邓璨 晋纪 始立 条例,5,5,0
liuxie_shipin__liuxie_16,liuxie_shipin__liuxie_16__part01,文心雕龍·史傳,劉勰,57,1038,1061,又擺落漢魏，憲章殷周，雖湘川曲學，亦有心典謨。,又 摆落 汉魏 宪章 殷周 虽湘川 曲学 亦 有心 典谟,又 摆落 汉魏 宪章 殷周 虽湘川 曲学 亦 有心 典谟,10,10,0
liuxie_shipin__liuxie_16,liuxie_shipin__liuxie_16__part01,文心雕龍·史傳,劉勰,58,1061,1074,及安國立例，乃鄧氏之規焉。,及安 国立 例 乃 邓氏 之 规焉,及安 国立 例 乃 邓氏 之 规焉,7,7,0
liuxie_shipin__liuxie_16,liuxie_shipin__liuxie_16__part01,文心雕龍·史傳,劉勰,59,1076,1130,原夫載籍之作也，必貫乎百氏，被之千載，表徵盛衰，殷鑒興廢，使一代之制，共日月而長存，王霸之跡，並天地而久大。,原夫 载籍 之作 也 必贯乎 百氏 被 之 千载 表征 盛衰 殷鉴 兴废 使 一代 之制 共 日月 而 长存 王霸之 迹 并 天地 而久大,原夫 载籍 之作 也 必贯乎 百氏 被 之 千载 表征 盛衰 殷鉴 兴废 使 一代 之制 共 日月 而 长存 王霸之 迹 并 天地 而久大,25,25,0
liuxie_shipin__liuxie_16,liuxie_shipin__liuxie_16__part01,文心雕龍·史傳,劉勰,60,1130,1188,是以在漢之初，史職為盛，郡國文計，先集太史之府，欲其詳悉於體國，必閱石室，啟金匱，抽裂帛，檢殘竹，欲其博練於稽古也。,是 以 在 汉之初 史职 为 盛 郡 国文 计 先集 太史 之府 欲 其 详悉 于 体国 必阅 石室 启 金匮 抽 裂帛 检残竹 欲 其博练 于 稽 古 也,是 以 在 汉之初 史职 为 盛 郡 国文 计 先集 太史 之府 欲 其 详悉 于 体国 必阅 石室 启 金匮 抽 裂帛 检 残竹 欲 其 博练 于稽古 也,31,31,1
liuxie_shipin__liuxie_16,liuxie_shipin__liuxie_16__part01,文心雕龍·史傳,劉勰,61,1188,1201,是立義選言，宜依經以樹則；,是 立义 选言 宜依经 以树则,是 立义 选言 宜依经 以树则,5,5,0
liuxie_shipin__liuxie_16,liuxie_shipin__liuxie_16__part01,文心雕龍·史傳,劉勰,62,1201,1213,勸戒與奪，必附聖以居宗；,劝戒 与 夺 必附 圣以 居宗,劝戒 与夺 必附 圣以 居宗,6,5,1
liuxie_shipin__liuxie_16,liuxie_shipin__liuxie_16__part01,文心雕龍·史傳,劉勰,63,1213,1226,然後詮評昭整，苛濫不作矣。,然后 诠 评昭整 苛滥 不作 矣,然后 诠评 昭整 苛滥 不作 矣,6,6,1
liuxie_shipin__liuxie_16,liuxie_shipin__liuxie_16__part01,文心雕龍·史傳,劉勰,64,1228,1274,然紀傳為式，編年綴事，文非泛論，按實而書，歲遠則同異難密，事積則起訖易疎，斯固總會之為難也。,然纪 传为 式 编年 缀 事 文非 泛论 按实 而 书 岁 远 则 同异 难密 事积 则 起讫 易 疎 斯固 总会 之 为难 也,然 纪传 为式 编年 缀 事 文非 泛论 按实 而书 岁 远 则 同异 难密 事积 则 起讫 易 疎 斯固 总会 之 为难 也,26,25,1
liuxie_shipin__liuxie_16,liuxie_shipin__liuxie_16__part01,文心雕龍·史傳,劉勰,65,1274,1312,或有同歸一事，而數人分功，兩記則失於複重，偏舉則病於不周，此又銓配之未易也。,或 有 同归 一事 而数 人 分功 两记 则 失于 复重 偏举 则 病于 不周 此 又 铨 配之未易 也,或 有 同归 一事 而数 人 分功 两记 则 失于 复重 偏举 则 病于 不周 此 又 铨配 之未易 也,20,20,1
liuxie_shipin__liuxie_16,liuxie_shipin__liuxie_16__part01,文心雕龍·史傳,劉勰,66,1312,1336,故張衡摘史班之舛濫，傅玄譏後漢之尤煩，皆此類也。,故 张衡 摘史 班 之 舛 滥 傅玄讥 后汉 之 尤烦 皆 此类 也,故 张衡 摘史 班 之 舛滥 傅玄讥 后汉 之 尤烦 皆 此类 也,14,13,1
liuxie_shipin__liuxie_16,liuxie_shipin__liuxie_16__part01,文心雕龍·史傳,劉勰,67,1338,1359,若夫追述遠代，代遠多偽，公羊高云傳聞異辭；,若夫 追述 远代 代远 多 伪 公羊 高云 传闻异辞,若夫 追述 远代 代远 多 伪 公羊 高云 传闻异辞,9,9,0
liuxie_shipin__liuxie_16,liuxie_shipin__liuxie_16__part01,文心雕龍·史傳,劉勰,68,1359,1367,荀況稱錄遠略近；,荀况 称录 远略 近,荀况 称录 远略 近,4,4,0
liuxie_shipin__liuxie_16,liuxie_shipin__liuxie_16__part01,文心雕龍·史傳,劉勰,69,1367,1378,蓋文疑則闕，貴信史也。,盖文疑 则 阙 贵 信史 也,盖文疑 则 阙 贵 信史 也,6,6,0
liuxie_shipin__liuxie_16,liuxie_shipin__liuxie_16__part01,文心雕龍·史傳,劉勰,70,1378,1389,然俗皆愛奇，莫顧實理。,然俗 皆 爱奇 莫顾 实理,然俗 皆 爱奇 莫顾 实理,5,5,0
liuxie_shipin__liuxie_16,liuxie_shipin__liuxie_16__part01,文心雕龍·史傳,劉勰,71,1389,1442,傳聞而欲偉其事，錄遠而欲詳其跡，於是棄同即異，穿鑿傍説，舊史所無，我書則傳，此訛濫之本源，而述遠之巨蠹也。,传闻 而欲伟 其事 录远 而 欲 详其迹 于是 弃同即异 穿凿 傍说 旧史 所 无 我书则 传 此讹滥 之 本源 而述 远 之 巨 蠹 也,传闻 而欲伟 其事 录远 而 欲 详其迹 于是 弃同即异 穿凿 傍说 旧史 所 无 我书则 传 此 讹滥 之 本源 而述 远 之 巨 蠹 也,25,26,1
liuxie_shipin__liuxie_16,liuxie_shipin__liuxie_16__part01,文心雕龍·史傳,劉勰,72,1444,1469,至於記編同時，時同多詭，雖定、哀微辭，而世情利害。,至于 记编 同时 时同 多 诡 虽定 哀 微辞 而 世情 利害,至于 记编 同时 时同 多 诡 虽定 哀 微辞 而 世情 利害,12,12,0
liuxie_shipin__liuxie_16,liuxie_shipin__liuxie_16__part01,文心雕龍·史傳,劉勰,73,1469,1481,勳榮之家，雖庸夫而盡飾；,勋荣 之家 虽 庸夫 而 尽饰,勋荣 之家 虽 庸夫 而 尽饰,6,6,0
liuxie_shipin__liuxie_16,liuxie_shipin__liuxie_16__part01,文心雕龍·史傳,劉勰,74,1481,1519,迍敗之士，雖令德而常嗤，理欲吹霜煦露，寒暑筆端，此又同時之枉，可為歎息者也！,迍 败 之士 虽令 德而常 嗤 理欲 吹霜煦露 寒暑 笔端 此 又 同时 之枉 可 为 叹息 者 也,迍败 之士 虽令 德而常 嗤 理欲 吹霜煦露 寒暑 笔端 此 又 同时 之枉 可 为 叹息 者 也,19,18,1
liuxie_shipin__liuxie_16,liuxie_shipin__liuxie_16__part01,文心雕龍·史傳,劉勰,75,1519,1546,故述遠則誣矯如彼，記近則回邪如此，析理居正，唯素臣乎！,故述 远 则 诬 矫 如 彼 记近 则 回邪 如此 析理 居正 唯 素臣 乎,故述 远 则 诬矫 如 彼 记近 则 回邪 如此 析理 居正 唯 素臣 乎,16,15,1
liuxie_shipin__liuxie_16,liuxie_shipin__liuxie_16__part01,文心雕龍·史傳,劉勰,76,1548,1594,若乃尊賢隱諱，固尼父之聖旨，蓋纖瑕不能玷瑾瑜也，奸慝懲戒，實良史之直筆，農夫見莠，其必鋤也；,若 乃 尊贤 隐讳 固尼父 之 圣旨 盖纤 瑕 不能 玷瑾 瑜 也 奸 慝 惩戒 实良史 之 直笔 农夫 见莠 其必 锄 也,若 乃 尊贤 隐讳 固尼父 之 圣旨 盖 纤瑕 不能 玷瑾 瑜 也 奸慝 惩戒 实良史 之 直笔 农夫 见莠 其必 锄 也,24,23,1
liuxie_shipin__liuxie_16,liuxie_shipin__liuxie_16__part01,文心雕龍·史傳,劉勰,77,1594,1606,若斯之科，亦萬代一準焉。,若斯之科 亦 万代 一准 焉,若斯之科 亦 万代 一准 焉,5,5,0
liuxie_shipin__liuxie_16,liuxie_shipin__liuxie_16__part01,文心雕龍·史傳,劉勰,78,1606,1647,至於尋繁領雜之術，務信棄奇之要，明白頭訖之序，品酌事例之條，曉其大綱，則眾理可貫。,至于 寻繁 领杂 之术 务信弃 奇之要 明白 头 讫 之序 品酌 事例 之条 晓其 大纲 则 众理 可贯,至于 寻繁 领杂 之术 务信弃 奇之要 明白 头讫 之序 品酌 事例 之条 晓其 大纲 则 众理 可贯,18,17,1
liuxie_shipin__liuxie_16,liuxie_shipin__liuxie_16__part01,文心雕龍·史傳,劉勰,79,1647,1672,然史之為任，乃彌綸一代，負海內之責，而嬴是非之尤。,然史 之 为 任 乃弥纶 一代 负 海内 之责 而 嬴 是非 之 尤,然史 之 为 任 乃 弥纶 一代 负 海内 之责 而 嬴 是非 之 尤,14,15,1
liuxie_shipin__liuxie_16,liuxie_shipin__liuxie_16__part01,文心雕龍·史傳,劉勰,80,1672,1682,秉筆荷擔，莫此之勞。,秉笔 荷担 莫此 之劳,秉笔 荷担 莫此 之劳,4,4,0
liuxie_shipin__liuxie_16,liuxie_shipin__liuxie_16__part01,文心雕龍·史傳,劉勰,81,1682,1694,遷、固通矣，而歷詆後世。,迁 固通 矣 而历 诋 后世,迁 固通 矣 而历 诋 后世,6,6,0
liuxie_shipin__liuxie_16,liuxie_shipin__liuxie_16__part01,文心雕龍·史傳,劉勰,82,1694,1705,若任情失正，文其殆哉！,若 任情 失正 文其 殆哉,若 任情 失正 文其 殆哉,5,5,0
liuxie_shipin__liuxie_16,liuxie_shipin__liuxie_16__part01,文心雕龍·史傳,劉勰,83,1707,1710,贊曰：,赞 曰,赞 曰,2,2,0
liuxie_shipin__liuxie_16,liuxie_shipin__liuxie_16__part01,文心雕龍·史傳,劉勰,84,1712,1722,史肇軒黃，體備周孔。,史肇轩 黄 体备 周孔,史 肇 轩黄 体备 周孔,4,5,1
liuxie_shipin__liuxie_16,liuxie_shipin__liuxie_16__part01,文心雕龍·史傳,劉勰,85,1722,1732,世歷斯編，善惡偕總。,世历斯编 善恶 偕 总,世历 斯编 善恶 偕 总,4,5,1
liuxie_shipin__liuxie_16,liuxie_shipin__liuxie_16__part01,文心雕龍·史傳,劉勰,86,1734,1744,騰褒裁貶，萬古魂動。,腾 褒裁 贬 万古 魂动,腾褒 裁 贬 万古 魂动,5,5,1
liuxie_shipin__liuxie_16,liuxie_shipin__liuxie_16__part01,文心雕龍·史傳,劉勰,87,1744,1754,辭宗邱明，直歸南董。,辞宗 邱明 直归南 董,辞宗 邱明 直归南 董,4,4,0
liuxie_shipin__liuxie_17,liuxie_shipin__liuxie_17__part01,文心雕龍·諸子,劉勰,0,0,11,諸子者，入道見志之書。,诸子 者 入道 见志之书,诸子 者 入 道 见志 之 书,4,7,1
liuxie_shipin__liuxie_17,liuxie_shipin__liuxie_17__part01,文心雕龍·諸子,劉勰,1,11,21,太上立德，其次立言。,太 上 立德 其次 立言,太 上 立德 其次 立言,5,5,0
liuxie_shipin__liuxie_17,liuxie_shipin__liuxie_17__part01,文心雕龍·諸子,劉勰,2,21,34,百姓之群居，苦紛雜而莫顯；,百姓 之 群居 苦 纷杂 而莫显,百姓 之 群居 苦 纷杂 而莫显,6,6,0
liuxie_shipin__liuxie_17,liuxie_shipin__liuxie_17__part01,文心雕龍·諸子,劉勰,3,34,47,君子之處世，疾名德之不章。,君子 之 处世 疾名 德 之 不章,君子 之 处世 疾名 德 之 不章,7,7,0
liuxie_shipin__liuxie_17,liuxie_shipin__liuxie_17__part01,文心雕龍·諸子,劉勰,4,47,70,唯英才特達，則炳曜垂文，騰其姓氏，懸諸日月焉。,唯 英才 特达 则 炳 曜 垂文 腾其 姓氏 悬 诸 日月 焉,唯 英才 特达 则 炳 曜 垂文 腾其 姓氏 悬 诸 日月 焉,13,13,0
liuxie_shipin__liuxie_17,liuxie_shipin__liuxie_17__part01,文心雕龍·諸子,劉勰,5,70,89,昔《風后》《力牧》《伊尹》，咸其流也。,昔 风后 力牧 伊尹 咸其流 也,昔 风后 力牧 伊尹 咸其流 也,6,6,0
liuxie_shipin__liuxie_17,liuxie_shipin__liuxie_17__part01,文心雕龍·諸子,劉勰,6,89,107,篇述者，蓋上古遺語，而戰代所記者也。,篇述 者 盖 上古 遗语 而 战代所 记者 也,篇述 者 盖 上古 遗语 而 战代 所 记者 也,9,10,1
liuxie_shipin__liuxie_17,liuxie_shipin__liuxie_17__part01,文心雕龍·諸子,劉勰,7,107,131,至鬻熊知道，而文王諮詢，餘文遺事，錄為《鬻子》。,至鬻熊 知道 而 文王 咨询 余文 遗事 录为 鬻 子,至鬻熊 知道 而 文王 咨询 余文 遗事 录为 鬻 子,10,10,0
liuxie_shipin__liuxie_17,liuxie_shipin__liuxie_17__part01,文心雕龍·諸子,劉勰,8,131,163,子自肇始，莫先於茲，及伯陽識禮，而仲尼訪問，爰序道德，以冠百氏。,子自 肇始 莫 先于 兹 及伯阳识 礼 而 仲尼 访问 爰 序 道德 以冠百氏,子自 肇始 莫 先于 兹 及 伯阳 识礼 而 仲尼 访问 爰 序 道德 以冠百氏,14,15,1
liuxie_shipin__liuxie_17,liuxie_shipin__liuxie_17__part01,文心雕龍·諸子,劉勰,9,163,187,然則鬻惟文友，李實孔師，聖賢並世，而經子異流矣。,然则 鬻 惟 文友 李实 孔师 圣贤 并世 而 经子 异流 矣,然则 鬻 惟 文友 李实 孔师 圣贤 并世 而 经子 异流 矣,12,12,0
liuxie_shipin__liuxie_17,liuxie_shipin__liuxie_17__part01,文心雕龍·諸子,劉勰,10,189,201,逮及七國力政，俊乂蠭起。,逮及 七 国力 政 俊 乂 蠭 起,逮及 七 国力 政 俊 乂 蠭 起,8,8,0
liuxie_shipin__liuxie_17,liuxie_shipin__liuxie_17__part01,文心雕龍·諸子,劉勰,11,201,293,孟軻膺儒以磬折，莊周述道以翱翔，墨翟執儉确之教，尹文課名實之符，野老治國於地利，騶子養政於天文，申商刀鋸以制理，鬼谷脣吻以策勳，尸佼兼總於雜術，青史曲綴以街談，承流而枝附者，不可勝算。,孟轲 膺 儒以 磬 折 庄周 述 道 以 翱翔 墨翟 执俭确 之教 尹文课 名实 之符 野老 治国 于 地利 驺 子 养政于 天文 申商 刀锯 以制理 鬼谷 唇吻 以策 勋 尸佼 兼 总于 杂术 青史 曲缀 以 街谈 承流 而枝 附者 不可胜算,孟轲 膺 儒以 磬 折 庄周 述 道 以 翱翔 墨 翟执 俭确 之教 尹 文课 名实 之符 野老 治国 于 地利 驺子 养政 于 天文 申商 刀锯 以制理 鬼谷 唇吻 以 策勋 尸佼 兼总 于 杂术 青史 曲缀 以 街谈 承流 而枝 附者 不可胜算,43,45,1
liuxie_shipin__liuxie_17,liuxie_shipin__liuxie_17__part01,文心雕龍·諸子,劉勰,12,293,307,並飛辯以馳術，饜祿而餘榮矣。,并 飞辩 以 驰术 餍 禄 而 余荣 矣,并 飞辩 以 驰术 餍禄 而 余荣 矣,9,8,1
liuxie_shipin__liuxie_17,liuxie_shipin__liuxie_17__part01,文心雕龍·諸子,劉勰,13,309,332,暨於暴秦烈火，勢炎崐岡，而煙燎之毒，不及諸子。,暨于 暴秦 烈火 势炎 崐 冈 而烟燎 之毒 不及 诸子,暨于 暴秦 烈火 势炎 崐 冈 而 烟燎 之毒 不及 诸子,10,11,1
liuxie_shipin__liuxie_17,liuxie_shipin__liuxie_17__part01,文心雕龍·諸子,劉勰,14,332,370,逮漢成留思，子政讎校，於是《七略》芬菲，九流鱗萃，殺青所編，百有八十餘家矣。,逮汉成 留思 子政 雠 校 于是 七略 芬菲 九流 鳞萃 杀青 所编 百有 八十余 家 矣,逮汉成 留思 子政 雠校 于是 七略 芬菲 九流 鳞萃 杀青 所编 百有 八十余 家 矣,16,15,1
liuxie_shipin__liuxie_17,liuxie_shipin__liuxie_17__part01,文心雕龍·諸子,劉勰,15,370,402,迄至魏晉，作者間出，讕言兼存，璅語必錄，類聚而求，亦充箱照軫矣。,迄至 魏晋 作者 间 出 谰言 兼存 璅 语 必 录 类聚 而求 亦 充箱 照轸 矣,迄至 魏晋 作者 间 出 谰言 兼存 璅 语 必 录 类聚 而求 亦 充箱 照轸 矣,17,17,0
liuxie_shipin__liuxie_17,liuxie_shipin__liuxie_17__part01,文心雕龍·諸子,劉勰,16,404,426,然繁辭雖積，而本體易總，述道言治，枝條五經。,然繁辞 虽积 而 本体 易 总 述 道言治 枝条 五经,然 繁辞 虽积 而 本体 易 总 述 道言治 枝条 五经,10,11,1
liuxie_shipin__liuxie_17,liuxie_shipin__liuxie_17__part01,文心雕龍·諸子,劉勰,17,426,439,其純粹者入矩，踳駁者出規。,其 纯粹 者 入矩 踳 驳者 出规,其 纯粹 者 入矩 踳驳 者 出规,7,7,1
liuxie_shipin__liuxie_17,liuxie_shipin__liuxie_17__part01,文心雕龍·諸子,劉勰,18,439,454,《禮記‧月令》，取乎呂氏之紀。,礼记 月令 取乎 吕氏 之纪,礼记 月令 取乎 吕氏 之纪,5,5,0
liuxie_shipin__liuxie_17,liuxie_shipin__liuxie_17__part01,文心雕龍·諸子,劉勰,19,454,475,三年問喪，寫乎《荀子》之書，此純粹之類也。,三年 问丧 写乎 荀子 之 书 此 纯粹 之类 也,三年 问丧 写乎 荀子 之 书 此 纯粹 之类 也,10,10,0
liuxie_shipin__liuxie_17,liuxie_shipin__liuxie_17__part01,文心雕龍·諸子,劉勰,20,475,490,若乃湯之問棘云蚊睫有雷霆之聲；,若 乃 汤 之 问 棘云 蚊睫 有 雷霆 之声,若 乃 汤 之 问 棘云 蚊睫 有 雷霆 之声,10,10,0
liuxie_shipin__liuxie_17,liuxie_shipin__liuxie_17__part01,文心雕龍·諸子,劉勰,21,490,505,惠施對梁王，云蝸角有伏尸之戰；,惠施 对 梁王 云 蜗角 有伏 尸之战,惠施 对 梁王 云 蜗角 有伏 尸之战,7,7,0
liuxie_shipin__liuxie_17,liuxie_shipin__liuxie_17__part01,文心雕龍·諸子,劉勰,22,505,536,《列子》有移山跨海之談，《淮南》有傾天折地之說，此踳駁之類也。,列子 有 移山跨海 之谈 淮南 有 倾天 折地 之 说 此 踳 驳 之类 也,列子 有 移山跨海 之谈 淮南 有 倾天 折地 之 说 此 踳驳 之类 也,15,14,1
liuxie_shipin__liuxie_17,liuxie_shipin__liuxie_17__part01,文心雕龍·諸子,劉勰,23,536,546,是以世疾諸混洞虛誕。,是 以世疾 诸 混洞 虚诞,是 以世疾 诸 混洞 虚诞,5,5,0
liuxie_shipin__liuxie_17,liuxie_shipin__liuxie_17__part01,文心雕龍·諸子,劉勰,24,546,581,按《歸藏》之經，大明迂怪，乃稱羿斃十日，嫦娥奔月，殷湯如茲，況諸子乎！,按 归藏 之经 大明 迂怪 乃称 羿毙 十日 嫦娥奔月 殷汤 如兹 况 诸子 乎,按 归藏 之经 大明 迂怪 乃称 羿毙十日 嫦娥奔月 殷汤 如兹 况 诸子 乎,14,13,1
liuxie_shipin__liuxie_17,liuxie_shipin__liuxie_17__part01,文心雕龍·諸子,劉勰,25,583,607,至如商韓六蝨五蠹，棄孝廢仁，轘藥之禍，非虛至也。,至 如商 韩六虱 五 蠹 弃孝废仁 轘 药之祸 非虚 至 也,至 如 商韩 六虱 五 蠹 弃孝废仁 轘药 之祸 非虚 至 也,11,12,1
liuxie_shipin__liuxie_17,liuxie_shipin__liuxie_17__part01,文心雕龍·諸子,劉勰,26,607,632,公孫之白馬孤犢，辭巧理拙，魏牟比之鴞鳥，非妄貶也。,公孙 之 白马 孤犊 辞巧理拙 魏牟比 之 鸮 鸟 非妄 贬 也,公孙 之 白马 孤犊 辞巧理拙 魏牟比 之 鸮 鸟 非妄 贬 也,12,12,0
liuxie_shipin__liuxie_17,liuxie_shipin__liuxie_17__part01,文心雕龍·諸子,劉勰,27,632,650,昔東平求諸子、《史記》，而漢朝不與。,昔 东平 求 诸子 史记 而 汉朝 不 与,昔 东平 求 诸子 史记 而 汉朝 不 与,9,9,0
liuxie_shipin__liuxie_17,liuxie_shipin__liuxie_17__part01,文心雕龍·諸子,劉勰,28,650,668,蓋以《史記》多兵謀，而諸子雜詭術也。,盖以 史记 多兵谋 而 诸子 杂诡术 也,盖以 史记 多 兵谋 而 诸子 杂 诡术 也,7,9,1
liuxie_shipin__liuxie_17,liuxie_shipin__liuxie_17__part01,文心雕龍·諸子,劉勰,29,668,704,然洽聞之士，宜撮綱要，覽華而食實，棄邪而採正，極睇參差，亦學家之壯觀也。,然 洽闻 之士 宜撮 纲要 览 华而 食实 弃邪 而 采正 极 睇 参差 亦 学家 之 壮观 也,然 洽闻 之士 宜撮 纲要 览 华而 食实 弃邪 而 采正 极睇 参差 亦 学家 之 壮观 也,19,18,1
liuxie_shipin__liuxie_17,liuxie_shipin__liuxie_17__part01,文心雕龍·諸子,劉勰,30,706,719,研夫孟荀所述，理懿而辭雅；,研夫 孟荀 所述 理懿 而 辞雅,研夫 孟荀 所述 理懿 而 辞雅,6,6,0
liuxie_shipin__liuxie_17,liuxie_shipin__liuxie_17__part01,文心雕龍·諸子,劉勰,31,719,730,管晏屬篇，事覈而言練；,管晏属 篇 事核 而言 练,管晏 属篇 事核 而言 练,5,5,1
liuxie_shipin__liuxie_17,liuxie_shipin__liuxie_17__part01,文心雕龍·諸子,劉勰,32,730,742,列御寇之書，氣偉而采奇；,列 御寇 之 书 气 伟而 采奇,列 御寇 之 书 气 伟而 采奇,7,7,0
liuxie_shipin__liuxie_17,liuxie_shipin__liuxie_17__part01,文心雕龍·諸子,劉勰,33,742,753,鄒子之說，心奢而辭壯；,邹子 之 说 心奢 而 辞壮,邹子 之 说 心奢 而 辞壮,6,6,0
liuxie_shipin__liuxie_17,liuxie_shipin__liuxie_17__part01,文心雕龍·諸子,劉勰,34,753,764,墨翟隨巢，意顯而語質；,墨翟 随巢 意显 而 语质,墨翟 随巢 意显 而 语质,5,5,0
liuxie_shipin__liuxie_17,liuxie_shipin__liuxie_17__part01,文心雕龍·諸子,劉勰,35,764,775,尸佼尉繚，術通而文鈍；,尸佼 尉缭 术通 而 文钝,尸佼 尉缭 术通 而 文钝,5,5,0
liuxie_shipin__liuxie_17,liuxie_shipin__liuxie_17__part01,文心雕龍·諸子,劉勰,36,775,785,鶡冠緜緜，亟發深言；,鹖 冠 緜 緜 亟发 深言,鹖冠 緜 緜 亟发 深言,6,5,1
liuxie_shipin__liuxie_17,liuxie_shipin__liuxie_17__part01,文心雕龍·諸子,劉勰,37,785,795,鬼谷眇眇，每環奧義；,鬼谷 眇 眇 每环 奥义,鬼谷 眇 眇 每环 奥义,5,5,0
liuxie_shipin__liuxie_17,liuxie_shipin__liuxie_17__part01,文心雕龍·諸子,劉勰,38,795,806,情辨以澤，文子擅其能；,情辨 以泽 文子 擅其能,情辨 以泽 文子 擅其能,4,4,0
liuxie_shipin__liuxie_17,liuxie_shipin__liuxie_17__part01,文心雕龍·諸子,劉勰,39,806,817,辭約而精，尹文得其要；,辞约 而 精 尹文得 其要,辞约 而 精 尹文得 其要,5,5,0
liuxie_shipin__liuxie_17,liuxie_shipin__liuxie_17__part01,文心雕龍·諸子,劉勰,40,817,833,慎到析密理之巧，韓非著博喻之富；,慎到 析 密理 之巧 韩非 著博喻 之富,慎到 析 密理 之巧 韩非 著博喻 之富,7,7,0
liuxie_shipin__liuxie_17,liuxie_shipin__liuxie_17__part01,文心雕龍·諸子,劉勰,41,833,867,呂氏鑒遠而體周，淮南汎採而文麗，斯則得百氏之華采，而辭氣文之大略也。,吕氏 鉴远 而 体周 淮南 泛采 而 文丽 斯则 得 百氏 之华采 而辞 气 文之 大略 也,吕氏 鉴远 而 体周 淮南 泛采 而 文丽 斯则 得 百氏 之 华采 而辞 气 文之 大略 也,17,18,1
liuxie_shipin__liuxie_17,liuxie_shipin__liuxie_17__part01,文心雕龍·諸子,劉勰,42,869,947,若夫陸賈《典語》，賈誼《新書》，揚雄《法言》，劉向《說苑》，王符《潛夫》，崔實《政論》，仲長《昌言》，杜夷《幽求》，咸敘經典，或明政術，雖標論名，歸乎諸子。,若夫 陆贾 典语 贾谊 新书 扬雄 法 言 刘向 说苑 王符 潜夫 崔实 政论 仲长 昌言 杜夷 幽求 咸叙 经典 或 明政 术 虽标 论名 归乎 诸子,若夫 陆贾 典语 贾谊 新书 扬雄 法 言 刘向 说苑 王符 潜夫 崔实 政论 仲长 昌言 杜夷 幽求 咸叙 经典 或明 政术 虽标 论名 归乎 诸子,27,26,1
liuxie_shipin__liuxie_17,liuxie_shipin__liuxie_17__part01,文心雕龍·諸子,劉勰,43,947,950,何者？,何者,何者,1,1,0
liuxie_shipin__liuxie_17,liuxie_shipin__liuxie_17__part01,文心雕龍·諸子,劉勰,44,950,978,博明萬事為子，適辨一理為論，彼皆蔓延雜說，故入諸子之流。,博明 万事 为子 适辨 一理 为论 彼 皆 蔓延 杂说 故入 诸子之 流,博明 万事 为子 适辨 一理 为论 彼 皆 蔓延 杂说 故入 诸子之 流,13,13,0
liuxie_shipin__liuxie_17,liuxie_shipin__liuxie_17__part01,文心雕龍·諸子,劉勰,45,978,1002,夫自六國以前，去聖未遠，故能越世高談，自開戶牖。,夫自六国 以前 去 圣未远 故能 越 世高谈 自开 户牖,夫自 六国 以前 去 圣未远 故能 越世 高谈 自开 户牖,9,10,1
liuxie_shipin__liuxie_17,liuxie_shipin__liuxie_17__part01,文心雕龍·諸子,劉勰,46,1002,1024,兩漢以後，體勢浸弱，雖明乎坦途，而類多依採。,两汉 以后 体势 浸弱 虽明乎 坦途 而类 多 依采,两汉 以后 体势 浸弱 虽明乎 坦途 而 类多 依采,9,9,1
liuxie_shipin__liuxie_17,liuxie_shipin__liuxie_17__part01,文心雕龍·諸子,劉勰,47,1024,1032,此遠近之漸變也。,此 远近 之 渐变 也,此 远近 之 渐变 也,5,5,0
liuxie_shipin__liuxie_17,liuxie_shipin__liuxie_17__part01,文心雕龍·諸子,劉勰,48,1032,1035,嗟夫！,嗟夫,嗟夫,1,1,0
liuxie_shipin__liuxie_17,liuxie_shipin__liuxie_17__part01,文心雕龍·諸子,劉勰,49,1035,1072,身與時舛，志共道申，標心於萬古之上，而送懷於千載之下，金石靡矣，聲其銷乎！,身 与 时 舛 志共道 申 标心于 万古 之上 而 送 怀于 千载 之下 金石 靡 矣 声其 销乎,身 与时 舛 志共道 申 标心 于 万古 之上 而 送怀 于 千载 之下 金石 靡 矣 声其 销乎,19,19,1
liuxie_shipin__liuxie_17,liuxie_shipin__liuxie_17__part01,文心雕龍·諸子,劉勰,50,1074,1077,贊曰：,赞 曰,赞 曰,2,2,0
liuxie_shipin__liuxie_17,liuxie_shipin__liuxie_17__part01,文心雕龍·諸子,劉勰,51,1079,1089,丈夫處世，懷寶挺秀。,丈夫 处世 怀宝 挺秀,丈夫 处世 怀宝 挺秀,4,4,0
liuxie_shipin__liuxie_17,liuxie_shipin__liuxie_17__part01,文心雕龍·諸子,劉勰,52,1089,1099,辨雕萬物，智周宇宙。,辨雕 万物 智周 宇宙,辨雕 万物 智周 宇宙,4,4,0
liuxie_shipin__liuxie_17,liuxie_shipin__liuxie_17__part01,文心雕龍·諸子,劉勰,53,1101,1111,立德何隱，含道必授。,立德 何隐 含道 必授,立德 何隐 含道 必授,4,4,0
liuxie_shipin__liuxie_17,liuxie_shipin__liuxie_17__part01,文心雕龍·諸子,劉勰,54,1111,1121,條流殊述，若有區囿。,条流殊述 若有区 囿,条流 殊述 若有 区囿,3,4,1
liuxie_shipin__liuxie_18,liuxie_shipin__liuxie_18__part01,文心雕龍·論說,劉勰,0,0,14,聖哲彝訓曰經，述經敘理曰論。,圣哲 彝训 曰 经 述经 叙理 曰 论,圣哲 彝训 曰 经 述经 叙理 曰 论,8,8,0
liuxie_shipin__liuxie_18,liuxie_shipin__liuxie_18__part01,文心雕龍·論說,劉勰,1,14,20,論者，倫也；,论者 伦 也,论者 伦 也,3,3,0
liuxie_shipin__liuxie_18,liuxie_shipin__liuxie_18__part01,文心雕龍·論說,劉勰,2,20,31,倫理無爽，則聖意不墜。,伦理 无爽 则 圣意 不 坠,伦理 无爽 则 圣意 不坠,6,5,1
liuxie_shipin__liuxie_18,liuxie_shipin__liuxie_18__part01,文心雕龍·論說,劉勰,3,31,55,昔仲尼微言，門人追記，故抑其經目，稱為《論語》；,昔 仲尼 微言 门人 追记 故抑 其 经目 称为 论语,昔 仲尼 微言 门人 追记 故抑 其 经目 称为 论语,10,10,0
liuxie_shipin__liuxie_18,liuxie_shipin__liuxie_18__part01,文心雕龍·論說,劉勰,4,55,66,蓋群論立名，始於茲矣。,盖 群论 立 名 始于 兹 矣,盖 群论 立名 始于 兹 矣,7,6,1
liuxie_shipin__liuxie_18,liuxie_shipin__liuxie_18__part01,文心雕龍·論說,劉勰,5,66,81,自《論語》以前，經無「論」字；,自 论语 以前 经无 论 字,自 论语 以前 经无 论 字,6,6,0
liuxie_shipin__liuxie_18,liuxie_shipin__liuxie_18__part01,文心雕龍·論說,劉勰,6,81,94,《六韜》二論，後人追題乎！,六韬 二论 后人 追题 乎,六韬 二论 后人 追题 乎,5,5,0
liuxie_shipin__liuxie_18,liuxie_shipin__liuxie_18__part01,文心雕龍·論說,劉勰,7,96,126,詳觀論體，條流多品，陳政，則與議說合契，釋經，則與傳注參體；,详观 论体 条流 多品 陈政 则 与 议说 合契 释经 则 与 传注 参体,详观 论体 条流 多品 陈政 则 与 议说 合契 释经 则 与 传注 参体,14,14,0
liuxie_shipin__liuxie_18,liuxie_shipin__liuxie_18__part01,文心雕龍·論說,劉勰,8,126,136,辨史，則與贊評齊行；,辨史 则 与 赞评 齐行,辨史 则 与 赞评 齐行,5,5,0
liuxie_shipin__liuxie_18,liuxie_shipin__liuxie_18__part01,文心雕龍·論說,劉勰,9,136,146,銓文，則與敘引共紀。,铨文 则 与 叙 引共纪,铨文 则 与 叙 引共纪,5,5,0
liuxie_shipin__liuxie_18,liuxie_shipin__liuxie_18__part01,文心雕龍·論說,劉勰,10,146,152,故議者宜言；,故议者 宜言,故议者 宜言,2,2,0
liuxie_shipin__liuxie_18,liuxie_shipin__liuxie_18__part01,文心雕龍·論說,劉勰,11,152,157,說者說語；,说者 说语,说 者 说语,2,3,1
liuxie_shipin__liuxie_18,liuxie_shipin__liuxie_18__part01,文心雕龍·論說,劉勰,12,157,162,傳者轉師；,传者 转师,传者 转师,2,2,0
liuxie_shipin__liuxie_18,liuxie_shipin__liuxie_18__part01,文心雕龍·論說,劉勰,13,162,167,注者主解；,注者 主解,注者 主解,2,2,0
liuxie_shipin__liuxie_18,liuxie_shipin__liuxie_18__part01,文心雕龍·論說,劉勰,14,167,172,贊者明意；,赞者 明意,赞者 明意,2,2,0
liuxie_shipin__liuxie_18,liuxie_shipin__liuxie_18__part01,文心雕龍·論說,劉勰,15,172,177,評者平理；,评者 平理,评者 平理,2,2,0
liuxie_shipin__liuxie_18,liuxie_shipin__liuxie_18__part01,文心雕龍·論說,劉勰,16,177,182,序者次事；,序者 次 事,序者 次 事,3,3,0
liuxie_shipin__liuxie_18,liuxie_shipin__liuxie_18__part01,文心雕龍·論說,劉勰,17,182,187,引者胤辭；,引者 胤 辞,引者 胤辞,3,2,1
liuxie_shipin__liuxie_18,liuxie_shipin__liuxie_18__part01,文心雕龍·論說,劉勰,18,187,197,八名區分，一揆宗論。,八名 区分 一揆 宗论,八名 区分 一揆 宗论,4,4,0
liuxie_shipin__liuxie_18,liuxie_shipin__liuxie_18__part01,文心雕龍·論說,劉勰,19,197,214,論也者，彌綸群言，而研精一理者也。,论 也 者 弥纶 群言 而 研精 一理者 也,论 也 者 弥纶 群言 而 研精 一理者 也,9,9,0
liuxie_shipin__liuxie_18,liuxie_shipin__liuxie_18__part01,文心雕龍·論說,劉勰,20,216,230,是以莊周《齊物》，以論為名；,是 以 庄周 齐物 以论 为名,是 以 庄周 齐物 以论 为名,6,6,0
liuxie_shipin__liuxie_18,liuxie_shipin__liuxie_18__part01,文心雕龍·論說,劉勰,21,230,242,不韋《春秋》，六論昭列；,不韦 春秋 六论昭列,不韦 春秋 六论 昭列,3,4,1
liuxie_shipin__liuxie_18,liuxie_shipin__liuxie_18__part01,文心雕龍·論說,劉勰,22,242,253,至石渠論藝，白虎通講；,至 石渠 论艺 白虎通 讲,至 石渠 论艺 白虎通 讲,5,5,0
liuxie_shipin__liuxie_18,liuxie_shipin__liuxie_18__part01,文心雕龍·論說,劉勰,23,253,267,聚述聖言通經，論家之正體也。,聚述 圣言 通经 论家 之 正体 也,聚 述圣 言 通经 论家 之 正体 也,7,8,1
liuxie_shipin__liuxie_18,liuxie_shipin__liuxie_18__part01,文心雕龍·論說,劉勰,24,267,292,及班彪《王命》，嚴尤《三將》，敷述昭情，善入史體。,及班彪 王命 严尤 三 将 敷述 昭情 善入 史体,及班彪 王命 严尤 三 将 敷述 昭情 善入 史体,9,9,0
liuxie_shipin__liuxie_18,liuxie_shipin__liuxie_18__part01,文心雕龍·論說,劉勰,25,292,302,魏之初霸，術兼名法；,魏之初 霸 术 兼 名法,魏之初 霸 术 兼 名法,5,5,0
liuxie_shipin__liuxie_18,liuxie_shipin__liuxie_18__part01,文心雕龍·論說,劉勰,26,302,312,傅嘏王粲，校練名理。,傅嘏 王 粲 校练 名理,傅嘏 王 粲 校练 名理,5,5,0
liuxie_shipin__liuxie_18,liuxie_shipin__liuxie_18__part01,文心雕龍·論說,劉勰,27,312,322,迄至正始，務欲守文；,迄至 正始 务欲守文,迄至 正始 务欲守文,3,3,0
liuxie_shipin__liuxie_18,liuxie_shipin__liuxie_18__part01,文心雕龍·論說,劉勰,28,322,332,何晏之徒，始盛元論。,何晏 之徒 始盛元论,何晏 之徒 始盛元论,3,3,0
liuxie_shipin__liuxie_18,liuxie_shipin__liuxie_18__part01,文心雕龍·論說,劉勰,29,332,346,於是聃周當路，與尼父爭途矣。,于是 聃 周当路 与尼父 争途 矣,于是 聃 周当 路 与尼父 争途 矣,6,7,1
liuxie_shipin__liuxie_18,liuxie_shipin__liuxie_18__part01,文心雕龍·論說,劉勰,30,348,415,詳觀蘭石之《才性》，仲宣之《去伐》，叔夜之《辨聲》，太初之《本元》輔嗣之《兩例》，平叔之《二論》，並師心獨見，鋒穎精密，蓋人倫之英也。,详观兰石 之 才性 仲宣 之 去 伐 叔夜 之 辨声 太初 之 本 元 辅嗣 之 两例 平叔 之 二论 并 师心 独见 锋颖 精密 盖 人伦 之英 也,详观 兰石 之 才性 仲宣 之 去 伐 叔夜 之 辨声 太初 之 本 元 辅嗣 之 两例 平叔 之 二论 并 师心 独见 锋颖 精密 盖 人伦 之英 也,29,30,1
liuxie_shipin__liuxie_18,liuxie_shipin__liuxie_18__part01,文心雕龍·論說,劉勰,31,415,433,至如李康《運命》，同《論衡》而過之；,至 如 李康 运命 同 论衡 而 过 之,至 如 李康 运命 同 论衡 而 过 之,9,9,0
liuxie_shipin__liuxie_18,liuxie_shipin__liuxie_18__part01,文心雕龍·論說,劉勰,32,433,449,陸機《辨亡》，效《過秦》而不及；,陆机 辨亡 效 过秦 而 不及,陆机 辨亡 效 过秦 而 不及,6,6,0
liuxie_shipin__liuxie_18,liuxie_shipin__liuxie_18__part01,文心雕龍·論說,劉勰,33,449,455,然亦其美矣。,然亦其 美 矣,然亦其 美 矣,3,3,0
liuxie_shipin__liuxie_18,liuxie_shipin__liuxie_18__part01,文心雕龍·論說,劉勰,34,455,470,次及宋岱郭象，銳思於幾神之區；,次及 宋 岱 郭象 锐思于 几神 之区,次及 宋 岱 郭象 锐思 于 几神 之区,7,8,1
liuxie_shipin__liuxie_18,liuxie_shipin__liuxie_18__part01,文心雕龍·論說,劉勰,35,470,483,夷甫裴頠，交辨於有無之域；,夷甫 裴 𬱟 交辨于 有无 之域,夷甫 裴 𬱟 交辨于 有无 之域,6,6,0
liuxie_shipin__liuxie_18,liuxie_shipin__liuxie_18__part01,文心雕龍·論說,劉勰,36,483,494,並獨步當時，流聲後代。,并 独步当时 流声 后代,并 独步当时 流声 后代,4,4,0
liuxie_shipin__liuxie_18,liuxie_shipin__liuxie_18__part01,文心雕龍·論說,劉勰,37,494,505,然滯有者，全繫於形用；,然滞 有者 全系于 形用,然滞 有者 全系于 形用,4,4,0
liuxie_shipin__liuxie_18,liuxie_shipin__liuxie_18__part01,文心雕龍·論說,劉勰,38,505,515,貴無者，專守於寂寥；,贵无者 专守 于 寂寥,贵无 者 专守 于 寂寥,4,5,1
liuxie_shipin__liuxie_18,liuxie_shipin__liuxie_18__part01,文心雕龍·論說,劉勰,39,515,525,徒銳偏解，莫詣正理；,徒锐 偏解 莫诣 正理,徒锐 偏解 莫诣 正理,4,4,0
liuxie_shipin__liuxie_18,liuxie_shipin__liuxie_18__part01,文心雕龍·論說,劉勰,40,525,538,動極神源，其般若之絕境乎。,动极 神源 其 般若 之 绝境 乎,动 极神 源 其 般若 之 绝境 乎,7,8,1
liuxie_shipin__liuxie_18,liuxie_shipin__liuxie_18__part01,文心雕龍·論說,劉勰,41,538,549,逮江左群談，惟玄是務；,逮 江左 群谈 惟玄是务,逮 江左 群谈 惟玄是务,4,4,0
liuxie_shipin__liuxie_18,liuxie_shipin__liuxie_18__part01,文心雕龍·論說,劉勰,42,549,561,雖有日新，而多抽前緒矣。,虽有 日 新 而 多 抽 前绪 矣,虽有 日 新 而 多 抽 前绪 矣,8,8,0
liuxie_shipin__liuxie_18,liuxie_shipin__liuxie_18__part01,文心雕龍·論說,劉勰,43,563,577,至如張衡《譏世》，韻似俳說；,至 如 张衡 讥世 韵似 俳 说,至 如 张衡 讥世 韵似 俳说,7,6,1
liuxie_shipin__liuxie_18,liuxie_shipin__liuxie_18__part01,文心雕龍·論說,劉勰,44,577,589,孔融《孝廉》，但談嘲戲；,孔融 孝廉 但 谈 嘲戏,孔融 孝廉 但 谈 嘲戏,5,5,0
liuxie_shipin__liuxie_18,liuxie_shipin__liuxie_18__part01,文心雕龍·論說,劉勰,45,589,601,曹植《辨道》，體同書抄；,曹植 辨道 体同书 抄,曹植 辨道 体同 书抄,4,4,1
liuxie_shipin__liuxie_18,liuxie_shipin__liuxie_18__part01,文心雕龍·論說,劉勰,46,601,611,言不持正，論如其已。,言 不 持正 论 如其 已,言 不 持正 论 如其 已,6,6,0
liuxie_shipin__liuxie_18,liuxie_shipin__liuxie_18__part01,文心雕龍·論說,劉勰,47,611,625,原夫論之為體，所以辨正然否。,原夫论 之 为体 所以 辨正 然否,原夫论 之 为体 所以 辨正 然否,6,6,0
liuxie_shipin__liuxie_18,liuxie_shipin__liuxie_18__part01,文心雕龍·論說,劉勰,48,625,645,窮于有數，追于無形，迹堅求通，鉤深取極；,穷于 有数 追于 无形 迹 坚求通 钩 深取 极,穷于 有数 追于 无形 迹 坚求通 钩深 取极,9,8,1
liuxie_shipin__liuxie_18,liuxie_shipin__liuxie_18__part01,文心雕龍·論說,劉勰,49,645,659,乃百慮之筌蹄，萬事之權衡也。,乃百虑 之筌 蹄 万事 之 权衡 也,乃 百虑 之筌 蹄 万事 之 权衡 也,7,8,1
liuxie_shipin__liuxie_18,liuxie_shipin__liuxie_18__part01,文心雕龍·論說,劉勰,50,659,685,故其義貴圓通，辭忌枝碎，必使心與理合，彌縫莫見其隙；,故其义 贵 圆通 辞忌 枝碎 必使 心 与 理合 弥缝 莫见 其隙,故其义 贵 圆通 辞忌 枝碎 必使 心与 理合 弥缝 莫见 其隙,12,11,1
liuxie_shipin__liuxie_18,liuxie_shipin__liuxie_18__part01,文心雕龍·論說,劉勰,51,685,702,辭共心密，敵人不知所乘：斯其要也。,辞共心密 敌人 不知 所乘 斯其要 也,辞共心密 敌人 不知 所乘 斯其要 也,6,6,0
liuxie_shipin__liuxie_18,liuxie_shipin__liuxie_18__part01,文心雕龍·論說,劉勰,52,704,716,是以論如析薪，貴能破理。,是 以论 如析薪 贵能 破理,是 以论 如析薪 贵能 破理,5,5,0
liuxie_shipin__liuxie_18,liuxie_shipin__liuxie_18__part01,文心雕龍·論說,劉勰,53,716,736,斤利者，越理而橫斷，辭辨者，反義而取通；,斤利者 越理 而 横断 辞辨者 反义 而 取通,斤利者 越理 而 横断 辞辨者 反义 而 取通,8,8,0
liuxie_shipin__liuxie_18,liuxie_shipin__liuxie_18__part01,文心雕龍·論說,劉勰,54,736,747,覽文雖巧，而檢跡知妄。,览 文 虽巧 而 检迹 知妄,览 文 虽巧 而 检迹 知妄,6,6,0
liuxie_shipin__liuxie_18,liuxie_shipin__liuxie_18__part01,文心雕龍·論說,劉勰,55,747,764,唯君子能通天下之志，安可以曲論哉。,唯 君子 能 通天 下之志 安 可以 曲论 哉,唯 君子 能 通天 下之志 安 可以 曲论 哉,9,9,0
liuxie_shipin__liuxie_18,liuxie_shipin__liuxie_18__part01,文心雕龍·論說,劉勰,56,764,786,若夫注釋為詞，解散論體，雜文雖異，總會是同。,若夫 注释 为 词 解散 论体 杂文 虽异 总会 是 同,若夫 注释 为 词 解散 论体 杂文 虽异 总会 是 同,11,11,0
liuxie_shipin__liuxie_18,liuxie_shipin__liuxie_18__part01,文心雕龍·論說,劉勰,57,786,802,若秦延君之注《堯典》，十餘萬字；,若 秦延君 之注 尧典 十余万 字,若 秦延君 之注 尧典 十余万 字,6,6,0
liuxie_shipin__liuxie_18,liuxie_shipin__liuxie_18__part01,文心雕龍·論說,劉勰,58,802,816,朱普之解《尚書》，三十萬言；,朱普之解 尚书 三十万 言,朱普之解 尚书 三十万 言,4,4,0
liuxie_shipin__liuxie_18,liuxie_shipin__liuxie_18__part01,文心雕龍·論說,劉勰,59,816,828,所以通人惡煩，羞學章句。,所以 通人 恶烦 羞学 章句,所以 通人 恶烦 羞学 章句,5,5,0
liuxie_shipin__liuxie_18,liuxie_shipin__liuxie_18__part01,文心雕龍·論說,劉勰,60,828,871,若毛公之訓《詩》，安國之傳《書》，鄭君之釋《禮》，王弼之解《易》，要約明暢，可為式矣。,若 毛公之训 诗 安国 之传 书 郑君 之释 礼 王弼之 解 易 要约 明畅 可为 式 矣,若 毛公之训 诗 安国 之传 书 郑君 之释 礼 王弼之 解 易 要约 明畅 可为 式 矣,17,17,0
liuxie_shipin__liuxie_18,liuxie_shipin__liuxie_18__part01,文心雕龍·論說,劉勰,61,873,879,說者，悅也；,说 者 悦 也,说 者 悦 也,4,4,0
liuxie_shipin__liuxie_18,liuxie_shipin__liuxie_18__part01,文心雕龍·論說,劉勰,62,879,901,兌為口舌，故言資悅懌，過悅必偽，故舜驚讒說。,兑为 口舌 故言 资悦怿 过悦 必伪 故舜惊 谗 说,兑为 口舌 故言资 悦怿 过悦 必伪 故舜惊 谗说,9,8,1
liuxie_shipin__liuxie_18,liuxie_shipin__liuxie_18__part01,文心雕龍·論說,劉勰,63,901,914,說之善者，伊尹以論味隆殷；,说 之 善者 伊尹 以论 味隆 殷,说 之 善者 伊尹 以 论味 隆殷,7,7,1
liuxie_shipin__liuxie_18,liuxie_shipin__liuxie_18__part01,文心雕龍·論說,劉勰,64,914,922,太公以辨釣興周；,太公 以辨 钓兴周,太公 以 辨钓 兴周,3,4,1
liuxie_shipin__liuxie_18,liuxie_shipin__liuxie_18__part01,文心雕龍·論說,劉勰,65,922,942,及燭武行而紓鄭，端木出而存魯，亦其美也。,及烛 武行 而 纾 郑 端木 出而 存鲁 亦 其美 也,及烛 武行 而 纾 郑 端木 出而 存鲁 亦 其美 也,11,11,0
liuxie_shipin__liuxie_18,liuxie_shipin__liuxie_18__part01,文心雕龍·論說,劉勰,66,942,953,暨戰國爭雄，辨士雲踊；,暨 战国 争雄 辨士 云 踊,暨 战国 争雄 辨士 云 踊,6,6,0
liuxie_shipin__liuxie_18,liuxie_shipin__liuxie_18__part01,文心雕龍·論說,劉勰,67,953,963,從橫參謀，長短角勢；,从 横 参谋 长短 角势,从横 参谋 长短 角势,5,4,1
liuxie_shipin__liuxie_18,liuxie_shipin__liuxie_18__part01,文心雕龍·論說,劉勰,68,963,981,《轉丸》騁其巧辭，《飛鉗》伏其精術；,转丸 骋 其 巧辞 飞钳 伏其 精术,转丸 骋 其 巧辞 飞钳 伏其 精术,7,7,0
liuxie_shipin__liuxie_18,liuxie_shipin__liuxie_18__part01,文心雕龍·論說,劉勰,69,981,1005,一人之辨，重於九鼎之寶，三寸之舌，強於百萬之師；,一人 之 辨 重于 九鼎 之宝 三寸之舌 强于 百万 之师,一人 之 辨 重于 九鼎 之宝 三寸之舌 强于 百万 之师,10,10,0
liuxie_shipin__liuxie_18,liuxie_shipin__liuxie_18__part01,文心雕龍·論說,劉勰,70,1005,1019,六印磊落以佩，五都隱賑而封。,六印 磊落 以佩 五 都 隐 赈 而 封,六印 磊落 以佩 五 都 隐赈 而 封,9,8,1
liuxie_shipin__liuxie_18,liuxie_shipin__liuxie_18__part01,文心雕龍·論說,劉勰,71,1019,1030,至漢定秦楚，辨士弭節；,至汉定 秦楚 辨士 弭 节,至汉定 秦楚 辨士 弭节,5,4,1
liuxie_shipin__liuxie_18,liuxie_shipin__liuxie_18__part01,文心雕龍·論說,劉勰,72,1030,1046,酈君既斃於齊鑊，蒯子幾入乎漢鼎；,郦君 既 毙 于 齐 镬 蒯子 几入乎 汉鼎,郦君 既 毙 于 齐 镬 蒯子 几入乎 汉鼎,9,9,0
liuxie_shipin__liuxie_18,liuxie_shipin__liuxie_18__part01,文心雕龍·論說,劉勰,73,1046,1082,雖復陸賈籍甚，張釋傅會，杜欽文辨，樓護脣舌，頡頏萬乘之階，抵噓公卿之席；,虽复陆 贾籍 甚 张释 傅会 杜钦 文辨 楼护 唇舌 颉颃 万乘 之阶 抵嘘 公卿之 席,虽 复陆 贾籍 甚 张释 傅会 杜钦 文辨 楼护唇舌 颉颃 万乘 之阶 抵嘘 公卿之 席,15,15,1
liuxie_shipin__liuxie_18,liuxie_shipin__liuxie_18__part01,文心雕龍·論說,劉勰,74,1082,1098,並順風以託勢，莫能逆波而泝洄矣。,并 顺风 以托势 莫能 逆波 而 溯 洄 矣,并 顺风 以 托势 莫能 逆波 而 溯 洄 矣,9,10,1
liuxie_shipin__liuxie_18,liuxie_shipin__liuxie_18__part01,文心雕龍·論說,劉勰,75,1100,1121,夫說貴撫會，弛張相隨，不專緩頰，亦在刀筆。,夫说 贵抚会 弛张 相随 不专 缓颊 亦 在 刀笔,夫说 贵 抚会 弛张 相随 不专 缓颊 亦 在 刀笔,9,10,1
liuxie_shipin__liuxie_18,liuxie_shipin__liuxie_18__part01,文心雕龍·論說,劉勰,76,1121,1164,范雎之言事，李斯之止逐客，並煩情入機，動言中務，雖批逆鱗，而功成計合，此上書之善說也。,范雎 之言事 李斯 之止 逐客 并烦 情入机 动 言中 务 虽批 逆 鳞 而功 成计合 此 上书 之善 说 也,范雎 之言事 李斯 之止 逐客 并 烦情 入机 动 言中 务 虽 批逆鳞 而功 成计合 此 上书 之善 说 也,20,20,1
liuxie_shipin__liuxie_18,liuxie_shipin__liuxie_18__part01,文心雕龍·論說,劉勰,77,1164,1187,至於鄒陽之說吳梁，喻巧而理至，故雖危而無咎矣。,至于 邹阳 之 说 吴梁 喻巧 而理 至 故 虽 危而 无咎 矣,至于 邹阳 之 说 吴梁 喻巧 而理 至 故 虽 危而 无咎 矣,13,13,0
liuxie_shipin__liuxie_18,liuxie_shipin__liuxie_18__part01,文心雕龍·論說,劉勰,78,1187,1209,敬通之說鮑鄧，事緩而文繁，所以歷騁而罕遇也。,敬通 之 说 鲍邓 事缓 而 文繁 所以 历骋 而 罕遇 也,敬通 之 说 鲍邓 事缓 而 文繁 所以 历骋 而 罕遇 也,12,12,0
liuxie_shipin__liuxie_18,liuxie_shipin__liuxie_18__part01,文心雕龍·論說,劉勰,79,1209,1223,凡說之樞要，必使時利而義貞；,凡 说 之 枢要 必使 时利 而义贞,凡 说 之 枢要 必使 时利 而义贞,7,7,0
liuxie_shipin__liuxie_18,liuxie_shipin__liuxie_18__part01,文心雕龍·論說,劉勰,80,1223,1237,進有契於成務，退無阻於榮身。,进有 契于 成务 退 无阻 于荣身,进有 契于 成务 退 无阻 于 荣身,6,7,1
liuxie_shipin__liuxie_18,liuxie_shipin__liuxie_18__part01,文心雕龍·論說,劉勰,81,1237,1248,自非譎敵，則唯忠與信。,自非 谲 敌 则 唯忠 与 信,自非 谲 敌 则 唯忠 与 信,7,7,0
liuxie_shipin__liuxie_18,liuxie_shipin__liuxie_18__part01,文心雕龍·論說,劉勰,82,1248,1262,披肝膽以獻主，飛文敏以濟辭；,披 肝胆 以献主 飞文敏 以济辞,披肝胆 以 献主 飞文 敏 以济辞,5,6,1
liuxie_shipin__liuxie_18,liuxie_shipin__liuxie_18__part01,文心雕龍·論說,劉勰,83,1262,1268,此說之本也。,此说 之本 也,此说 之本 也,3,3,0
liuxie_shipin__liuxie_18,liuxie_shipin__liuxie_18__part01,文心雕龍·論說,劉勰,84,1268,1283,而陸氏直稱說煒曄以譎誑，何哉？,而 陆氏 直称 说炜晔以 谲 诳 何哉,而 陆氏 直称 说 炜晔 以 谲诳 何哉,7,8,1
liuxie_shipin__liuxie_18,liuxie_shipin__liuxie_18__part01,文心雕龍·論說,劉勰,85,1285,1288,贊曰：,赞 曰,赞 曰,2,2,0
liuxie_shipin__liuxie_18,liuxie_shipin__liuxie_18__part01,文心雕龍·論說,劉勰,86,1290,1300,理形於言，敘理成論。,理形 于 言 叙理 成论,理形 于 言 叙理 成论,5,5,0
liuxie_shipin__liuxie_18,liuxie_shipin__liuxie_18__part01,文心雕龍·論說,劉勰,87,1300,1310,詞深人天，致遠方寸。,词深 人天 致远 方寸,词深 人天 致远 方寸,4,4,0
liuxie_shipin__liuxie_18,liuxie_shipin__liuxie_18__part01,文心雕龍·論說,劉勰,88,1312,1322,陰陽莫貳，鬼神靡遯。,阴阳 莫 贰 鬼神 靡 遯,阴阳 莫 贰 鬼神 靡 遯,6,6,0
liuxie_shipin__liuxie_18,liuxie_shipin__liuxie_18__part01,文心雕龍·論說,劉勰,89,1322,1332,說爾飛鉗，呼吸沮勸。,说尔飞 钳 呼吸 沮劝,说尔 飞钳 呼吸 沮劝,4,4,1
liuxie_shipin__liuxie_19,liuxie_shipin__liuxie_19__part01,文心雕龍·詔策,劉勰,0,0,10,皇帝御寓，其言也神。,皇帝 御寓 其言 也 神,皇帝 御寓 其言 也 神,5,5,0
liuxie_shipin__liuxie_19,liuxie_shipin__liuxie_19__part01,文心雕龍·詔策,劉勰,1,10,26,淵嘿黼扆，而響盈四表，唯詔策乎！,渊嘿 黼 扆 而响 盈四表 唯诏 策乎,渊嘿 黼 扆 而响 盈四表 唯 诏策 乎,7,8,1
liuxie_shipin__liuxie_19,liuxie_shipin__liuxie_19__part01,文心雕龍·詔策,劉勰,2,26,37,昔軒轅唐虞，同稱為命。,昔 轩辕 唐虞 同 称为 命,昔 轩辕 唐虞 同 称为 命,6,6,0
liuxie_shipin__liuxie_19,liuxie_shipin__liuxie_19__part01,文心雕龍·詔策,劉勰,3,37,48,命之為義，制性之本也。,命之为义 制性 之本 也,命之为义 制性 之本 也,4,4,0
liuxie_shipin__liuxie_19,liuxie_shipin__liuxie_19__part01,文心雕龍·詔策,劉勰,4,48,58,其在三代，事兼誥誓。,其 在 三代 事 兼 诰 誓,其 在 三代 事 兼 诰誓,7,6,1
liuxie_shipin__liuxie_19,liuxie_shipin__liuxie_19__part01,文心雕龍·詔策,劉勰,5,58,79,誓以訓戎，誥以敷政，命喻自天，故授官錫允。,誓以 训戎 诰 以 敷政 命喻 自天 故授 官锡允,誓以 训戎 诰 以 敷政 命喻 自天 故授 官锡允,9,9,0
liuxie_shipin__liuxie_19,liuxie_shipin__liuxie_19__part01,文心雕龍·詔策,劉勰,6,79,92,易之姤象，后以施命誥四方。,易 之 姤 象 后以 施命 诰 四方,易 之 姤 象 后 以施 命诰 四方,8,8,1
liuxie_shipin__liuxie_19,liuxie_shipin__liuxie_19__part01,文心雕龍·詔策,劉勰,7,92,105,誥命動民，若天下之有風矣。,诰命 动民 若 天下 之有 风 矣,诰命 动民 若 天下 之有 风 矣,7,7,0
liuxie_shipin__liuxie_19,liuxie_shipin__liuxie_19__part01,文心雕龍·詔策,劉勰,8,107,117,降及七國，並稱曰令。,降及 七国 并称 曰 令,降及 七国 并称 曰 令,5,5,0
liuxie_shipin__liuxie_19,liuxie_shipin__liuxie_19__part01,文心雕龍·詔策,劉勰,9,117,123,令者，使也。,令者 使 也,令者 使 也,3,3,0
liuxie_shipin__liuxie_19,liuxie_shipin__liuxie_19__part01,文心雕龍·詔策,劉勰,10,123,133,秦并天下，改命曰制。,秦 并 天下 改命 曰 制,秦 并 天下 改命 曰 制,6,6,0
liuxie_shipin__liuxie_19,liuxie_shipin__liuxie_19__part01,文心雕龍·詔策,劉勰,11,133,165,漢初定儀則，則命有四品：一曰策書，二曰制書，三曰詔書，四曰戒敕。,汉初定 仪则 则 命 有 四品 一 曰 策书 二 曰 制书 三 曰 诏书 四 曰 戒 敕,汉 初定 仪则 则 命 有 四品 一 曰 策书 二 曰 制书 三 曰 诏书 四 曰 戒 敕,19,20,1
liuxie_shipin__liuxie_19,liuxie_shipin__liuxie_19__part01,文心雕龍·詔策,劉勰,12,165,185,敕戒州部，詔誥百官，制施赦命，策封王侯。,敕 戒州部 诏 诰 百官 制施 赦命 策封 王侯,敕 戒州部 诏诰 百官 制施 赦命 策封 王侯,9,8,1
liuxie_shipin__liuxie_19,liuxie_shipin__liuxie_19__part01,文心雕龍·詔策,劉勰,13,185,191,策者，簡也。,策者 简也,策者 简也,2,2,0
liuxie_shipin__liuxie_19,liuxie_shipin__liuxie_19__part01,文心雕龍·詔策,劉勰,14,191,197,制者，裁也。,制者 裁 也,制者 裁 也,3,3,0
liuxie_shipin__liuxie_19,liuxie_shipin__liuxie_19__part01,文心雕龍·詔策,劉勰,15,197,203,詔者，告也。,诏者 告 也,诏者 告 也,3,3,0
liuxie_shipin__liuxie_19,liuxie_shipin__liuxie_19__part01,文心雕龍·詔策,劉勰,16,203,209,敕者，正也。,敕者 正 也,敕者 正 也,3,3,0
liuxie_shipin__liuxie_19,liuxie_shipin__liuxie_19__part01,文心雕龍·詔策,劉勰,17,209,213,《詩》云,诗 云,诗 云,2,2,0
liuxie_shipin__liuxie_19,liuxie_shipin__liuxie_19__part01,文心雕龍·詔策,劉勰,18,217,218,；,,,0,0,0
liuxie_shipin__liuxie_19,liuxie_shipin__liuxie_19__part01,文心雕龍·詔策,劉勰,19,218,229,《易》稱君子以制數度；,易 称 君子 以制 数度,易 称 君子 以制 数度,5,5,0
liuxie_shipin__liuxie_19,liuxie_shipin__liuxie_19__part01,文心雕龍·詔策,劉勰,20,229,238,《禮》稱明君之詔；,礼 称明君 之 诏,礼 称明君 之 诏,4,4,0
liuxie_shipin__liuxie_19,liuxie_shipin__liuxie_19__part01,文心雕龍·詔策,劉勰,21,238,247,《書》稱敕天之命；,书 称 敕 天之命,书 称 敕 天之命,4,4,0
liuxie_shipin__liuxie_19,liuxie_shipin__liuxie_19__part01,文心雕龍·詔策,劉勰,22,247,256,並本經典以立名目。,并本 经典 以立 名目,并本 经典 以立 名目,4,4,0
liuxie_shipin__liuxie_19,liuxie_shipin__liuxie_19__part01,文心雕龍·詔策,劉勰,23,256,266,遠詔近命，習秦制也。,远 诏 近命 习秦制 也,远 诏 近命 习秦制 也,5,5,0
liuxie_shipin__liuxie_19,liuxie_shipin__liuxie_19__part01,文心雕龍·詔策,劉勰,24,268,280,記稱絲綸，所以應接群后。,记称 丝纶 所以 应接 群后,记称 丝纶 所以 应接 群后,5,5,0
liuxie_shipin__liuxie_19,liuxie_shipin__liuxie_19__part01,文心雕龍·詔策,劉勰,25,280,290,虞重納言，周貴喉舌。,虞重 纳言 周贵 喉舌,虞重 纳言 周贵 喉舌,4,4,0
liuxie_shipin__liuxie_19,liuxie_shipin__liuxie_19__part01,文心雕龍·詔策,劉勰,26,290,301,故兩漢詔誥，職在尚書。,故 两汉 诏 诰 职在 尚书,故 两汉 诏诰 职在 尚书,6,5,1
liuxie_shipin__liuxie_19,liuxie_shipin__liuxie_19__part01,文心雕龍·詔策,劉勰,27,301,321,王言之大，動入史策，其出如綍，不反若汗。,王言之大 动入 史策 其出 如 綍 不 反若汗,王言之大 动入 史策 其出 如 綍 不 反若汗,8,8,0
liuxie_shipin__liuxie_19,liuxie_shipin__liuxie_19__part01,文心雕龍·詔策,劉勰,28,321,337,是以淮南有英才，武帝使相如視草；,是 以 淮南 有 英才 武帝 使 相如视 草,是 以 淮南 有 英才 武帝 使 相如 视草,9,9,1
liuxie_shipin__liuxie_19,liuxie_shipin__liuxie_19__part01,文心雕龍·詔策,劉勰,29,337,351,隴右多文士，光武加意於書辭；,陇右 多 文士 光武 加意 于书辞,陇右 多 文士 光武 加意 于 书辞,6,7,1
liuxie_shipin__liuxie_19,liuxie_shipin__liuxie_19__part01,文心雕龍·詔策,劉勰,30,351,365,豈直取美當時，亦敬慎來葉矣。,岂 直取 美 当时 亦 敬慎来 叶 矣,岂 直取 美 当时 亦 敬慎 来叶 矣,8,8,1
liuxie_shipin__liuxie_19,liuxie_shipin__liuxie_19__part01,文心雕龍·詔策,劉勰,31,367,378,觀文景以前，詔體浮新；,观 文景 以前 诏体 浮新,观 文景 以前 诏体 浮新,5,5,0
liuxie_shipin__liuxie_19,liuxie_shipin__liuxie_19__part01,文心雕龍·詔策,劉勰,32,378,388,武帝崇儒，選言弘奧。,武帝 崇儒 选言弘奥,武帝 崇儒 选言 弘奥,3,4,1
liuxie_shipin__liuxie_19,liuxie_shipin__liuxie_19__part01,文心雕龍·詔策,劉勰,33,388,398,策封三王，文同訓典；,策封 三王 文 同 训典,策封 三王 文 同 训典,5,5,0
liuxie_shipin__liuxie_19,liuxie_shipin__liuxie_19__part01,文心雕龍·詔策,劉勰,34,398,408,勸戒淵雅，垂範後代；,劝戒 渊雅 垂范 后代,劝戒 渊雅 垂范 后代,4,4,0
liuxie_shipin__liuxie_19,liuxie_shipin__liuxie_19__part01,文心雕龍·詔策,劉勰,35,408,421,及制詔嚴助，即云厭承明廬。,及制 诏 严助 即云厌 承明庐,及 制诏 严助 即云厌 承明庐,5,5,1
liuxie_shipin__liuxie_19,liuxie_shipin__liuxie_19__part01,文心雕龍·詔策,劉勰,36,421,428,蓋寵才之恩也。,盖 宠 才 之 恩 也,盖 宠 才 之 恩 也,6,6,0
liuxie_shipin__liuxie_19,liuxie_shipin__liuxie_19__part01,文心雕龍·詔策,劉勰,37,428,446,孝宣璽書，賜太守陳遂，亦故舊之厚也。,孝宣玺 书 赐 太守 陈遂 亦 故旧 之厚 也,孝宣 玺书 赐 太守 陈遂 亦 故旧 之厚 也,9,9,1
liuxie_shipin__liuxie_19,liuxie_shipin__liuxie_19__part01,文心雕龍·詔策,劉勰,38,448,470,逮光武撥亂，留意斯文，而造次喜怒，時或偏濫。,逮光 武拨乱 留意 斯文 而 造次 喜怒 时 或 偏滥,逮光武 拨乱 留意 斯文 而 造次 喜怒 时或 偏滥,10,9,1
liuxie_shipin__liuxie_19,liuxie_shipin__liuxie_19__part01,文心雕龍·詔策,劉勰,39,470,492,詔賜鄧禹，稱司徒為堯，敕責侯霸，稱黃鉞一下。,诏赐 邓禹 称 司徒 为尧 敕责 侯霸 称 黄钺 一下,诏赐 邓禹 称 司徒 为尧 敕责 侯霸 称 黄钺 一下,10,10,0
liuxie_shipin__liuxie_19,liuxie_shipin__liuxie_19__part01,文心雕龍·詔策,劉勰,40,492,502,若斯之類，實乖憲章。,若斯 之类 实乖 宪章,若斯 之类 实乖 宪章,4,4,0
liuxie_shipin__liuxie_19,liuxie_shipin__liuxie_19__part01,文心雕龍·詔策,劉勰,41,502,513,暨明章崇學，雅詔間出。,暨 明章 崇学 雅诏间 出,暨 明章 崇学 雅诏间 出,5,5,0
liuxie_shipin__liuxie_19,liuxie_shipin__liuxie_19__part01,文心雕龍·詔策,劉勰,42,513,533,和安政弛，禮閣鮮才，每為詔敕，假手外請。,和 安政弛 礼阁 鲜才 每为 诏 敕 假手 外请,和 安政弛 礼 阁鲜 才 每为 诏敕 假手 外请,9,9,1
liuxie_shipin__liuxie_19,liuxie_shipin__liuxie_19__part01,文心雕龍·詔策,劉勰,43,533,555,建安之末，文理代興，潘勖《九錫》，典雅逸群。,建安 之末 文理 代兴 潘勖 九锡 典雅 逸群,建安 之末 文理 代兴 潘勖 九锡 典雅 逸群,8,8,0
liuxie_shipin__liuxie_19,liuxie_shipin__liuxie_19__part01,文心雕龍·詔策,劉勰,44,555,570,衛覬禪誥，符采炳耀，弗可加已。,卫 觊禅 诰 符采炳耀 弗可加 已,卫 觊 禅诰 符采炳耀 弗可加 已,6,6,1
liuxie_shipin__liuxie_19,liuxie_shipin__liuxie_19__part01,文心雕龍·詔策,劉勰,45,572,603,自魏晉誥策，職在中書，劉放張華，互管斯任，施令發號，洋洋盈耳。,自 魏晋 诰策 职在 中书 刘放 张华 互管斯任 施令 发号 洋洋盈耳,自 魏晋 诰策 职在 中书 刘放 张华 互管斯任 施令 发号 洋洋盈耳,11,11,0
liuxie_shipin__liuxie_19,liuxie_shipin__liuxie_19__part01,文心雕龍·詔策,劉勰,46,603,629,魏文帝下詔，辭義多偉，至於作威作福，其萬慮之一弊乎！,魏文帝 下 诏 辞义 多伟 至于 作威作福 其万虑 之一 弊乎,魏文帝 下 诏 辞义 多伟 至于 作威作福 其 万虑 之一 弊乎,10,11,1
liuxie_shipin__liuxie_19,liuxie_shipin__liuxie_19__part01,文心雕龍·詔策,劉勰,47,629,652,晉氏中興，唯明帝崇才，以溫嶠文清，故引入中書。,晋氏 中兴 唯明帝 崇才 以 温峤 文清 故 引入 中书,晋氏 中兴 唯明帝 崇才 以 温峤 文清 故 引入 中书,10,10,0
liuxie_shipin__liuxie_19,liuxie_shipin__liuxie_19__part01,文心雕龍·詔策,劉勰,48,652,663,自斯以後，體憲風流矣。,自斯 以后 体宪 风流 矣,自斯 以后 体宪 风流 矣,5,5,0
liuxie_shipin__liuxie_19,liuxie_shipin__liuxie_19__part01,文心雕龍·詔策,劉勰,49,665,688,夫王言崇秘，大觀在上，所以百辟其刑，萬邦作孚。,夫王言崇秘 大观 在 上 所以 百辟 其刑 万邦 作孚,夫王言崇秘 大观 在 上 所以 百辟 其刑 万邦 作孚,9,9,0
liuxie_shipin__liuxie_19,liuxie_shipin__liuxie_19__part01,文心雕龍·詔策,劉勰,50,688,702,故授官選賢，則義炳重離之輝；,故授 官选贤 则 义炳重 离之辉,故授 官 选贤 则 义炳 重离 之辉,5,7,1
liuxie_shipin__liuxie_19,liuxie_shipin__liuxie_19__part01,文心雕龍·詔策,劉勰,51,702,715,優文封策，則氣含風雨之潤；,优文 封策 则 气 含 风雨 之润,优文 封策 则 气 含 风雨 之润,7,7,0
liuxie_shipin__liuxie_19,liuxie_shipin__liuxie_19__part01,文心雕龍·詔策,劉勰,52,715,728,敕戒恆誥，則筆吐星漢之華；,敕 戒恒 诰 则 笔吐 星汉 之华,敕 戒 恒诰 则 笔吐 星汉 之华,7,7,1
liuxie_shipin__liuxie_19,liuxie_shipin__liuxie_19__part01,文心雕龍·詔策,劉勰,53,728,741,治戎燮伐，則聲有洊雷之威；,治戎燮伐 则 声 有 洊 雷之威,治戎燮伐 则声 有 洊 雷之威,6,5,1
liuxie_shipin__liuxie_19,liuxie_shipin__liuxie_19__part01,文心雕龍·詔策,劉勰,54,741,754,眚災肆赦，則文有春露之滋；,眚 灾肆 赦 则 文有 春露 之滋,眚灾 肆赦 则 文有 春露 之滋,7,6,1
liuxie_shipin__liuxie_19,liuxie_shipin__liuxie_19__part01,文心雕龍·詔策,劉勰,55,754,775,明罰敕法，則辭有秋霜之烈：此詔策之大略也。,明罚敕法 则 辞 有 秋霜 之烈 此诏策 之 大略 也,明罚敕法 则 辞 有 秋霜 之烈 此 诏策 之 大略 也,10,11,1
liuxie_shipin__liuxie_19,liuxie_shipin__liuxie_19__part01,文心雕龍·詔策,劉勰,56,777,802,戒敕為文，實詔之切者，周穆命郊父受敕憲，此其事也。,戒 敕 为 文 实诏 之 切者 周穆命 郊父 受 敕 宪 此其事 也,戒 敕 为 文 实诏 之 切者 周穆命 郊父 受 敕宪 此其事 也,14,13,1
liuxie_shipin__liuxie_19,liuxie_shipin__liuxie_19__part01,文心雕龍·詔策,劉勰,57,802,820,魏武稱作敕戒，當指事而語，勿得依違；,魏武 称作 敕 戒 当 指事 而语 勿 得 依违,魏武 称作 敕 戒 当 指事 而语 勿 得 依违,10,10,0
liuxie_shipin__liuxie_19,liuxie_shipin__liuxie_19__part01,文心雕龍·詔策,劉勰,58,820,825,曉治要矣。,晓治要 矣,晓治要 矣,2,2,0
liuxie_shipin__liuxie_19,liuxie_shipin__liuxie_19__part01,文心雕龍·詔策,劉勰,59,825,836,及晉武敕戒，備告百官；,及 晋武 敕 戒 备告 百官,及 晋武 敕 戒 备告 百官,6,6,0
liuxie_shipin__liuxie_19,liuxie_shipin__liuxie_19__part01,文心雕龍·詔策,劉勰,60,836,869,敕都督以兵要，戒州牧以董司，警郡守以恤隱，勒牙門以禦衛，有訓典焉。,敕 都督 以兵 要 戒 州牧 以 董司 警 郡守 以恤隐 勒牙门 以御卫 有 训典 焉,敕 都督 以兵 要 戒 州牧 以 董司 警 郡守 以 恤隐 勒 牙门 以 御卫 有 训典 焉,16,19,1
liuxie_shipin__liuxie_19,liuxie_shipin__liuxie_19__part01,文心雕龍·詔策,劉勰,61,869,882,戒者，慎也，禹稱戒之用休。,戒者 慎 也 禹称 戒 之用 休,戒者 慎 也 禹称 戒 之用 休,7,7,0
liuxie_shipin__liuxie_19,liuxie_shipin__liuxie_19__part01,文心雕龍·詔策,劉勰,62,882,918,君父至尊，在三罔極，漢高祖之《敕太子》，東方朔之《戒子》，亦顧命之作也。,君父 至尊 在 三 罔极 汉高祖 之 敕 太子 东方朔 之 戒子 亦 顾命 之作 也,君父 至尊 在 三 罔极 汉高祖 之 敕 太子 东方朔 之 戒子 亦 顾命 之作 也,16,16,0
liuxie_shipin__liuxie_19,liuxie_shipin__liuxie_19__part01,文心雕龍·詔策,劉勰,63,918,929,及馬援以下，各貽家戒。,及马援 以下 各贻家戒,及马援 以下 各贻家戒,3,3,0
liuxie_shipin__liuxie_19,liuxie_shipin__liuxie_19__part01,文心雕龍·詔策,劉勰,64,929,940,班姬女戒，足稱母師也。,班姬 女戒 足称 母师 也,班姬 女戒 足称 母师 也,5,5,0
liuxie_shipin__liuxie_19,liuxie_shipin__liuxie_19__part01,文心雕龍·詔策,劉勰,65,942,948,教者，效也。,教者 效 也,教者 效 也,3,3,0
liuxie_shipin__liuxie_19,liuxie_shipin__liuxie_19__part01,文心雕龍·詔策,劉勰,66,948,955,出言而民效也。,出言 而民效 也,出言 而民效 也,3,3,0
liuxie_shipin__liuxie_19,liuxie_shipin__liuxie_19__part01,文心雕龍·詔策,劉勰,67,955,966,契敷五教，故王侯稱教。,契敷五教 故 王侯 称教,契敷五教 故 王侯 称教,4,4,0
liuxie_shipin__liuxie_19,liuxie_shipin__liuxie_19__part01,文心雕龍·詔策,劉勰,68,966,987,昔鄭弘之守南陽，條教為後所述，乃事緒明也。,昔 郑弘之守 南阳 条教为 后 所述 乃事绪明 也,昔 郑弘之守 南阳 条教 为 后 所述 乃 事绪 明 也,8,11,1
liuxie_shipin__liuxie_19,liuxie_shipin__liuxie_19__part01,文心雕龍·詔策,劉勰,69,987,1008,孔融之守北海，文教麗而罕於理，乃治體乖也。,孔融 之守 北海 文教 丽而罕 于理 乃治体 乖 也,孔融 之守 北海 文教 丽而罕 于理 乃 治体 乖 也,9,10,1
liuxie_shipin__liuxie_19,liuxie_shipin__liuxie_19__part01,文心雕龍·詔策,劉勰,70,1008,1036,若諸葛孔明之詳約，庾稚恭之明斷，並理得而辭中，教之善也。,若 诸葛孔明 之 详约 庾稚 恭 之 明断 并理 得 而 辞 中 教之善 也,若 诸葛孔明 之 详约 庾稚 恭 之 明断 并理 得 而 辞 中 教之善 也,15,15,0
liuxie_shipin__liuxie_19,liuxie_shipin__liuxie_19__part01,文心雕龍·詔策,劉勰,71,1038,1048,自教以下，則又有命。,自教 以下 则 又 有命,自教 以下 则 又 有命,5,5,0
liuxie_shipin__liuxie_19,liuxie_shipin__liuxie_19__part01,文心雕龍·詔策,劉勰,72,1048,1053,《詩》云，,诗 云,诗 云,2,2,0
liuxie_shipin__liuxie_19,liuxie_shipin__liuxie_19__part01,文心雕龍·詔策,劉勰,73,1057,1063,，明為重也。,明 为重 也,明 为重 也,3,3,0
liuxie_shipin__liuxie_19,liuxie_shipin__liuxie_19__part01,文心雕龍·詔策,劉勰,74,1063,1079,《周禮》曰：師氏詔王，明為輕也。,周礼 曰 师氏 诏王 明为 轻 也,周礼 曰 师氏 诏王 明为 轻 也,7,7,0
liuxie_shipin__liuxie_19,liuxie_shipin__liuxie_19__part01,文心雕龍·詔策,劉勰,75,1079,1093,今詔重而命輕者，古今之變也。,今 诏 重而命 轻者 古今之 变 也,今 诏 重而命 轻者 古今之 变 也,7,7,0
liuxie_shipin__liuxie_19,liuxie_shipin__liuxie_19__part01,文心雕龍·詔策,劉勰,76,1095,1098,贊曰：,赞 曰,赞 曰,2,2,0
liuxie_shipin__liuxie_19,liuxie_shipin__liuxie_19__part01,文心雕龍·詔策,劉勰,77,1100,1110,皇王施令，寅嚴宗誥。,皇王 施令 寅 严宗 诰,皇王 施令 寅严 宗 诰,5,5,1
liuxie_shipin__liuxie_19,liuxie_shipin__liuxie_19__part01,文心雕龍·詔策,劉勰,78,1110,1120,我有絲言，兆民尹好。,我 有 丝言 兆民尹 好,我 有 丝言 兆民尹 好,5,5,0
liuxie_shipin__liuxie_19,liuxie_shipin__liuxie_19__part01,文心雕龍·詔策,劉勰,79,1122,1132,輝音峻舉，鴻風遠蹈。,辉音峻举 鸿 风远蹈,辉音 峻举 鸿风 远蹈,3,4,1
liuxie_shipin__liuxie_19,liuxie_shipin__liuxie_19__part01,文心雕龍·詔策,劉勰,80,1132,1142,騰義飛辭，渙其大號。,腾义 飞辞 涣 其大号,腾义 飞辞 涣 其 大号,4,5,1
liuxie_shipin__liuxie_20,liuxie_shipin__liuxie_20__part01,文心雕龍·檄移,劉勰,0,0,14,震雷始於曜電，出師先乎威聲。,震雷 始于 曜 电 出师 先乎 威声,震雷 始于 曜 电 出师 先乎 威声,7,7,0
liuxie_shipin__liuxie_20,liuxie_shipin__liuxie_20__part01,文心雕龍·檄移,劉勰,1,14,29,故觀電而懼雷壯，聽聲而懼兵威。,故观 电而惧 雷壮 听声 而 惧 兵威,故观 电而惧 雷壮 听声 而惧 兵威,7,6,1
liuxie_shipin__liuxie_20,liuxie_shipin__liuxie_20__part01,文心雕龍·檄移,劉勰,2,29,39,兵先乎聲，其來已久。,兵先乎 声 其来 已久,兵先乎 声 其来 已久,4,4,0
liuxie_shipin__liuxie_20,liuxie_shipin__liuxie_20__part01,文心雕龍·檄移,劉勰,3,39,69,昔有虞始戒於國，夏后初誓於軍，殷誓軍門之外，周將交刃而誓之。,昔有 虞始 戒于国 夏后 初誓 于 军 殷誓 军门 之外 周将 交刃 而 誓 之,昔有 虞始 戒于国 夏后 初誓 于 军 殷誓 军门 之外 周将 交刃 而 誓 之,15,15,0
liuxie_shipin__liuxie_20,liuxie_shipin__liuxie_20__part01,文心雕龍·檄移,劉勰,4,69,92,故知帝世戒兵，三王誓師，宣訓我眾，未及敵人也。,故知 帝世戒 兵 三王 誓师 宣训 我众 未及 敌人 也,故知 帝世戒 兵 三王 誓师 宣训 我众 未及 敌人 也,10,10,0
liuxie_shipin__liuxie_20,liuxie_shipin__liuxie_20__part01,文心雕龍·檄移,劉勰,5,92,117,至周穆西征，祭公謀父稱古有威讓之令，令有文告之辭；,至 周穆 西征 祭 公谋父 称古有 威让 之令 令有 文告 之辞,至 周穆 西征 祭 公谋父 称古有 威让 之令 令有 文告 之辞,11,11,0
liuxie_shipin__liuxie_20,liuxie_shipin__liuxie_20__part01,文心雕龍·檄移,劉勰,6,117,124,即檄之本源也。,即 檄 之 本源 也,即 檄 之 本源 也,5,5,0
liuxie_shipin__liuxie_20,liuxie_shipin__liuxie_20__part01,文心雕龍·檄移,劉勰,7,126,158,及春秋征伐，自諸侯出，懼敵弗服，故兵出須名，振此威風，暴彼昏亂。,及 春秋 征伐 自 诸侯 出 惧 敌弗服 故兵 出须 名 振此 威风 暴彼 昏乱,及 春秋 征伐 自 诸侯 出 惧 敌弗服 故兵 出须 名 振此 威风 暴彼 昏乱,15,15,0
liuxie_shipin__liuxie_20,liuxie_shipin__liuxie_20__part01,文心雕龍·檄移,劉勰,8,158,178,劉獻公之所謂告之以文辭，董之以武師者也。,刘献公 之 所谓 告之以 文辞 董之以 武师 者 也,刘献公 之 所谓 告之以 文辞 董之以 武师 者 也,9,9,0
liuxie_shipin__liuxie_20,liuxie_shipin__liuxie_20__part01,文心雕龍·檄移,劉勰,9,178,189,齊桓征楚，詰苞茅之闕。,齐桓征 楚 诘 苞 茅 之 阙,齐桓征 楚 诘 苞 茅 之 阙,7,7,0
liuxie_shipin__liuxie_20,liuxie_shipin__liuxie_20__part01,文心雕龍·檄移,劉勰,10,189,200,晉厲伐秦，責箕郜之焚。,晋厉伐 秦 责箕 郜之焚,晋厉伐 秦 责箕 郜之焚,4,4,0
liuxie_shipin__liuxie_20,liuxie_shipin__liuxie_20__part01,文心雕龍·檄移,劉勰,11,200,221,管仲呂相，奉辭先路，詳其意義，即今之檄文。,管仲 吕相 奉辞 先路 详其 意义 即 今 之 檄文,管仲 吕相 奉辞 先路 详其 意义 即 今 之 檄文,10,10,0
liuxie_shipin__liuxie_20,liuxie_shipin__liuxie_20__part01,文心雕龍·檄移,劉勰,12,221,231,暨乎戰國，始稱為檄。,暨乎 战国 始 称为 檄,暨乎 战国 始 称为 檄,5,5,0
liuxie_shipin__liuxie_20,liuxie_shipin__liuxie_20__part01,文心雕龍·檄移,劉勰,13,231,237,檄者，皦也。,檄者 皦 也,檄者 皦 也,3,3,0
liuxie_shipin__liuxie_20,liuxie_shipin__liuxie_20__part01,文心雕龍·檄移,劉勰,14,237,248,宣露于外，皦然明白也。,宣露 于外 皦 然 明白 也,宣露 于外 皦 然 明白 也,6,6,0
liuxie_shipin__liuxie_20,liuxie_shipin__liuxie_20__part01,文心雕龍·檄移,劉勰,15,248,274,張儀檄楚，書以尺二，明白之文，或稱露布，播諸視聽也。,张仪 檄楚 书 以尺 二 明白 之文 或称 露布 播 诸 视听 也,张仪 檄楚 书 以尺 二 明白 之文 或称 露布 播 诸 视听 也,13,13,0
liuxie_shipin__liuxie_20,liuxie_shipin__liuxie_20__part01,文心雕龍·檄移,劉勰,16,276,299,夫兵以定亂，莫敢自專，天子親戎，則稱恭行天罰；,夫兵 以定 乱 莫敢 自专 天子 亲戎 则 称 恭行天罚,夫兵 以 定乱 莫敢 自专 天子 亲戎 则 称 恭行天罚,10,10,1
liuxie_shipin__liuxie_20,liuxie_shipin__liuxie_20__part01,文心雕龍·檄移,劉勰,17,299,310,諸侯御師則云肅將王誅。,诸侯 御师 则 云肃 将 王 诛,诸侯 御师 则 云 肃将 王诛,7,6,1
liuxie_shipin__liuxie_20,liuxie_shipin__liuxie_20__part01,文心雕龍·檄移,劉勰,18,310,411,故分閫推轂，奉辭伐罪，非唯致果為毅，亦且厲辭為武，使聲如衝風所擊，氣似欃槍所掃，奮其武怒，總其罪人，懲其惡稔之時，顯其貫盈之數，搖奸宄之膽，訂信慎之心，使百尺之衝，摧折於咫書，萬雉之城，顛墜於一檄者也。,故分 阃 推毂 奉辞伐罪 非唯致果 为毅 亦且 厉辞 为 武 使声 如冲 风所击 气 似 欃 枪 所 扫 奋其 武怒 总其 罪人 惩其 恶稔 之时 显其贯 盈之数 摇 奸宄 之胆 订信慎 之心 使 百尺 之冲 摧折 于咫书 万雉 之城 颠坠 于 一 檄者 也,故 分阃 推毂 奉辞伐罪 非唯致果 为毅 亦且 厉辞 为 武 使声 如 冲风 所击 气 似 欃枪 所扫 奋其 武怒 总其 罪人 惩其 恶稔 之 时 显其 贯盈 之数 摇 奸宄 之胆 订信慎 之心 使 百尺 之冲 摧折 于 咫书 万雉 之 城 颠坠 于 一 檄者 也,45,48,1
liuxie_shipin__liuxie_20,liuxie_shipin__liuxie_20__part01,文心雕龍·檄移,劉勰,19,413,448,觀隗囂之檄亡新，布其三逆，文不雕飾，而辭切事明，隴右文士，得檄之體矣。,观 隗嚣 之 檄亡 新 布 其三 逆 文不 雕饰 而辞 切事 明 陇右 文士 得 檄 之体 矣,观 隗嚣 之 檄亡 新 布 其三 逆 文不 雕饰 而辞 切事 明 陇右 文士 得 檄 之体 矣,19,19,0
liuxie_shipin__liuxie_20,liuxie_shipin__liuxie_20__part01,文心雕龍·檄移,劉勰,20,448,481,陳琳之檄豫州，壯有骨鯁，雖奸閹攜養，章實太甚，發邱摸金，誣過其虐；,陈琳 之 檄 豫州 壮有 骨鲠 虽奸 阉 携养 章实 太甚 发邱摸金 诬过 其虐,陈琳 之 檄 豫州 壮有 骨鲠 虽奸 阉 携养 章实 太甚 发邱摸金 诬过 其虐,14,14,0
liuxie_shipin__liuxie_20,liuxie_shipin__liuxie_20__part01,文心雕龍·檄移,劉勰,21,481,493,然抗辭書釁，皦然露骨矣。,然抗 辞书 衅 皦 然 露骨 矣,然抗 辞书 衅 皦 然 露骨 矣,7,7,0
liuxie_shipin__liuxie_20,liuxie_shipin__liuxie_20__part01,文心雕龍·檄移,劉勰,22,493,509,敢指曹公之鋒，幸哉免袁黨之戮也。,敢 指 曹公之锋 幸哉免 袁党 之戮 也,敢 指 曹公之锋 幸哉免 袁党 之戮 也,7,7,0
liuxie_shipin__liuxie_20,liuxie_shipin__liuxie_20__part01,文心雕龍·檄移,劉勰,23,509,534,鍾會檄蜀，徵驗甚明，桓公檄胡，觀釁尤切，並壯筆也。,钟会 檄 蜀 征验 甚明 桓公 檄 胡 观衅 尤切 并 壮笔 也,钟会 檄 蜀 征验 甚明 桓公 檄 胡 观衅 尤切 并 壮笔 也,13,13,0
liuxie_shipin__liuxie_20,liuxie_shipin__liuxie_20__part01,文心雕龍·檄移,劉勰,24,536,594,凡檄之大體，或述此休明，或敘彼苛虐，指天時，審人事，算彊弱，角權勢，標蓍龜于前驗，懸鞶鑑于已然，雖本國信，實參兵詐。,凡 檄 之 大体 或述 此 休明 或 叙 彼 苛虐 指 天时 审 人事 算 彊 弱 角 权势 标 蓍龟 于 前验 悬 鞶 鉴于 已然 虽 本国 信 实参 兵诈,凡 檄 之 大体 或述 此 休明 或 叙 彼 苛虐 指 天时 审 人事 算 彊 弱 角 权势 标 蓍龟 于 前验 悬 鞶鉴 于 已然 虽 本国 信 实参 兵诈,33,33,1
liuxie_shipin__liuxie_20,liuxie_shipin__liuxie_20__part01,文心雕龍·檄移,劉勰,25,594,618,譎詭以馳旨，煒燁以騰說，凡此眾條，莫或違之者也。,谲 诡以 驰旨 炜 烨 以腾 说 凡此 众条 莫 或 违之者 也,谲诡 以驰 旨 炜烨 以 腾说 凡此 众条 莫 或 违之者 也,13,12,1
liuxie_shipin__liuxie_20,liuxie_shipin__liuxie_20__part01,文心雕龍·檄移,劉勰,26,618,672,故其植義颺辭，務在剛健，插羽以示迅，不可使辭緩，露板以宣眾，不可使義隱，必事昭而理辨，氣盛而辭斷，此其要也。,故其 植义 飏 辞 务 在 刚健 插羽 以示 迅 不可 使 辞缓 露板 以 宣众 不可 使义 隐 必事昭而理 辨 气 盛而 辞断 此其要 也,故其 植义 飏 辞 务 在 刚健 插羽 以示 迅 不可 使 辞缓 露板 以 宣众 不可 使义 隐 必事昭而理 辨 气 盛而 辞断 此其要 也,26,26,0
liuxie_shipin__liuxie_20,liuxie_shipin__liuxie_20__part01,文心雕龍·檄移,劉勰,27,672,684,若曲趣密巧，無所取才矣。,若曲趣 密巧 无所取 才 矣,若曲趣 密巧 无所 取才 矣,5,5,1
liuxie_shipin__liuxie_20,liuxie_shipin__liuxie_20__part01,文心雕龍·檄移,劉勰,28,684,702,又州郡徵吏，亦稱為檄，固明舉之義也。,又 州郡 征吏 亦 称为 檄 固明 举之义 也,又 州郡 征吏 亦 称为 檄 固 明举 之义 也,9,10,1
liuxie_shipin__liuxie_20,liuxie_shipin__liuxie_20__part01,文心雕龍·檄移,劉勰,29,704,710,移者，易也。,移者 易 也,移者 易 也,3,3,0
liuxie_shipin__liuxie_20,liuxie_shipin__liuxie_20__part01,文心雕龍·檄移,劉勰,30,710,723,移風易俗，令往而民隨者也。,移风易俗 令往 而民 随者 也,移风易俗 令往 而民 随者 也,5,5,0
liuxie_shipin__liuxie_20,liuxie_shipin__liuxie_20__part01,文心雕龍·檄移,劉勰,31,723,743,相如之難蜀老，文曉而喻博，有移檄之骨焉。,相如 之 难 蜀 老 文晓而 喻博 有移 檄 之 骨 焉,相如 之 难 蜀 老 文晓而 喻博 有移 檄 之 骨 焉,12,12,0
liuxie_shipin__liuxie_20,liuxie_shipin__liuxie_20__part01,文心雕龍·檄移,劉勰,32,743,763,及劉歆之移太常，辭剛而義辨，文移之首也。,及 刘歆 之移 太常 辞刚 而义 辨 文移 之首 也,及 刘歆 之移 太常 辞刚 而义 辨 文移 之首 也,10,10,0
liuxie_shipin__liuxie_20,liuxie_shipin__liuxie_20__part01,文心雕龍·檄移,劉勰,33,763,783,陸機之移百官，言約而事顯，武移之要者也。,陆机 之移 百官 言约 而 事显 武移 之 要者 也,陆机 之移 百官 言约 而事显 武移 之 要者 也,10,9,1
liuxie_shipin__liuxie_20,liuxie_shipin__liuxie_20__part01,文心雕龍·檄移,劉勰,34,783,843,故檄移為用，事兼文武，其在金革，則逆黨用檄，順命資移，所以洗濯民心，堅同符契，意用小異而體義大同，與檄參伍，故不重論也。,故 檄 移为 用 事 兼 文武 其 在 金革 则 逆党 用 檄 顺命 资移 所以 洗濯 民心 坚同 符契 意用 小异 而 体义 大同 与 檄 参伍 故 不 重论 也,故 檄 移为 用 事 兼 文武 其 在 金革 则 逆党 用 檄 顺命 资移 所以 洗濯 民心 坚同 符契 意用 小异 而 体义 大同 与 檄 参伍 故 不 重论 也,33,33,0
liuxie_shipin__liuxie_20,liuxie_shipin__liuxie_20__part01,文心雕龍·檄移,劉勰,35,845,848,贊曰：,赞 曰,赞 曰,2,2,0
liuxie_shipin__liuxie_20,liuxie_shipin__liuxie_20__part01,文心雕龍·檄移,劉勰,36,850,860,三驅弛剛，九伐先話。,三驱弛 刚 九伐 先话,三驱 弛刚 九伐 先话,4,4,1
liuxie_shipin__liuxie_20,liuxie_shipin__liuxie_20__part01,文心雕龍·檄移,劉勰,37,860,870,鞶鑑吉凶，蓍龜成敗。,鞶 鉴 吉凶 蓍龟 成败,鞶鉴 吉凶 蓍龟 成败,5,4,1
liuxie_shipin__liuxie_20,liuxie_shipin__liuxie_20__part01,文心雕龍·檄移,劉勰,38,872,882,摧壓鯨鯢，抵落蜂蠆。,摧压 鲸鲵 抵落 蜂 虿,摧压 鲸鲵 抵落 蜂虿,5,4,1
liuxie_shipin__liuxie_20,liuxie_shipin__liuxie_20__part01,文心雕龍·檄移,劉勰,39,882,892,移寶易俗，草偃風邁。,移宝 易俗 草偃风 迈,移宝 易俗 草 偃风 迈,4,5,1
liuxie_shipin__liuxie_21,liuxie_shipin__liuxie_21__part01,文心雕龍·封禪,劉勰,0,0,37,夫正位北辰，嚮明南面，所以運天樞，毓黎獻者，何嘗不經道緯德，以勒皇跡者哉！,夫 正位 北辰 向明 南面 所以 运 天枢 毓 黎献者 何尝 不经 道纬德 以勒 皇迹 者 哉,夫 正位 北辰 向明 南面 所以 运 天枢 毓 黎献 者 何尝 不经 道纬德 以勒 皇迹 者 哉,17,18,1
liuxie_shipin__liuxie_21,liuxie_shipin__liuxie_21__part01,文心雕龍·封禪,劉勰,1,37,56,錄圖曰：潬潬噅噅，棼棼雉雉，萬物盡化；,录图 曰 潬 潬 𠯠 𠯠 棼 棼 雉 雉 万物 尽化,录图 曰 潬 潬 𠯠 𠯠 棼 棼 雉 雉 万物 尽化,12,12,0
liuxie_shipin__liuxie_21,liuxie_shipin__liuxie_21__part01,文心雕龍·封禪,劉勰,2,56,63,言至德所被也。,言 至德 所 被 也,言 至德 所 被 也,5,5,0
liuxie_shipin__liuxie_21,liuxie_shipin__liuxie_21__part01,文心雕龍·封禪,劉勰,3,63,79,丹書曰：義勝欲則從，欲勝義則凶；,丹书 曰 义胜 欲 则 从 欲胜义 则 凶,丹书 曰 义胜 欲 则 从 欲 胜义 则 凶,9,10,1
liuxie_shipin__liuxie_21,liuxie_shipin__liuxie_21__part01,文心雕龍·封禪,劉勰,4,79,85,戒慎之至也。,戒慎 之至 也,戒慎 之至 也,3,3,0
liuxie_shipin__liuxie_21,liuxie_shipin__liuxie_21__part01,文心雕龍·封禪,劉勰,5,85,112,則戒慎以崇其德，至德以凝其化，七十有二君，所以封禪矣。,则 戒慎 以崇其德 至德 以凝其化 七十 有二君 所以 封禅 矣,则 戒慎 以崇其德 至德 以凝其化 七十 有二君 所以 封禅 矣,10,10,0
liuxie_shipin__liuxie_21,liuxie_shipin__liuxie_21__part01,文心雕龍·封禪,劉勰,6,114,135,昔黃帝神靈，克膺鴻瑞，勒功喬岳，鑄鼎荊山。,昔 黄帝 神灵 克膺 鸿瑞 勒功 乔岳 铸鼎 荆山,昔 黄帝 神灵 克膺 鸿瑞 勒功 乔岳 铸鼎 荆山,9,9,0
liuxie_shipin__liuxie_21,liuxie_shipin__liuxie_21__part01,文心雕龍·封禪,劉勰,7,135,147,大舜巡岳，顯乎《虞典》。,大舜 巡岳 显乎 虞典,大舜 巡岳 显乎 虞典,4,4,0
liuxie_shipin__liuxie_21,liuxie_shipin__liuxie_21__part01,文心雕龍·封禪,劉勰,8,147,157,成康封禪，聞之樂緯。,成康 封禅 闻之乐纬,成康 封禅 闻之乐纬,3,3,0
liuxie_shipin__liuxie_21,liuxie_shipin__liuxie_21__part01,文心雕龍·封禪,劉勰,9,157,178,及齊桓之霸，爰窺王跡，夷吾譎陳，拒以怪物。,及 齐桓之霸 爰 窥 王迹 夷吾谲 陈 拒以 怪物,及 齐桓之霸 爰 窥 王迹 夷吾谲 陈 拒以 怪物,9,9,0
liuxie_shipin__liuxie_21,liuxie_shipin__liuxie_21__part01,文心雕龍·封禪,劉勰,10,178,191,固知玉牒金鏤，專在帝皇也。,固知玉牒 金 镂 专 在 帝皇 也,固知玉牒 金镂 专 在 帝皇 也,7,6,1
liuxie_shipin__liuxie_21,liuxie_shipin__liuxie_21__part01,文心雕龍·封禪,劉勰,11,191,213,然則西鶼東鰈，南茅北黍，空談非徵，勳德而已。,然则 西 鹣 东 鲽 南茅北 黍 空谈 非征 勋德 而已,然则 西鹣东鲽 南茅北 黍 空谈 非征 勋德 而已,11,8,1
liuxie_shipin__liuxie_21,liuxie_shipin__liuxie_21__part01,文心雕龍·封禪,劉勰,12,213,245,是史遷八書，明述封禪者，固禋祀之殊禮，銘號之秘祝，祀天之壯觀矣。,是 史 迁八书 明述 封禅 者 固 禋 祀 之 殊礼 铭号 之 秘祝 祀 天 之 壮观 矣,是 史迁 八书 明述 封禅 者 固 禋 祀 之 殊礼 铭号 之 秘祝 祀 天 之 壮观 矣,19,19,1
liuxie_shipin__liuxie_21,liuxie_shipin__liuxie_21__part01,文心雕龍·封禪,劉勰,13,245,265,秦皇銘岱，文自李斯，法家辭氣，體乏弘潤。,秦皇 铭 岱 文自 李斯 法家 辞 气 体乏 弘润,秦皇 铭 岱 文自 李斯 法家 辞 气 体乏 弘润,10,10,0
liuxie_shipin__liuxie_21,liuxie_shipin__liuxie_21__part01,文心雕龍·封禪,劉勰,14,265,279,然疎而能壯，亦彼時之絕采也。,然 疎 而 能 壮 亦 彼时 之 绝采 也,然 疎 而 能 壮 亦 彼时 之 绝采 也,10,10,0
liuxie_shipin__liuxie_21,liuxie_shipin__liuxie_21__part01,文心雕龍·封禪,劉勰,15,281,304,鋪觀兩漢隆盛，孝武禪號於肅然，光武巡封於梁父。,铺观 两汉 隆盛 孝武禅 号 于 肃然 光武 巡封于 梁父,铺观 两汉 隆盛 孝武 禅号 于 肃然 光武 巡封于 梁父,10,10,1
liuxie_shipin__liuxie_21,liuxie_shipin__liuxie_21__part01,文心雕龍·封禪,劉勰,16,304,314,誦德銘勳，乃鴻筆耳。,诵德铭勋 乃鸿笔 耳,诵德 铭勋 乃 鸿笔 耳,3,5,1
liuxie_shipin__liuxie_21,liuxie_shipin__liuxie_21__part01,文心雕龍·封禪,劉勰,17,314,325,觀相如封禪，蔚為唱首。,观相如 封禅 蔚为 唱首,观相如 封禅 蔚为 唱首,4,4,0
liuxie_shipin__liuxie_21,liuxie_shipin__liuxie_21__part01,文心雕龍·封禪,劉勰,18,325,385,爾其表權輿，序皇王，炳元符，鏡鴻業，驅前古於當今之下，騰休明於列聖之上，歌之以禎瑞，讚之以介邱，絕筆茲文，固維新之作也。,尔 其表 权舆 序皇王 炳元符 镜 鸿业 驱前 古于 当今 之下 腾休 明于 列圣 之上 歌 之 以祯 瑞 赞之以 介邱 绝笔 兹文 固 维新 之作 也,尔其 表 权舆 序皇王 炳元符 镜 鸿业 驱前 古于 当今 之下 腾休 明于 列圣 之上 歌之以 祯瑞 赞之以 介邱 绝笔 兹文 固 维新 之作 也,27,25,1
liuxie_shipin__liuxie_21,liuxie_shipin__liuxie_21__part01,文心雕龍·封禪,劉勰,19,385,437,及光武勒碑，則文自張純，首胤典謨，末同祝辭，引鈎讖，敘離亂，計武功，述文德，事覈理舉，華不足而實有餘矣。,及光武 勒碑 则 文自 张纯 首胤典 谟 末同 祝辞 引钩 谶 叙 离乱 计 武功 述 文德 事 核理举 华 不足 而实 有余 矣,及光武 勒碑 则 文自 张纯 首胤 典谟 末同 祝辞 引 钩谶 叙 离乱 计 武功 述 文德 事 核理 举 华 不足 而实 有余 矣,24,25,1
liuxie_shipin__liuxie_21,liuxie_shipin__liuxie_21__part01,文心雕龍·封禪,劉勰,20,437,449,凡此二家，並岱宗實跡也。,凡 此 二家 并 岱宗 实迹 也,凡此 二家 并 岱宗 实迹 也,7,6,1
liuxie_shipin__liuxie_21,liuxie_shipin__liuxie_21__part01,文心雕龍·封禪,劉勰,21,451,477,及揚雄《劇秦》，班固《典引》，事非鐫石，而體因紀禪。,及 扬雄 剧秦 班固 典引 事非 镌石 而体 因纪 禅,及 扬雄 剧秦 班固 典引 事非 镌石 而体 因纪 禅,10,10,0
liuxie_shipin__liuxie_21,liuxie_shipin__liuxie_21__part01,文心雕龍·封禪,劉勰,22,477,501,觀《劇秦》為文，影寫長卿，詭言遁辭，故兼包神怪。,观 剧秦 为文 影写 长卿 诡言 遁辞 故兼包 神怪,观 剧秦 为文 影写 长卿 诡言 遁辞 故兼包 神怪,9,9,0
liuxie_shipin__liuxie_21,liuxie_shipin__liuxie_21__part01,文心雕龍·封禪,劉勰,23,501,522,然骨製靡密，辭貫圓通，自稱極思，無遺力矣。,然骨 制靡密 辞贯 圆通 自称 极思 无遗 力 矣,然骨 制靡密 辞贯 圆通 自称 极思 无遗 力 矣,9,9,0
liuxie_shipin__liuxie_21,liuxie_shipin__liuxie_21__part01,文心雕龍·封禪,劉勰,24,522,555,《典引》所敘，雅有懿乎，歷鑒前作，能執厥中，其致義會文，斐然餘巧。,典引 所叙 雅有懿乎 历鉴 前作 能 执厥 中 其致 义会文 斐然 余巧,典引 所叙 雅有懿乎 历鉴 前作 能 执厥 中 其致义 会文 斐然 余巧,12,12,1
liuxie_shipin__liuxie_21,liuxie_shipin__liuxie_21__part01,文心雕龍·封禪,劉勰,25,555,590,故稱《封禪》麗而不典，《劇秦》典而不實，豈非追觀易為明，循勢易為力歟！,故称 封禅 丽而 不典 剧秦 典而 不实 岂非 追观易 为明 循势易 为力 欤,故称 封禅 丽而 不典 剧秦 典而 不实 岂非 追观 易为 明 循势易 为力 欤,13,14,1
liuxie_shipin__liuxie_21,liuxie_shipin__liuxie_21__part01,文心雕龍·封禪,劉勰,26,590,626,至於邯鄲《受命》，攀響前聲，風末力寡，輯韻成頌，雖文理順序，而不能奮飛。,至于 邯郸 受命 攀响 前声 风末力 寡 辑韵 成颂 虽 文理 顺序 而 不能 奋飞,至于 邯郸 受命 攀响 前声 风末 力寡 辑韵 成颂 虽 文理 顺序 而 不能 奋飞,15,15,1
liuxie_shipin__liuxie_21,liuxie_shipin__liuxie_21__part01,文心雕龍·封禪,劉勰,27,626,658,陳思《魏德》，假論客主，問答迂緩，且已千言，勞深勣寡，飈燄缺焉。,陈思 魏德 假论 客主 问答 迂缓 且 已 千言 劳深 𪟝 寡 飚 燄 缺 焉,陈思 魏德 假 论客 主 问答 迂缓 且 已 千言 劳深 𪟝 寡 飚 燄 缺 焉,16,17,1
liuxie_shipin__liuxie_21,liuxie_shipin__liuxie_21__part01,文心雕龍·封禪,劉勰,28,660,673,茲文為用，蓋一代之典章也。,兹 文为 用 盖 一代 之 典章 也,兹 文为 用 盖 一代 之 典章 也,8,8,0
liuxie_shipin__liuxie_21,liuxie_shipin__liuxie_21__part01,文心雕龍·封禪,劉勰,29,673,731,搆位之始，宜明大體，樹骨於訓典之區，選言於宏富之路，使意古而不晦於深，文今而不墜於淺，義吐光芒，辭成廉鍔，則為偉矣。,搆 位 之 始 宜明 大体 树骨于 训典 之区 选言于 宏富 之 路 使意 古 而 不 晦于 深 文今 而 不 坠于 浅 义吐 光芒 辞成 廉锷 则 为伟 矣,搆 位 之 始 宜明 大体 树骨于 训典 之区 选言 于 宏富 之 路 使意 古 而 不 晦于 深 文今 而 不坠 于 浅 义吐 光芒 辞成 廉锷 则 为伟 矣,31,32,1
liuxie_shipin__liuxie_21,liuxie_shipin__liuxie_21__part01,文心雕龍·封禪,劉勰,30,731,756,雖復道極數殫，終然相襲，而日新其采者，必超前轍焉。,虽复 道 极数 殚 终然 相袭 而 日 新 其 采者 必 超前 辙 焉,虽复 道 极数 殚 终然 相袭 而 日 新 其 采者 必 超前 辙 焉,15,15,0
liuxie_shipin__liuxie_21,liuxie_shipin__liuxie_21__part01,文心雕龍·封禪,劉勰,31,758,761,贊曰：,赞 曰,赞 曰,2,2,0
liuxie_shipin__liuxie_21,liuxie_shipin__liuxie_21__part01,文心雕龍·封禪,劉勰,32,763,773,封勒帝勣，對越天休。,封勒帝 𪟝 对越 天休,封勒帝 𪟝 对越 天休,4,4,0
liuxie_shipin__liuxie_21,liuxie_shipin__liuxie_21__part01,文心雕龍·封禪,劉勰,33,773,783,逖聽高岳，聲英克彪。,逖 听 高岳 声英克彪,逖听 高岳 声英 克彪,4,4,1
liuxie_shipin__liuxie_21,liuxie_shipin__liuxie_21__part01,文心雕龍·封禪,劉勰,34,785,795,樹石九旻，泥金入幽。,树石 九 旻 泥金 入幽,树石 九 旻 泥金 入幽,5,5,0
liuxie_shipin__liuxie_21,liuxie_shipin__liuxie_21__part01,文心雕龍·封禪,劉勰,35,795,805,鴻律蟠采，如龍如虬。,鸿律 蟠采 如龙 如 虬,鸿律 蟠采 如龙 如 虬,5,5,0
liuxie_shipin__liuxie_22,liuxie_shipin__liuxie_22__part01,文心雕龍·章表,劉勰,0,0,11,夫設官分職，高卑聯事。,夫设 官分职 高卑 联事,夫 设官 分职 高卑 联事,4,5,1
liuxie_shipin__liuxie_22,liuxie_shipin__liuxie_22__part01,文心雕龍·章表,劉勰,1,11,25,天子垂珠以聽，諸侯鳴玉以朝。,天子 垂珠 以 听 诸侯 鸣玉以 朝,天子 垂珠 以 听 诸侯 鸣玉 以朝,7,7,1
liuxie_shipin__liuxie_22,liuxie_shipin__liuxie_22__part01,文心雕龍·章表,劉勰,2,25,35,敷奏以言，明試以功。,敷奏 以言 明试 以功,敷奏 以言 明试 以功,4,4,0
liuxie_shipin__liuxie_22,liuxie_shipin__liuxie_22__part01,文心雕龍·章表,劉勰,3,35,71,故堯咨四岳，舜命八元，固辭再讓之請，俞往欽哉之授，並陳辭帝庭，匪假書翰。,故尧 咨 四岳 舜命 八元 固辞 再 让 之 请 俞往 钦 哉 之授 并 陈辞 帝庭 匪 假书翰,故尧 咨 四岳 舜命 八元 固辞 再 让 之 请 俞往 钦 哉 之授 并 陈辞 帝庭 匪假 书翰,19,19,1
liuxie_shipin__liuxie_22,liuxie_shipin__liuxie_22__part01,文心雕龍·章表,劉勰,4,71,85,然則敷奏以言，則章表之義也；,然则 敷奏 以言 则 章表之义 也,然则 敷奏 以言 则 章表之义 也,6,6,0
liuxie_shipin__liuxie_22,liuxie_shipin__liuxie_22__part01,文心雕龍·章表,劉勰,5,85,97,明試以功，即授爵之典也。,明试 以功 即 授爵 之典 也,明试 以功 即 授爵 之典 也,6,6,0
liuxie_shipin__liuxie_22,liuxie_shipin__liuxie_22__part01,文心雕龍·章表,劉勰,6,97,119,至太甲既立，伊尹書誡，思庸歸亳，又作書以讚。,至 太甲 既立 伊尹 书诫 思庸 归 亳 又 作书 以赞,至 太甲 既立 伊尹 书诫 思庸 归 亳 又 作书 以赞,11,11,0
liuxie_shipin__liuxie_22,liuxie_shipin__liuxie_22__part01,文心雕龍·章表,劉勰,7,119,129,文翰獻替，事斯見矣。,文翰 献替 事斯见 矣,文翰 献替 事斯见 矣,4,4,0
liuxie_shipin__liuxie_22,liuxie_shipin__liuxie_22__part01,文心雕龍·章表,劉勰,8,131,173,周監二代，文理彌盛，再拜稽首，對揚休命，承文受冊，敢當丕顯，雖言筆未分，而陳謝可見。,周监 二代 文理 弥盛 再拜 稽首 对扬 休命 承文 受册 敢当 丕 显 虽言笔 未分 而 陈谢 可见,周监 二代 文理 弥盛 再拜 稽首 对 扬休 命 承文 受册 敢当 丕显 虽 言笔 未 分 而 陈谢 可见,18,20,1
liuxie_shipin__liuxie_22,liuxie_shipin__liuxie_22__part01,文心雕龍·章表,劉勰,9,173,193,降及七國，未變古式，言事於王，皆稱上書。,降及 七国 未 变 古式 言事于 王 皆 称 上书,降及 七国 未变 古式 言事于 王 皆 称 上书,10,9,1
liuxie_shipin__liuxie_22,liuxie_shipin__liuxie_22__part01,文心雕龍·章表,劉勰,10,193,203,秦初定制，改書曰奏。,秦初 定制 改书 曰 奏,秦初 定制 改书 曰 奏,5,5,0
liuxie_shipin__liuxie_22,liuxie_shipin__liuxie_22__part01,文心雕龍·章表,劉勰,11,203,229,漢定禮儀，則有四品：一曰章，二曰奏，三曰表，四曰議。,汉定 礼仪 则 有 四品 一曰章 二 曰 奏 三曰表 四曰议,汉定 礼仪 则 有 四品 一曰章 二 曰 奏 三曰表 四曰议,11,11,0
liuxie_shipin__liuxie_22,liuxie_shipin__liuxie_22__part01,文心雕龍·章表,劉勰,12,229,249,章以謝恩，奏以按劾，表以陳請，議以執異。,章以 谢恩 奏以 按劾 表以 陈请 议以 执异,章以 谢恩 奏以 按劾 表以 陈请 议以 执异,8,8,0
liuxie_shipin__liuxie_22,liuxie_shipin__liuxie_22__part01,文心雕龍·章表,劉勰,13,249,255,章者，明也。,章者 明 也,章者 明 也,3,3,0
liuxie_shipin__liuxie_22,liuxie_shipin__liuxie_22__part01,文心雕龍·章表,劉勰,14,255,260,《詩》云：,诗 云,诗 云,2,2,0
liuxie_shipin__liuxie_22,liuxie_shipin__liuxie_22__part01,文心雕龍·章表,劉勰,15,264,270,，謂文明也。,谓 文明 也,谓 文明 也,3,3,0
liuxie_shipin__liuxie_22,liuxie_shipin__liuxie_22__part01,文心雕龍·章表,劉勰,16,270,280,其在文物，赤白曰章。,其 在 文物 赤白 曰 章,其 在 文物 赤白 曰 章,6,6,0
liuxie_shipin__liuxie_22,liuxie_shipin__liuxie_22__part01,文心雕龍·章表,劉勰,17,280,286,表者，標也。,表者 标 也,表者 标 也,3,3,0
liuxie_shipin__liuxie_22,liuxie_shipin__liuxie_22__part01,文心雕龍·章表,劉勰,18,286,311,《禮》有《表記》，謂德見於儀，其在器式，揆景曰表。,礼 有 表记 谓 德 见于 仪 其 在 器式 揆 景曰表,礼 有 表记 谓 德 见于 仪 其 在 器式 揆 景曰表,12,12,0
liuxie_shipin__liuxie_22,liuxie_shipin__liuxie_22__part01,文心雕龍·章表,劉勰,19,311,322,章表之目，蓋取諸此也。,章表之目 盖取 诸此 也,章表之目 盖取 诸此 也,4,4,0
liuxie_shipin__liuxie_22,liuxie_shipin__liuxie_22__part01,文心雕龍·章表,劉勰,20,324,337,按《七略》藝文，謠詠必錄；,按 七略 艺文 谣咏 必录,按 七略 艺文 谣咏 必录,5,5,0
liuxie_shipin__liuxie_22,liuxie_shipin__liuxie_22__part01,文心雕龍·章表,劉勰,21,337,366,章表奏議，經國之樞機，蓋闕而不纂者，乃各有故事而在職司也。,章表 奏议 经国 之 枢机 盖 阙 而 不纂者 乃 各有 故事 而 在 职司 也,章表 奏议 经国 之 枢机 盖阙 而 不纂者 乃 各有 故事 而 在 职司 也,16,15,1
liuxie_shipin__liuxie_22,liuxie_shipin__liuxie_22__part01,文心雕龍·章表,劉勰,22,366,376,前漢表謝，遺篇寡存。,前汉表谢 遗篇 寡存,前汉 表谢 遗篇 寡存,3,4,1
liuxie_shipin__liuxie_22,liuxie_shipin__liuxie_22__part01,文心雕龍·章表,劉勰,23,376,387,及後漢察舉，必試章奏。,及 后汉 察举 必试章 奏,及 后汉 察举 必试章 奏,5,5,0
liuxie_shipin__liuxie_22,liuxie_shipin__liuxie_22__part01,文心雕龍·章表,劉勰,24,387,397,左雄奏議，臺閣為式；,左雄 奏议 台阁 为式,左雄 奏议 台阁 为式,4,4,0
liuxie_shipin__liuxie_22,liuxie_shipin__liuxie_22__part01,文心雕龍·章表,劉勰,25,397,407,胡廣章奏，天下第一；,胡广章 奏 天下第一,胡广章 奏 天下第一,3,3,0
liuxie_shipin__liuxie_22,liuxie_shipin__liuxie_22__part01,文心雕龍·章表,劉勰,26,407,415,並當時之傑筆也。,并 当时 之杰笔 也,并 当时 之 杰笔 也,4,5,1
liuxie_shipin__liuxie_22,liuxie_shipin__liuxie_22__part01,文心雕龍·章表,劉勰,27,415,434,觀伯始《謁陵》之章，足見其典文之美焉。,观伯始 谒陵 之章 足见 其典 文之美 焉,观伯始 谒陵 之章 足见 其典 文之美 焉,7,7,0
liuxie_shipin__liuxie_22,liuxie_shipin__liuxie_22__part01,文心雕龍·章表,劉勰,28,436,459,昔晉文受冊，三辭從命，是以漢末讓表，以三為斷。,昔晋文 受册 三辞 从命 是 以 汉末 让 表 以三为 断,昔晋文 受册 三辞 从命 是 以 汉末 让表 以三为 断,11,10,1
liuxie_shipin__liuxie_22,liuxie_shipin__liuxie_22__part01,文心雕龍·章表,劉勰,29,459,475,曹公稱為表不止三讓，又勿得浮華。,曹公 称为 表 不止 三 让 又 勿 得 浮华,曹公 称为 表 不止 三让 又 勿 得 浮华,10,9,1
liuxie_shipin__liuxie_22,liuxie_shipin__liuxie_22__part01,文心雕龍·章表,劉勰,30,475,498,所以魏初表章，指事造實，求其靡麗，則未足美矣。,所以 魏初 表章 指事 造实 求其 靡丽 则 未足 美 矣,所以 魏初 表章 指事 造实 求其 靡丽 则 未足 美 矣,11,11,0
liuxie_shipin__liuxie_22,liuxie_shipin__liuxie_22__part01,文心雕龍·章表,劉勰,31,498,512,至於文舉之薦禰衡，氣揚采飛；,至于 文举 之荐 祢衡 气 扬 采飞,至于 文举 之荐 祢衡 气 扬 采飞,7,7,0
liuxie_shipin__liuxie_22,liuxie_shipin__liuxie_22__part01,文心雕龍·章表,劉勰,32,512,524,孔明之辭後主，志盡文暢；,孔明之 辞 后主 志尽 文畅,孔明之 辞 后主 志尽 文畅,5,5,0
liuxie_shipin__liuxie_22,liuxie_shipin__liuxie_22__part01,文心雕龍·章表,劉勰,33,524,536,雖華實異旨，並表之英也。,虽华实 异旨 并表之英 也,虽 华实 异旨 并表之英 也,4,5,1
liuxie_shipin__liuxie_22,liuxie_shipin__liuxie_22__part01,文心雕龍·章表,劉勰,34,536,546,琳瑀章表，有譽當時；,琳 瑀 章表 有誉 当时,琳 瑀 章表 有誉 当时,5,5,0
liuxie_shipin__liuxie_22,liuxie_shipin__liuxie_22__part01,文心雕龍·章表,劉勰,35,546,556,孔璋稱健，則其標也。,孔璋 称健 则 其标 也,孔璋 称健 则 其标 也,5,5,0
liuxie_shipin__liuxie_22,liuxie_shipin__liuxie_22__part01,文心雕龍·章表,劉勰,36,556,566,陳思之表，獨冠群才。,陈思之表 独 冠群 才,陈思 之表 独 冠群 才,4,5,1
liuxie_shipin__liuxie_22,liuxie_shipin__liuxie_22__part01,文心雕龍·章表,劉勰,37,566,603,觀其體贍而律調，辭清而志顯，應物掣巧，隨變生趣，執轡有餘，故能緩急應節矣。,观其体 赡 而 律调 辞清 而志显 应物 掣巧 随变 生趣 执辔 有余 故能 缓急 应节 矣,观其体 赡 而 律调 辞清 而志显 应物 掣巧 随变 生趣 执辔 有余 故能 缓急 应节 矣,16,16,0
liuxie_shipin__liuxie_22,liuxie_shipin__liuxie_22__part01,文心雕龍·章表,劉勰,38,605,617,逮晉初筆札，則張華為儁。,逮晋 初 笔札 则 张 华为 俊,逮晋 初 笔札 则 张 华为 俊,7,7,0
liuxie_shipin__liuxie_22,liuxie_shipin__liuxie_22__part01,文心雕龍·章表,劉勰,39,617,650,其三讓公封，理周辭要，引義比事，必得其偶，世珍《鷦鷯》，莫顧章表。,其三 让 公封 理周 辞要 引义 比事 必得 其偶 世珍 鹪鹩 莫顾 章表,其三 让 公封 理周 辞要 引义 比事 必得 其偶 世珍 鹪鹩 莫顾 章表,13,13,0
liuxie_shipin__liuxie_22,liuxie_shipin__liuxie_22__part01,文心雕龍·章表,劉勰,40,650,664,及羊公之辭開府，有譽於前談；,及 羊 公之辞 开府 有誉 于 前 谈,及 羊 公之辞 开府 有誉 于 前 谈,8,8,0
liuxie_shipin__liuxie_22,liuxie_shipin__liuxie_22__part01,文心雕龍·章表,劉勰,41,664,677,庾公之讓中書，信美於往載。,庾公之 让 中书 信美于 往载,庾公之 让 中书 信美于 往载,5,5,0
liuxie_shipin__liuxie_22,liuxie_shipin__liuxie_22__part01,文心雕龍·章表,劉勰,42,677,687,序志顯類，有文雅焉。,序志 显类 有 文雅 焉,序志 显类 有 文雅 焉,5,5,0
liuxie_shipin__liuxie_22,liuxie_shipin__liuxie_22__part01,文心雕龍·章表,劉勰,43,687,710,劉琨勸進，張駿自序，文致耿介，並陳事之美表也。,刘琨 劝进 张骏 自序 文致 耿介 并 陈事 之美表 也,刘琨 劝进 张骏 自序 文致 耿介 并 陈事 之美表 也,10,10,0
liuxie_shipin__liuxie_22,liuxie_shipin__liuxie_22__part01,文心雕龍·章表,劉勰,44,712,733,原夫章表之為用也，所以對揚王庭，昭明心曲。,原夫章 表之为 用 也 所以 对扬 王庭 昭明 心曲,原夫章 表之为 用 也 所以 对扬 王庭 昭明 心曲,9,9,0
liuxie_shipin__liuxie_22,liuxie_shipin__liuxie_22__part01,文心雕龍·章表,劉勰,45,733,743,既其身文，且亦國華。,既 其 身文 且 亦 国华,既 其 身文 且 亦 国华,6,6,0
liuxie_shipin__liuxie_22,liuxie_shipin__liuxie_22__part01,文心雕龍·章表,劉勰,46,743,753,章以造闕，風矩應明；,章 以造 阙 风矩 应明,章以 造阙 风矩 应明,5,4,1
liuxie_shipin__liuxie_22,liuxie_shipin__liuxie_22__part01,文心雕龍·章表,劉勰,47,753,763,表以致策，骨采宜耀。,表 以致 策 骨 采宜耀,表 以致 策 骨 采宜耀,5,5,0
liuxie_shipin__liuxie_22,liuxie_shipin__liuxie_22__part01,文心雕龍·章表,劉勰,48,763,775,循名課實，以章為本者也。,循名课实 以章 为 本者 也,循名课实 以章 为 本者 也,5,5,0
liuxie_shipin__liuxie_22,liuxie_shipin__liuxie_22__part01,文心雕龍·章表,劉勰,49,775,787,是以章式炳賁，志在典謨；,是 以 章式炳贲 志在 典谟,是 以 章式 炳贲 志在 典谟,5,6,1
liuxie_shipin__liuxie_22,liuxie_shipin__liuxie_22__part01,文心雕龍·章表,劉勰,50,787,798,使要而非略，明而不淺。,使要 而 非略 明而 不 浅,使要 而 非略 明而 不 浅,6,6,0
liuxie_shipin__liuxie_22,liuxie_shipin__liuxie_22__part01,文心雕龍·章表,劉勰,51,798,823,表體多包，情偽屢遷，必雅義以扇其風，清文以馳其麗。,表体 多包 情伪 屡迁 必雅义 以 扇 其风 清文以 驰 其丽,表体 多包 情伪 屡迁 必雅义 以 扇 其风 清文以 驰 其丽,11,11,0
liuxie_shipin__liuxie_22,liuxie_shipin__liuxie_22__part01,文心雕龍·章表,劉勰,52,823,860,然懇惻者辭為心使，浮侈者情為文使，繁約得正，華實相勝，脣吻不滯，則中律矣。,然恳 恻者 辞为 心使 浮侈者 情为 文使 繁约 得 正 华 实相 胜 唇吻 不滞 则 中律 矣,然 恳恻 者 辞为 心使 浮侈者 情为 文使 繁约 得 正 华实 相胜 唇吻 不滞 则 中律 矣,18,18,1
liuxie_shipin__liuxie_22,liuxie_shipin__liuxie_22__part01,文心雕龍·章表,劉勰,53,860,880,子貢云：心以制之，言以結之，蓋一辭意也。,子贡 云 心以制 之 言 以结 之 盖 一 辞意 也,子贡 云 心以制 之 言 以结 之 盖 一 辞意 也,11,11,0
liuxie_shipin__liuxie_22,liuxie_shipin__liuxie_22__part01,文心雕龍·章表,劉勰,54,880,904,荀卿以為觀人美辭，麗於黼黻文章，亦可以喻於斯乎！,荀卿 以为 观人 美辞 丽于 黼黻文章 亦 可以 喻于 斯乎,荀卿 以为 观人 美辞 丽于 黼黻文章 亦 可以 喻 于斯 乎,10,11,1
liuxie_shipin__liuxie_22,liuxie_shipin__liuxie_22__part01,文心雕龍·章表,劉勰,55,906,909,贊曰：,赞 曰,赞 曰,2,2,0
liuxie_shipin__liuxie_22,liuxie_shipin__liuxie_22__part01,文心雕龍·章表,劉勰,56,911,921,敷表降闕，獻替黼扆。,敷表降 阙 献替 黼 扆,敷表降 阙 献替 黼 扆,5,5,0
liuxie_shipin__liuxie_22,liuxie_shipin__liuxie_22__part01,文心雕龍·章表,劉勰,57,921,931,言必貞明，義則弘偉。,言 必贞明 义则 弘伟,言必 贞明 义则 弘伟,4,4,1
liuxie_shipin__liuxie_22,liuxie_shipin__liuxie_22__part01,文心雕龍·章表,劉勰,58,933,943,肅恭節文，條理首尾。,肃恭节 文 条理 首尾,肃恭 节文 条理 首尾,4,4,1
liuxie_shipin__liuxie_22,liuxie_shipin__liuxie_22__part01,文心雕龍·章表,劉勰,59,943,953,君子秉文，辭令有斐。,君子 秉文 辞令 有斐,君子 秉文 辞令 有斐,4,4,0
liuxie_shipin__liuxie_23,liuxie_shipin__liuxie_23__part01,文心雕龍·奏啟,劉勰,0,0,11,昔唐虞之臣，敷奏以言；,昔唐 虞之臣 敷奏 以言,昔唐 虞之臣 敷奏 以言,4,4,0
liuxie_shipin__liuxie_23,liuxie_shipin__liuxie_23__part01,文心雕龍·奏啟,劉勰,1,11,21,秦漢之輔，上書稱奏。,秦汉 之辅 上书 称奏,秦汉 之辅 上书 称奏,4,4,0
liuxie_shipin__liuxie_23,liuxie_shipin__liuxie_23__part01,文心雕龍·奏啟,劉勰,2,21,42,陳政事，獻典儀，上急變，劾愆謬，總謂之奏。,陈 政事 献典 仪 上 急变 劾 愆 谬 总 谓之 奏,陈 政事 献 典仪 上 急变 劾 愆谬 总 谓之 奏,12,11,1
liuxie_shipin__liuxie_23,liuxie_shipin__liuxie_23__part01,文心雕龍·奏啟,劉勰,3,42,48,奏者，進也。,奏者 进 也,奏者 进 也,3,3,0
liuxie_shipin__liuxie_23,liuxie_shipin__liuxie_23__part01,文心雕龍·奏啟,劉勰,4,48,59,言敷于下，情進于上也。,言敷于 下 情进 于 上 也,言敷于 下 情进 于 上 也,6,6,0
liuxie_shipin__liuxie_23,liuxie_shipin__liuxie_23__part01,文心雕龍·奏啟,劉勰,5,59,70,秦始立奏，而法家少文。,秦始 立奏 而 法家 少文,秦始 立奏 而 法家 少文,5,5,0
liuxie_shipin__liuxie_23,liuxie_shipin__liuxie_23__part01,文心雕龍·奏啟,劉勰,6,70,84,觀王綰之奏勳德，辭質而義近；,观王 绾 之 奏 勋德 辞质 而义 近,观王 绾 之 奏 勋德 辞质 而义 近,8,8,0
liuxie_shipin__liuxie_23,liuxie_shipin__liuxie_23__part01,文心雕龍·奏啟,劉勰,7,84,99,李斯之奏《驪山》，事略而意逕；,李斯 之奏 骊山 事略 而意 迳,李斯 之奏 骊山 事略 而意 迳,6,6,0
liuxie_shipin__liuxie_23,liuxie_shipin__liuxie_23__part01,文心雕龍·奏啟,劉勰,8,99,109,無膏潤，形於篇章矣。,无膏润 形于 篇章 矣,无 膏润 形于 篇章 矣,4,5,1
liuxie_shipin__liuxie_23,liuxie_shipin__liuxie_23__part01,文心雕龍·奏啟,劉勰,9,111,123,自漢以來，奏事或稱上疏。,自汉 以来 奏事 或 称 上 疏,自汉 以来 奏事 或 称 上 疏,7,7,0
liuxie_shipin__liuxie_23,liuxie_shipin__liuxie_23__part01,文心雕龍·奏啟,劉勰,10,123,133,儒雅繼踵，殊采可觀。,儒雅 继踵 殊采 可观,儒雅 继踵 殊采 可观,4,4,0
liuxie_shipin__liuxie_23,liuxie_shipin__liuxie_23__part01,文心雕龍·奏啟,劉勰,11,133,188,若夫賈誼之務農，晁錯之兵事，匡衡之定郊，王吉之勸禮，溫舒之緩獄，谷永之諫仙，理既切至，辭亦通暢，可謂識大體矣。,若夫 贾谊 之 务农 晁错 之兵 事 匡衡 之定郊 王吉 之 劝礼 温舒 之 缓狱 谷永之谏 仙 理既切 至 辞 亦 通畅 可谓 识大体 矣,若夫 贾谊 之 务农 晁错 之兵 事 匡衡 之定郊 王吉 之 劝礼 温舒 之 缓狱 谷永之谏 仙 理既切 至 辞 亦 通畅 可谓 识大体 矣,25,25,0
liuxie_shipin__liuxie_23,liuxie_shipin__liuxie_23__part01,文心雕龍·奏啟,劉勰,12,190,200,後漢群賢，嘉言罔伏。,后汉 群贤 嘉言罔伏,后汉 群贤 嘉言罔伏,3,3,0
liuxie_shipin__liuxie_23,liuxie_shipin__liuxie_23__part01,文心雕龍·奏啟,劉勰,13,200,221,楊秉耿介於災異，陳蕃憤懣於尺一，骨鯁得焉；,杨秉 耿介 于 灾异 陈蕃 愤懑 于尺 一 骨鲠 得 焉,杨秉 耿介 于 灾异 陈蕃 愤懑 于尺 一 骨鲠 得 焉,11,11,0
liuxie_shipin__liuxie_23,liuxie_shipin__liuxie_23__part01,文心雕龍·奏啟,劉勰,14,221,242,張衡指摘於史職，蔡邕銓列於朝儀，博雅明焉。,张衡 指摘 于史职 蔡邕铨 列于 朝仪 博雅 明焉,张衡 指摘 于 史职 蔡邕铨 列于 朝仪 博雅 明焉,8,9,1
liuxie_shipin__liuxie_23,liuxie_shipin__liuxie_23__part01,文心雕龍·奏啟,劉勰,15,242,252,魏代名臣，文理迭興。,魏代 名臣 文理 迭兴,魏代 名臣 文理 迭兴,4,4,0
liuxie_shipin__liuxie_23,liuxie_shipin__liuxie_23__part01,文心雕龍·奏啟,劉勰,16,252,281,若高堂天文，王觀教學，王朗節省，甄毅考課，亦盡節而知治矣。,若 高堂 天文 王观 教学 王朗 节省 甄毅 考课 亦 尽节 而 知治 矣,若 高堂 天文 王观 教学 王朗 节省 甄毅 考课 亦 尽节 而 知治 矣,14,14,0
liuxie_shipin__liuxie_23,liuxie_shipin__liuxie_23__part01,文心雕龍·奏啟,劉勰,17,281,291,晉氏多難，災屯流移。,晋氏 多难 灾屯 流移,晋氏 多难 灾屯 流移,4,4,0
liuxie_shipin__liuxie_23,liuxie_shipin__liuxie_23__part01,文心雕龍·奏啟,劉勰,18,291,315,劉頌殷勸於時務，溫嶠懇惻於費役，並體國之忠規矣。,刘颂 殷劝 于 时务 温峤 恳 恻于 费役 并 体国 之忠规 矣,刘颂 殷劝 于 时务 温峤 恳恻 于 费役 并 体国 之 忠规 矣,12,13,1
liuxie_shipin__liuxie_23,liuxie_shipin__liuxie_23__part01,文心雕龍·奏啟,劉勰,19,317,339,夫奏之為筆，固以明允篤誠為本，辨析疏通為首。,夫奏 之 为 笔 固以 明允 笃诚 为本 辨析 疏通 为首,夫奏 之 为 笔 固以 明允 笃诚 为本 辨析 疏通 为首,11,11,0
liuxie_shipin__liuxie_23,liuxie_shipin__liuxie_23__part01,文心雕龍·奏啟,劉勰,20,339,368,強志足以成務，博見足以窮理，酌古御今，治繁總要，此其體也。,强志 足以 成务 博见 足以 穷理 酌古御今 治繁 总要 此其体 也,强志 足以 成务 博见 足以 穷理 酌古御今 治 繁总 要 此其体 也,11,12,1
liuxie_shipin__liuxie_23,liuxie_shipin__liuxie_23__part01,文心雕龍·奏啟,劉勰,21,368,382,若乃按劾之奏，所以明憲清國。,若 乃 按劾 之 奏 所以 明宪清国,若 乃 按劾 之 奏 所以 明宪 清国,7,8,1
liuxie_shipin__liuxie_23,liuxie_shipin__liuxie_23__part01,文心雕龍·奏啟,劉勰,22,382,393,昔周之太僕，繩愆糾謬；,昔 周之太 仆 绳愆 纠谬,昔 周之太 仆 绳愆纠谬,5,4,1
liuxie_shipin__liuxie_23,liuxie_shipin__liuxie_23__part01,文心雕龍·奏啟,劉勰,23,393,403,秦之御史，職主文法；,秦之 御史 职主 文法,秦之 御史 职主 文法,4,4,0
liuxie_shipin__liuxie_23,liuxie_shipin__liuxie_23__part01,文心雕龍·奏啟,劉勰,24,403,413,漢置中丞，總司按劾；,汉置 中丞 总司 按劾,汉置 中丞 总司 按劾,4,4,0
liuxie_shipin__liuxie_23,liuxie_shipin__liuxie_23__part01,文心雕龍·奏啟,劉勰,25,413,438,故位在鷙擊，砥礪其氣，必使筆端振風，簡上凝霜者也。,故位 在 鸷 击 砥砺 其 气 必使 笔端 振风 简上 凝霜 者 也,故位 在 鸷击 砥砺 其 气 必使 笔端 振风 简上 凝霜 者 也,14,13,1
liuxie_shipin__liuxie_23,liuxie_shipin__liuxie_23__part01,文心雕龍·奏啟,劉勰,26,438,465,觀孔光之奏董賢，則實其奸回，路粹之奏孔融，則誣其釁惡。,观孔 光之奏 董贤 则 实其奸 回 路粹 之 奏 孔融 则 诬其衅 恶,观孔 光之奏 董贤 则 实其 奸回 路粹 之 奏 孔融 则 诬 其 衅恶,13,14,1
liuxie_shipin__liuxie_23,liuxie_shipin__liuxie_23__part01,文心雕龍·奏啟,劉勰,27,465,477,名儒之與險士，固殊心焉。,名儒 之 与 险士 固殊 心焉,名儒 之 与 险士 固殊 心焉,6,6,0
liuxie_shipin__liuxie_23,liuxie_shipin__liuxie_23__part01,文心雕龍·奏啟,劉勰,28,477,490,若夫傅咸勁直，而按辭堅深；,若夫 傅咸 劲直 而 按辞 坚深,若夫 傅咸 劲直 而 按辞 坚深,6,6,0
liuxie_shipin__liuxie_23,liuxie_shipin__liuxie_23__part01,文心雕龍·奏啟,劉勰,29,490,501,劉隗切正，而劾文闊略；,刘隗切 正 而劾 文阔略,刘隗切 正 而劾 文 阔略,4,5,1
liuxie_shipin__liuxie_23,liuxie_shipin__liuxie_23__part01,文心雕龍·奏啟,劉勰,30,501,506,各其志也。,各其志 也,各其志 也,2,2,0
liuxie_shipin__liuxie_23,liuxie_shipin__liuxie_23__part01,文心雕龍·奏啟,劉勰,31,508,529,後之彈事，迭相斟酌，惟新日用，而舊準弗差。,后之弹 事 迭 相 斟酌 惟新 日用 而 旧 准弗差,后 之 弹事 迭 相 斟酌 惟新 日用 而 旧 准弗差,10,11,1
liuxie_shipin__liuxie_23,liuxie_shipin__liuxie_23__part01,文心雕龍·奏啟,劉勰,32,529,550,然函人欲全，矢人欲傷，術在糾惡，勢必深峭。,然函人 欲 全 矢人欲伤 术 在 纠恶 势必 深峭,然函人 欲 全 矢人欲伤 术 在 纠恶 势必 深峭,9,9,0
liuxie_shipin__liuxie_23,liuxie_shipin__liuxie_23__part01,文心雕龍·奏啟,劉勰,33,550,562,《詩》刺讒人，投畀豺虎；,诗 刺 谗 人 投畀豺虎,诗 刺 谗人 投畀豺虎,5,4,1
liuxie_shipin__liuxie_23,liuxie_shipin__liuxie_23__part01,文心雕龍·奏啟,劉勰,34,562,574,《禮》疾無禮，方之鸚猩；,礼 疾 无礼 方之 鹦猩,礼 疾 无礼 方之 鹦猩,5,5,0
liuxie_shipin__liuxie_23,liuxie_shipin__liuxie_23__part01,文心雕龍·奏啟,劉勰,35,574,584,墨翟非儒，目以豕彘；,墨翟 非儒 目以 豕 彘,墨翟 非儒 目以 豕 彘,5,5,0
liuxie_shipin__liuxie_23,liuxie_shipin__liuxie_23__part01,文心雕龍·奏啟,劉勰,36,584,594,孟軻譏墨，比諸禽獸；,孟轲 讥墨 比 诸 禽兽,孟轲 讥墨 比 诸 禽兽,5,5,0
liuxie_shipin__liuxie_23,liuxie_shipin__liuxie_23__part01,文心雕龍·奏啟,劉勰,37,594,618,《詩》《禮》儒墨，既其如茲，奏劾嚴文，孰云能免。,诗 礼 儒墨 既 其 如兹 奏劾 严文 孰云 能免,诗 礼 儒墨 既 其 如兹 奏劾 严文 孰云 能免,10,10,0
liuxie_shipin__liuxie_23,liuxie_shipin__liuxie_23__part01,文心雕龍·奏啟,劉勰,38,618,650,是以世人為文，競於詆訶，吹毛取瑕，次骨為戾，復似善罵，多失折衷。,是 以 世人 为文 竞于 诋 诃 吹 毛取 瑕 次骨 为 戾 复似 善 骂 多失 折衷,是 以 世人 为文 竞于 诋诃 吹 毛取 瑕 次骨 为 戾 复似 善 骂 多失 折衷,18,17,1
liuxie_shipin__liuxie_23,liuxie_shipin__liuxie_23__part01,文心雕龍·奏啟,劉勰,39,650,693,若能闢禮門以懸規，標義路以植矩，然後逾垣者折肱，捷徑者滅趾，何必躁言醜句，詬病為切哉！,若能 辟 礼门 以 悬规 标义路 以植矩 然后 逾垣者 折肱 捷径 者 灭 趾 何必 躁言丑句 诟病 为切 哉,若能 辟 礼门 以 悬规 标 义路 以植矩 然后 逾垣者 折肱 捷径 者 灭 趾 何必 躁言丑句 诟病 为切 哉,19,20,1
liuxie_shipin__liuxie_23,liuxie_shipin__liuxie_23__part01,文心雕龍·奏啟,劉勰,40,693,705,是以立範運衡，宜明體要。,是 以立 范运衡 宜 明体 要,是 以立范 运衡 宜 明体 要,6,6,1
liuxie_shipin__liuxie_23,liuxie_shipin__liuxie_23__part01,文心雕龍·奏啟,劉勰,41,705,762,必使理有典刑，辭有風軌，總法家之式，秉儒家之文，不畏彊禦，氣流墨中，無縱詭隨，聲動簡外，乃稱絕席之雄，直方之舉耳。,必使 理有 典刑 辞有 风轨 总 法家 之式 秉 儒家 之文 不畏 彊 御 气 流墨 中 无纵 诡随 声动 简外 乃称 绝席 之雄 直方 之举 耳,必使 理有 典刑 辞有 风轨 总 法家 之式 秉 儒家 之文 不畏 彊 御 气 流墨 中 无纵 诡随 声动 简外 乃称 绝席 之雄 直方 之举 耳,27,27,0
liuxie_shipin__liuxie_23,liuxie_shipin__liuxie_23__part01,文心雕龍·奏啟,劉勰,42,764,769,啟者開也。,启者 开 也,启者 开 也,3,3,0
liuxie_shipin__liuxie_23,liuxie_shipin__liuxie_23__part01,文心雕龍·奏啟,劉勰,43,769,786,高宗云，啟乃心，沃朕心，取其義也。,高宗 云 启乃心 沃朕心 取其义 也,高宗 云 启乃心 沃朕心 取其义 也,6,6,0
liuxie_shipin__liuxie_23,liuxie_shipin__liuxie_23__part01,文心雕龍·奏啟,劉勰,44,786,797,孝景諱啟，故兩漢無稱。,孝景讳 启 故 两汉 无称,孝景讳 启 故 两汉 无称,5,5,0
liuxie_shipin__liuxie_23,liuxie_shipin__liuxie_23__part01,文心雕龍·奏啟,劉勰,45,797,808,至魏國箋記，始云啟聞。,至 魏国 笺记 始云启闻,至 魏国 笺记 始云启闻,4,4,0
liuxie_shipin__liuxie_23,liuxie_shipin__liuxie_23__part01,文心雕龍·奏啟,劉勰,46,808,818,奏事之末，或云謹啟。,奏事 之末 或云 谨启,奏事 之末 或云 谨启,4,4,0
liuxie_shipin__liuxie_23,liuxie_shipin__liuxie_23__part01,文心雕龍·奏啟,劉勰,47,818,829,自晉來盛啟，用兼表奏。,自晋 来 盛启 用 兼表奏,自晋 来 盛启 用 兼表奏,5,5,0
liuxie_shipin__liuxie_23,liuxie_shipin__liuxie_23__part01,文心雕龍·奏啟,劉勰,48,829,840,陳政言事，既奏之異條；,陈政言事 既奏 之 异条,陈政 言事 既奏 之 异条,4,5,1
liuxie_shipin__liuxie_23,liuxie_shipin__liuxie_23__part01,文心雕龍·奏啟,劉勰,49,840,851,讓爵謝恩，亦表之別幹。,让 爵 谢恩 亦 表之别 干,让爵 谢恩 亦表 之 别干,6,5,1
liuxie_shipin__liuxie_23,liuxie_shipin__liuxie_23__part01,文心雕龍·奏啟,劉勰,50,851,879,必斂飭入規，促其音節，辨要輕清，文而不侈，亦啟之大略也。,必敛 饬 入规 促其 音节 辨要 轻清 文而 不侈 亦 启 之 大略 也,必 敛饬 入规 促其 音节 辨要 轻清 文而 不侈 亦 启 之 大略 也,14,14,1
liuxie_shipin__liuxie_23,liuxie_shipin__liuxie_23__part01,文心雕龍·奏啟,劉勰,51,881,887,又表奏確切。,又 表奏 确切,又 表奏 确切,3,3,0
liuxie_shipin__liuxie_23,liuxie_shipin__liuxie_23__part01,文心雕龍·奏啟,劉勰,52,887,892,號為讜言。,号 为 谠 言,号 为 谠言,4,3,1
liuxie_shipin__liuxie_23,liuxie_shipin__liuxie_23__part01,文心雕龍·奏啟,劉勰,53,892,898,讜者，偏也。,谠 者 偏 也,谠 者 偏 也,4,4,0
liuxie_shipin__liuxie_23,liuxie_shipin__liuxie_23__part01,文心雕龍·奏啟,劉勰,54,898,908,王道有偏，乖乎蕩蕩。,王道 有 偏 乖乎 荡荡,王道 有 偏 乖乎 荡荡,5,5,0
liuxie_shipin__liuxie_23,liuxie_shipin__liuxie_23__part01,文心雕龍·奏啟,劉勰,55,908,917,其偏，故曰讜言也。,其偏 故曰 谠 言 也,其偏 故曰 谠言 也,5,4,1
liuxie_shipin__liuxie_23,liuxie_shipin__liuxie_23__part01,文心雕龍·奏啟,劉勰,56,917,930,孝成稱班伯之讜言，貴直也。,孝成 称班伯 之 谠 言 贵直 也,孝成 称班伯 之 谠言 贵直 也,7,6,1
liuxie_shipin__liuxie_23,liuxie_shipin__liuxie_23__part01,文心雕龍·奏啟,劉勰,57,930,941,自漢置八儀，密奏陰陽；,自汉置 八仪 密奏 阴阳,自汉置 八仪 密奏 阴阳,4,4,0
liuxie_shipin__liuxie_23,liuxie_shipin__liuxie_23__part01,文心雕龍·奏啟,劉勰,58,941,951,皁囊封板，故曰封事。,皂囊 封板 故曰 封事,皂囊 封板 故曰 封事,4,4,0
liuxie_shipin__liuxie_23,liuxie_shipin__liuxie_23__part01,文心雕龍·奏啟,劉勰,59,951,961,晁錯受書，還上便宜。,晁错 受书 还 上 便宜,晁错 受书 还 上 便宜,5,5,0
liuxie_shipin__liuxie_23,liuxie_shipin__liuxie_23__part01,文心雕龍·奏啟,劉勰,60,961,976,後代便宜，多附封事，慎機密也。,后代 便宜 多 附封事 慎 机密 也,后代 便宜 多 附封事 慎 机密 也,7,7,0
liuxie_shipin__liuxie_23,liuxie_shipin__liuxie_23__part01,文心雕龍·奏啟,劉勰,61,976,999,夫王臣匪躬，必吐謇諤，事舉人存，故無待泛說也。,夫王臣 匪 躬 必吐謇 谔 事 举人 存 故无待泛 说 也,夫王臣 匪 躬 必吐 謇谔 事 举人 存 故无待 泛说 也,11,11,1
liuxie_shipin__liuxie_23,liuxie_shipin__liuxie_23__part01,文心雕龍·奏啟,劉勰,62,1001,1004,贊曰：,赞 曰,赞 曰,2,2,0
liuxie_shipin__liuxie_23,liuxie_shipin__liuxie_23__part01,文心雕龍·奏啟,劉勰,63,1006,1016,皁飾司直，肅清風禁。,皂饰 司直 肃清 风禁,皂饰 司直 肃清 风禁,4,4,0
liuxie_shipin__liuxie_23,liuxie_shipin__liuxie_23__part01,文心雕龍·奏啟,劉勰,64,1016,1026,筆銳干將，墨含淳酖。,笔锐 干将 墨含淳 酖,笔锐 干将 墨含淳 酖,4,4,0
liuxie_shipin__liuxie_23,liuxie_shipin__liuxie_23__part01,文心雕龍·奏啟,劉勰,65,1028,1038,雖有次骨，無或膚浸。,虽有次 骨 无 或肤 浸,虽有次 骨 无或 肤浸,5,4,1
liuxie_shipin__liuxie_23,liuxie_shipin__liuxie_23__part01,文心雕龍·奏啟,劉勰,66,1038,1048,獻政陳宜，事必勝任。,献政 陈宜 事 必胜 任,献政 陈宜 事 必胜 任,5,5,0
liuxie_shipin__liuxie_24,liuxie_shipin__liuxie_24__part01,文心雕龍·議對,劉勰,0,0,10,周爰諮謀，是謂為議。,周爰 咨谋 是 谓 为议,周爰 咨谋 是 谓为 议,5,5,1
liuxie_shipin__liuxie_24,liuxie_shipin__liuxie_24__part01,文心雕龍·議對,劉勰,1,10,20,議之言宜，審事宜也。,议之言宜 审 事宜 也,议之言宜 审 事宜 也,4,4,0
liuxie_shipin__liuxie_24,liuxie_shipin__liuxie_24__part01,文心雕龍·議對,劉勰,2,20,37,《易》之節卦，君子以制度數議德行。,易 之节 卦 君子 以 制度 数议 德行,易 之节 卦 君子 以 制度 数议 德行,8,8,0
liuxie_shipin__liuxie_24,liuxie_shipin__liuxie_24__part01,文心雕龍·議對,劉勰,3,37,53,《周書》曰，議事以制，政乃弗迷。,周书 曰 议事 以制 政乃弗迷,周书 曰 议事 以制 政乃弗迷,5,5,0
liuxie_shipin__liuxie_24,liuxie_shipin__liuxie_24__part01,文心雕龍·議對,劉勰,4,53,64,議貴節制，經典之體也。,议贵 节制 经典 之体 也,议贵 节制 经典 之体 也,5,5,0
liuxie_shipin__liuxie_24,liuxie_shipin__liuxie_24__part01,文心雕龍·議對,劉勰,5,64,82,昔管仲稱軒轅有明臺之議，則其來遠矣。,昔 管仲 称 轩辕 有 明台 之议 则 其来 远 矣,昔 管仲 称 轩辕 有 明台 之议 则 其来 远 矣,11,11,0
liuxie_shipin__liuxie_24,liuxie_shipin__liuxie_24__part01,文心雕龍·議對,劉勰,6,82,112,洪水之難，堯咨四岳，宅揆之舉，舜疇五人，三代所興，詢及芻蕘。,洪水 之难 尧 咨 四岳 宅揆 之举 舜畴 五人 三代 所兴 询及 刍荛,洪水 之难 尧 咨 四岳 宅揆 之举 舜畴 五人 三代 所兴 询及 刍荛,13,13,0
liuxie_shipin__liuxie_24,liuxie_shipin__liuxie_24__part01,文心雕龍·議對,劉勰,7,112,124,《春秋》釋宋，魯桓務議。,春秋 释宋 鲁桓务议,春秋 释宋 鲁桓务议,3,3,0
liuxie_shipin__liuxie_24,liuxie_shipin__liuxie_24__part01,文心雕龍·議對,劉勰,8,124,136,及趙靈胡服，而季父爭論；,及 赵灵 胡服 而 季父 争论,及 赵灵 胡服 而 季父 争论,6,6,0
liuxie_shipin__liuxie_24,liuxie_shipin__liuxie_24__part01,文心雕龍·議對,劉勰,9,136,147,商鞅變法，而甘龍交辯；,商鞅 变法 而 甘龙 交辩,商鞅 变法 而 甘龙 交辩,5,5,0
liuxie_shipin__liuxie_24,liuxie_shipin__liuxie_24__part01,文心雕龍·議對,劉勰,10,147,159,雖憲章無算，而同異足觀。,虽 宪章 无算 而同 异足观,虽 宪章 无算 而 同异 足观,5,6,1
liuxie_shipin__liuxie_24,liuxie_shipin__liuxie_24__part01,文心雕龍·議對,劉勰,11,161,171,迄至有漢，始立駁議。,迄至 有汉 始立 驳议,迄至 有汉 始立 驳议,4,4,0
liuxie_shipin__liuxie_24,liuxie_shipin__liuxie_24__part01,文心雕龍·議對,劉勰,12,171,177,駁者，雜也。,驳者 杂 也,驳者 杂 也,3,3,0
liuxie_shipin__liuxie_24,liuxie_shipin__liuxie_24__part01,文心雕龍·議對,劉勰,13,177,187,雜議不純，故曰駁也。,杂议 不纯 故曰 驳 也,杂议 不纯 故曰 驳 也,5,5,0
liuxie_shipin__liuxie_24,liuxie_shipin__liuxie_24__part01,文心雕龍·議對,劉勰,14,187,208,自兩漢文明，楷式昭備，藹藹多士，發言盈庭；,自 两汉 文明 楷式 昭备 蔼蔼 多士 发言盈庭,自 两汉 文明 楷式 昭备 蔼蔼 多士 发言盈庭,8,8,0
liuxie_shipin__liuxie_24,liuxie_shipin__liuxie_24__part01,文心雕龍·議對,劉勰,15,208,224,若賈誼之遍代諸生，可謂捷於議也。,若 贾谊 之遍代 诸生 可谓 捷于议 也,若 贾谊 之遍代 诸生 可谓 捷于议 也,7,7,0
liuxie_shipin__liuxie_24,liuxie_shipin__liuxie_24__part01,文心雕龍·議對,劉勰,16,224,233,至如主父之駁挾弓。,至 如 主父 之驳 挟 弓,至 如 主父 之驳 挟 弓,6,6,0
liuxie_shipin__liuxie_24,liuxie_shipin__liuxie_24__part01,文心雕龍·議對,劉勰,17,233,268,安國之辨匈奴，賈捐之之陳于朱崖，劉歆之辨於祖宗，雖質文不同，得事要矣。,安国 之辨 匈奴 贾捐 之 之 陈于 朱崖 刘歆 之辨于 祖宗 虽质文 不同 得事要 矣,安国 之辨 匈奴 贾捐 之 之 陈于 朱崖 刘歆 之辨于 祖宗 虽 质文 不同 得事要 矣,15,16,1
liuxie_shipin__liuxie_24,liuxie_shipin__liuxie_24__part01,文心雕龍·議對,劉勰,18,270,329,若乃張敏之斷輕侮，郭躬之議擅誅，程曉之駁校事，司馬芝之議貨錢，何曾蠲出女之科，秦秀定賈充之謚，事實允當，可謂達議體矣。,若 乃 张敏 之断 轻侮 郭躬之议 擅 诛 程晓之驳 校事 司马 芝之议 货钱 何曾 蠲出 女之科 秦秀定 贾充 之 谥 事实 允当 可谓 达议体 矣,若 乃 张敏 之断 轻侮 郭躬之议 擅 诛 程晓之驳 校事 司马 芝之议 货钱 何曾 蠲出 女之科 秦秀定 贾充 之 谥 事实 允当 可谓 达 议体 矣,25,26,1
liuxie_shipin__liuxie_24,liuxie_shipin__liuxie_24__part01,文心雕龍·議對,劉勰,19,329,340,漢世善駁，則應劭為首。,汉世善 驳 则 应劭 为首,汉世善 驳 则 应劭 为首,5,5,0
liuxie_shipin__liuxie_24,liuxie_shipin__liuxie_24__part01,文心雕龍·議對,劉勰,20,340,351,晉代能議，則傅咸為宗。,晋代 能议 则 傅 咸为 宗,晋代 能议 则 傅 咸为 宗,6,6,0
liuxie_shipin__liuxie_24,liuxie_shipin__liuxie_24__part01,文心雕龍·議對,劉勰,21,351,363,然仲瑗博古，而銓貫有敘。,然仲瑗 博古 而铨贯 有 叙,然仲瑗 博古 而 铨贯 有 叙,5,6,1
liuxie_shipin__liuxie_24,liuxie_shipin__liuxie_24__part01,文心雕龍·議對,劉勰,22,363,374,長虞識治，而屬辭枝繁。,长虞识治 而 属 辞枝繁,长虞识治 而 属辞 枝繁,4,4,1
liuxie_shipin__liuxie_24,liuxie_shipin__liuxie_24__part01,文心雕龍·議對,劉勰,23,374,406,及陸機斷議，亦有鋒穎，而諛辭弗剪，頗累文骨，亦各有美，風格存焉。,及 陆机 断议 亦 有锋颖 而 谀辞 弗剪 颇 累文骨 亦 各 有 美 风格 存焉,及 陆机 断议 亦 有 锋颖 而 谀辞 弗剪 颇 累文骨 亦 各 有 美 风格 存焉,16,17,1
liuxie_shipin__liuxie_24,liuxie_shipin__liuxie_24__part01,文心雕龍·議對,劉勰,24,408,431,夫動先擬議，明用稽疑，所以敬慎群務，弛張治術。,夫动 先 拟议 明用 稽疑 所以 敬慎 群务 弛 张治术,夫动 先 拟议 明用 稽疑 所以 敬慎 群务 弛张 治术,10,10,1
liuxie_shipin__liuxie_24,liuxie_shipin__liuxie_24__part01,文心雕龍·議對,劉勰,25,431,458,故其大體所資，必樞紐經典：採故實於前代，觀通變於當今；,故其 大体 所资 必 枢纽 经典 采 故实 于 前代 观 通变 于 当今,故其 大体 所资 必 枢纽 经典 采 故实 于 前代 观 通变 于 当今,14,14,0
liuxie_shipin__liuxie_24,liuxie_shipin__liuxie_24__part01,文心雕龍·議對,劉勰,26,458,472,理不謬搖其枝，字不妄舒其藻。,理不谬 摇其枝 字 不 妄 舒其藻,理不谬 摇其枝 字 不 妄 舒其藻,6,6,0
liuxie_shipin__liuxie_24,liuxie_shipin__liuxie_24__part01,文心雕龍·議對,劉勰,27,472,501,又郊祀必洞於禮，戎事必練於兵，田穀先曉於農，斷訟務精於律。,又 郊祀 必洞 于 礼 戎事 必练于 兵 田谷 先晓于 农 断讼务 精于 律,又 郊祀 必洞 于 礼 戎事 必练于 兵 田谷 先晓于 农 断讼 务 精于 律,14,15,1
liuxie_shipin__liuxie_24,liuxie_shipin__liuxie_24__part01,文心雕龍·議對,劉勰,28,501,527,然後標以顯義，約以正辭，文以辨潔為能，不以繁縟為巧；,然后 标以 显义 约 以 正辞 文以 辨洁 为 能 不 以 繁缛 为巧,然后 标以 显义 约 以 正辞 文以 辨洁 为 能 不 以 繁缛 为巧,14,14,0
liuxie_shipin__liuxie_24,liuxie_shipin__liuxie_24__part01,文心雕龍·議對,劉勰,29,527,549,事以明覈為美，不以深隱為奇，此綱領之大要也。,事以 明核 为 美 不以 深隐为 奇 此 纲领 之大要 也,事以 明核 为 美 不 以 深隐 为奇 此 纲领 之大要 也,11,12,1
liuxie_shipin__liuxie_24,liuxie_shipin__liuxie_24__part01,文心雕龍·議對,劉勰,30,551,598,若不達政體，而舞筆弄文，支離構辭，穿鑿會巧，空騁其華，固為事實所擯，設得其理，亦為游辭所埋矣。,若不达 政体 而 舞笔弄文 支离 构辞 穿凿 会巧 空骋 其华 固 为 事实 所 摈 设得 其理 亦 为 游辞 所 埋 矣,若 不达 政体 而 舞笔弄文 支离 构辞 穿凿 会巧 空骋 其华 固 为 事实 所 摈 设得 其理 亦 为 游辞 所 埋 矣,23,24,1
liuxie_shipin__liuxie_24,liuxie_shipin__liuxie_24__part01,文心雕龍·議對,劉勰,31,598,618,昔秦女嫁晉，從文衣之媵，晉人貴媵而賤女；,昔秦 女 嫁 晋 从文衣 之 媵 晋人贵 媵 而 贱 女,昔秦 女 嫁 晋 从文衣 之 媵 晋人贵 媵 而 贱女,12,11,1
liuxie_shipin__liuxie_24,liuxie_shipin__liuxie_24__part01,文心雕龍·議對,劉勰,32,618,637,楚珠鬻鄭，為薰桂之櫝，鄭人買櫝而還珠；,楚珠 鬻 郑 为 薰 桂 之 椟 郑人 买 椟 而 还 珠,楚珠 鬻 郑 为 薰 桂 之 椟 郑人 买椟 而 还珠,14,12,1
liuxie_shipin__liuxie_24,liuxie_shipin__liuxie_24__part01,文心雕龍·議對,劉勰,33,637,660,若文浮於理，末勝其本，則秦女楚珠，復存於茲矣。,若文 浮于 理 末胜 其本 则 秦女 楚珠 复存于 兹 矣,若文 浮于 理 末胜 其本 则 秦女 楚珠 复存 于兹 矣,11,11,1
liuxie_shipin__liuxie_24,liuxie_shipin__liuxie_24__part01,文心雕龍·議對,劉勰,34,662,674,又對策者，應詔而陳政也；,又 对策 者 应 诏 而 陈政 也,又 对策 者 应诏 而 陈政 也,8,7,1
liuxie_shipin__liuxie_24,liuxie_shipin__liuxie_24__part01,文心雕龍·議對,劉勰,35,674,685,射策者，探事而獻說也。,射策 者 探事 而 献 说 也,射策 者 探事 而 献说 也,7,6,1
liuxie_shipin__liuxie_24,liuxie_shipin__liuxie_24__part01,文心雕龍·議對,劉勰,36,685,708,言中理準，譬射侯中的，二名雖殊，即議之別體也。,言中 理准 譬射 侯中 的 二名 虽殊 即议 之 别体 也,言中 理准 譬射 侯中 的 二名 虽殊 即议 之 别体 也,11,11,0
liuxie_shipin__liuxie_24,liuxie_shipin__liuxie_24__part01,文心雕龍·議對,劉勰,37,708,718,古之造士，選事考言。,古之造士 选事 考言,古之造士 选事 考言,3,3,0
liuxie_shipin__liuxie_24,liuxie_shipin__liuxie_24__part01,文心雕龍·議對,劉勰,38,718,738,漢文中年，始舉賢良，晁錯對策，蔚為舉首。,汉文 中年 始举 贤良 晁错 对策 蔚为 举首,汉文 中年 始举 贤良 晁错 对策 蔚为 举首,8,8,0
liuxie_shipin__liuxie_24,liuxie_shipin__liuxie_24__part01,文心雕龍·議對,劉勰,39,738,775,及孝武益明，旁求俊乂，對策者以第一登庸，射策者以甲科入仕，斯固選賢要術也。,及 孝 武益明 旁求 俊 乂 对策 者 以 第一 登庸 射策 者 以甲科 入仕 斯固 选贤 要术 也,及 孝 武益明 旁求 俊 乂 对策 者 以 第一 登庸 射策 者 以甲科 入仕 斯固 选贤 要术 也,19,19,0
liuxie_shipin__liuxie_24,liuxie_shipin__liuxie_24__part01,文心雕龍·議對,劉勰,40,777,808,觀晁氏之對，證驗古今，辭裁以辨，事通而贍，超升高第，信有徵矣。,观晁氏 之 对 证验 古今 辞裁 以 辨 事通 而 赡 超 升高 第 信有征 矣,观晁氏 之 对 证验 古今 辞裁 以 辨 事通 而 赡 超 升高 第 信有征 矣,16,16,0
liuxie_shipin__liuxie_24,liuxie_shipin__liuxie_24__part01,文心雕龍·議對,劉勰,41,808,841,仲舒之對，祖述春秋，本陰陽之化，究列代之變，煩而不慁者，事理明也。,仲舒 之 对 祖述 春秋 本 阴阳 之化 究列代 之变 烦 而 不 慁 者 事理 明 也,仲舒 之 对 祖述 春秋 本 阴阳 之化 究列代 之变 烦 而 不 慁 者 事理 明 也,18,18,0
liuxie_shipin__liuxie_24,liuxie_shipin__liuxie_24__part01,文心雕龍·議對,劉勰,42,841,878,公孫之對，簡而未博，然總要以約文，事切而情舉，所以太常居下，而天子擢上也。,公孙 之 对 简而 未博 然总要 以约文 事切 而 情举 所以 太常 居下 而 天子 擢 上 也,公孙 之 对 简而 未博 然 总要 以约文 事切 而 情举 所以 太常 居下 而 天子 擢 上 也,18,19,1
liuxie_shipin__liuxie_24,liuxie_shipin__liuxie_24__part01,文心雕龍·議對,劉勰,43,878,898,杜欽之對，略而指事，辭以治宣，不為文作。,杜钦 之 对 略 而 指事 辞 以治宣 不为 文作,杜钦 之 对 略 而 指事 辞 以治宣 不为 文作,10,10,0
liuxie_shipin__liuxie_24,liuxie_shipin__liuxie_24__part01,文心雕龍·議對,劉勰,44,898,920,及後漢魯丕，辭氣質素，以儒雅中策，獨入高第。,及 后汉 鲁丕 辞 气 质素 以 儒雅 中策 独入 高 第,及 后汉 鲁丕 辞 气 质素 以 儒雅 中策 独入 高 第,12,12,0
liuxie_shipin__liuxie_24,liuxie_shipin__liuxie_24__part01,文心雕龍·議對,劉勰,45,920,933,凡此五家，並前代之明範也。,凡 此 五家 并 前代 之 明范 也,凡此 五家 并 前代 之 明范 也,8,7,1
liuxie_shipin__liuxie_24,liuxie_shipin__liuxie_24__part01,文心雕龍·議對,劉勰,46,935,976,魏晉以來，稍務文麗，以文紀實，所失已多，及其來選，又稱疾不會，雖欲求文，弗可得也。,魏晋 以来 稍务文丽 以文 纪实 所失 已 多 及其 来选 又称 疾 不会 虽 欲求 文 弗可得 也,魏晋 以来 稍务 文丽 以文 纪实 所失 已 多 及其 来选 又称 疾 不会 虽 欲求 文 弗可得 也,18,19,1
liuxie_shipin__liuxie_24,liuxie_shipin__liuxie_24__part01,文心雕龍·議對,劉勰,47,976,1011,是以漢飲博士，而雉集乎堂，晉策秀才，而麏興於前，無他怪也，選失之異耳。,是 以汉饮 博士 而 雉 集乎 堂 晋策 秀才 而 麏 兴 于 前 无 他 怪 也 选失 之异 耳,是 以汉饮 博士 而 雉 集乎 堂 晋策 秀才 而 麏 兴 于 前 无他 怪 也 选失 之异 耳,21,20,1
liuxie_shipin__liuxie_24,liuxie_shipin__liuxie_24__part01,文心雕龍·議對,劉勰,48,1013,1024,夫駁議偏辨，各執異見；,夫 驳议 偏辨 各执 异见,夫 驳议 偏辨 各执 异见,5,5,0
liuxie_shipin__liuxie_24,liuxie_shipin__liuxie_24__part01,文心雕龍·議對,劉勰,49,1024,1034,對策揄揚，大明治道。,对策 揄 扬 大明 治 道,对策 揄扬 大明 治 道,6,5,1
liuxie_shipin__liuxie_24,liuxie_shipin__liuxie_24__part01,文心雕龍·議對,劉勰,50,1034,1062,使事深於政術，理密於時務，酌三五以鎔世，而非迂緩之高談；,使事 深于 政术 理密于 时务 酌 三五 以镕世 而 非 迂缓 之高谈,使事 深于 政术 理密于 时务 酌 三五 以镕世 而 非 迂缓 之 高谈,12,13,1
liuxie_shipin__liuxie_24,liuxie_shipin__liuxie_24__part01,文心雕龍·議對,劉勰,51,1062,1077,馭權變以拯俗，而非刻薄之偽論；,驭 权变 以 拯俗 而 非 刻薄 之伪论,驭 权变 以 拯俗 而 非 刻薄 之 伪论,8,9,1
liuxie_shipin__liuxie_24,liuxie_shipin__liuxie_24__part01,文心雕龍·議對,劉勰,52,1077,1098,風恢恢而能遠，流洋洋而不溢，王庭之美對也。,风恢 恢而能 远 流 洋洋 而 不溢 王庭 之 美 对 也,风恢 恢而能 远 流 洋洋 而 不溢 王庭 之 美 对 也,12,12,0
liuxie_shipin__liuxie_24,liuxie_shipin__liuxie_24__part01,文心雕龍·議對,劉勰,53,1098,1108,難矣哉，士之為才也！,难 矣哉 士之为 才 也,难 矣哉 士之为 才 也,5,5,0
liuxie_shipin__liuxie_24,liuxie_shipin__liuxie_24__part01,文心雕龍·議對,劉勰,54,1108,1142,或練治而寡文，或工文而疎治，對策所選，實屬通才，志足文遠，不其鮮歟！,或练治 而 寡文 或 工文 而 疎 治 对策 所 选 实属 通才 志足 文远 不其鲜 欤,或练治 而 寡文 或 工文 而 疎 治 对策 所 选 实属 通才 志足 文远 不其鲜 欤,17,17,0
liuxie_shipin__liuxie_24,liuxie_shipin__liuxie_24__part01,文心雕龍·議對,劉勰,55,1144,1147,贊曰：,赞 曰,赞 曰,2,2,0
liuxie_shipin__liuxie_24,liuxie_shipin__liuxie_24__part01,文心雕龍·議對,劉勰,56,1149,1159,議惟疇政，名實相課。,议惟畴 政 名实 相课,议惟畴 政 名实 相课,4,4,0
liuxie_shipin__liuxie_24,liuxie_shipin__liuxie_24__part01,文心雕龍·議對,劉勰,57,1159,1169,斷理必綱，摛辭無懦。,断理 必纲 摛 辞无懦,断理 必纲 摛辞 无懦,4,4,1
liuxie_shipin__liuxie_24,liuxie_shipin__liuxie_24__part01,文心雕龍·議對,劉勰,58,1171,1181,對策王庭，同時酌和。,对策 王庭 同时 酌 和,对策 王庭 同时 酌 和,5,5,0
liuxie_shipin__liuxie_24,liuxie_shipin__liuxie_24__part01,文心雕龍·議對,劉勰,59,1181,1191,治體高秉，雅謨遠播。,治体 高秉 雅谟 远播,治体 高秉 雅谟 远播,4,4,0
liuxie_shipin__liuxie_25,liuxie_shipin__liuxie_25__part01,文心雕龍·書記,劉勰,0,0,9,大舜云：書用識哉！,大舜 云 书用识 哉,大舜 云 书用识 哉,4,4,0
liuxie_shipin__liuxie_25,liuxie_shipin__liuxie_25__part01,文心雕龍·書記,劉勰,1,9,16,所以記時事也。,所以 记 时事 也,所以 记 时事 也,4,4,0
liuxie_shipin__liuxie_25,liuxie_shipin__liuxie_25__part01,文心雕龍·書記,劉勰,2,16,37,蓋聖賢言辭，總為之書，書之為體，主言者也。,盖 圣贤 言辞 总为 之书 书之为体 主言者 也,盖 圣贤 言辞 总为 之书 书之为体 主 言者 也,8,9,1
liuxie_shipin__liuxie_25,liuxie_shipin__liuxie_25__part01,文心雕龍·書記,劉勰,3,37,47,揚雄曰：言，心聲也；,扬雄 曰 言 心声 也,扬雄 曰 言 心声 也,5,5,0
liuxie_shipin__liuxie_25,liuxie_shipin__liuxie_25__part01,文心雕龍·書記,劉勰,4,47,53,書，心畫也。,书 心画 也,书 心画 也,3,3,0
liuxie_shipin__liuxie_25,liuxie_shipin__liuxie_25__part01,文心雕龍·書記,劉勰,5,53,64,聲畫形，君子小人見矣。,声画形 君子 小人 见 矣,声画形 君子 小人 见 矣,5,5,0
liuxie_shipin__liuxie_25,liuxie_shipin__liuxie_25__part01,文心雕龍·書記,劉勰,6,64,71,故書者，舒也。,故书者 舒 也,故书 者 舒 也,3,4,1
liuxie_shipin__liuxie_25,liuxie_shipin__liuxie_25__part01,文心雕龍·書記,劉勰,7,71,93,舒布其言，陳之簡牘，取象於夬，貴在明決而已。,舒布 其言 陈之 简牍 取象 于 夬 贵在 明决 而已,舒布 其言 陈之 简牍 取象 于 夬 贵在 明决 而已,10,10,0
liuxie_shipin__liuxie_25,liuxie_shipin__liuxie_25__part01,文心雕龍·書記,劉勰,8,95,155,三代政暇，文翰頗疎，春秋聘繁，書介彌盛：繞朝贈士會以策，子家與趙宣以書，巫臣之遺子反，子產之諫范宣，詳觀四書，辭若對面。,三代 政暇 文翰 颇 疎 春秋 聘繁 书介弥盛 绕朝 赠士会 以策 子家 与 赵宣以 书 巫臣 之 遗子 反 子产 之谏 范宣 详观 四书 辞若 对面,三代 政暇 文翰 颇 疎 春秋 聘繁 书介 弥盛 绕朝 赠士会 以策 子家 与 赵宣以 书 巫臣 之 遗子 反 子产 之谏 范宣 详观 四书 辞若 对面,26,27,1
liuxie_shipin__liuxie_25,liuxie_shipin__liuxie_25__part01,文心雕龍·書記,劉勰,9,155,180,又子服敬叔進弔書于滕君，固知行人挈辭，多被翰墨矣。,又 子服 敬叔进 吊书于 滕君 固知 行人 挈 辞 多 被 翰墨 矣,又 子服 敬叔进 吊书 于 滕君 固知 行人 挈辞 多 被 翰墨 矣,13,13,1
liuxie_shipin__liuxie_25,liuxie_shipin__liuxie_25__part01,文心雕龍·書記,劉勰,10,180,191,及七國獻書，詭麗輻輳；,及七国献书 诡丽 辐辏,及 七国 献书 诡丽 辐辏,3,5,1
liuxie_shipin__liuxie_25,liuxie_shipin__liuxie_25__part01,文心雕龍·書記,劉勰,11,191,201,漢來筆札，辭氣紛紜。,汉来 笔札 辞 气 纷纭,汉来 笔札 辞 气 纷纭,5,5,0
liuxie_shipin__liuxie_25,liuxie_shipin__liuxie_25__part01,文心雕龍·書記,劉勰,12,201,241,觀史遷之報任安，東方朔之難公孫，楊惲之酬會宗，子雲之答劉歆，志氣槃桓，各含殊采；,观史 迁之报 任安 东方朔 之难 公孙 杨恽 之酬 会宗 子云之答 刘歆 志 气 槃 桓 各 含殊 采,观 史迁 之报 任安 东方朔 之难 公孙 杨恽 之酬 会宗 子云之答 刘歆 志 气 槃 桓 各 含殊 采,18,19,1
liuxie_shipin__liuxie_25,liuxie_shipin__liuxie_25__part01,文心雕龍·書記,劉勰,13,241,254,並杼軸乎尺素，抑揚乎寸心。,并 杼轴 乎 尺素 抑扬 乎 寸心,并 杼轴 乎 尺素 抑扬 乎 寸心,7,7,0
liuxie_shipin__liuxie_25,liuxie_shipin__liuxie_25__part01,文心雕龍·書記,劉勰,14,256,268,逮後漢書記，則崔瑗尤善。,逮 后汉 书记 则 崔瑗 尤善,逮 后汉 书记 则 崔瑗 尤善,6,6,0
liuxie_shipin__liuxie_25,liuxie_shipin__liuxie_25__part01,文心雕龍·書記,劉勰,15,268,278,魏之元瑜，號稱翩翩；,魏之元 瑜 号称 翩翩,魏之元 瑜 号称 翩翩,4,4,0
liuxie_shipin__liuxie_25,liuxie_shipin__liuxie_25__part01,文心雕龍·書記,劉勰,16,278,288,文舉屬章，半簡必錄；,文举 属章 半简 必录,文举 属章 半简 必录,4,4,0
liuxie_shipin__liuxie_25,liuxie_shipin__liuxie_25__part01,文心雕龍·書記,劉勰,17,288,298,休璉好事，留意詞翰；,休琏 好事 留意 词翰,休琏 好事 留意 词翰,4,4,0
liuxie_shipin__liuxie_25,liuxie_shipin__liuxie_25__part01,文心雕龍·書記,劉勰,18,298,303,抑其次也。,抑 其次 也,抑 其次 也,3,3,0
liuxie_shipin__liuxie_25,liuxie_shipin__liuxie_25__part01,文心雕龍·書記,劉勰,19,303,316,嵇康絕交，實志高而文偉矣；,嵇康 绝交 实志高 而 文伟 矣,嵇康 绝交 实志 高而文伟 矣,6,5,1
liuxie_shipin__liuxie_25,liuxie_shipin__liuxie_25__part01,文心雕龍·書記,劉勰,20,316,329,趙至敘離，迺少年之激切也。,赵至 叙离 迺 少年 之 激切 也,赵至 叙离 迺 少年 之 激切 也,7,7,0
liuxie_shipin__liuxie_25,liuxie_shipin__liuxie_25__part01,文心雕龍·書記,劉勰,21,329,341,至如陳遵占辭，百封各意；,至 如 陈 遵占辞 百封 各意,至 如 陈 遵 占辞 百封 各意,6,7,1
liuxie_shipin__liuxie_25,liuxie_shipin__liuxie_25__part01,文心雕龍·書記,劉勰,22,341,360,禰衡代書，親疎得宜，斯又尺牘之偏才也。,祢衡 代书 亲 疎 得宜 斯 又 尺牍 之 偏 才 也,祢衡 代书 亲 疎 得宜 斯 又 尺牍 之 偏 才 也,12,12,0
liuxie_shipin__liuxie_25,liuxie_shipin__liuxie_25__part01,文心雕龍·書記,劉勰,23,362,396,詳總書體，本在盡言，言以散鬱陶，託風采，故宜滌暢以任氣，優柔以懌懷。,详 总 书体 本 在 尽言 言以 散郁陶 托 风采 故宜涤畅 以任 气 优柔 以怿怀,详 总 书体 本 在 尽言 言以 散 郁陶 托 风采 故宜 涤畅 以任 气 优柔 以怿怀,15,17,1
liuxie_shipin__liuxie_25,liuxie_shipin__liuxie_25__part01,文心雕龍·書記,劉勰,24,396,409,文明從容，亦心聲之獻酬也。,文明 从容 亦 心声 之献酬 也,文明 从容 亦 心声 之 献酬 也,6,7,1
liuxie_shipin__liuxie_25,liuxie_shipin__liuxie_25__part01,文心雕龍·書記,劉勰,25,409,465,若夫尊貴差序，則肅以節文，戰國以前，君臣同書，秦漢立儀，始有表奏，王公國內，亦稱奏書，張敞奏書於膠后，其義美矣。,若夫 尊贵 差序 则 肃以 节文 战国 以前 君臣 同书 秦汉 立仪 始有 表奏 王公 国内 亦 称 奏书 张敞 奏书 于 胶后 其 义美 矣,若夫 尊贵 差序 则 肃以 节文 战国 以前 君臣 同书 秦汉 立仪 始有 表奏 王公 国内 亦 称 奏书 张敞 奏书 于 胶后 其 义美 矣,26,26,0
liuxie_shipin__liuxie_25,liuxie_shipin__liuxie_25__part01,文心雕龍·書記,劉勰,26,467,488,迄至後漢，稍有名品，公府奏記，而郡將奏牋。,迄至 后汉 稍 有 名品 公府 奏记 而 郡 将 奏 牋,迄至 后汉 稍 有 名品 公府 奏记 而 郡将 奏 牋,12,11,1
liuxie_shipin__liuxie_25,liuxie_shipin__liuxie_25__part01,文心雕龍·書記,劉勰,27,488,498,記之言志，進己志也。,记之 言志 进己 志 也,记之 言志 进己 志 也,5,5,0
liuxie_shipin__liuxie_25,liuxie_shipin__liuxie_25__part01,文心雕龍·書記,劉勰,28,498,510,牋者，表也，表識其情也。,牋 者 表 也 表识 其情 也,牋 者 表 也 表识 其情 也,7,7,0
liuxie_shipin__liuxie_25,liuxie_shipin__liuxie_25__part01,文心雕龍·書記,劉勰,29,510,526,崔實奏記於公府，則崇讓之德音矣；,崔实 奏 记于 公府 则 崇让 之德音 矣,崔实 奏记 于 公府 则 崇让 之德音 矣,8,8,1
liuxie_shipin__liuxie_25,liuxie_shipin__liuxie_25__part01,文心雕龍·書記,劉勰,30,526,542,黃香奏牋於江夏，亦肅恭之遺式矣。,黄香奏 牋 于 江夏 亦 肃 恭 之 遗式 矣,黄香 奏 牋 于 江夏 亦 肃恭 之 遗式 矣,10,10,1
liuxie_shipin__liuxie_25,liuxie_shipin__liuxie_25__part01,文心雕龍·書記,劉勰,31,542,577,公幹牋記，麗而規益，子桓弗論，故世所共遺，若略名取實，則有美於為詩矣。,公干 牋 记 丽而 规益 子桓弗论 故世 所共遗 若略名 取实 则 有 美于 为 诗 矣,公干 牋 记 丽而 规益 子桓弗论 故世 所共遗 若略名 取实 则 有 美于 为 诗 矣,16,16,0
liuxie_shipin__liuxie_25,liuxie_shipin__liuxie_25__part01,文心雕龍·書記,劉勰,32,577,587,劉廙謝恩，喻切以至。,刘廙 谢恩 喻切 以至,刘廙 谢恩 喻切 以至,4,4,0
liuxie_shipin__liuxie_25,liuxie_shipin__liuxie_25__part01,文心雕龍·書記,劉勰,33,587,597,陸機自理，情周而巧；,陆机 自理 情周 而巧,陆机 自理 情周 而巧,4,4,0
liuxie_shipin__liuxie_25,liuxie_shipin__liuxie_25__part01,文心雕龍·書記,劉勰,34,597,604,牋之為美者也。,牋 之 为 美者 也,牋 之 为 美者 也,5,5,0
liuxie_shipin__liuxie_25,liuxie_shipin__liuxie_25__part01,文心雕龍·書記,劉勰,35,604,655,原牋記之為式，既上窺乎表，亦下睨乎書，使敬而不懾，簡而無傲，清美以惠其才，彪蔚以文其響，蓋牋記之分也。,原 牋 记之为 式 既上 窥乎表 亦 下睨乎 书 使敬 而 不慑 简而 无傲 清美 以惠其 才 彪蔚 以文 其响 盖 牋 记之分 也,原 牋 记之为 式 既上 窥乎表 亦 下睨乎 书 使敬 而 不慑 简而 无傲 清美 以惠其 才 彪蔚 以文 其响 盖 牋 记之分 也,24,24,0
liuxie_shipin__liuxie_25,liuxie_shipin__liuxie_25__part01,文心雕龍·書記,劉勰,36,657,678,夫書記廣大，衣被事體，筆劄雜名，古今多品。,夫 书记 广大 衣被 事体 笔 劄 杂名 古今 多品,夫 书记 广大 衣被 事体 笔 劄 杂名 古今 多品,10,10,0
liuxie_shipin__liuxie_25,liuxie_shipin__liuxie_25__part01,文心雕龍·書記,劉勰,37,678,692,是以總領黎庶，則有譜籍簿錄；,是 以 总领 黎庶 则 有 谱 籍 簿 录,是 以 总领 黎庶 则 有 谱籍 簿录,10,8,1
liuxie_shipin__liuxie_25,liuxie_shipin__liuxie_25__part01,文心雕龍·書記,劉勰,38,692,704,醫歷星筮，則有方術占試；,医历 星筮 则 有 方术 占试,医历 星筮 则 有 方术 占试,6,6,0
liuxie_shipin__liuxie_25,liuxie_shipin__liuxie_25__part01,文心雕龍·書記,劉勰,39,704,716,申憲述兵，則有律令法制；,申宪述 兵 则 有 律令 法制,申宪 述兵 则 有 律令 法制,6,6,1
liuxie_shipin__liuxie_25,liuxie_shipin__liuxie_25__part01,文心雕龍·書記,劉勰,40,716,728,朝市徵信，則有符契券疏；,朝市 征信 则 有 符 契券 疏,朝市 征信 则 有 符 契券 疏,7,7,0
liuxie_shipin__liuxie_25,liuxie_shipin__liuxie_25__part01,文心雕龍·書記,劉勰,41,728,740,百官詢事，則有關刺解牒；,百官 询事 则 有关 刺解牒,百官 询事 则 有关 刺解牒,5,5,0
liuxie_shipin__liuxie_25,liuxie_shipin__liuxie_25__part01,文心雕龍·書記,劉勰,42,740,752,萬民達志，則有狀列辭諺；,万民 达志 则 有 状列 辞谚,万民 达志 则 有状 列辞 谚,6,6,1
liuxie_shipin__liuxie_25,liuxie_shipin__liuxie_25__part01,文心雕龍·書記,劉勰,43,752,778,並述理於心，著言於翰，雖藝文之末品，而政事之先務也。,并述 理于 心 著言于 翰 虽 艺文 之末品 而 政事 之先务 也,并述 理于 心 著言于 翰 虽 艺文 之末品 而 政事 之 先务 也,12,13,1
liuxie_shipin__liuxie_25,liuxie_shipin__liuxie_25__part01,文心雕龍·書記,劉勰,44,780,788,故謂譜者，普也。,故谓 谱 者 普 也,故谓 谱 者 普 也,5,5,0
liuxie_shipin__liuxie_25,liuxie_shipin__liuxie_25__part01,文心雕龍·書記,劉勰,45,788,810,注序世統，事資周普，鄭氏譜《詩》，蓋取乎此。,注序 世统 事资 周普 郑 氏谱 诗 盖 取乎 此,注序 世统 事资 周普 郑 氏谱 诗 盖 取乎 此,10,10,0
liuxie_shipin__liuxie_25,liuxie_shipin__liuxie_25__part01,文心雕龍·書記,劉勰,46,810,816,籍者，借也。,籍者 借 也,籍者 借 也,3,3,0
liuxie_shipin__liuxie_25,liuxie_shipin__liuxie_25__part01,文心雕龍·書記,劉勰,47,816,836,歲借民力，條之於版，春秋司籍，即其事也。,岁 借 民力 条之于 版 春秋 司籍 即 其事 也,岁 借 民力 条之于 版 春秋 司籍 即 其事 也,10,10,0
liuxie_shipin__liuxie_25,liuxie_shipin__liuxie_25__part01,文心雕龍·書記,劉勰,48,836,842,簿者，圃也。,簿者 圃 也,簿者 圃 也,3,3,0
liuxie_shipin__liuxie_25,liuxie_shipin__liuxie_25__part01,文心雕龍·書記,劉勰,49,842,867,草木區別，文書類聚，張湯李廣，為吏所簿，別情偽也。,草木 区别 文书 类聚 张汤 李广 为吏 所 簿 别 情伪 也,草木 区别 文书 类聚 张汤 李广 为吏 所 簿 别 情伪 也,12,12,0
liuxie_shipin__liuxie_25,liuxie_shipin__liuxie_25__part01,文心雕龍·書記,劉勰,50,867,873,錄者，領也。,录者 领 也,录者 领 也,3,3,0
liuxie_shipin__liuxie_25,liuxie_shipin__liuxie_25__part01,文心雕龍·書記,劉勰,51,873,893,古史世本，編以簡策，領其名數，故曰錄也。,古史 世本 编以 简策 领其 名数 故曰 录 也,古史 世本 编以 简策 领其 名数 故曰 录 也,9,9,0
liuxie_shipin__liuxie_25,liuxie_shipin__liuxie_25__part01,文心雕龍·書記,劉勰,52,895,901,方者，隅也。,方者 隅 也,方者 隅 也,3,3,0
liuxie_shipin__liuxie_25,liuxie_shipin__liuxie_25__part01,文心雕龍·書記,劉勰,53,901,922,醫藥攻病，各有所主，專精一隅，故藥術稱方。,医药 攻病 各 有所 主 专精 一隅 故药术 称方,医药 攻病 各 有所 主 专精 一隅 故药术 称方,9,9,0
liuxie_shipin__liuxie_25,liuxie_shipin__liuxie_25__part01,文心雕龍·書記,劉勰,54,924,930,術者，路也。,术者 路 也,术者 路 也,3,3,0
liuxie_shipin__liuxie_25,liuxie_shipin__liuxie_25__part01,文心雕龍·書記,劉勰,55,930,964,算歷極數，見路乃明，《九章》積微，故以為術，淮南《萬畢》，皆其類也。,算历 极数 见路 乃明 九章 积微 故 以为 术 淮南 万毕 皆 其类 也,算历 极数 见路 乃明 九章 积微 故 以为 术 淮南 万毕 皆 其类 也,14,14,0
liuxie_shipin__liuxie_25,liuxie_shipin__liuxie_25__part01,文心雕龍·書記,劉勰,56,966,972,占者，覘也。,占者 觇 也,占者 觇 也,3,3,0
liuxie_shipin__liuxie_25,liuxie_shipin__liuxie_25__part01,文心雕龍·書記,劉勰,57,972,992,星辰飛伏，伺候乃見，精觀書雲，故曰占也。,星辰 飞伏 伺候 乃 见 精观 书云 故曰 占 也,星辰 飞伏 伺候 乃 见 精观 书云 故曰 占 也,10,10,0
liuxie_shipin__liuxie_25,liuxie_shipin__liuxie_25__part01,文心雕龍·書記,劉勰,58,994,1000,式者，則也。,式 者 则 也,式 者 则 也,4,4,0
liuxie_shipin__liuxie_25,liuxie_shipin__liuxie_25__part01,文心雕龍·書記,劉勰,59,1000,1022,陰陽盈虛，五行消息，變雖不常，而稽之有則也。,阴阳 盈虚 五行 消息 变 虽不常 而稽 之 有 则 也,阴阳 盈虚 五行 消息 变 虽不常 而稽 之 有 则 也,11,11,0
liuxie_shipin__liuxie_25,liuxie_shipin__liuxie_25__part01,文心雕龍·書記,劉勰,60,1024,1060,律者，中也，黃鐘調起，五音以正，法律馭民，八刑克平，以律為名，取中正也。,律者 中 也 黄钟 调起 五音 以正 法律 驭 民 八刑克平 以律 为名 取 中正 也,律者 中 也 黄钟调 起 五音 以正 法律 驭 民 八 刑克 平 以律 为名 取 中正 也,16,18,1
liuxie_shipin__liuxie_25,liuxie_shipin__liuxie_25__part01,文心雕龍·書記,劉勰,61,1062,1068,令者，命也。,令者 命 也,令者 命 也,3,3,0
liuxie_shipin__liuxie_25,liuxie_shipin__liuxie_25__part01,文心雕龍·書記,劉勰,62,1068,1091,出命申禁，有若自天，管仲下命如流水，使民從也。,出命 申禁 有 若 自天 管仲 下命 如 流水 使民 从 也,出命 申禁 有 若 自天 管仲 下命 如 流水 使民 从 也,12,12,0
liuxie_shipin__liuxie_25,liuxie_shipin__liuxie_25__part01,文心雕龍·書記,劉勰,63,1093,1099,法者，象也。,法者 象 也,法者 象 也,3,3,0
liuxie_shipin__liuxie_25,liuxie_shipin__liuxie_25__part01,文心雕龍·書記,劉勰,64,1099,1115,兵謀無方，而奇正有象，故曰法也。,兵谋 无方 而 奇正 有象 故曰 法 也,兵谋 无方 而 奇正 有象 故曰 法 也,8,8,0
liuxie_shipin__liuxie_25,liuxie_shipin__liuxie_25__part01,文心雕龍·書記,劉勰,65,1117,1123,制者，裁也。,制者 裁 也,制者 裁 也,3,3,0
liuxie_shipin__liuxie_25,liuxie_shipin__liuxie_25__part01,文心雕龍·書記,劉勰,66,1123,1135,上行於下，如匠之制器也。,上行 于 下 如匠 之 制器 也,上行 于 下 如匠 之 制器 也,7,7,0
liuxie_shipin__liuxie_25,liuxie_shipin__liuxie_25__part01,文心雕龍·書記,劉勰,67,1137,1143,符者，孚也。,符者 孚 也,符者 孚 也,3,3,0
liuxie_shipin__liuxie_25,liuxie_shipin__liuxie_25__part01,文心雕龍·書記,劉勰,68,1143,1153,徵召防偽，事資中孚。,征召 防伪 事 资中 孚,征召 防伪 事 资中 孚,5,5,0
liuxie_shipin__liuxie_25,liuxie_shipin__liuxie_25__part01,文心雕龍·書記,劉勰,69,1153,1174,三代玉瑞，漢世金竹，末代從省，易以書翰矣。,三代 玉瑞 汉世金竹 末代 从省 易以 书翰 矣,三代 玉瑞 汉世金竹 末代 从省 易以 书翰 矣,8,8,0
liuxie_shipin__liuxie_25,liuxie_shipin__liuxie_25__part01,文心雕龍·書記,劉勰,70,1176,1182,契者，結也。,契者 结 也,契者 结 也,3,3,0
liuxie_shipin__liuxie_25,liuxie_shipin__liuxie_25__part01,文心雕龍·書記,劉勰,71,1182,1208,上古純質，結繩執契，今羌胡徵數，負販記緡，其遺風歟！,上古 纯质 结绳 执契 今 羌胡 征数 负贩记 缗 其 遗风 欤,上古 纯质 结绳 执契 今 羌胡 征数 负贩 记 缗 其 遗风 欤,12,13,1
liuxie_shipin__liuxie_25,liuxie_shipin__liuxie_25__part01,文心雕龍·書記,劉勰,72,1210,1216,券者，束也。,券者 束 也,券者 束 也,3,3,0
liuxie_shipin__liuxie_25,liuxie_shipin__liuxie_25__part01,文心雕龍·書記,劉勰,73,1216,1237,明白約束，以備情偽，字形半分，故周稱判書。,明白 约束 以备 情伪 字形 半分 故周称 判书,明白 约束 以备 情伪 字形 半分 故周称 判书,8,8,0
liuxie_shipin__liuxie_25,liuxie_shipin__liuxie_25__part01,文心雕龍·書記,劉勰,74,1237,1258,古有鐵券，以堅信誓，王褒髯奴，則券之楷也。,古有 铁券 以 坚信 誓 王褒 髯 奴 则 券之楷 也,古有 铁券 以 坚信 誓 王褒 髯 奴 则 券之楷 也,11,11,0
liuxie_shipin__liuxie_25,liuxie_shipin__liuxie_25__part01,文心雕龍·書記,劉勰,75,1260,1266,疏者，布也。,疏者 布 也,疏者 布 也,3,3,0
liuxie_shipin__liuxie_25,liuxie_shipin__liuxie_25__part01,文心雕龍·書記,劉勰,76,1266,1287,布置物類，撮題近意，故小券短書，號為疏也。,布置 物类 撮题 近意 故小券 短书 号 为 疏 也,布置 物类 撮题 近意 故小券 短书 号 为 疏 也,10,10,0
liuxie_shipin__liuxie_25,liuxie_shipin__liuxie_25__part01,文心雕龍·書記,劉勰,77,1289,1295,關者，閉也。,关者 闭 也,关者 闭 也,3,3,0
liuxie_shipin__liuxie_25,liuxie_shipin__liuxie_25__part01,文心雕龍·書記,劉勰,78,1295,1305,出入由門，關閉當審；,出入 由门 关闭 当审,出入 由门 关闭 当审,4,4,0
liuxie_shipin__liuxie_25,liuxie_shipin__liuxie_25__part01,文心雕龍·書記,劉勰,79,1305,1315,庶務在政，通塞應詳。,庶务 在政 通塞应 详,庶务 在政 通塞应 详,4,4,0
liuxie_shipin__liuxie_25,liuxie_shipin__liuxie_25__part01,文心雕龍·書記,劉勰,80,1315,1337,韓非云：孫亶回聖相也，而關於州部，蓋謂此也。,韩非 云 孙 亶 回 圣相 也 而 关于 州部 盖谓 此 也,韩非 云 孙 亶 回 圣相 也 而 关于 州部 盖谓 此 也,13,13,0
liuxie_shipin__liuxie_25,liuxie_shipin__liuxie_25__part01,文心雕龍·書記,劉勰,81,1339,1345,刺者，達也。,刺者 达 也,刺者 达 也,3,3,0
liuxie_shipin__liuxie_25,liuxie_shipin__liuxie_25__part01,文心雕龍·書記,劉勰,82,1345,1369,詩人諷刺，《周禮》三刺，事敘相達，若針之通結矣。,诗人 讽刺 周礼 三刺 事叙 相达 若针 之 通结 矣,诗人 讽刺 周礼 三刺 事叙 相达 若针 之 通结 矣,10,10,0
liuxie_shipin__liuxie_25,liuxie_shipin__liuxie_25__part01,文心雕龍·書記,劉勰,83,1371,1377,解者，釋也。,解者 释 也,解者 释 也,3,3,0
liuxie_shipin__liuxie_25,liuxie_shipin__liuxie_25__part01,文心雕龍·書記,劉勰,84,1377,1388,解釋結滯，徵事以對也。,解释 结滞 征事 以 对 也,解释 结滞 征事 以 对 也,6,6,0
liuxie_shipin__liuxie_25,liuxie_shipin__liuxie_25__part01,文心雕龍·書記,劉勰,85,1390,1396,牒者，葉也。,牒 者 叶 也,牒 者 叶 也,4,4,0
liuxie_shipin__liuxie_25,liuxie_shipin__liuxie_25__part01,文心雕龍·書記,劉勰,86,1396,1416,短簡編牒，如葉在枝，溫舒截蒲，即其事也。,短 简编 牒 如叶 在 枝 温舒截 蒲 即 其事 也,短简 编牒 如叶 在 枝 温舒 截蒲 即 其事 也,11,10,1
liuxie_shipin__liuxie_25,liuxie_shipin__liuxie_25__part01,文心雕龍·書記,劉勰,87,1416,1427,議政未定，故短牒咨謀。,议政 未定 故短牒 咨谋,议政 未定 故短牒 咨谋,4,4,0
liuxie_shipin__liuxie_25,liuxie_shipin__liuxie_25__part01,文心雕龍·書記,劉勰,88,1427,1437,牒之尤密，謂之為籤。,牒 之 尤密 谓之 为 签,牒 之 尤密 谓之 为 签,6,6,0
liuxie_shipin__liuxie_25,liuxie_shipin__liuxie_25__part01,文心雕龍·書記,劉勰,89,1437,1445,籤者，纖密者也。,签者 纤密 者 也,签者 纤密 者 也,4,4,0
liuxie_shipin__liuxie_25,liuxie_shipin__liuxie_25__part01,文心雕龍·書記,劉勰,90,1447,1453,狀者，貌也。,状者 貌 也,状者 貌 也,3,3,0
liuxie_shipin__liuxie_25,liuxie_shipin__liuxie_25__part01,文心雕龍·書記,劉勰,91,1453,1479,體貌本原，取其事實，先賢表謚，並有行狀，狀之大者也。,体貌 本原 取其 事实 先贤 表 谥 并 有 行状 状之大者 也,体貌 本原 取其 事实 先贤 表谥 并 有 行状 状之大者 也,12,11,1
liuxie_shipin__liuxie_25,liuxie_shipin__liuxie_25__part01,文心雕龍·書記,劉勰,92,1481,1487,列者，陳也。,列者 陈 也,列者 陈 也,3,3,0
liuxie_shipin__liuxie_25,liuxie_shipin__liuxie_25__part01,文心雕龍·書記,劉勰,93,1487,1498,陳列事情，昭然可見也。,陈列 事情 昭然 可见 也,陈列 事情 昭然 可见 也,5,5,0
liuxie_shipin__liuxie_25,liuxie_shipin__liuxie_25__part01,文心雕龍·書記,劉勰,94,1500,1513,辭者，舌端之文，通己於人。,辞者 舌端 之文 通己 于 人,辞者 舌端 之文 通己 于 人,6,6,0
liuxie_shipin__liuxie_25,liuxie_shipin__liuxie_25__part01,文心雕龍·書記,劉勰,95,1513,1528,子產有辭，諸侯所賴，不可已也。,子产 有辞 诸侯 所赖 不可 已 也,子产 有辞 诸侯 所赖 不可 已 也,7,7,0
liuxie_shipin__liuxie_25,liuxie_shipin__liuxie_25__part01,文心雕龍·書記,劉勰,96,1530,1537,諺者，直語也。,谚者 直语 也,谚者 直语 也,3,3,0
liuxie_shipin__liuxie_25,liuxie_shipin__liuxie_25__part01,文心雕龍·書記,劉勰,97,1537,1550,喪言亦不及文，故弔亦稱諺。,丧言 亦 不及 文 故吊 亦 称谚,丧言 亦 不及 文 故吊 亦 称谚,7,7,0
liuxie_shipin__liuxie_25,liuxie_shipin__liuxie_25__part01,文心雕龍·書記,劉勰,98,1550,1560,廛路淺言，有實無華。,廛 路 浅言 有实 无华,廛 路 浅言 有实 无华,5,5,0
liuxie_shipin__liuxie_25,liuxie_shipin__liuxie_25__part01,文心雕龍·書記,劉勰,99,1560,1575,鄒穆公云：囊漏儲中，皆其類也。,邹穆公云 囊漏储中 皆 其类 也,邹穆公云 囊漏储中 皆 其类 也,5,5,0
liuxie_shipin__liuxie_25,liuxie_shipin__liuxie_25__part01,文心雕龍·書記,劉勰,100,1575,1591,《太誓》曰：古人有言，牝雞無晨。,太誓 曰 古人 有言 牝鸡 无晨,太誓 曰 古人 有言 牝鸡 无晨,6,6,0
liuxie_shipin__liuxie_25,liuxie_shipin__liuxie_25__part01,文心雕龍·書記,劉勰,101,1591,1597,《大雅》云：,大雅 云,大雅 云,2,2,0
liuxie_shipin__liuxie_25,liuxie_shipin__liuxie_25__part01,文心雕龍·書記,劉勰,102,1606,1607,。,,,0,0,0
liuxie_shipin__liuxie_25,liuxie_shipin__liuxie_25__part01,文心雕龍·書記,劉勰,103,1607,1624,並上古遺諺，《詩》《書》所引者也。,并 上古 遗谚 诗 书 所 引者 也,并 上古 遗谚 诗 书 所 引者 也,8,8,0
liuxie_shipin__liuxie_25,liuxie_shipin__liuxie_25__part01,文心雕龍·書記,劉勰,104,1624,1657,至於陳辭，稱掩目捕雀，潘岳哀辭，稱掌珠伉儷，並引俗說而為文辭者也。,至于 陈辞 称 掩目捕雀 潘岳 哀辞 称 掌珠 伉俪 并 引俗 说 而 为 文辞 者 也,至于 陈辞 称 掩目捕雀 潘岳 哀辞 称 掌珠 伉俪 并 引 俗说 而 为 文辞 者 也,17,17,1
liuxie_shipin__liuxie_25,liuxie_shipin__liuxie_25__part01,文心雕龍·書記,劉勰,105,1657,1689,夫文辭鄙俚，莫過於諺，而聖賢詩書，採以為談，況踰於此，豈可忽哉！,夫 文辞 鄙俚 莫过于 谚 而 圣贤 诗书 采 以为 谈 况逾于 此 岂可 忽哉,夫 文辞 鄙俚 莫过于 谚 而 圣贤 诗书 采 以为 谈 况 逾 于此 岂可 忽哉,15,16,1
liuxie_shipin__liuxie_25,liuxie_shipin__liuxie_25__part01,文心雕龍·書記,劉勰,106,1691,1767,觀此四條，並書記所總︰或事本相通，而文意各異，或全任質素，或雜用文綺，隨事立體，貴乎精要，意少一字則義闕，句長一言則辭妨，並有司之實務，而浮藻之所忽也。,观此 四条 并 书记 所 总 或事本 相通 而 文意 各异 或 全任 质素 或 杂用 文绮 随事 立体 贵乎 精要 意少 一字则义 阙 句长 一言则 辞妨 并 有司 之 实务 而 浮藻 之 所 忽 也,观此 四条 并 书记 所 总 或事本 相通 而 文意 各异 或 全任 质素 或 杂用 文绮 随事 立体 贵乎 精要 意少 一字则义 阙 句长 一言则 辞妨 并 有司 之 实务 而 浮藻 之 所 忽 也,37,37,0
liuxie_shipin__liuxie_25,liuxie_shipin__liuxie_25__part01,文心雕龍·書記,劉勰,107,1767,1796,然才冠鴻筆，多疎尺牘，譬九方堙之識駿足，而不知毛色牝牡也。,然才 冠鸿笔 多 疎 尺牍 譬 九方 堙 之识骏 足 而 不知 毛色 牝 牡 也,然才 冠 鸿笔 多 疎 尺牍 譬 九方 堙 之识 骏足 而 不知 毛色 牝 牡 也,16,17,1
liuxie_shipin__liuxie_25,liuxie_shipin__liuxie_25__part01,文心雕龍·書記,劉勰,108,1796,1816,言既身文，信亦邦瑞，翰林之士，思理實焉。,言 既 身文 信亦邦瑞 翰林 之士 思理 实焉,言 既 身文 信亦邦瑞 翰林 之士 思理 实焉,8,8,0
liuxie_shipin__liuxie_25,liuxie_shipin__liuxie_25__part01,文心雕龍·書記,劉勰,109,1818,1821,贊曰：,赞 曰,赞 曰,2,2,0
liuxie_shipin__liuxie_25,liuxie_shipin__liuxie_25__part01,文心雕龍·書記,劉勰,110,1823,1833,文藻條流，託在筆札。,文藻 条流 托 在 笔札,文藻 条流 托 在 笔札,5,5,0
liuxie_shipin__liuxie_25,liuxie_shipin__liuxie_25__part01,文心雕龍·書記,劉勰,111,1833,1843,既馳金相，亦運木訥。,既驰 金相 亦 运 木讷,既驰 金相 亦 运 木讷,5,5,0
liuxie_shipin__liuxie_25,liuxie_shipin__liuxie_25__part01,文心雕龍·書記,劉勰,112,1845,1855,萬古聲薦，千里應拔。,万古 声荐 千里 应拔,万古 声荐 千里 应拔,4,4,0
liuxie_shipin__liuxie_25,liuxie_shipin__liuxie_25__part01,文心雕龍·書記,劉勰,113,1855,1865,庶務紛綸，因書乃察。,庶务 纷纶 因书乃察,庶务 纷纶 因书乃察,3,3,0
liuxie_shipin__liuxie_26,liuxie_shipin__liuxie_26__part01,文心雕龍·神思,劉勰,0,0,18,古人云：形在江海之上，心存魏闕之下；,古人云 形在 江海 之上 心存魏阙 之下,古人云 形在 江海 之上 心存魏阙 之下,6,6,0
liuxie_shipin__liuxie_26,liuxie_shipin__liuxie_26__part01,文心雕龍·神思,劉勰,1,18,24,神思之謂也。,神思 之谓 也,神思 之谓 也,3,3,0
liuxie_shipin__liuxie_26,liuxie_shipin__liuxie_26__part01,文心雕龍·神思,劉勰,2,24,34,文之思也，其神遠矣。,文之思 也 其神远 矣,文之思 也 其神远 矣,4,4,0
liuxie_shipin__liuxie_26,liuxie_shipin__liuxie_26__part01,文心雕龍·神思,劉勰,3,34,45,故寂然凝慮，思接千載；,故 寂然 凝虑 思接 千载,故 寂然 凝虑 思接 千载,5,5,0
liuxie_shipin__liuxie_26,liuxie_shipin__liuxie_26__part01,文心雕龍·神思,劉勰,4,45,55,悄焉動容，視通萬里；,悄焉 动容 视通 万里,悄焉 动容 视通 万里,4,4,0
liuxie_shipin__liuxie_26,liuxie_shipin__liuxie_26__part01,文心雕龍·神思,劉勰,5,55,67,吟詠之間，吐納珠玉之聲；,吟咏 之间 吐纳 珠玉 之声,吟咏 之间 吐纳 珠玉 之声,5,5,0
liuxie_shipin__liuxie_26,liuxie_shipin__liuxie_26__part01,文心雕龍·神思,劉勰,6,67,79,眉睫之前，卷舒風雲之色；,眉睫 之前 卷舒 风云 之色,眉睫 之前 卷舒 风云 之色,5,5,0
liuxie_shipin__liuxie_26,liuxie_shipin__liuxie_26__part01,文心雕龍·神思,劉勰,7,79,86,其思理之致乎。,其 思理 之致乎,其 思理 之致乎,3,3,0
liuxie_shipin__liuxie_26,liuxie_shipin__liuxie_26__part01,文心雕龍·神思,劉勰,8,88,99,故思理為妙，神與物游。,故 思理 为妙 神 与 物游,故 思理 为妙 神 与 物游,6,6,0
liuxie_shipin__liuxie_26,liuxie_shipin__liuxie_26__part01,文心雕龍·神思,劉勰,9,99,112,神居胸臆，而志氣統其關鍵；,神居 胸臆 而志 气 统其 关键,神居 胸臆 而志 气 统其 关键,6,6,0
liuxie_shipin__liuxie_26,liuxie_shipin__liuxie_26__part01,文心雕龍·神思,劉勰,10,112,125,物沿耳目，而辭令管其樞機。,物沿 耳目 而 辞令 管其 枢机,物沿 耳目 而 辞令 管其 枢机,6,6,0
liuxie_shipin__liuxie_26,liuxie_shipin__liuxie_26__part01,文心雕龍·神思,劉勰,11,125,136,樞機方通，則物無隱貌；,枢机 方通 则 物无隐貌,枢机 方通 则 物 无隐 貌,4,6,1
liuxie_shipin__liuxie_26,liuxie_shipin__liuxie_26__part01,文心雕龍·神思,劉勰,12,136,147,關鍵將塞，則神有遯心。,关键 将 塞 则 神有 遯 心,关键 将 塞 则 神有 遯 心,7,7,0
liuxie_shipin__liuxie_26,liuxie_shipin__liuxie_26__part01,文心雕龍·神思,劉勰,13,147,208,是以陶鈞文思，貴在虛靜，疏瀹五藏，澡雪精神，積學以儲寶，酌理以富才，研閱以窮照，馴致以懌辭，然後使元解之宰，尋聲律而定墨；,是 以 陶钧 文思 贵在 虚静 疏 瀹 五藏 澡雪 精神 积学以 储宝 酌理 以富 才 研阅 以 穷照 驯 致以 怿 辞 然后 使元 解之宰 寻 声律 而定 墨,是 以 陶钧 文思 贵在 虚静 疏 瀹 五藏 澡雪 精神 积学 以储宝 酌理 以富 才 研阅 以 穷照 驯致 以怿辞 然后 使元 解之宰 寻 声律 而定 墨,30,28,1
liuxie_shipin__liuxie_26,liuxie_shipin__liuxie_26__part01,文心雕龍·神思,劉勰,14,208,220,獨照之匠，闚意象而運斤；,独照 之匠 闚 意象 而 运斤,独照 之匠 闚 意象 而 运斤,6,6,0
liuxie_shipin__liuxie_26,liuxie_shipin__liuxie_26__part01,文心雕龍·神思,劉勰,15,220,234,此蓋馭文之首術，謀篇之大端。,此盖驭 文之首术 谋篇 之大端,此盖 驭文 之 首术 谋篇 之大端,4,6,1
liuxie_shipin__liuxie_26,liuxie_shipin__liuxie_26__part01,文心雕龍·神思,劉勰,16,236,288,夫神思方運，萬塗競萌，規矩虛位，刻鏤無形，登山則情滿於山，觀海則意溢於海，我才之多少，將與風雲而並驅矣。,夫 神思 方运 万涂 竞萌 规矩 虚位 刻镂 无形 登山 则 情满于 山 观海 则 意溢于 海 我 才 之 多少 将 与 风云 而 并 驱 矣,夫 神思 方运 万涂 竞萌 规矩 虚位 刻镂 无形 登山 则情 满于 山 观海 则 意溢于 海 我 才 之 多少 将 与 风云 而 并驱 矣,28,27,1
liuxie_shipin__liuxie_26,liuxie_shipin__liuxie_26__part01,文心雕龍·神思,劉勰,17,288,326,方其搦翰，氣倍辭前，暨乎篇成，半折心始，何則，意翻空而易奇，言徵實而難巧也。,方其 搦 翰 气 倍 辞前 暨乎 篇 成 半折 心始 何则 意翻 空而易奇 言 征实 而 难巧 也,方其 搦 翰 气 倍 辞前 暨乎 篇 成 半折 心始 何则 意翻 空而易奇 言 征实 而 难巧 也,19,19,0
liuxie_shipin__liuxie_26,liuxie_shipin__liuxie_26__part01,文心雕龍·神思,劉勰,18,326,370,是以意授於思，言授於意，密則無際，疏則千里，或理在方寸而求之域表，或義在咫尺而思隔山河。,是 以 意授 于思 言授 于意 密则 无际 疏则 千里 或理 在 方寸 而求 之域 表 或义 在 咫尺 而思隔 山河,是 以 意授 于思 言授 于意 密则 无际 疏则 千里 或理 在 方寸 而求 之域 表 或义 在 咫尺 而思隔 山河,21,21,0
liuxie_shipin__liuxie_26,liuxie_shipin__liuxie_26__part01,文心雕龍·神思,劉勰,19,370,393,是以秉心養術，無務苦慮，含章司契，不必勞情也。,是 以秉心 养术 无务苦虑 含章 司契 不必 劳情 也,是 以秉心 养术 无务 苦虑 含章 司契 不必 劳情 也,9,10,1
liuxie_shipin__liuxie_26,liuxie_shipin__liuxie_26__part01,文心雕龍·神思,劉勰,20,395,474,人之稟才，遲速異分，文之制體，大小殊功，相如含筆而腐毫，揚雄輟翰而驚夢，桓譚疾感於苦思，王充氣竭於思慮，張衡研京以十年，左思練都以一紀，雖有巨文，亦思之緩也。,人 之 禀 才 迟速 异分 文之制体 大小 殊功 相如 含笔 而 腐毫 扬雄 辍翰 而 惊梦 桓 谭疾 感于 苦思 王充 气 竭于 思虑 张衡 研京以 十年 左思 练 都 以 一纪 虽有 巨文 亦 思之缓 也,人 之 禀才 迟速 异分 文之制体 大小 殊功 相如 含笔 而 腐毫 扬雄 辍翰 而 惊梦 桓 谭疾 感于 苦思 王充 气 竭于 思虑 张衡 研京以 十年 左思 练 都 以 一纪 虽有 巨文 亦 思之缓 也,38,37,1
liuxie_shipin__liuxie_26,liuxie_shipin__liuxie_26__part01,文心雕龍·神思,劉勰,21,474,490,淮南崇朝而賦騷，枚皋應詔而成賦；,淮南 崇朝 而 赋骚 枚 皋 应 诏 而 成赋,淮南 崇朝 而 赋骚 枚 皋 应诏 而 成赋,10,9,1
liuxie_shipin__liuxie_26,liuxie_shipin__liuxie_26__part01,文心雕龍·神思,劉勰,22,490,533,子建援牘如口誦，仲宣舉筆似宿搆，阮瑀據鞍而制書，禰衡當食而草奏，雖有短篇，亦思之速也。,子建援 牍 如 口诵 仲宣举 笔似 宿 搆 阮瑀 据 鞍 而 制书 祢衡 当食 而 草奏 虽 有 短篇 亦 思之速 也,子建 援牍 如 口诵 仲宣举 笔似 宿 搆 阮瑀 据鞍 而 制书 祢衡 当食 而 草奏 虽 有 短篇 亦 思之速 也,23,22,1
liuxie_shipin__liuxie_26,liuxie_shipin__liuxie_26__part01,文心雕龍·神思,劉勰,23,535,557,若夫駿發之士，心總要術，敏在慮前，應機立斷；,若夫 骏发 之士 心总要术 敏在虑 前 应机立断,若夫 骏发 之士 心 总要 术 敏在虑 前 应机立断,7,9,1
liuxie_shipin__liuxie_26,liuxie_shipin__liuxie_26__part01,文心雕龍·神思,劉勰,24,557,577,覃思之人，情饒歧路，鑒在疑後，研慮方定。,覃思之人 情饶 歧路 鉴在 疑后 研虑 方定,覃思之人 情饶 歧路 鉴在 疑后 研虑 方定,7,7,0
liuxie_shipin__liuxie_26,liuxie_shipin__liuxie_26__part01,文心雕龍·神思,劉勰,25,577,595,機敏故造次而成功，慮疑故愈久而致績。,机敏 故 造次 而 成功 虑 疑故 愈久 而 致绩,机敏 故 造次 而 成功 虑 疑故 愈久 而 致绩,10,10,0
liuxie_shipin__liuxie_26,liuxie_shipin__liuxie_26__part01,文心雕龍·神思,劉勰,26,595,605,難易雖殊，並資博練。,难易 虽殊 并 资博练,难易 虽殊 并资 博练,4,4,1
liuxie_shipin__liuxie_26,liuxie_shipin__liuxie_26__part01,文心雕龍·神思,劉勰,27,605,628,若學淺而空遲，才疎而徒速，以斯成器，未之前聞。,若学 浅 而 空迟 才 疎 而 徒速 以斯 成器 未 之前 闻,若学 浅 而 空迟 才 疎 而 徒速 以斯 成器 未 之前 闻,13,13,0
liuxie_shipin__liuxie_26,liuxie_shipin__liuxie_26__part01,文心雕龍·神思,劉勰,28,628,640,是以臨篇綴慮，必有二患；,是 以 临篇缀 虑 必有 二患,是 以 临篇 缀虑 必有 二患,6,6,1
liuxie_shipin__liuxie_26,liuxie_shipin__liuxie_26__part01,文心雕龍·神思,劉勰,29,640,682,理鬱者苦貧，辭溺者傷亂，然則博見為饋貧之糧，貫一為拯亂之藥，博而能一，亦助乎心力矣。,理郁者 苦贫 辞 溺者 伤乱 然则 博见 为 馈贫之粮 贯一为 拯乱 之药 博而能 一 亦 助乎 心力 矣,理郁者 苦贫 辞 溺者 伤乱 然则 博见 为 馈贫之粮 贯一 为 拯乱 之药 博而能 一 亦 助乎 心力 矣,18,19,1
liuxie_shipin__liuxie_26,liuxie_shipin__liuxie_26__part01,文心雕龍·神思,劉勰,30,684,731,若情數詭雜，體變遷貿，拙辭或孕於巧義，庸事或萌於新意，視布於麻，雖云未費，杼軸獻功，煥然乃珍。,若 情数 诡杂 体 变迁 贸 拙辞 或 孕于 巧义 庸事 或 萌于 新意 视布于 麻 虽云 未费 杼轴 献功 焕然 乃珍,若 情数 诡杂 体 变迁 贸 拙辞 或 孕于 巧义 庸事 或 萌于 新意 视布于 麻 虽云 未费 杼轴 献功 焕然 乃珍,22,22,0
liuxie_shipin__liuxie_26,liuxie_shipin__liuxie_26__part01,文心雕龍·神思,劉勰,31,731,753,至於思表纖旨，文外曲致，言所不追，筆固知止。,至于 思表纤旨 文外 曲致 言 所 不 追 笔固 知止,至于 思表 纤旨 文外 曲致 言 所 不 追 笔固 知止,10,11,1
liuxie_shipin__liuxie_26,liuxie_shipin__liuxie_26__part01,文心雕龍·神思,劉勰,32,753,788,至精而後闡其妙，至變而後通其數，伊摯不能言鼎，輪扁不能語斤，其微矣乎！,至 精 而后 阐其妙 至变 而后 通其数 伊挚 不能 言鼎 轮扁 不能 语斤 其微 矣 乎,至 精 而后 阐其妙 至变 而后 通其数 伊挚 不能 言鼎 轮扁 不能 语斤 其微 矣 乎,16,16,0
liuxie_shipin__liuxie_26,liuxie_shipin__liuxie_26__part01,文心雕龍·神思,劉勰,33,790,793,贊曰：,赞 曰,赞 曰,2,2,0
liuxie_shipin__liuxie_26,liuxie_shipin__liuxie_26__part01,文心雕龍·神思,劉勰,34,795,805,神用象通，情變所孕。,神用 象通 情变 所孕,神用 象通 情变 所孕,4,4,0
liuxie_shipin__liuxie_26,liuxie_shipin__liuxie_26__part01,文心雕龍·神思,劉勰,35,805,815,物以貌求，心以理應。,物以貌 求 心以 理应,物以貌 求 心以 理应,4,4,0
liuxie_shipin__liuxie_26,liuxie_shipin__liuxie_26__part01,文心雕龍·神思,劉勰,36,817,827,刻鏤聲律，萌芽比興。,刻镂 声律 萌芽 比兴,刻镂 声律 萌芽 比兴,4,4,0
liuxie_shipin__liuxie_26,liuxie_shipin__liuxie_26__part01,文心雕龍·神思,劉勰,37,827,837,結慮司契，垂帷制勝。,结虑 司契 垂 帷 制胜,结虑 司契 垂 帷 制胜,5,5,0
liuxie_shipin__liuxie_27,liuxie_shipin__liuxie_27__part01,文心雕龍·體性,劉勰,0,0,28,夫情動而言形，理發而文見，蓋沿隱以至顯，因內而符外者也。,夫情动 而言 形 理发 而文见 盖 沿隐 以至 显 因内 而 符外者 也,夫情动 而言 形 理发 而文见 盖 沿隐 以至 显 因内 而 符外者 也,13,13,0
liuxie_shipin__liuxie_27,liuxie_shipin__liuxie_27__part01,文心雕龍·體性,劉勰,1,28,74,然才有庸俊，氣有剛柔，學有淺深，習有雅鄭，並情性所鑠，陶染所凝，是以筆區雲譎，文苑波詭者矣。,然才 有庸俊 气 有 刚柔 学有 浅 深 习有雅 郑 并 情性 所铄 陶染 所 凝 是 以 笔区 云谲 文苑 波诡者 矣,然才 有庸俊 气 有 刚柔 学有 浅深 习有 雅郑 并 情性 所铄 陶染 所 凝 是 以 笔区 云谲 文苑 波诡 者 矣,23,23,1
liuxie_shipin__liuxie_27,liuxie_shipin__liuxie_27__part01,文心雕龍·體性,劉勰,2,76,88,故辭理庸俊，莫能翻其才；,故辞 理庸俊 莫能 翻 其 才,故 辞理 庸俊 莫能 翻 其 才,6,7,1
liuxie_shipin__liuxie_27,liuxie_shipin__liuxie_27__part01,文心雕龍·體性,劉勰,3,88,99,風趣剛柔，寧或改其氣；,风趣 刚柔 宁 或 改其 气,风趣 刚柔 宁 或 改其 气,6,6,0
liuxie_shipin__liuxie_27,liuxie_shipin__liuxie_27__part01,文心雕龍·體性,劉勰,4,99,110,事義淺深，未聞乖其學；,事义 浅 深 未闻 乖其学,事义 浅深 未闻 乖其学,5,4,1
liuxie_shipin__liuxie_27,liuxie_shipin__liuxie_27__part01,文心雕龍·體性,劉勰,5,110,131,體式雅鄭，鮮有反其習：各師成心，其異如面。,体式 雅郑 鲜有 反其习 各师 成心 其异 如面,体式 雅郑 鲜有 反其习 各师 成心 其异 如面,8,8,0
liuxie_shipin__liuxie_27,liuxie_shipin__liuxie_27__part01,文心雕龍·體性,劉勰,6,131,183,若總其歸途，則數窮八體：一曰典雅，二曰遠奧，三曰精約，四曰顯附，五曰繁縟，六曰壯麗，七曰新奇，八曰輕靡。,若 总其 归途 则 数穷八体 一 曰 典雅 二 曰 远 奥 三 曰 精约 四 曰 显附 五 曰 繁缛 六 曰 壮丽 七 曰 新奇 八 曰 轻靡,若 总其 归途 则 数穷 八体 一 曰 典雅 二 曰 远奥 三 曰 精约 四 曰 显附 五 曰 繁缛 六 曰 壮丽 七 曰 新奇 八 曰 轻靡,30,30,1
liuxie_shipin__liuxie_27,liuxie_shipin__liuxie_27__part01,文心雕龍·體性,劉勰,7,185,201,典雅者，鎔式經誥，方軌儒門者也；,典雅 者 镕 式 经 诰 方轨 儒门 者 也,典雅 者 镕式 经 诰 方轨 儒门 者 也,10,9,1
liuxie_shipin__liuxie_27,liuxie_shipin__liuxie_27__part01,文心雕龍·體性,劉勰,8,201,217,遠奧者，馥采典文，經理玄宗者也；,远奥者 馥 采典文 经理 玄宗者 也,远奥 者 馥 采典文 经理 玄宗者 也,6,7,1
liuxie_shipin__liuxie_27,liuxie_shipin__liuxie_27__part01,文心雕龍·體性,劉勰,9,217,233,精約者，覈字省句，剖析毫𨤳者也；,精约者 核字 省句 剖析 毫 𨤳 者 也,精约 者 核字 省句 剖析 毫 𨤳 者 也,8,9,1
liuxie_shipin__liuxie_27,liuxie_shipin__liuxie_27__part01,文心雕龍·體性,劉勰,10,233,249,顯附者，辭直義暢，切理厭心者也；,显附者 辞直义 畅 切理厌心 者 也,显附 者 辞 直义 畅 切理厌心 者 也,6,8,1
liuxie_shipin__liuxie_27,liuxie_shipin__liuxie_27__part01,文心雕龍·體性,劉勰,11,249,265,繁縟者，博喻釀采，煒燁枝派者也；,繁缛 者 博喻 酿采 炜 烨 枝 派者 也,繁缛 者 博喻 酿采 炜烨 枝派 者 也,9,8,1
liuxie_shipin__liuxie_27,liuxie_shipin__liuxie_27__part01,文心雕龍·體性,劉勰,12,265,281,壯麗者，高論宏裁，卓爍異采者也；,壮丽 者 高论 宏裁 卓烁异 采者 也,壮丽 者 高论 宏裁 卓烁 异采 者 也,7,8,1
liuxie_shipin__liuxie_27,liuxie_shipin__liuxie_27__part01,文心雕龍·體性,劉勰,13,281,297,新奇者，擯古競今，危側趣詭者也；,新奇 者 摈古 竞今 危侧 趣 诡者 也,新奇 者 摈古 竞今 危侧 趣诡者 也,8,7,1
liuxie_shipin__liuxie_27,liuxie_shipin__liuxie_27__part01,文心雕龍·體性,劉勰,14,297,313,輕靡者，浮文弱植，縹緲附俗者也。,轻靡者 浮 文弱 植 缥缈 附俗者 也,轻靡 者 浮 文弱 植 缥缈 附俗者 也,7,8,1
liuxie_shipin__liuxie_27,liuxie_shipin__liuxie_27__part01,文心雕龍·體性,劉勰,15,313,345,故雅與奇反，奧與顯殊，繁與約舛，壯與輕乖，文辭根葉，苑囿其中矣。,故雅 与 奇反 奥 与 显殊 繁与 约 舛 壮 与 轻乖 文辞 根叶 苑囿 其中 矣,故雅 与 奇反 奥 与 显殊 繁与 约 舛 壮 与 轻乖 文辞 根叶 苑囿 其中 矣,17,17,0
liuxie_shipin__liuxie_27,liuxie_shipin__liuxie_27__part01,文心雕龍·體性,劉勰,16,347,369,若夫八體屢遷，功以學成，才力居中，肇自血氣；,若夫 八体 屡迁 功以 学成 才力 居中 肇自血 气,若夫 八体 屡迁 功以 学成 才力 居中 肇自血 气,9,9,0
liuxie_shipin__liuxie_27,liuxie_shipin__liuxie_27__part01,文心雕龍·體性,劉勰,17,369,389,氣以實志，志以定言，吐納英華，莫非情性。,气 以实志 志以 定言 吐纳 英华 莫非 情性,气 以 实志 志以 定言 吐纳 英华 莫非 情性,8,9,1
liuxie_shipin__liuxie_27,liuxie_shipin__liuxie_27__part01,文心雕龍·體性,劉勰,18,389,403,是以賈生俊發，故文潔而體清；,是 以 贾生俊发 故文洁 而 体清,是 以 贾生 俊发 故文洁 而 体清,6,7,1
liuxie_shipin__liuxie_27,liuxie_shipin__liuxie_27__part01,文心雕龍·體性,劉勰,19,403,415,長卿傲誕，故理侈而辭溢；,长卿 傲诞 故理侈 而 辞溢,长卿 傲诞 故理侈 而 辞溢,5,5,0
liuxie_shipin__liuxie_27,liuxie_shipin__liuxie_27__part01,文心雕龍·體性,劉勰,20,415,427,子雲沈寂，故志隱而味深；,子云 沈寂 故志 隐而味 深,子云 沈寂 故志 隐而味 深,5,5,0
liuxie_shipin__liuxie_27,liuxie_shipin__liuxie_27__part01,文心雕龍·體性,劉勰,21,427,439,子政簡易，故趣昭而事博；,子政 简易 故趣 昭 而 事博,子政 简易 故趣 昭 而 事博,6,6,0
liuxie_shipin__liuxie_27,liuxie_shipin__liuxie_27__part01,文心雕龍·體性,劉勰,22,439,451,孟堅雅懿，故裁密而思靡；,孟坚雅懿 故裁 密而思靡,孟坚雅懿 故裁 密而思靡,3,3,0
liuxie_shipin__liuxie_27,liuxie_shipin__liuxie_27__part01,文心雕龍·體性,劉勰,23,451,463,平子淹通，故慮周而藻密；,平子 淹通 故虑 周而藻 密,平子 淹通 故虑 周而藻 密,5,5,0
liuxie_shipin__liuxie_27,liuxie_shipin__liuxie_27__part01,文心雕龍·體性,劉勰,24,463,475,仲宣躁銳，故穎出而才果；,仲宣躁 锐 故颖出 而 才 果,仲宣 躁锐 故 颖出 而才果,6,5,1
liuxie_shipin__liuxie_27,liuxie_shipin__liuxie_27__part01,文心雕龍·體性,劉勰,25,475,487,公幹氣褊，故言壯而情駭；,公干 气 褊 故言壮 而 情骇,公干 气 褊 故言壮 而 情骇,6,6,0
liuxie_shipin__liuxie_27,liuxie_shipin__liuxie_27__part01,文心雕龍·體性,劉勰,26,487,499,嗣宗俶儻，故響逸而調遠；,嗣宗 俶 傥 故响 逸 而 调远,嗣宗 俶傥 故 响逸 而 调远,7,6,1
liuxie_shipin__liuxie_27,liuxie_shipin__liuxie_27__part01,文心雕龍·體性,劉勰,27,499,511,叔夜儁俠，故興高而采烈；,叔 夜俊侠 故兴 高 而 采烈,叔 夜俊侠 故兴 高 而 采烈,6,6,0
liuxie_shipin__liuxie_27,liuxie_shipin__liuxie_27__part01,文心雕龍·體性,劉勰,28,511,523,安仁輕敏，故鋒發而韻流；,安仁 轻敏 故锋 发而韵流,安仁 轻敏 故 锋发 而 韵流,4,6,1
liuxie_shipin__liuxie_27,liuxie_shipin__liuxie_27__part01,文心雕龍·體性,劉勰,29,523,535,士衡矜重，故情繁而辭隱；,士衡 矜重 故情 繁而辞 隐,士衡 矜重 故情 繁而辞 隐,5,5,0
liuxie_shipin__liuxie_27,liuxie_shipin__liuxie_27__part01,文心雕龍·體性,劉勰,30,535,545,觸類以推，表里必符。,触类 以 推 表里 必符,触类 以 推 表里 必符,5,5,0
liuxie_shipin__liuxie_27,liuxie_shipin__liuxie_27__part01,文心雕龍·體性,劉勰,31,545,560,豈非自然之恆資，才氣之大略哉！,岂非 自然 之恒资 才 气 之 大略 哉,岂非 自然 之 恒资 才 气 之 大略 哉,8,9,1
liuxie_shipin__liuxie_27,liuxie_shipin__liuxie_27__part01,文心雕龍·體性,劉勰,32,562,592,夫才由天資，學慎始習，斲梓染絲，功在初化，成綵定，難可翻移。,夫才 由 天资 学 慎始 习 斲 梓 染丝 功在 初化 成彩定 难 可 翻移,夫才 由 天资 学 慎始 习 斲 梓 染丝 功在 初化 成彩定 难 可 翻移,15,15,0
liuxie_shipin__liuxie_27,liuxie_shipin__liuxie_27__part01,文心雕龍·體性,劉勰,33,592,634,故童子雕琢，必先雅製，沿根討葉，思轉自圓，八體雖殊，會通合數，得其環中，則輻輳相成。,故 童子 雕琢 必先雅制 沿根 讨叶 思转 自圆 八体 虽殊 会通 合数 得 其 环中 则 辐辏 相 成,故 童子 雕琢 必先 雅制 沿根 讨叶 思转 自圆 八体 虽殊 会通 合数 得 其 环中 则 辐辏 相成,19,19,1
liuxie_shipin__liuxie_27,liuxie_shipin__liuxie_27__part01,文心雕龍·體性,劉勰,34,634,658,故宜摹體以定習，因性以練才，文之司南，用此道也。,故宜 摹体 以定习 因性 以练 才 文之 司南 用此 道 也,故宜 摹体 以定习 因性 以 练才 文之 司南 用此 道 也,11,11,1
liuxie_shipin__liuxie_27,liuxie_shipin__liuxie_27__part01,文心雕龍·體性,劉勰,35,660,663,贊曰：,赞 曰,赞 曰,2,2,0
liuxie_shipin__liuxie_27,liuxie_shipin__liuxie_27__part01,文心雕龍·體性,劉勰,36,665,675,才性異區，文辭繁詭。,才性 异区 文辞 繁诡,才性 异区 文辞 繁诡,4,4,0
liuxie_shipin__liuxie_27,liuxie_shipin__liuxie_27__part01,文心雕龍·體性,劉勰,37,675,685,辭為膚根，志實骨髓。,辞为 肤根 志实 骨髓,辞为 肤根 志实 骨髓,4,4,0
liuxie_shipin__liuxie_27,liuxie_shipin__liuxie_27__part01,文心雕龍·體性,劉勰,38,687,697,雅麗黼黻，淫巧朱紫。,雅丽 黼 黻 淫巧 朱紫,雅丽 黼 黻 淫巧 朱紫,5,5,0
liuxie_shipin__liuxie_27,liuxie_shipin__liuxie_27__part01,文心雕龍·體性,劉勰,39,697,707,習亦凝真，功沿漸靡。,习亦凝真 功 沿渐 靡,习亦凝真 功沿 渐靡,4,3,1
liuxie_shipin__liuxie_28,liuxie_shipin__liuxie_28__part01,文心雕龍·風骨,劉勰,0,0,27,《詩》總六義，風冠其首，斯乃化感之本源，志氣之符契也。,诗 总六义 风冠 其首 斯乃化 感 之 本源 志 气 之 符契 也,诗 总 六义 风冠 其首 斯乃化 感 之 本源 志 气 之 符契 也,13,14,1
liuxie_shipin__liuxie_28,liuxie_shipin__liuxie_28__part01,文心雕龍·風骨,劉勰,1,27,49,是以怊悵述情，必始乎風，沈吟鋪辭，莫先於骨。,是 以 怊 怅述 情 必始乎 风 沈吟 铺 辞 莫 先于 骨,是 以 怊怅 述情 必始乎 风 沈吟 铺 辞 莫 先于 骨,13,12,1
liuxie_shipin__liuxie_28,liuxie_shipin__liuxie_28__part01,文心雕龍·風骨,劉勰,2,49,72,故辭之待骨，如體之樹骸，情之含風，猶形之包氣。,故辞 之待骨 如体 之树骸 情之含 风 犹形 之包 气,故辞 之待骨 如体 之 树骸 情之 含风 犹形 之包 气,9,10,1
liuxie_shipin__liuxie_28,liuxie_shipin__liuxie_28__part01,文心雕龍·風骨,劉勰,3,72,83,結言端直，則文骨成焉；,结言 端直 则 文骨成 焉,结言 端直 则 文骨成 焉,5,5,0
liuxie_shipin__liuxie_28,liuxie_shipin__liuxie_28__part01,文心雕龍·風骨,劉勰,4,83,94,意氣駿爽，則文風清焉。,意 气 骏爽 则 文风 清焉,意 气 骏爽 则 文风 清焉,6,6,0
liuxie_shipin__liuxie_28,liuxie_shipin__liuxie_28__part01,文心雕龍·風骨,劉勰,5,94,116,若豐藻克贍，風骨不飛，則振采失鮮，負聲無力。,若 丰藻 克 赡 风骨 不飞 则 振采 失鲜 负声 无力,若 丰藻 克 赡 风骨 不飞 则 振采 失鲜 负声 无力,11,11,0
liuxie_shipin__liuxie_28,liuxie_shipin__liuxie_28__part01,文心雕龍·風骨,劉勰,6,116,151,是以綴慮裁篇，務盈守氣，剛健既實，輝光乃新，其為文用，譬征鳥之使翼也。,是 以缀 虑 裁篇 务盈守 气 刚健 既实 辉光 乃新 其为 文用 譬征 鸟 之 使翼 也,是 以 缀虑 裁篇 务盈守 气 刚健 既实 辉光 乃新 其为 文用 譬 征鸟 之 使翼 也,17,17,1
liuxie_shipin__liuxie_28,liuxie_shipin__liuxie_28__part01,文心雕龍·風骨,劉勰,7,153,174,故練於骨者，析辭必精，深乎風者，述情必顯。,故练于 骨者 析辞 必精 深乎 风者 述情 必显,故练于 骨者 析辞 必精 深乎 风者 述情 必显,8,8,0
liuxie_shipin__liuxie_28,liuxie_shipin__liuxie_28__part01,文心雕龍·風骨,劉勰,8,174,195,捶字堅而難移，結響凝而不滯，此風骨之力也。,捶 字 坚而 难移 结响 凝而 不滞 此 风骨 之力 也,捶 字 坚而 难移 结响 凝而 不滞 此 风骨 之力 也,11,11,0
liuxie_shipin__liuxie_28,liuxie_shipin__liuxie_28__part01,文心雕龍·風骨,劉勰,9,195,213,若瘠義肥辭，繁雜失統，則無骨之徵也。,若 瘠义肥辞 繁杂 失统 则 无骨 之征 也,若 瘠义肥辞 繁杂 失统 则 无骨 之征 也,8,8,0
liuxie_shipin__liuxie_28,liuxie_shipin__liuxie_28__part01,文心雕龍·風骨,劉勰,10,213,230,思不環周，索莫乏氣，則無風之驗也。,思不环周 索莫乏 气 则 无风 之验 也,思不 环周 索莫乏 气 则 无风 之验 也,7,8,1
liuxie_shipin__liuxie_28,liuxie_shipin__liuxie_28__part01,文心雕龍·風骨,劉勰,11,230,253,昔潘勖錫魏，思摹經典，群才韜筆，乃其骨髓畯也；,昔 潘勖 锡魏 思摹 经典 群才 韬笔 乃 其 骨髓 畯 也,昔 潘勖 锡魏 思摹 经典 群才 韬笔 乃 其 骨髓 畯 也,12,12,0
liuxie_shipin__liuxie_28,liuxie_shipin__liuxie_28__part01,文心雕龍·風骨,劉勰,12,253,275,相如賦仙，氣號凌雲，蔚為辭宗，迺其風力遒也。,相如 赋仙 气 号 凌云 蔚为 辞宗 迺 其 风力 遒 也,相如 赋仙 气 号 凌云 蔚为 辞宗 迺 其 风力 遒 也,12,12,0
liuxie_shipin__liuxie_28,liuxie_shipin__liuxie_28__part01,文心雕龍·風骨,劉勰,13,275,295,能鑒斯要，可以定文，茲術或違，無務繁采。,能 鉴斯要 可以 定文 兹术 或 违 无务 繁采,能 鉴斯要 可以 定文 兹术 或 违 无务 繁采,9,9,0
liuxie_shipin__liuxie_28,liuxie_shipin__liuxie_28__part01,文心雕龍·風骨,劉勰,14,297,321,故魏文稱文以氣為主，氣之清濁有體，不可力強而致；,故魏 文称 文以 气 为主 气 之 清浊 有体 不可 力强 而致,故魏 文称 文以 气 为主 气 之 清浊 有体 不可 力强 而致,12,12,0
liuxie_shipin__liuxie_28,liuxie_shipin__liuxie_28__part01,文心雕龍·風骨,劉勰,15,321,334,故其論孔融，則云體氣高妙；,故其论 孔融 则 云体 气 高妙,故其论 孔融 则 云体 气 高妙,6,6,0
liuxie_shipin__liuxie_28,liuxie_shipin__liuxie_28__part01,文心雕龍·風骨,劉勰,16,334,345,論徐幹，則云時有齊氣；,论 徐干 则 云时 有 齐 气,论 徐干 则 云时 有 齐 气,7,7,0
liuxie_shipin__liuxie_28,liuxie_shipin__liuxie_28__part01,文心雕龍·風骨,劉勰,17,345,355,論劉楨，則云有逸氣。,论 刘桢 则 云 有 逸 气,论 刘桢 则 云 有 逸 气,7,7,0
liuxie_shipin__liuxie_28,liuxie_shipin__liuxie_28__part01,文心雕龍·風骨,劉勰,18,355,387,公幹亦云，孔氏卓卓，信含異氣，筆墨之性，殆不可勝，並重氣之旨也。,公干 亦 云 孔氏 卓卓 信含 异 气 笔墨 之性 殆 不可 胜 并重 气 之旨 也,公干 亦 云 孔氏 卓卓 信含 异 气 笔墨 之性 殆 不可 胜 并重 气 之旨 也,17,17,0
liuxie_shipin__liuxie_28,liuxie_shipin__liuxie_28__part01,文心雕龍·風骨,劉勰,19,387,405,夫翬翟備色而翾翥百步，肌豐而力沈也。,夫 翚 翟备色 而翾 翥 百步 肌丰而力 沈 也,夫 翚翟 备色 而翾 翥 百步 肌丰而力 沈 也,9,9,1
liuxie_shipin__liuxie_28,liuxie_shipin__liuxie_28__part01,文心雕龍·風骨,劉勰,20,405,422,鷹隼乏采而翰飛戾天，骨勁而氣猛也；,鹰隼 乏 采而翰 飞戾 天 骨劲 而 气 猛 也,鹰隼 乏采 而 翰飞 戾 天 骨劲 而 气 猛 也,10,11,1
liuxie_shipin__liuxie_28,liuxie_shipin__liuxie_28__part01,文心雕龍·風骨,劉勰,21,422,432,文章才力，有似于此。,文章 才力 有 似于 此,文章 才力 有似 于此,5,4,1
liuxie_shipin__liuxie_28,liuxie_shipin__liuxie_28__part01,文心雕龍·風骨,劉勰,22,432,470,若風骨乏采，則鷙集翰林，采乏風骨，則雉竄文囿，唯藻耀而高翔，固文筆之鳴鳳也。,若 风骨 乏采 则 鸷 集 翰林 采乏 风骨 则 雉 窜 文囿 唯藻 耀 而 高翔 固 文笔 之 鸣凤 也,若 风骨 乏采 则 鸷 集 翰林 采乏 风骨 则 雉窜 文囿 唯藻 耀 而 高翔 固 文笔 之 鸣凤 也,22,21,1
liuxie_shipin__liuxie_28,liuxie_shipin__liuxie_28__part01,文心雕龍·風骨,劉勰,23,472,511,若夫鎔鑄經典之範，翔集子史之術，洞曉情變，曲昭文體，然後能孚甲新意，雕畫奇辭。,若夫 镕 铸 经典 之范 翔集 子史 之术 洞晓 情变 曲昭 文体 然后 能孚 甲 新意 雕画 奇辞,若夫 镕铸 经典 之范 翔集 子史 之术 洞晓 情变 曲昭 文体 然后 能孚 甲 新意 雕画 奇辞,18,17,1
liuxie_shipin__liuxie_28,liuxie_shipin__liuxie_28__part01,文心雕龍·風骨,劉勰,24,511,529,昭體故意新而不亂，曉變故辭奇而不黷。,昭体 故意 新 而 不乱 晓 变故 辞奇 而 不 黩,昭体 故意 新 而 不乱 晓 变故 辞奇 而 不 黩,11,11,0
liuxie_shipin__liuxie_28,liuxie_shipin__liuxie_28__part01,文心雕龍·風骨,劉勰,25,529,574,若骨采未圓，風辭未練，而跨略舊規，馳騖新作，雖獲巧意，危敗亦多，豈空結奇字，紕繆而成經矣。,若骨 采未 圆 风辞 未练 而 跨略 旧规 驰骛 新作 虽 获巧意 危败 亦 多 岂空 结奇字 纰缪 而 成经 矣,若骨 采未 圆 风辞 未练 而 跨略 旧规 驰骛 新作 虽 获巧意 危败 亦 多 岂空 结奇字 纰缪 而 成经 矣,21,21,0
liuxie_shipin__liuxie_28,liuxie_shipin__liuxie_28__part01,文心雕龍·風骨,劉勰,26,574,590,《周書》云：辭尚體要，弗惟好異。,周书 云 辞尚体 要 弗惟好 异,周书 云 辞尚 体要 弗惟 好异,6,6,1
liuxie_shipin__liuxie_28,liuxie_shipin__liuxie_28__part01,文心雕龍·風骨,劉勰,27,590,596,蓋防文濫也。,盖防文滥 也,盖防文滥 也,2,2,0
liuxie_shipin__liuxie_28,liuxie_shipin__liuxie_28__part01,文心雕龍·風骨,劉勰,28,596,617,然文術多門，各適所好，明者弗授，學者弗師。,然文术 多门 各适 所 好 明者 弗授 学者 弗师,然 文术 多门 各 适所 好 明者 弗授 学者 弗师,9,10,1
liuxie_shipin__liuxie_28,liuxie_shipin__liuxie_28__part01,文心雕龍·風骨,劉勰,29,617,629,於是習華隨侈，流遁忘反。,于是 习华 随侈 流遁 忘 反,于是 习华 随侈 流遁 忘 反,6,6,0
liuxie_shipin__liuxie_28,liuxie_shipin__liuxie_28__part01,文心雕龍·風骨,劉勰,30,629,653,若能確乎正式，使文明以健，則風清骨峻，篇體光華。,若能 确乎 正式 使 文明 以健 则 风清 骨峻 篇体 光华,若能 确乎 正式 使 文明 以健 则 风清 骨峻 篇体 光华,11,11,0
liuxie_shipin__liuxie_28,liuxie_shipin__liuxie_28__part01,文心雕龍·風骨,劉勰,31,653,664,能研諸慮，何遠之有哉！,能 研诸虑 何远 之有 哉,能 研诸虑 何远 之有 哉,5,5,0
liuxie_shipin__liuxie_28,liuxie_shipin__liuxie_28__part01,文心雕龍·風骨,劉勰,32,666,669,贊曰：,赞 曰,赞 曰,2,2,0
liuxie_shipin__liuxie_28,liuxie_shipin__liuxie_28__part01,文心雕龍·風骨,劉勰,33,671,681,情與氣偕，辭共體並。,情 与 气 偕 辞共体 并,情 与 气 偕 辞共体 并,6,6,0
liuxie_shipin__liuxie_28,liuxie_shipin__liuxie_28__part01,文心雕龍·風骨,劉勰,34,681,691,文明以健，珪璋乃聘。,文明 以健 珪 璋 乃聘,文明 以健 珪 璋 乃聘,5,5,0
liuxie_shipin__liuxie_28,liuxie_shipin__liuxie_28__part01,文心雕龍·風骨,劉勰,35,693,703,蔚彼風力，嚴此骨鯁。,蔚 彼 风力 严此 骨鲠,蔚 彼 风力 严此 骨鲠,5,5,0
liuxie_shipin__liuxie_28,liuxie_shipin__liuxie_28__part01,文心雕龍·風骨,劉勰,36,703,713,才鋒峻立，符采克炳。,才 锋峻立 符采克炳,才锋 峻立 符采克炳,3,3,1
liuxie_shipin__liuxie_29,liuxie_shipin__liuxie_29__part01,文心雕龍·通變,劉勰,0,0,22,夫設文之體有常，變文之數無方，何以明其然耶？,夫设 文之体 有常 变文之数 无方 何以 明其然 耶,夫 设文 之体 有常 变文 之数 无方 何以 明其然 耶,8,10,1
liuxie_shipin__liuxie_29,liuxie_shipin__liuxie_29__part01,文心雕龍·通變,劉勰,1,22,40,凡詩賦書記，名理相因，此有常之體也；,凡 诗赋 书记 名理 相因 此有 常之体 也,凡 诗赋 书记 名理 相因 此有 常之体 也,8,8,0
liuxie_shipin__liuxie_29,liuxie_shipin__liuxie_29__part01,文心雕龍·通變,劉勰,2,40,57,文辭氣力，通變則久，此無方之數也。,文辞 气 力 通变 则 久 此 无方 之数 也,文辞 气 力 通变 则 久 此 无方 之数 也,10,10,0
liuxie_shipin__liuxie_29,liuxie_shipin__liuxie_29__part01,文心雕龍·通變,劉勰,3,57,69,名理有常，體必資於故實；,名理 有常 体必 资于 故实,名理 有常 体必 资于 故实,5,5,0
liuxie_shipin__liuxie_29,liuxie_shipin__liuxie_29__part01,文心雕龍·通變,劉勰,4,69,81,通變無方，數必酌於新聲；,通变 无方 数必酌 于 新声,通变 无方 数必酌 于 新声,5,5,0
liuxie_shipin__liuxie_29,liuxie_shipin__liuxie_29__part01,文心雕龍·通變,劉勰,5,81,95,故能騁無窮之路，飲不竭之源。,故能 骋 无穷 之 路 饮 不竭 之源,故能 骋 无穷 之 路 饮 不竭 之源,8,8,0
liuxie_shipin__liuxie_29,liuxie_shipin__liuxie_29__part01,文心雕龍·通變,劉勰,6,95,123,然綆短者銜渴，足疲者輟塗，非文理之數盡，乃通變之術疎耳。,然 绠 短者 衔 渴 足疲者 辍涂 非 文理 之数 尽 乃 通变 之术 疎 耳,然 绠短 者 衔 渴 足疲者 辍涂 非 文理 之数 尽 乃 通变 之术 疎 耳,16,16,1
liuxie_shipin__liuxie_29,liuxie_shipin__liuxie_29__part01,文心雕龍·通變,劉勰,7,123,151,故論文之方，譬諸草木，根幹麗土而同性，臭味晞陽而異品矣。,故 论文 之方 譬诸 草木 根干丽土 而 同性 臭味 晞 阳 而 异品 矣,故 论文 之方 譬诸 草木 根干 丽土 而 同性 臭味 晞阳 而 异品 矣,14,14,1
liuxie_shipin__liuxie_29,liuxie_shipin__liuxie_29__part01,文心雕龍·通變,劉勰,8,153,165,是以九代詠歌，志合文則。,是 以 九代 咏歌 志合 文则,是 以 九代 咏歌 志合 文则,6,6,0
liuxie_shipin__liuxie_29,liuxie_shipin__liuxie_29__part01,文心雕龍·通變,劉勰,9,165,175,黃歌斷竹，質之至也；,黄歌断 竹 质之至 也,黄歌 断竹 质之至 也,4,4,1
liuxie_shipin__liuxie_29,liuxie_shipin__liuxie_29__part01,文心雕龍·通變,劉勰,10,175,186,唐歌在昔，則廣於黃世；,唐歌 在 昔 则 广于 黄世,唐歌 在 昔 则 广于 黄世,6,6,0
liuxie_shipin__liuxie_29,liuxie_shipin__liuxie_29__part01,文心雕龍·通變,劉勰,11,186,197,虞歌卿雲，則文於唐時；,虞歌卿 云 则 文于 唐时,虞歌 卿云 则 文于 唐时,5,5,1
liuxie_shipin__liuxie_29,liuxie_shipin__liuxie_29__part01,文心雕龍·通變,劉勰,12,197,207,夏歌雕牆，縟於虞代；,夏歌 雕墙 缛 于 虞代,夏歌 雕墙 缛 于 虞代,5,5,0
liuxie_shipin__liuxie_29,liuxie_shipin__liuxie_29__part01,文心雕龍·通變,劉勰,13,207,217,商周篇什，麗於夏年。,商周 篇什 丽于 夏年,商周 篇什 丽于 夏年,4,4,0
liuxie_shipin__liuxie_29,liuxie_shipin__liuxie_29__part01,文心雕龍·通變,劉勰,14,217,229,至於序志述時，其揆一也。,至于 序志述 时 其揆 一 也,至于 序志述 时 其揆 一 也,6,6,0
liuxie_shipin__liuxie_29,liuxie_shipin__liuxie_29__part01,文心雕龍·通變,劉勰,15,229,240,暨楚之騷文，矩式周人；,暨楚 之 骚文 矩式 周人,暨楚 之 骚文 矩式 周人,5,5,0
liuxie_shipin__liuxie_29,liuxie_shipin__liuxie_29__part01,文心雕龍·通變,劉勰,16,240,250,漢之賦頌，影寫楚世；,汉之赋 颂 影写 楚世,汉 之 赋颂 影写 楚世,4,5,1
liuxie_shipin__liuxie_29,liuxie_shipin__liuxie_29__part01,文心雕龍·通變,劉勰,17,250,260,魏之策制，顧慕漢風；,魏之策 制 顾慕汉风,魏之策 制 顾慕 汉风,3,4,1
liuxie_shipin__liuxie_29,liuxie_shipin__liuxie_29__part01,文心雕龍·通變,劉勰,18,260,270,晉之辭章，瞻望魏采。,晋 之 辞章 瞻望 魏采,晋 之 辞章 瞻望 魏采,5,5,0
liuxie_shipin__liuxie_29,liuxie_shipin__liuxie_29__part01,文心雕龍·通變,劉勰,19,270,312,搉而論之，則黃唐淳而質，虞夏質而辨，商周麗而雅，楚漢侈而豔，魏晉淺而綺，宋初訛而新。,搉 而论 之 则 黄 唐淳 而质 虞夏质 而 辨 商周 丽而雅 楚汉侈而艳 魏晋 浅 而 绮 宋初 讹 而 新,搉 而论 之 则 黄唐 淳而质 虞夏质 而 辨 商周 丽而雅 楚汉 侈而艳 魏晋 浅 而 绮 宋初 讹 而 新,21,21,1
liuxie_shipin__liuxie_29,liuxie_shipin__liuxie_29__part01,文心雕龍·通變,劉勰,20,312,322,從質及訛，彌近彌澹。,从质 及 讹 弥近 弥 澹,从质 及 讹 弥近 弥 澹,6,6,0
liuxie_shipin__liuxie_29,liuxie_shipin__liuxie_29__part01,文心雕龍·通變,劉勰,21,322,325,何則？,何则,何则,1,1,0
liuxie_shipin__liuxie_29,liuxie_shipin__liuxie_29__part01,文心雕龍·通變,劉勰,22,325,336,競今疎古，風昧氣衰也。,竞今 疎 古 风昧 气 衰 也,竞今 疎 古 风昧 气 衰 也,7,7,0
liuxie_shipin__liuxie_29,liuxie_shipin__liuxie_29__part01,文心雕龍·通變,劉勰,23,338,373,今才穎之士，刻意學文，多略漢篇，師範宋集，雖古今備閱，然近附而遠疎矣。,今才颖 之士 刻意 学文 多略汉篇 师范 宋集 虽 古今 备阅 然近 附而远 疎 矣,今 才颖 之士 刻意 学文 多略汉篇 师范 宋集 虽 古今 备阅 然近 附而远 疎 矣,14,15,1
liuxie_shipin__liuxie_29,liuxie_shipin__liuxie_29__part01,文心雕龍·通變,劉勰,24,373,394,夫青生於藍，絳生於蒨，雖逾本色，不能復化。,夫青 生于 蓝 绛 生于 蒨 虽 逾 本色 不能 复化,夫青 生于 蓝 绛 生于 蒨 虽 逾 本色 不能 复化,11,11,0
liuxie_shipin__liuxie_29,liuxie_shipin__liuxie_29__part01,文心雕龍·通變,劉勰,25,394,411,桓君山云：予見新進麗文，美而無采；,桓 君山 云 予见 新 进丽文 美而 无采,桓 君山 云 予 见新 进 丽文 美而 无采,8,9,1
liuxie_shipin__liuxie_29,liuxie_shipin__liuxie_29__part01,文心雕龍·通變,劉勰,26,411,423,及見劉揚言辭，常輒有得；,及见 刘 扬言 辞 常辄 有 得,及见 刘 扬言 辞 常辄 有 得,7,7,0
liuxie_shipin__liuxie_29,liuxie_shipin__liuxie_29__part01,文心雕龍·通變,劉勰,27,423,428,此其驗也。,此其验 也,此其验 也,2,2,0
liuxie_shipin__liuxie_29,liuxie_shipin__liuxie_29__part01,文心雕龍·通變,劉勰,28,428,449,故練青濯絳，必歸藍蒨，矯訛翻淺，還宗經誥。,故练青 濯 绛 必归 蓝蒨 矫讹翻 浅 还宗经 诰,故练青 濯 绛 必归 蓝蒨 矫讹 翻浅 还宗 经 诰,9,10,1
liuxie_shipin__liuxie_29,liuxie_shipin__liuxie_29__part01,文心雕龍·通變,劉勰,29,449,474,斯斟酌乎質文之間，而櫽括乎雅俗之際，可與言通變矣。,斯 斟酌 乎 质文 之间 而 櫽 括 乎 雅俗 之际 可 与 言 通变 矣,斯 斟酌 乎 质文 之间 而 櫽 括 乎 雅俗 之际 可 与 言 通变 矣,16,16,0
liuxie_shipin__liuxie_29,liuxie_shipin__liuxie_29__part01,文心雕龍·通變,劉勰,30,476,510,夫誇張聲貌，則漢初已極，自茲厥後，循環相因，雖軒翥出轍，而終入籠內。,夫 夸张 声貌 则 汉初 已 极 自兹厥 后 循环 相因 虽轩 翥 出辙 而 终入 笼内,夫 夸张 声貌 则 汉初 已 极 自兹厥 后 循环 相因 虽 轩翥 出辙 而 终入 笼内,17,17,1
liuxie_shipin__liuxie_29,liuxie_shipin__liuxie_29__part01,文心雕龍·通變,劉勰,31,510,518,枚乘《七發》云：,枚 乘 七发 云,枚 乘 七发 云,4,4,0
liuxie_shipin__liuxie_29,liuxie_shipin__liuxie_29__part01,文心雕龍·通變,劉勰,32,529,530,。,,,0,0,0
liuxie_shipin__liuxie_29,liuxie_shipin__liuxie_29__part01,文心雕龍·通變,劉勰,33,530,538,相如《上林》云：,相如 上 林 云,相如 上 林 云,4,4,0
liuxie_shipin__liuxie_29,liuxie_shipin__liuxie_29__part01,文心雕龍·通變,劉勰,34,557,558,。,,,0,0,0
liuxie_shipin__liuxie_29,liuxie_shipin__liuxie_29__part01,文心雕龍·通變,劉勰,35,558,566,馬融《廣成》云：,马融 广成 云,马融 广成 云,3,3,0
liuxie_shipin__liuxie_29,liuxie_shipin__liuxie_29__part01,文心雕龍·通變,劉勰,36,585,586,。,,,0,0,0
liuxie_shipin__liuxie_29,liuxie_shipin__liuxie_29__part01,文心雕龍·通變,劉勰,37,586,594,揚雄《校獵》云：,扬雄 校猎 云,扬雄 校猎 云,3,3,0
liuxie_shipin__liuxie_29,liuxie_shipin__liuxie_29__part01,文心雕龍·通變,劉勰,38,603,604,。,,,0,0,0
liuxie_shipin__liuxie_29,liuxie_shipin__liuxie_29__part01,文心雕龍·通變,劉勰,39,604,612,張衡《西京》云：,张衡 西京 云,张衡 西京 云,3,3,0
liuxie_shipin__liuxie_29,liuxie_shipin__liuxie_29__part01,文心雕龍·通變,劉勰,40,626,627,。,,,0,0,0
liuxie_shipin__liuxie_29,liuxie_shipin__liuxie_29__part01,文心雕龍·通變,劉勰,41,627,640,此並廣寓極狀，而五家如一。,此 并 广寓 极状 而 五家 如 一,此 并 广寓 极状 而 五家 如 一,8,8,0
liuxie_shipin__liuxie_29,liuxie_shipin__liuxie_29__part01,文心雕龍·通變,劉勰,42,640,661,諸如此類，莫不相循，參伍因革，通變之數也。,诸如此类 莫不 相循 参伍 因革 通变 之数 也,诸如此类 莫不 相循 参伍 因革 通变 之数 也,8,8,0
liuxie_shipin__liuxie_29,liuxie_shipin__liuxie_29__part01,文心雕龍·通變,劉勰,43,663,744,是以規略文統，宜宏大體，先博覽以精閱，總綱紀而攝契，然後拓衢路，置關鍵，長轡遠馭，從容按節，憑情以會通，負氣以適變，采如宛虹之奮鬐，光若長離之振翼，迺穎脫之文矣。,是 以 规略 文统 宜 宏大 体 先 博览 以 精阅 总 纲纪 而 摄契 然后 拓衢 路 置 关键 长辔 远驭 从容 按节 凭情 以 会通 负 气 以 适变 采如 宛虹 之奋 鬐 光若长 离 之 振翼 迺 颖脱 之文 矣,是 以 规略 文统 宜 宏大 体 先 博览 以 精阅 总 纲纪 而 摄契 然后 拓衢 路 置 关键 长辔远驭 从容 按节 凭情 以 会通 负 气 以 适变 采如 宛虹 之奋 鬐 光若 长离 之 振翼 迺 颖脱 之文 矣,43,42,1
liuxie_shipin__liuxie_29,liuxie_shipin__liuxie_29__part01,文心雕龍·通變,劉勰,44,744,773,若乃齷齪於偏解，矜激乎一致，此庭間之迴驟，豈萬里之逸步哉！,若 乃 龌龊 于 偏解 矜 激乎 一致 此庭间 之 回骤 岂 万里 之逸步 哉,若 乃 龌龊 于 偏解 矜 激乎 一致 此庭间 之 回骤 岂 万里 之逸步 哉,15,15,0
liuxie_shipin__liuxie_29,liuxie_shipin__liuxie_29__part01,文心雕龍·通變,劉勰,45,775,778,贊曰：,赞 曰,赞 曰,2,2,0
liuxie_shipin__liuxie_29,liuxie_shipin__liuxie_29__part01,文心雕龍·通變,劉勰,46,780,790,文律運周，日新其業。,文律 运周 日新 其业,文律 运周 日新 其业,4,4,0
liuxie_shipin__liuxie_29,liuxie_shipin__liuxie_29__part01,文心雕龍·通變,劉勰,47,790,800,變則可久，通則不乏。,变则 可久 通则 不乏,变则 可久 通则 不乏,4,4,0
liuxie_shipin__liuxie_29,liuxie_shipin__liuxie_29__part01,文心雕龍·通變,劉勰,48,802,812,趨時必果，乘機無怯。,趋时 必果 乘机 无怯,趋时 必果 乘机 无怯,4,4,0
liuxie_shipin__liuxie_29,liuxie_shipin__liuxie_29__part01,文心雕龍·通變,劉勰,49,812,822,望今制奇，參古定法。,望今 制奇 参古定 法,望今 制奇 参古定 法,4,4,0
liuxie_shipin__liuxie_30,liuxie_shipin__liuxie_30__part01,文心雕龍·定勢,劉勰,0,0,24,夫情致異區，文變殊術，莫不因情立體，即體成勢也。,夫 情致 异区 文变 殊术 莫不 因情 立体 即体 成势 也,夫 情致 异区 文变 殊术 莫不 因情 立体 即体 成势 也,11,11,0
liuxie_shipin__liuxie_30,liuxie_shipin__liuxie_30__part01,文心雕龍·定勢,劉勰,1,24,34,勢者，乘利而為制也。,势者 乘利 而 为 制 也,势者 乘利 而 为 制 也,6,6,0
liuxie_shipin__liuxie_30,liuxie_shipin__liuxie_30__part01,文心雕龍·定勢,劉勰,2,34,51,如機發矢直，澗曲湍回，自然之趣也。,如机 发矢 直 涧 曲 湍回 自然 之趣 也,如机 发矢 直 涧 曲 湍回 自然 之趣 也,9,9,0
liuxie_shipin__liuxie_30,liuxie_shipin__liuxie_30__part01,文心雕龍·定勢,劉勰,3,51,62,圓者規體，其勢也自轉；,圆者 规体 其势 也 自转,圆者 规体 其势 也 自转,5,5,0
liuxie_shipin__liuxie_30,liuxie_shipin__liuxie_30__part01,文心雕龍·定勢,劉勰,4,62,73,方者矩形，其勢也自安；,方者 矩形 其势 也 自安,方者 矩形 其势 也 自安,5,5,0
liuxie_shipin__liuxie_30,liuxie_shipin__liuxie_30__part01,文心雕龍·定勢,劉勰,5,73,83,文章體勢，如斯而已。,文章 体势 如 斯 而已,文章 体势 如斯 而已,5,4,1
liuxie_shipin__liuxie_30,liuxie_shipin__liuxie_30__part01,文心雕龍·定勢,劉勰,6,83,98,是以模經為式者，自入典雅之懿；,是 以模 经为 式 者 自入 典雅 之懿,是 以模 经为 式 者 自入 典雅 之懿,8,8,0
liuxie_shipin__liuxie_30,liuxie_shipin__liuxie_30__part01,文心雕龍·定勢,劉勰,7,98,111,效騷命篇者，必歸豔逸之華；,效骚 命篇者 必归艳逸之华,效骚 命篇者 必归 艳逸 之华,3,5,1
liuxie_shipin__liuxie_30,liuxie_shipin__liuxie_30__part01,文心雕龍·定勢,劉勰,8,111,150,綜意淺切者，類乏醞藉，斷辭辨約者，率乖繁縟：譬激水不漪，槁木無陰，自然之勢也。,综意 浅切者 类乏 酝借 断辞 辨约者 率乖 繁缛 譬激水 不漪 槁木 无阴 自然 之势 也,综意 浅切 者 类乏 酝借 断辞 辨约 者 率乖 繁缛 譬激水 不漪 槁木 无阴 自然 之势 也,15,17,1
liuxie_shipin__liuxie_30,liuxie_shipin__liuxie_30__part01,文心雕龍·定勢,劉勰,9,152,200,是以繪事圖色，文辭盡情，色糅而犬馬殊形，情交而雅俗異勢，鎔範所擬，各有司匠，雖無嚴郛，難得逾越。,是 以绘事 图色 文辞 尽情 色糅 而 犬马 殊形 情交而 雅俗 异势 镕 范所拟 各有 司匠 虽无严 郛 难得 逾越,是 以 绘事 图色 文辞 尽情 色糅 而 犬马 殊形 情交而 雅俗 异势 镕范 所拟 各有 司匠 虽无严 郛 难得 逾越,20,21,1
liuxie_shipin__liuxie_30,liuxie_shipin__liuxie_30__part01,文心雕龍·定勢,劉勰,10,200,211,然淵乎文者，並總群勢；,然渊乎 文者 并 总群势,然渊乎 文者 并 总群势,4,4,0
liuxie_shipin__liuxie_30,liuxie_shipin__liuxie_30__part01,文心雕龍·定勢,劉勰,11,211,223,奇正雖反，必兼解以俱通；,奇正 虽反 必兼解 以俱通,奇正 虽反 必兼解 以俱通,4,4,0
liuxie_shipin__liuxie_30,liuxie_shipin__liuxie_30__part01,文心雕龍·定勢,劉勰,12,223,235,剛柔雖殊，必隨時而適用。,刚柔 虽殊 必 随时 而 适用,刚柔 虽殊 必 随时 而 适用,6,6,0
liuxie_shipin__liuxie_30,liuxie_shipin__liuxie_30__part01,文心雕龍·定勢,劉勰,13,235,265,若愛典而惡華，則兼通之理偏，似夏人爭弓矢，執一不可以獨射也；,若爱典 而 恶华 则 兼通 之理 偏 似夏人争 弓 矢 执一 不 可以 独射 也,若爱典 而 恶华 则 兼通 之理 偏 似夏人争 弓 矢 执一 不 可以 独射 也,15,15,0
liuxie_shipin__liuxie_30,liuxie_shipin__liuxie_30__part01,文心雕龍·定勢,劉勰,14,265,295,若雅鄭而共篇，則總一之勢離，是楚人鬻矛譽楯，兩難得而俱售也。,若雅 郑而共篇 则 总 一之势 离 是 楚人 鬻矛誉楯 两 难得 而俱售 也,若 雅郑 而共篇 则 总一 之势 离 是 楚人 鬻矛誉楯 两 难得 而俱售 也,13,14,1
liuxie_shipin__liuxie_30,liuxie_shipin__liuxie_30__part01,文心雕龍·定勢,劉勰,15,297,319,是以括囊雜體，功在銓別，宮商朱紫，隨勢各配。,是 以括 囊 杂体 功在铨别 宫商 朱 紫 随势 各配,是 以括 囊 杂体 功在 铨别 宫商 朱紫 随势 各配,10,10,1
liuxie_shipin__liuxie_30,liuxie_shipin__liuxie_30__part01,文心雕龍·定勢,劉勰,16,319,331,章表奏議，則準的乎典雅；,章表 奏议 则 准 的 乎 典雅,章表 奏议 则 准 的 乎 典雅,7,7,0
liuxie_shipin__liuxie_30,liuxie_shipin__liuxie_30__part01,文心雕龍·定勢,劉勰,17,331,343,賦頌歌詩，則羽儀乎清麗；,赋 颂歌 诗 则 羽 仪乎 清丽,赋 颂歌 诗 则 羽仪 乎 清丽,7,7,1
liuxie_shipin__liuxie_30,liuxie_shipin__liuxie_30__part01,文心雕龍·定勢,劉勰,18,343,355,符檄書移，則楷式於明斷；,符 檄书 移 则 楷式 于 明断,符 檄书 移 则 楷式 于 明断,7,7,0
liuxie_shipin__liuxie_30,liuxie_shipin__liuxie_30__part01,文心雕龍·定勢,劉勰,19,355,367,史論序注，則師範於覈要；,史论 序注 则 师范 于 核要,史论 序注 则 师范 于 核要,6,6,0
liuxie_shipin__liuxie_30,liuxie_shipin__liuxie_30__part01,文心雕龍·定勢,劉勰,20,367,379,箴銘碑誄，則體制於宏深；,箴铭碑 诔 则 体制 于宏深,箴铭 碑诔 则 体制 于宏深,5,5,1
liuxie_shipin__liuxie_30,liuxie_shipin__liuxie_30__part01,文心雕龍·定勢,劉勰,21,379,406,連珠七辭，則從事於巧艷，此循體而成勢，隨變而立功者也。,连珠 七辞 则 从事 于巧艳 此循体 而 成势 随变 而 立功 者 也,连珠 七辞 则 从事 于巧艳 此循体 而 成势 随变 而 立功 者 也,13,13,0
liuxie_shipin__liuxie_30,liuxie_shipin__liuxie_30__part01,文心雕龍·定勢,劉勰,22,406,432,雖復契會相參，節文互雜，譬五色之錦，各以本采為地矣。,虽复 契会 相参 节文 互杂 譬 五色 之锦 各以 本 采为 地 矣,虽复 契会 相参 节文 互杂 譬 五色 之锦 各以 本采 为地 矣,13,12,1
liuxie_shipin__liuxie_30,liuxie_shipin__liuxie_30__part01,文心雕龍·定勢,劉勰,23,434,464,桓譚稱文家各有所慕，或好浮華而不知實覈，或美眾多而不見要約。,桓 谭称 文家 各 有所 慕 或 好 浮华 而 不知 实核 或美 众多 而 不见 要约,桓 谭称 文家 各 有所 慕 或 好 浮华 而 不知 实核 或美 众多 而 不见 要约,17,17,0
liuxie_shipin__liuxie_30,liuxie_shipin__liuxie_30__part01,文心雕龍·定勢,劉勰,24,464,487,陳思亦云：世之作者，或好煩文博採，深沈其旨者；,陈思亦云 世之 作者 或 好 烦文 博采 深沈 其旨 者,陈思 亦 云 世之 作者 或 好 烦文 博采 深沈 其旨 者,10,12,1
liuxie_shipin__liuxie_30,liuxie_shipin__liuxie_30__part01,文心雕龍·定勢,劉勰,25,487,500,或好離言辨白，分毫析釐者。,或 好 离言 辨白 分毫析厘 者,或 好 离言辨白 分毫析厘 者,6,5,1
liuxie_shipin__liuxie_30,liuxie_shipin__liuxie_30__part01,文心雕龍·定勢,劉勰,26,500,515,所習不同，所務各異，言勢殊也。,所习 不同 所务 各异 言势殊 也,所习 不同 所务 各异 言势殊 也,6,6,0
liuxie_shipin__liuxie_30,liuxie_shipin__liuxie_30__part01,文心雕龍·定勢,劉勰,27,515,548,劉楨云：文之體指實強弱，使其辭已盡而勢有餘，天下一人耳，不可得也。,刘桢 云 文之体 指实 强弱 使 其辞 已 尽而势 有余 天下 一人 耳 不可 得 也,刘桢 云 文之体 指实 强弱 使 其辞 已 尽而势 有余 天下 一人 耳 不可 得 也,16,16,0
liuxie_shipin__liuxie_30,liuxie_shipin__liuxie_30__part01,文心雕龍·定勢,劉勰,28,548,558,公幹所談，頗亦兼氣。,公干 所谈 颇 亦 兼 气,公干 所谈 颇 亦 兼 气,6,6,0
liuxie_shipin__liuxie_30,liuxie_shipin__liuxie_30__part01,文心雕龍·定勢,劉勰,29,558,581,然文之任勢，勢有剛柔，不必壯言慷慨，乃稱勢也。,然文 之 任势 势有 刚柔 不必 壮言 慷慨 乃 称势 也,然文 之 任势 势有 刚柔 不必 壮言 慷慨 乃 称势 也,11,11,0
liuxie_shipin__liuxie_30,liuxie_shipin__liuxie_30__part01,文心雕龍·定勢,劉勰,30,581,617,又陸雲自稱往日論文，先辭而後情，尚勢而不取悅澤，及張公論文，則欲宗其言。,又 陆云 自称 往日 论文 先辞 而后 情 尚势 而 不 取悦 泽 及 张公 论文 则 欲 宗其言,又 陆云 自称 往日 论文 先辞 而后 情 尚势 而 不 取悦 泽 及 张公 论文 则 欲 宗其言,19,19,0
liuxie_shipin__liuxie_30,liuxie_shipin__liuxie_30__part01,文心雕龍·定勢,劉勰,31,617,638,夫本固先辭，勢實須澤，可謂先迷後能從善矣。,夫本 固先辞 势实 须泽 可谓 先迷后 能 从 善 矣,夫本 固先辞 势实 须泽 可谓 先迷后 能 从善 矣,10,9,1
liuxie_shipin__liuxie_30,liuxie_shipin__liuxie_30__part01,文心雕龍·定勢,劉勰,32,640,691,自近代辭人，率好詭巧，原其為體，訛勢所變，厭黷舊式，故穿鑿取新，察其訛意，似難而實無他術也，反正而已。,自 近代 辞人 率好 诡巧 原其 为体 讹势 所变 厌 黩 旧式 故 穿凿 取新 察 其讹意 似难 而 实无 他术 也 反正 而已,自 近代 辞人 率好 诡巧 原其 为体 讹势 所 变 厌 黩 旧式 故 穿凿 取新 察其 讹意 似难 而实 无他 术 也 反正 而已,24,25,1
liuxie_shipin__liuxie_30,liuxie_shipin__liuxie_30__part01,文心雕龍·定勢,劉勰,33,691,704,故文反正為乏，辭反正為奇。,故文 反正 为乏 辞 反正 为奇,故文 反正 为乏 辞 反正 为奇,6,6,0
liuxie_shipin__liuxie_30,liuxie_shipin__liuxie_30__part01,文心雕龍·定勢,劉勰,34,704,737,效奇之法，必顛倒文句，上字而抑下，中辭而出外，回互不常，則新色耳。,效奇 之法 必 颠倒 文句 上字 而 抑下 中辞 而 出外 回 互不 常 则 新色 耳,效奇 之法 必 颠倒 文句 上字 而 抑下 中辞 而 出外 回 互不 常 则 新色 耳,17,17,0
liuxie_shipin__liuxie_30,liuxie_shipin__liuxie_30__part01,文心雕龍·定勢,劉勰,35,737,755,夫通衢夷坦，而多行捷徑者，趨近故也；,夫 通衢 夷坦 而 多行 捷径 者 趋近 故 也,夫 通衢 夷坦 而 多行 捷径 者 趋近 故 也,10,10,0
liuxie_shipin__liuxie_30,liuxie_shipin__liuxie_30__part01,文心雕龍·定勢,劉勰,36,755,772,正文明白，而常務反言者，適俗故也。,正文 明白 而 常务 反言者 适俗 故 也,正文 明白 而 常务 反 言者 适俗 故 也,8,9,1
liuxie_shipin__liuxie_30,liuxie_shipin__liuxie_30__part01,文心雕龍·定勢,劉勰,37,772,791,然密會者以意新得巧，苟異者以失體成怪。,然密会者 以意 新得巧 苟异者 以 失体 成怪,然 密会 者 以意 新得巧 苟异 者 以 失体 成怪,7,10,1
liuxie_shipin__liuxie_30,liuxie_shipin__liuxie_30__part01,文心雕龍·定勢,劉勰,38,791,803,舊練之才，則執正以馭奇；,旧练 之 才 则 执正 以驭 奇,旧练 之 才 则 执正 以驭 奇,7,7,0
liuxie_shipin__liuxie_30,liuxie_shipin__liuxie_30__part01,文心雕龍·定勢,劉勰,39,803,815,新學之銳，則逐奇而失正；,新学 之锐 则 逐奇 而 失正,新学 之锐 则 逐奇 而 失正,6,6,0
liuxie_shipin__liuxie_30,liuxie_shipin__liuxie_30__part01,文心雕龍·定勢,劉勰,40,815,826,勢流不反，則文體遂弊。,势流 不 反 则 文体 遂 弊,势流 不 反 则 文体 遂 弊,7,7,0
liuxie_shipin__liuxie_30,liuxie_shipin__liuxie_30__part01,文心雕龍·定勢,劉勰,41,826,836,秉茲情術，可無思耶！,秉兹 情术 可无思耶,秉兹 情术 可无思耶,3,3,0
liuxie_shipin__liuxie_30,liuxie_shipin__liuxie_30__part01,文心雕龍·定勢,劉勰,42,838,841,贊曰：,赞 曰,赞 曰,2,2,0
liuxie_shipin__liuxie_30,liuxie_shipin__liuxie_30__part01,文心雕龍·定勢,劉勰,43,843,853,形生勢成，始末相承。,形 生势 成 始末 相承,形 生势 成 始末 相承,5,5,0
liuxie_shipin__liuxie_30,liuxie_shipin__liuxie_30__part01,文心雕龍·定勢,劉勰,44,853,863,湍迴似規，矢激如繩。,湍回 似规 矢激 如绳,湍回 似规 矢激 如绳,4,4,0
liuxie_shipin__liuxie_30,liuxie_shipin__liuxie_30__part01,文心雕龍·定勢,劉勰,45,865,875,因利騁節，情采自凝。,因利骋 节 情采 自凝,因利 骋节 情采 自凝,4,4,1
liuxie_shipin__liuxie_30,liuxie_shipin__liuxie_30__part01,文心雕龍·定勢,劉勰,46,875,885,枉轡學步，力止襄陵。,枉辔学步 力止 襄陵,枉辔学步 力止 襄陵,3,3,0
liuxie_shipin__liuxie_31,liuxie_shipin__liuxie_31__part01,文心雕龍·情采,劉勰,0,0,15,聖賢書辭，總稱文章，非采而何！,圣贤书 辞 总称 文章 非 采而何,圣贤书 辞 总称 文章 非 采而何,6,6,0
liuxie_shipin__liuxie_31,liuxie_shipin__liuxie_31__part01,文心雕龍·情采,劉勰,1,15,37,夫水性虛而淪漪結，木體實而華萼振，文附質也。,夫 水性 虚 而 沦漪结 木体 实而华萼 振 文附质 也,夫 水性 虚 而 沦漪 结 木 体实 而 华萼 振 文 附质 也,10,14,1
liuxie_shipin__liuxie_31,liuxie_shipin__liuxie_31__part01,文心雕龍·情采,劉勰,2,37,48,虎豹無文，則鞹同犬羊；,虎豹 无文 则 鞹 同犬羊,虎豹 无文 则 鞹 同犬羊,5,5,0
liuxie_shipin__liuxie_31,liuxie_shipin__liuxie_31__part01,文心雕龍·情采,劉勰,3,48,64,犀兕有皮，而色資丹漆，質待文也。,犀 兕 有 皮 而色 资丹漆 质待文 也,犀 兕 有 皮 而色 资丹漆 质待文 也,8,8,0
liuxie_shipin__liuxie_31,liuxie_shipin__liuxie_31__part01,文心雕龍·情采,劉勰,4,64,100,若乃綜述性靈，敷寫器象，鏤心鳥跡之中，織辭魚網之上，其為彪炳，縟采名矣。,若 乃 综述 性灵 敷写 器象 镂心 鸟迹 之中 织辞 鱼网 之上 其为 彪炳 缛 采名 矣,若 乃 综述 性灵 敷写 器象 镂心 鸟迹 之中 织辞 鱼网 之上 其为 彪炳 缛采 名 矣,17,17,1
liuxie_shipin__liuxie_31,liuxie_shipin__liuxie_31__part01,文心雕龍·情采,劉勰,5,102,123,故立文之道，其理有三：一曰形文，五色是也；,故立 文之道 其理 有 三 一 曰 形文 五色 是 也,故立 文之道 其理 有 三 一 曰 形文 五色 是 也,11,11,0
liuxie_shipin__liuxie_31,liuxie_shipin__liuxie_31__part01,文心雕龍·情采,劉勰,6,123,133,二曰聲文，五音是也；,二 曰 声文 五音 是 也,二 曰 声文 五音 是 也,6,6,0
liuxie_shipin__liuxie_31,liuxie_shipin__liuxie_31__part01,文心雕龍·情采,劉勰,7,133,143,三曰情文，五性是也。,三 曰 情文 五性 是 也,三 曰 情文 五性 是 也,6,6,0
liuxie_shipin__liuxie_31,liuxie_shipin__liuxie_31__part01,文心雕龍·情采,劉勰,8,143,173,五色雜而成黼黻，五音比而成韶夏，五情發而為辭章，神理之數也。,五色 杂而成 黼 黻 五音 比而 成韶夏 五情 发而为 辞章 神理 之数 也,五色 杂而成 黼 黻 五音 比而 成韶夏 五情 发而为 辞章 神理 之数 也,13,13,0
liuxie_shipin__liuxie_31,liuxie_shipin__liuxie_31__part01,文心雕龍·情采,劉勰,9,173,185,《孝經》垂典，喪言不文；,孝经 垂典 丧言 不文,孝经 垂典 丧言 不文,4,4,0
liuxie_shipin__liuxie_31,liuxie_shipin__liuxie_31__part01,文心雕龍·情采,劉勰,10,185,196,故知君子嘗言未嘗質也。,故知 君子 尝言 未尝 质 也,故知 君子 尝言 未尝 质 也,6,6,0
liuxie_shipin__liuxie_31,liuxie_shipin__liuxie_31__part01,文心雕龍·情采,劉勰,11,196,208,老子疾偽，故稱美言不信；,老子 疾伪 故称 美言不信,老子 疾伪 故称 美言不信,4,4,0
liuxie_shipin__liuxie_31,liuxie_shipin__liuxie_31__part01,文心雕龍·情采,劉勰,12,208,220,而五千精妙，則非棄美矣。,而 五千 精妙 则 非弃 美 矣,而 五千 精妙 则 非弃 美 矣,7,7,0
liuxie_shipin__liuxie_31,liuxie_shipin__liuxie_31__part01,文心雕龍·情采,劉勰,13,220,233,莊周云辯雕萬物，謂藻飾也。,庄周 云辩 雕 万物 谓 藻饰 也,庄周 云 辩雕 万物 谓 藻饰 也,7,7,1
liuxie_shipin__liuxie_31,liuxie_shipin__liuxie_31__part01,文心雕龍·情采,劉勰,14,233,246,韓非云豔采辯說，謂綺麗也。,韩非 云艳 采辩 说 谓 绮丽 也,韩非 云 艳采 辩说 谓 绮丽 也,7,7,1
liuxie_shipin__liuxie_31,liuxie_shipin__liuxie_31__part01,文心雕龍·情采,劉勰,15,246,268,綺麗以豔說，藻飾以辯雕，文辭之變，於斯極矣。,绮丽 以艳 说 藻饰 以辩 雕 文辞 之变 于斯极 矣,绮丽 以 艳说 藻饰 以 辩雕 文辞 之变 于斯 极 矣,10,11,1
liuxie_shipin__liuxie_31,liuxie_shipin__liuxie_31__part01,文心雕龍·情采,劉勰,16,268,282,研味李老，則知文質附乎性情；,研味 李老 则 知 文质 附乎 性情,研味 李老 则 知 文质 附乎 性情,7,7,0
liuxie_shipin__liuxie_31,liuxie_shipin__liuxie_31__part01,文心雕龍·情采,劉勰,17,282,296,詳覽莊韓，則見華實過乎淫侈。,详览庄 韩 则 见华实 过乎 淫侈,详览 庄韩 则 见 华实 过乎 淫侈,6,7,1
liuxie_shipin__liuxie_31,liuxie_shipin__liuxie_31__part01,文心雕龍·情采,劉勰,18,296,321,若擇源於涇渭之流，按轡於邪正之路，亦可以馭文采矣。,若择 源于 泾渭 之流 按 辔 于 邪 正之路 亦 可以 驭 文采 矣,若择 源于 泾渭 之流 按辔 于 邪 正之路 亦 可以 驭 文采 矣,14,13,1
liuxie_shipin__liuxie_31,liuxie_shipin__liuxie_31__part01,文心雕龍·情采,劉勰,19,323,339,夫鉛黛所以飾容，而盻倩生於淑姿；,夫 铅黛 所以 饰容 而 盻 倩 生于 淑姿,夫 铅黛 所以 饰容 而 盻 倩 生于 淑姿,9,9,0
liuxie_shipin__liuxie_31,liuxie_shipin__liuxie_31__part01,文心雕龍·情采,劉勰,20,339,354,文采所以飾言，而辯麗本於情性。,文采 所以 饰言 而 辩丽本 于 情性,文采 所以 饰言 而 辩丽 本于 情性,7,7,1
liuxie_shipin__liuxie_31,liuxie_shipin__liuxie_31__part01,文心雕龍·情采,劉勰,21,354,369,故情者，文之經，辭者，理之緯；,故情者 文之经 辞者 理之纬,故情者 文之经 辞者 理之纬,4,4,0
liuxie_shipin__liuxie_31,liuxie_shipin__liuxie_31__part01,文心雕龍·情采,劉勰,22,369,391,經正而後緯成，理定而後辭暢，此立文之本源也。,经正 而后 纬成 理定 而后 辞畅 此立文 之 本源 也,经正 而后 纬成 理定 而后 辞畅 此立文 之 本源 也,10,10,0
liuxie_shipin__liuxie_31,liuxie_shipin__liuxie_31__part01,文心雕龍·情采,劉勰,23,393,416,昔詩人什篇，為情而造文，辭人賦頌，為文而造情。,昔 诗人 什篇 为情 而 造文 辞人 赋颂 为文 而 造情,昔 诗人 什篇 为情 而 造文 辞人 赋颂 为文 而 造情,11,11,0
liuxie_shipin__liuxie_31,liuxie_shipin__liuxie_31__part01,文心雕龍·情采,劉勰,24,416,452,何以明其然，蓋風雅之興，志思蓄憤，而吟詠情性，以諷其上，此為情而造文也；,何以 明其然 盖 风雅 之兴 志思 蓄愤 而 吟咏 情性 以讽 其 上 此为 情而 造文 也,何以 明其然 盖 风雅 之兴 志思 蓄愤 而 吟咏 情性 以讽 其 上 此 为情 而 造文 也,17,18,1
liuxie_shipin__liuxie_31,liuxie_shipin__liuxie_31__part01,文心雕龍·情采,劉勰,25,452,480,諸子之徒，心非鬱陶，苟馳夸飾，鬻聲釣世，此為文而造情也；,诸子之 徒 心非 郁陶 苟驰 夸饰 鬻声钓世 此为 文而 造情 也,诸子之 徒 心非 郁陶 苟驰 夸饰 鬻声钓世 此为 文而 造情 也,11,11,0
liuxie_shipin__liuxie_31,liuxie_shipin__liuxie_31__part01,文心雕龍·情采,劉勰,26,480,499,故為情者要約而寫真，為文者淫麗而煩濫。,故为 情者 要约 而 写真 为 文者 淫丽 而 烦滥,故 为情 者 要约 而 写真 为 文者 淫丽 而 烦滥,10,11,1
liuxie_shipin__liuxie_31,liuxie_shipin__liuxie_31__part01,文心雕龍·情采,劉勰,27,499,535,而後之作者，採濫忽真，遠棄風雅，近師辭賦，故體情之製日疎，逐文之篇愈盛。,而后 之 作者 采滥 忽真 远弃 风雅 近师 辞赋 故体 情之制 日 疎 逐文之篇 愈盛,而后 之 作者 采滥 忽真 远弃 风雅 近师 辞赋 故体 情之制 日 疎 逐文之篇 愈盛,15,15,0
liuxie_shipin__liuxie_31,liuxie_shipin__liuxie_31__part01,文心雕龍·情采,劉勰,28,535,569,故有志深軒冕，而汎詠臯壤，心纒幾務，而虛述人外，真宰弗存，翩其反矣。,故 有志 深轩冕 而泛 咏 臯 壤 心 纒 几 务 而虚述 人外 真宰 弗存 翩其 反 矣,故 有志 深 轩冕 而泛 咏 臯 壤 心 纒 几务 而虚述 人外 真宰 弗存 翩其 反 矣,18,18,1
liuxie_shipin__liuxie_31,liuxie_shipin__liuxie_31__part01,文心雕龍·情采,劉勰,29,569,583,夫桃李不言而成蹊，有實存也；,夫 桃李不言 而 成蹊 有 实存 也,夫 桃李不言 而 成蹊 有 实存 也,7,7,0
liuxie_shipin__liuxie_31,liuxie_shipin__liuxie_31__part01,文心雕龍·情采,劉勰,30,583,596,男子樹蘭而不芳，無其情也。,男子 树兰 而 不芳 无其情 也,男子 树兰 而 不芳 无其情 也,6,6,0
liuxie_shipin__liuxie_31,liuxie_shipin__liuxie_31__part01,文心雕龍·情采,劉勰,31,596,628,夫以草木之微，依情待實，况乎文章，述志為本，言與志反，文豈足徵！,夫以 草木 之微 依情 待实 况乎 文章 述志为 本 言 与 志 反 文 岂 足征,夫以 草木 之微 依情 待实 况乎 文章 述志为 本 言 与 志 反 文 岂 足征,16,16,0
liuxie_shipin__liuxie_31,liuxie_shipin__liuxie_31__part01,文心雕龍·情采,劉勰,32,630,653,是以聯辭結采，將欲明理，采濫辭詭，則心理愈翳。,是 以 联辞 结采 将 欲 明理 采滥辞 诡 则 心理 愈翳,是 以 联辞 结采 将欲 明理 采滥辞 诡 则 心理 愈翳,12,11,1
liuxie_shipin__liuxie_31,liuxie_shipin__liuxie_31__part01,文心雕龍·情采,劉勰,33,653,666,固知翠綸桂餌，反所以失魚。,固知翠纶 桂饵 反 所以 失鱼,固知 翠纶 桂饵 反 所以 失鱼,5,6,1
liuxie_shipin__liuxie_31,liuxie_shipin__liuxie_31__part01,文心雕龍·情采,劉勰,34,666,676,言隱榮華，殆謂此也。,言隐 荣华 殆谓 此 也,言隐 荣华 殆谓 此 也,5,5,0
liuxie_shipin__liuxie_31,liuxie_shipin__liuxie_31__part01,文心雕龍·情采,劉勰,35,676,678,是以,是 以,是 以,2,2,0
liuxie_shipin__liuxie_31,liuxie_shipin__liuxie_31__part01,文心雕龍·情采,劉勰,36,684,700,，惡文太章，賁象窮白，貴乎反本。,恶文太章 贲象 穷白 贵乎 反 本,恶文 太章 贲象 穷白 贵乎 反 本,6,7,1
liuxie_shipin__liuxie_31,liuxie_shipin__liuxie_31__part01,文心雕龍·情采,劉勰,37,700,767,夫能設模以位理，擬地以置心，心定而後結音，理正而後摛藻，使文不滅質，博不溺心，正采耀乎朱藍，間色屏於紅紫，乃可謂雕琢其章，彬彬君子矣。,夫能 设模 以 位理 拟地 以置 心 心定 而后 结音 理正 而后 摛 藻 使文 不灭质 博不溺 心 正 采耀乎 朱蓝 间色 屏于 红 紫 乃 可谓 雕琢 其章 彬彬 君子 矣,夫能 设模 以 位理 拟地 以置 心 心定 而后 结音 理正 而后 摛 藻 使文 不灭质 博不溺 心 正 采耀乎 朱蓝 间色 屏于 红紫 乃 可谓 雕琢 其章 彬彬 君子 矣,32,31,1
liuxie_shipin__liuxie_31,liuxie_shipin__liuxie_31__part01,文心雕龍·情采,劉勰,38,769,772,贊曰：,赞 曰,赞 曰,2,2,0
liuxie_shipin__liuxie_31,liuxie_shipin__liuxie_31__part01,文心雕龍·情采,劉勰,39,774,784,言以文遠，誠哉斯驗。,言以 文远 诚哉斯验,言以 文远 诚哉斯验,3,3,0
liuxie_shipin__liuxie_31,liuxie_shipin__liuxie_31__part01,文心雕龍·情采,劉勰,40,784,794,心術既形，茲華乃贍。,心术 既形 兹华 乃 赡,心术 既形 兹华 乃 赡,5,5,0
liuxie_shipin__liuxie_31,liuxie_shipin__liuxie_31__part01,文心雕龍·情采,劉勰,41,796,806,吳錦好渝，舜英徒豔。,吴锦好 渝 舜 英徒艳,吴锦 好 渝 舜 英徒艳,4,5,1
liuxie_shipin__liuxie_31,liuxie_shipin__liuxie_31__part01,文心雕龍·情采,劉勰,42,806,816,繁采寡情，味之必厭。,繁采 寡情 味 之 必厌,繁采 寡情 味 之 必厌,5,5,0
liuxie_shipin__liuxie_32,liuxie_shipin__liuxie_32__part01,文心雕龍·鎔裁,劉勰,0,0,12,情理設位，文采行乎其中。,情理 设位 文采 行乎 其中,情理 设位 文采 行乎 其中,5,5,0
liuxie_shipin__liuxie_32,liuxie_shipin__liuxie_32__part01,文心雕龍·鎔裁,劉勰,1,12,24,剛柔以立本，變通以趨時。,刚柔 以立本 变通 以 趋时,刚柔 以立本 变通 以 趋时,5,5,0
liuxie_shipin__liuxie_32,liuxie_shipin__liuxie_32__part01,文心雕龍·鎔裁,劉勰,2,24,34,立本有體，意或偏長；,立本 有体 意 或 偏长,立 本 有体 意 或 偏长,5,6,1
liuxie_shipin__liuxie_32,liuxie_shipin__liuxie_32__part01,文心雕龍·鎔裁,劉勰,3,34,44,趨時無方，辭或繁雜。,趋时 无方 辞 或 繁杂,趋时 无方 辞 或 繁杂,5,5,0
liuxie_shipin__liuxie_32,liuxie_shipin__liuxie_32__part01,文心雕龍·鎔裁,劉勰,4,44,65,蹊要所司，職在鎔裁，櫽括情理，矯揉文采也。,蹊要 所司 职在镕裁 櫽 括 情理 矫 揉 文采 也,蹊要 所司 职在 镕裁 櫽 括 情理 矫揉 文采 也,10,10,1
liuxie_shipin__liuxie_32,liuxie_shipin__liuxie_32__part01,文心雕龍·鎔裁,劉勰,5,65,81,規範本體謂之鎔，翦截浮詞謂之裁。,规范 本体 谓之 镕 翦截 浮词 谓之 裁,规范 本体 谓之 镕 翦截 浮词 谓之 裁,8,8,0
liuxie_shipin__liuxie_32,liuxie_shipin__liuxie_32__part01,文心雕龍·鎔裁,劉勰,6,81,109,裁則蕪穢不生，鎔則綱領昭暢，譬繩墨之審分，斧斤之斲削矣。,裁则 芜秽 不生 镕 则 纲领 昭畅 譬 绳墨 之 审分 斧斤 之 斲 削 矣,裁则 芜秽 不生 镕 则 纲领 昭畅 譬 绳墨 之 审分 斧斤 之 斲 削 矣,16,16,0
liuxie_shipin__liuxie_32,liuxie_shipin__liuxie_32__part01,文心雕龍·鎔裁,劉勰,7,109,129,駢拇枝指，由侈於性，附贅懸肬，實侈於形。,骈拇枝指 由侈于 性 附赘悬肬 实侈于 形,骈拇枝指 由侈于 性 附赘悬肬 实侈于 形,6,6,0
liuxie_shipin__liuxie_32,liuxie_shipin__liuxie_32__part01,文心雕龍·鎔裁,劉勰,8,129,140,二意兩出，義之駢枝也；,二意 两出 义 之 骈枝 也,二意 两出 义 之 骈枝 也,6,6,0
liuxie_shipin__liuxie_32,liuxie_shipin__liuxie_32__part01,文心雕龍·鎔裁,劉勰,9,140,151,同辭重句，文之肬贅也。,同辞 重句 文 之 肬 赘 也,同辞 重句 文 之 肬 赘 也,7,7,0
liuxie_shipin__liuxie_32,liuxie_shipin__liuxie_32__part01,文心雕龍·鎔裁,劉勰,10,153,174,凡思緒初發，辭采苦雜，心非權衡，勢必輕重。,凡 思绪 初发 辞 采苦杂 心非 权衡 势必 轻重,凡 思绪 初发 辞采 苦杂 心非 权衡 势必 轻重,9,9,1
liuxie_shipin__liuxie_32,liuxie_shipin__liuxie_32__part01,文心雕龍·鎔裁,劉勰,11,174,198,是以草創鳴筆，先標三準：履端於始，則設情以位體；,是 以 草创 鸣笔 先标 三准 履端 于始 则 设情 以 位体,是 以 草创 鸣笔 先标 三准 履端 于始 则 设情 以 位体,12,12,0
liuxie_shipin__liuxie_32,liuxie_shipin__liuxie_32__part01,文心雕龍·鎔裁,劉勰,12,198,210,舉正於中，則酌事以取類；,举正于 中 则 酌 事以 取类,举正 于 中 则 酌 事以 取类,6,7,1
liuxie_shipin__liuxie_32,liuxie_shipin__liuxie_32__part01,文心雕龍·鎔裁,劉勰,13,210,222,歸餘於終，則撮辭以舉要。,归余于 终 则 撮 辞以 举要,归余 于终 则 撮 辞以 举要,6,6,1
liuxie_shipin__liuxie_32,liuxie_shipin__liuxie_32__part01,文心雕龍·鎔裁,劉勰,14,222,256,然後舒華布實，獻替節文，繩墨以外，美材既斲，故能首尾圓合，條貫統序。,然后 舒华布实 献替 节文 绳墨 以外 美材 既 斲 故能 首尾 圆合 条贯 统序,然后 舒华布实 献替 节文 绳墨 以外 美材 既 斲 故能 首尾 圆合 条 贯统 序,14,15,1
liuxie_shipin__liuxie_32,liuxie_shipin__liuxie_32__part01,文心雕龍·鎔裁,劉勰,15,256,278,若術不素定，而委心逐辭，異端叢至，駢贅必多。,若术 不素定 而委心 逐辞 异端 丛至 骈赘 必多,若术 不素定 而委心 逐辞 异端 丛至 骈赘 必多,8,8,0
liuxie_shipin__liuxie_32,liuxie_shipin__liuxie_32__part01,文心雕龍·鎔裁,劉勰,16,280,291,故三準既定，次討字句。,故三准 既定 次讨 字句,故三准 既定 次讨 字句,4,4,0
liuxie_shipin__liuxie_32,liuxie_shipin__liuxie_32__part01,文心雕龍·鎔裁,劉勰,17,291,301,句有可削，足見其疎；,句 有 可削 足见 其 疎,句 有 可削 足见 其 疎,6,6,0
liuxie_shipin__liuxie_32,liuxie_shipin__liuxie_32__part01,文心雕龍·鎔裁,劉勰,18,301,311,字不得減，乃知其密。,字 不得 减 乃知 其密,字 不得 减 乃知 其密,5,5,0
liuxie_shipin__liuxie_32,liuxie_shipin__liuxie_32__part01,文心雕龍·鎔裁,劉勰,19,311,321,精論要語，極略之體；,精论 要语 极略 之体,精论 要语 极略 之体,4,4,0
liuxie_shipin__liuxie_32,liuxie_shipin__liuxie_32__part01,文心雕龍·鎔裁,劉勰,20,321,331,游心竄句，極繁之體；,游心 窜 句 极 繁之体,游心 窜句 极 繁之体,5,4,1
liuxie_shipin__liuxie_32,liuxie_shipin__liuxie_32__part01,文心雕龍·鎔裁,劉勰,21,331,341,謂繁與略，適分所好。,谓 繁与略 适分 所 好,谓 繁与略 适分 所好,5,4,1
liuxie_shipin__liuxie_32,liuxie_shipin__liuxie_32__part01,文心雕龍·鎔裁,劉勰,22,341,354,引而伸之，則兩句敷為一章；,引而伸 之 则 两句 敷为 一章,引而伸 之 则 两句 敷为 一章,6,6,0
liuxie_shipin__liuxie_32,liuxie_shipin__liuxie_32__part01,文心雕龍·鎔裁,劉勰,23,354,367,約以貫之，則一章刪成兩句。,约 以贯 之 则 一章 删成 两句,约 以贯 之 则 一章 删成 两句,7,7,0
liuxie_shipin__liuxie_32,liuxie_shipin__liuxie_32__part01,文心雕龍·鎔裁,劉勰,24,367,379,思贍者善敷，才覈者善刪。,思赡者 善 敷 才 核者 善 删,思赡者 善 敷 才 核者 善 删,7,7,0
liuxie_shipin__liuxie_32,liuxie_shipin__liuxie_32__part01,文心雕龍·鎔裁,劉勰,25,379,397,善刪者字去而意留，善敷者辭殊而義顯。,善 删者 字 去 而 意留 善敷者 辞殊 而义显,善 删者 字 去 而 意留 善敷者 辞殊 而义显,9,9,0
liuxie_shipin__liuxie_32,liuxie_shipin__liuxie_32__part01,文心雕龍·鎔裁,劉勰,26,397,410,字刪而意闕，則短乏而非覈；,字 删而意 阙 则 短乏 而 非核,字 删而意 阙 则 短乏 而 非核,7,7,0
liuxie_shipin__liuxie_32,liuxie_shipin__liuxie_32__part01,文心雕龍·鎔裁,劉勰,27,410,423,辭敷而言重，則蕪穢而非贍。,辞敷 而言 重 则 芜秽 而 非 赡,辞敷 而言 重 则 芜秽 而 非 赡,8,8,0
liuxie_shipin__liuxie_32,liuxie_shipin__liuxie_32__part01,文心雕龍·鎔裁,劉勰,28,425,470,昔謝艾王濟，西河文士，張駿以為艾繁而不可刪，濟略而不可益，若二子者，可謂練鎔裁而曉繁略矣。,昔谢 艾王济 西河 文士 张骏 以为 艾繁 而 不可 删 济略 而 不可 益 若二子者 可谓 练镕裁 而晓繁略 矣,昔谢 艾王济 西河 文士 张骏 以为 艾繁 而 不可 删 济略 而 不可 益 若二子者 可谓 练 镕裁 而晓繁略 矣,19,20,1
liuxie_shipin__liuxie_32,liuxie_shipin__liuxie_32__part01,文心雕龍·鎔裁,劉勰,29,470,483,至如士衡才優，而綴辭尤繁；,至 如士衡 才 优 而缀 辞 尤繁,至 如士衡 才 优 而 缀辞 尤繁,7,7,1
liuxie_shipin__liuxie_32,liuxie_shipin__liuxie_32__part01,文心雕龍·鎔裁,劉勰,30,483,494,士龍思劣，而雅好清省。,士龙思劣 而雅好 清省,士龙思劣 而雅好 清省,3,3,0
liuxie_shipin__liuxie_32,liuxie_shipin__liuxie_32__part01,文心雕龍·鎔裁,劉勰,31,494,517,及雲之論機，亟恨其多，而稱清新相接，不以為病；,及云 之论机 亟恨 其 多 而称 清新 相接 不 以为 病,及云 之论机 亟恨 其 多 而称 清新 相接 不 以为 病,11,11,0
liuxie_shipin__liuxie_32,liuxie_shipin__liuxie_32__part01,文心雕龍·鎔裁,劉勰,32,517,523,蓋崇友于耳。,盖崇友 于 耳,盖崇友 于 耳,3,3,0
liuxie_shipin__liuxie_32,liuxie_shipin__liuxie_32__part01,文心雕龍·鎔裁,劉勰,33,523,554,夫美錦製衣，脩短有度，雖翫其采，不倍領袖，巧猶難繁，况在乎拙。,夫美锦 制衣 修短 有 度 虽玩 其采 不倍 领袖 巧犹难 繁 况 在乎 拙,夫美锦 制衣 修短 有 度 虽玩 其采 不倍 领袖 巧犹难 繁 况 在乎 拙,14,14,0
liuxie_shipin__liuxie_32,liuxie_shipin__liuxie_32__part01,文心雕龍·鎔裁,劉勰,34,554,584,而《文賦》以為榛楛勿翦，庸音足曲，其識非不鑒，乃情苦芟繁也。,而 文赋 以为 榛 楛 勿 翦 庸音 足曲 其识 非不鉴 乃情 苦 芟 繁 也,而 文赋 以为 榛 楛 勿 翦 庸音 足曲 其识 非不鉴 乃情 苦 芟 繁 也,16,16,0
liuxie_shipin__liuxie_32,liuxie_shipin__liuxie_32__part01,文心雕龍·鎔裁,劉勰,35,584,605,夫百節成體，共資榮衛，萬趣會文，不離辭情。,夫 百节 成 体 共资荣卫 万趣 会文 不离 辞情,夫 百节 成体 共资 荣卫 万 趣会 文 不离 辞情,9,10,1
liuxie_shipin__liuxie_32,liuxie_shipin__liuxie_32__part01,文心雕龍·鎔裁,劉勰,36,605,629,若情周而不繁，辭運而不濫，非夫鎔裁，何以行之乎！,若情 周而 不繁 辞运 而 不滥 非夫镕裁 何以 行之乎,若情 周而 不繁 辞运 而 不滥 非夫 镕裁 何以 行之乎,9,10,1
liuxie_shipin__liuxie_32,liuxie_shipin__liuxie_32__part01,文心雕龍·鎔裁,劉勰,37,631,634,贊曰：,赞 曰,赞 曰,2,2,0
liuxie_shipin__liuxie_32,liuxie_shipin__liuxie_32__part01,文心雕龍·鎔裁,劉勰,38,636,646,篇章戶牖，左右相瞰。,篇章 户牖 左右 相瞰,篇章 户牖 左右 相瞰,4,4,0
liuxie_shipin__liuxie_32,liuxie_shipin__liuxie_32__part01,文心雕龍·鎔裁,劉勰,39,646,656,辭如川流，溢則汎濫。,辞如 川流 溢则 泛滥,辞如 川流 溢则 泛滥,4,4,0
liuxie_shipin__liuxie_32,liuxie_shipin__liuxie_32__part01,文心雕龍·鎔裁,劉勰,40,658,668,權衡損益，斟酌濃淡。,权衡 损益 斟酌 浓淡,权衡 损益 斟酌 浓淡,4,4,0
liuxie_shipin__liuxie_32,liuxie_shipin__liuxie_32__part01,文心雕龍·鎔裁,劉勰,41,668,678,芟繁剪穢，弛於負擔。,芟 繁剪 秽 弛于 负担,芟 繁剪 秽 弛于 负担,5,5,0
liuxie_shipin__liuxie_33,liuxie_shipin__liuxie_33__part01,文心雕龍·聲律,劉勰,0,0,13,夫音律所始，本於人聲者也。,夫 音律 所始 本于 人声 者 也,夫 音律 所始 本于 人声 者 也,7,7,0
liuxie_shipin__liuxie_33,liuxie_shipin__liuxie_33__part01,文心雕龍·聲律,劉勰,1,13,32,聲合宮商，肇自血氣，先王因之以制樂歌。,声合 宫商 肇自血 气 先王 因 之 以制 乐歌,声合 宫商 肇自血 气 先王 因 之 以制 乐歌,9,9,0
liuxie_shipin__liuxie_33,liuxie_shipin__liuxie_33__part01,文心雕龍·聲律,劉勰,2,32,46,故知器寫人聲，聲非學器者也。,故知 器写 人声 声非 学器 者 也,故知 器写 人声 声非 学器 者 也,7,7,0
liuxie_shipin__liuxie_33,liuxie_shipin__liuxie_33__part01,文心雕龍·聲律,劉勰,3,46,68,故言語者，文章神明，樞機吐納，律呂脣吻而已。,故 言语 者 文章 神明 枢机 吐纳 律吕 唇吻 而已,故 言语 者 文章 神明 枢机 吐纳 律吕 唇吻 而已,10,10,0
liuxie_shipin__liuxie_33,liuxie_shipin__liuxie_33__part01,文心雕龍·聲律,劉勰,4,70,91,古之教歌，先揆以法，使疾呼中宮，徐呼中徵。,古之教歌 先揆 以法 使 疾呼 中宫 徐呼 中征,古之教歌 先揆 以法 使 疾呼 中宫 徐呼 中征,8,8,0
liuxie_shipin__liuxie_33,liuxie_shipin__liuxie_33__part01,文心雕龍·聲律,劉勰,5,91,102,夫商徵響高，宮羽聲下；,夫商 征响 高 宫羽声 下,夫商 征响 高 宫羽 声下,5,5,1
liuxie_shipin__liuxie_33,liuxie_shipin__liuxie_33__part01,文心雕龍·聲律,劉勰,6,102,126,抗喉矯舌之差，攢脣激齒之異，廉肉相準，皎然可分。,抗喉 矫舌 之 差 攒唇 激齿 之异 廉肉 相准 皎然 可 分,抗喉 矫舌 之差 攒唇 激齿 之异 廉肉 相准 皎然 可 分,12,11,1
liuxie_shipin__liuxie_33,liuxie_shipin__liuxie_33__part01,文心雕龍·聲律,劉勰,7,126,148,今操琴不調，必知改張，摛文乖張，而不識所調。,今 操琴 不 调 必知 改张 摛 文 乖张 而 不识 所调,今 操琴 不调 必知 改张 摛 文 乖张 而 不识 所调,12,11,1
liuxie_shipin__liuxie_33,liuxie_shipin__liuxie_33__part01,文心雕龍·聲律,劉勰,8,148,173,響在彼絃，乃得克諧，聲萌我心，更失和律，其故何哉？,响 在 彼 弦 乃得克谐 声萌 我心 更 失和 律 其 故何 哉,响 在 彼 弦 乃得 克谐 声萌 我心 更 失和 律 其 故何 哉,13,14,1
liuxie_shipin__liuxie_33,liuxie_shipin__liuxie_33__part01,文心雕龍·聲律,劉勰,9,173,182,良由內聽難為聰也。,良由内 听 难 为 聪 也,良由内 听 难为 聪 也,6,5,1
liuxie_shipin__liuxie_33,liuxie_shipin__liuxie_33__part01,文心雕龍·聲律,劉勰,10,182,213,故外聽之易，絃以手定，內聽之難，聲與心紛，可以數求，難以辭逐。,故外 听 之易 弦 以 手定 内 听 之 难 声 与 心纷 可以 数求 难以 辞逐,故外 听 之易 弦 以 手定 内 听 之 难 声 与 心纷 可以 数求 难以 辞逐,17,17,0
liuxie_shipin__liuxie_33,liuxie_shipin__liuxie_33__part01,文心雕龍·聲律,劉勰,11,215,242,凡聲有飛沈，響有雙疊，雙聲隔字而每舛，疊韻雜句而必睽；,凡声 有 飞 沈 响有 双叠 双声 隔字 而 每 舛 叠韵 杂句 而 必睽,凡声 有 飞沈 响有 双叠 双声 隔字 而 每 舛 叠韵 杂句 而 必睽,15,14,1
liuxie_shipin__liuxie_33,liuxie_shipin__liuxie_33__part01,文心雕龍·聲律,劉勰,12,242,290,沈則響發而斷，飛則聲颺不還，並轆轤交往，逆鱗相比，迂其際會，則往蹇來連，其為疾病，亦文家之吃也。,沈则响 发而断 飞则 声 飏 不 还 并 辘轳 交往 逆 鳞 相比 迂其 际会 则 往蹇来连 其为 疾病 亦 文家 之 吃 也,沈则响 发而断 飞 则声 飏 不 还 并 辘轳 交往 逆鳞 相比 迂其 际会 则 往蹇来连 其为 疾病 亦 文家 之 吃 也,24,23,1
liuxie_shipin__liuxie_33,liuxie_shipin__liuxie_33__part01,文心雕龍·聲律,劉勰,13,290,312,夫吃文為患，生於好詭，逐新趣異，故喉脣糺紛；,夫吃 文为 患 生于 好 诡 逐新趣异 故喉 唇 𫄙 纷,夫吃 文为 患 生于 好 诡 逐新趣异 故 喉唇 𫄙 纷,11,11,1
liuxie_shipin__liuxie_33,liuxie_shipin__liuxie_33__part01,文心雕龍·聲律,劉勰,14,312,322,將欲解結，務在剛斷。,将 欲 解结 务 在 刚断,将欲 解结 务 在 刚断,6,5,1
liuxie_shipin__liuxie_33,liuxie_shipin__liuxie_33__part01,文心雕龍·聲律,劉勰,15,322,346,左礙而尋右，末滯而討前，則辭轉於吻，玲玲如振玉；,左碍 而 寻右 末滞 而 讨前 则 辞 转于 吻 玲玲 如振玉,左碍 而 寻右 末滞 而 讨前 则 辞 转于 吻 玲玲 如振玉,12,12,0
liuxie_shipin__liuxie_33,liuxie_shipin__liuxie_33__part01,文心雕龍·聲律,劉勰,16,346,358,辭靡於耳，纍纍如貫珠矣。,辞靡于 耳 累累 如贯珠 矣,辞靡于 耳 累累 如 贯珠 矣,5,6,1
liuxie_shipin__liuxie_33,liuxie_shipin__liuxie_33__part01,文心雕龍·聲律,劉勰,17,360,382,是以聲畫妍蚩，寄在吟詠，吟詠滋味，流於字句。,是 以声 画妍 蚩 寄 在 吟咏 吟咏 滋味 流 于 字句,是 以声 画妍 蚩 寄 在 吟咏 吟咏 滋味 流 于 字句,12,12,0
liuxie_shipin__liuxie_33,liuxie_shipin__liuxie_33__part01,文心雕龍·聲律,劉勰,18,382,389,氣力窮於和韻。,气 力穷于 和 韵,气 力穷于 和韵,4,3,1
liuxie_shipin__liuxie_33,liuxie_shipin__liuxie_33__part01,文心雕龍·聲律,劉勰,19,389,405,異音相從謂之和，同聲相應謂之韻。,异音 相从 谓之 和 同声相应 谓之 韵,异音 相从 谓之 和 同声相应 谓之 韵,7,7,0
liuxie_shipin__liuxie_33,liuxie_shipin__liuxie_33__part01,文心雕龍·聲律,劉勰,20,405,416,韻氣一定，故餘聲易遣；,韵 气 一定 故余声 易遣,韵 气 一定 故 余声 易遣,5,6,1
liuxie_shipin__liuxie_33,liuxie_shipin__liuxie_33__part01,文心雕龍·聲律,劉勰,21,416,427,和體抑揚，故遺響難契。,和体 抑扬 故 遗响 难契,和体 抑扬 故 遗响 难契,5,5,0
liuxie_shipin__liuxie_33,liuxie_shipin__liuxie_33__part01,文心雕龍·聲律,劉勰,22,427,470,屬筆易巧，選和至難，綴文難精，而作韻甚易，雖纎意曲變，非可縷言，然振其大綱，不出茲論。,属 笔易巧 选和至 难 缀文 难精 而 作韵 甚易 虽 纎 意曲变 非可缕言 然振其 大纲 不 出兹论,属笔 易巧 选和至 难 缀文 难精 而 作韵 甚易 虽 纎 意 曲变 非可 缕言 然振其 大纲 不 出兹论,17,19,1
liuxie_shipin__liuxie_33,liuxie_shipin__liuxie_33__part01,文心雕龍·聲律,劉勰,23,472,484,若夫宮商大和，譬諸吹籥；,若夫 宫商大 和 譬诸 吹 籥,若夫 宫商 大 和 譬诸 吹 籥,6,7,1
liuxie_shipin__liuxie_33,liuxie_shipin__liuxie_33__part01,文心雕龍·聲律,劉勰,24,484,494,翻廻取均，頗似調瑟。,翻 廻 取 均 颇似 调瑟,翻 廻 取 均 颇似 调瑟,6,6,0
liuxie_shipin__liuxie_33,liuxie_shipin__liuxie_33__part01,文心雕龍·聲律,劉勰,25,494,506,瑟資移柱，故有時而乖貳；,瑟资 移柱 故 有时 而 乖 贰,瑟资 移柱 故 有时 而 乖贰,7,6,1
liuxie_shipin__liuxie_33,liuxie_shipin__liuxie_33__part01,文心雕龍·聲律,劉勰,26,506,518,籥含定管，故無往而不壹。,籥 含定 管 故无往 而 不壹,籥 含定 管 故 无往 而 不壹,6,7,1
liuxie_shipin__liuxie_33,liuxie_shipin__liuxie_33__part01,文心雕龍·聲律,劉勰,27,518,529,陳思潘岳，吹籥之調也；,陈思 潘岳 吹 籥 之调 也,陈思 潘岳 吹 籥 之调 也,6,6,0
liuxie_shipin__liuxie_33,liuxie_shipin__liuxie_33__part01,文心雕龍·聲律,劉勰,28,529,540,陸機左思，瑟柱之和也。,陆机 左思 瑟柱 之 和 也,陆机 左思 瑟柱 之 和 也,6,6,0
liuxie_shipin__liuxie_33,liuxie_shipin__liuxie_33__part01,文心雕龍·聲律,劉勰,29,540,550,槩舉而推，可以類見。,槩 举 而 推 可以 类见,槩 举 而 推 可以 类见,6,6,0
liuxie_shipin__liuxie_33,liuxie_shipin__liuxie_33__part01,文心雕龍·聲律,劉勰,30,552,576,又詩人綜韻，率多清切，《楚辭》辭楚，故訛韻實繁。,又 诗人 综韵 率多 清切 楚辞 辞楚 故讹韵 实繁,又 诗人 综韵 率多 清切 楚辞 辞楚 故讹韵 实繁,9,9,0
liuxie_shipin__liuxie_33,liuxie_shipin__liuxie_33__part01,文心雕龍·聲律,劉勰,31,576,614,及張華論韻，謂士衡多楚，《文賦》亦稱不易，可謂銜靈均之聲餘，失黃鍾之正響也。,及 张华论 韵 谓士衡 多楚 文赋 亦 称 不易 可谓 衔 灵均 之声 余 失 黄钟之 正响 也,及 张华论 韵 谓士衡 多楚 文赋 亦 称 不易 可谓 衔 灵均 之声 余 失 黄钟之 正响 也,18,18,0
liuxie_shipin__liuxie_33,liuxie_shipin__liuxie_33__part01,文心雕龍·聲律,劉勰,32,614,680,凡切韻之動，勢若轉圜，訛音之作，甚於枘方，免乎枘方，則無大過矣，練才洞鑒，剖字鑽響，識疎闊略，隨意所遇，若長風之過籟，南郭之吹竽耳。,凡切 韵之动 势若转 圜 讹音 之作 甚于 枘 方 免乎 枘 方 则 无大过 矣 练才 洞鉴 剖字 钻响 识 疎 阔略 随意 所遇 若 长风 之过 籁 南郭 之 吹 竽 耳,凡 切韵 之动 势若 转圜 讹音 之作 甚于 枘 方 免乎 枘 方 则 无 大过 矣 练才 洞鉴 剖字 钻响 识 疎 阔略 随意 所遇 若 长风 之过 籁 南郭 之 吹 竽 耳,33,35,1
liuxie_shipin__liuxie_33,liuxie_shipin__liuxie_33__part01,文心雕龍·聲律,劉勰,33,680,700,古之佩玉，左宮右徵，以節其步，聲不失序。,古之 佩玉 左宫 右征 以节 其步 声 不 失序,古之 佩玉 左宫 右征 以节 其步 声 不 失序,9,9,0
liuxie_shipin__liuxie_33,liuxie_shipin__liuxie_33__part01,文心雕龍·聲律,劉勰,34,700,710,音以律文，其可忘哉！,音以律文 其 可 忘 哉,音以律文 其 可 忘 哉,5,5,0
liuxie_shipin__liuxie_33,liuxie_shipin__liuxie_33__part01,文心雕龍·聲律,劉勰,35,712,715,贊曰：,赞 曰,赞 曰,2,2,0
liuxie_shipin__liuxie_33,liuxie_shipin__liuxie_33__part01,文心雕龍·聲律,劉勰,36,717,727,標情務遠，比音則近。,标情务远 比音 则 近,标情务远 比音 则 近,4,4,0
liuxie_shipin__liuxie_33,liuxie_shipin__liuxie_33__part01,文心雕龍·聲律,劉勰,37,727,737,吹律胸臆，調鍾脣吻。,吹律 胸臆 调钟 唇吻,吹律 胸臆 调钟 唇吻,4,4,0
liuxie_shipin__liuxie_33,liuxie_shipin__liuxie_33__part01,文心雕龍·聲律,劉勰,38,739,749,聲得鹽梅，響滑榆槿。,声得 盐梅 响滑 榆槿,声得 盐梅 响滑 榆槿,4,4,0
liuxie_shipin__liuxie_33,liuxie_shipin__liuxie_33__part01,文心雕龍·聲律,劉勰,39,749,759,割棄支離，宮商難隱。,割弃 支离 宫商 难隐,割弃 支离 宫商 难隐,4,4,0
liuxie_shipin__liuxie_34,liuxie_shipin__liuxie_34__part01,文心雕龍·章句,劉勰,0,0,11,夫設情有宅，置言有位；,夫设 情有 宅 置言 有位,夫设 情有 宅 置言 有位,5,5,0
liuxie_shipin__liuxie_34,liuxie_shipin__liuxie_34__part01,文心雕龍·章句,劉勰,1,11,21,宅情曰章，位言曰句。,宅情 曰 章 位言 曰 句,宅情 曰 章 位言 曰 句,6,6,0
liuxie_shipin__liuxie_34,liuxie_shipin__liuxie_34__part01,文心雕龍·章句,劉勰,2,21,28,故章者，明也；,故章者 明 也,故章者 明 也,3,3,0
liuxie_shipin__liuxie_34,liuxie_shipin__liuxie_34__part01,文心雕龍·章句,劉勰,3,28,34,句者，局也。,句者 局 也,句者 局 也,3,3,0
liuxie_shipin__liuxie_34,liuxie_shipin__liuxie_34__part01,文心雕龍·章句,劉勰,4,34,66,局言者，聯字以分疆，明情者，總義以包體，區畛相異，而衢路交通矣。,局言者 联字 以 分疆 明情者 总义 以 包体 区 畛 相异 而衢 路 交通 矣,局 言者 联字 以分疆 明情者 总义 以 包体 区畛 相异 而衢 路 交通 矣,15,14,1
liuxie_shipin__liuxie_34,liuxie_shipin__liuxie_34__part01,文心雕龍·章句,劉勰,5,66,78,夫人之立言，因字而生句。,夫人 之 立言 因字 而 生句,夫人 之 立言 因字 而 生句,6,6,0
liuxie_shipin__liuxie_34,liuxie_shipin__liuxie_34__part01,文心雕龍·章句,劉勰,6,78,90,積句而成章，積章而成篇。,积句 而 成章 积章 而 成篇,积句 而 成章 积章 而 成篇,6,6,0
liuxie_shipin__liuxie_34,liuxie_shipin__liuxie_34__part01,文心雕龍·章句,劉勰,7,90,100,篇之彪炳，章無疵也；,篇 之 彪炳 章 无疵 也,篇 之 彪炳 章 无疵 也,6,6,0
liuxie_shipin__liuxie_34,liuxie_shipin__liuxie_34__part01,文心雕龍·章句,劉勰,8,100,110,章之明靡，句無玷也；,章之明 靡 句 无 玷 也,章之明 靡 句 无玷 也,6,5,1
liuxie_shipin__liuxie_34,liuxie_shipin__liuxie_34__part01,文心雕龍·章句,劉勰,9,110,120,句之清英，字不妄也；,句 之 清英 字 不 妄 也,句 之 清英 字 不 妄 也,7,7,0
liuxie_shipin__liuxie_34,liuxie_shipin__liuxie_34__part01,文心雕龍·章句,劉勰,10,120,133,振本而末從，知一而萬畢矣。,振本 而 末 从 知一 而 万 毕 矣,振本 而 末 从 知一 而 万 毕 矣,9,9,0
liuxie_shipin__liuxie_34,liuxie_shipin__liuxie_34__part01,文心雕龍·章句,劉勰,11,135,146,夫裁文匠筆，篇有大小；,夫裁 文匠 笔 篇 有 大小,夫裁文 匠笔 篇 有 大小,6,5,1
liuxie_shipin__liuxie_34,liuxie_shipin__liuxie_34__part01,文心雕龍·章句,劉勰,12,146,166,離章合句，調有緩急，隨變適會，莫見定準。,离章 合句 调有 缓急 随变 适会 莫见 定准,离章 合句 调有 缓急 随变 适会 莫见 定准,8,8,0
liuxie_shipin__liuxie_34,liuxie_shipin__liuxie_34__part01,文心雕龍·章句,劉勰,13,166,178,句司數字，待相接以為用；,句司 数字 待 相接 以为 用,句司 数字 待 相接 以为 用,6,6,0
liuxie_shipin__liuxie_34,liuxie_shipin__liuxie_34__part01,文心雕龍·章句,劉勰,14,178,190,章總一義，須意窮而成體。,章 总一义 须意 穷 而 成体,章 总一 义 须意 穷 而 成体,6,7,1
liuxie_shipin__liuxie_34,liuxie_shipin__liuxie_34__part01,文心雕龍·章句,劉勰,15,190,214,其控引情理，送迎際會，譬舞容迴環，而有綴兆之位；,其 控引 情理 送迎 际会 譬舞容 回环 而 有 缀 兆 之位,其 控引 情理 送迎 际会 譬舞容 回环 而 有 缀兆 之位,12,11,1
liuxie_shipin__liuxie_34,liuxie_shipin__liuxie_34__part01,文心雕龍·章句,劉勰,16,214,227,歌聲靡曼，而有抗墜之節也。,歌声 靡曼 而 有 抗坠 之节 也,歌声 靡曼 而 有 抗坠 之节 也,7,7,0
liuxie_shipin__liuxie_34,liuxie_shipin__liuxie_34__part01,文心雕龍·章句,劉勰,17,227,261,尋詩人擬喻，雖斷章取義，然章句在篇，如繭之抽緒，原始要終，體必鱗次。,寻 诗人 拟喻 虽 断章取义 然 章句 在 篇 如茧 之 抽绪 原始要终 体必 鳞次,寻 诗人 拟喻 虽 断章取义 然 章句 在 篇 如茧 之 抽绪 原始要终 体必 鳞次,15,15,0
liuxie_shipin__liuxie_34,liuxie_shipin__liuxie_34__part01,文心雕龍·章句,劉勰,18,261,273,啟行之辭，逆萌中篇之意；,启行 之辞 逆萌 中篇 之意,启行 之辞 逆萌 中篇 之意,5,5,0
liuxie_shipin__liuxie_34,liuxie_shipin__liuxie_34__part01,文心雕龍·章句,劉勰,19,273,285,絕筆之言，追媵前句之旨；,绝笔 之 言 追 媵 前句 之旨,绝笔 之 言 追 媵 前句 之旨,7,7,0
liuxie_shipin__liuxie_34,liuxie_shipin__liuxie_34__part01,文心雕龍·章句,劉勰,20,285,307,故能外文綺交，內義脈注，跗萼相銜，首尾一體。,故能 外文 绮交 内义 脉注 跗萼 相衔 首尾 一体,故能 外文 绮交 内 义脉 注 跗萼 相衔 首尾 一体,9,10,1
liuxie_shipin__liuxie_34,liuxie_shipin__liuxie_34__part01,文心雕龍·章句,劉勰,21,307,332,若辭失其朋，則羈旅而無友，事乖其次，則飄寓而不安。,若辞 失其朋 则 羁旅 而 无友 事乖 其次 则 飘寓 而 不安,若辞 失其朋 则 羁旅 而 无友 事乖 其次 则 飘寓 而 不安,12,12,0
liuxie_shipin__liuxie_34,liuxie_shipin__liuxie_34__part01,文心雕龍·章句,劉勰,22,332,363,是以搜句忌於顛倒，裁章貴於順序，斯固情趣之指歸，文筆之同致也。,是 以 搜句 忌 于 颠倒 裁章 贵于 顺序 斯固 情趣 之 指归 文笔 之同致 也,是 以 搜句 忌 于 颠倒 裁章 贵于 顺序 斯固 情趣 之 指归 文笔 之同致 也,16,16,0
liuxie_shipin__liuxie_34,liuxie_shipin__liuxie_34__part01,文心雕龍·章句,劉勰,23,365,407,若夫筆句無常，而字有條數，四字密而不促，六字格而非緩，或變之以三五，蓋應機之權節也。,若夫 笔句 无常 而 字 有 条数 四字密 而 不促 六字格 而 非缓 或 变之以 三五 盖 应机 之 权节 也,若夫 笔句 无常 而 字 有 条数 四字密 而 不促 六字格 而 非缓 或 变之以 三五 盖 应机 之 权节 也,21,21,0
liuxie_shipin__liuxie_34,liuxie_shipin__liuxie_34__part01,文心雕龍·章句,劉勰,24,407,434,至於詩頌大體，以四言為正，唯《祈父》肇禋，以二言為句。,至于 诗颂 大体 以四言 为 正 唯 祈父 肇 禋 以二言 为 句,至于 诗颂 大体 以四言 为 正 唯 祈父 肇 禋 以二言 为 句,13,13,0
liuxie_shipin__liuxie_34,liuxie_shipin__liuxie_34__part01,文心雕龍·章句,劉勰,25,434,467,尋二言肇於黃世，《竹彈》之謠是也，三言興於虞時，《元首》之詩是也；,寻二言肇于 黄世 竹弹 之谣 是 也 三言兴于 虞时 元首 之诗 是 也,寻二言肇于 黄世 竹弹 之谣 是 也 三言兴于 虞时 元首 之诗 是 也,12,12,0
liuxie_shipin__liuxie_34,liuxie_shipin__liuxie_34__part01,文心雕龍·章句,劉勰,26,467,483,四言廣於夏年，《洛汭》之歌是也；,四言广于 夏年 洛 汭 之歌 是 也,四言广于 夏年 洛 汭 之歌 是 也,7,7,0
liuxie_shipin__liuxie_34,liuxie_shipin__liuxie_34__part01,文心雕龍·章句,劉勰,27,483,499,五言見於周代，《行露》之章是也。,五言 见于 周代 行露 之章 是 也,五言 见于 周代 行露 之章 是 也,7,7,0
liuxie_shipin__liuxie_34,liuxie_shipin__liuxie_34__part01,文心雕龍·章句,劉勰,28,499,534,六言七言，雜出《詩》《騷》，而體之篇，成於兩漢，情數運周，隨時代用矣。,六言 七言 杂出 诗 骚 而体 之篇 成于 两汉 情数 运周 随 时代 用 矣,六言 七言 杂出 诗 骚 而体 之篇 成于 两汉 情数 运周 随时 代用 矣,15,14,1
liuxie_shipin__liuxie_34,liuxie_shipin__liuxie_34__part01,文心雕龍·章句,劉勰,29,536,560,若乃改韻從調，所以節文辭氣，賈誼枚乘，兩韻輒易；,若 乃 改韵 从 调 所以 节 文辞 气 贾谊 枚 乘 两韵辄易,若 乃 改韵 从 调 所以 节 文辞 气 贾谊 枚 乘 两韵辄易,13,13,0
liuxie_shipin__liuxie_34,liuxie_shipin__liuxie_34__part01,文心雕龍·章句,劉勰,30,560,570,劉歆桓譚，百句不遷；,刘歆 桓 谭 百句 不迁,刘歆 桓 谭 百句 不迁,5,5,0
liuxie_shipin__liuxie_34,liuxie_shipin__liuxie_34__part01,文心雕龍·章句,劉勰,31,570,577,亦各有其志也。,亦 各有 其志 也,亦 各有 其志 也,4,4,0
liuxie_shipin__liuxie_34,liuxie_shipin__liuxie_34__part01,文心雕龍·章句,劉勰,32,577,594,昔魏武論賦，嫌於積韻，而善於資代。,昔魏 武论 赋 嫌于 积韵 而 善于 资代,昔魏武 论赋 嫌于 积韵 而 善于 资代,8,7,1
liuxie_shipin__liuxie_34,liuxie_shipin__liuxie_34__part01,文心雕龍·章句,劉勰,33,594,609,陸雲亦稱四言轉句，以四句為佳。,陆云亦称 四言 转句 以 四句 为佳,陆云亦称 四言 转句 以 四句 为佳,6,6,0
liuxie_shipin__liuxie_34,liuxie_shipin__liuxie_34__part01,文心雕龍·章句,劉勰,34,609,631,觀彼制韻，志同枚賈，然兩韻輒易，則聲韻微躁；,观彼制 韵 志同 枚 贾 然两韵辄易 则 声韵 微躁,观彼制 韵 志同 枚贾 然两韵辄易 则 声韵 微躁,9,8,1
liuxie_shipin__liuxie_34,liuxie_shipin__liuxie_34__part01,文心雕龍·章句,劉勰,35,631,642,百句不遷，則唇吻告勞；,百句 不迁 则 唇吻 告劳,百句 不迁 则 唇吻 告劳,5,5,0
liuxie_shipin__liuxie_34,liuxie_shipin__liuxie_34__part01,文心雕龍·章句,劉勰,36,642,665,妙才激揚，雖觸思利貞，曷若折之中和，庶保无咎。,妙 才 激扬 虽触 思利贞 曷 若 折 之中 和 庶 保无咎,妙 才 激扬 虽触思 利贞 曷 若 折 之中 和 庶保 无咎,12,12,1
liuxie_shipin__liuxie_34,liuxie_shipin__liuxie_34__part01,文心雕龍·章句,劉勰,37,667,690,又詩人以兮字入於句限，《楚辭》用之，字出句外。,又 诗人 以兮字入 于 句 限 楚辞 用 之 字 出句 外,又 诗人 以兮字入 于 句 限 楚辞 用 之 字 出句 外,12,12,0
liuxie_shipin__liuxie_34,liuxie_shipin__liuxie_34__part01,文心雕龍·章句,劉勰,38,690,702,尋兮字承句，乃語助餘聲。,寻兮字 承句 乃语 助余声,寻兮字 承句 乃 语助 余声,4,5,1
liuxie_shipin__liuxie_34,liuxie_shipin__liuxie_34__part01,文心雕龍·章句,劉勰,39,702,729,舜詠《南風》，用之久矣，而魏武弗好，豈不以無益文義耶！,舜 咏 南风 用之久 矣 而魏 武弗好 岂不以 无益 文义 耶,舜 咏 南风 用之久 矣 而魏 武弗好 岂不以 无益 文义 耶,11,11,0
liuxie_shipin__liuxie_34,liuxie_shipin__liuxie_34__part01,文心雕龍·章句,劉勰,40,729,743,至於夫惟蓋故者，發端之首唱；,至于 夫惟盖 故者 发端 之 首唱,至于 夫惟盖 故者 发端 之 首唱,6,6,0
liuxie_shipin__liuxie_34,liuxie_shipin__liuxie_34__part01,文心雕龍·章句,劉勰,41,743,756,之而於以者，乃劄句之舊體；,之而于 以者 乃 劄 句 之 旧体,之而于 以者 乃 劄 句 之 旧体,7,7,0
liuxie_shipin__liuxie_34,liuxie_shipin__liuxie_34__part01,文心雕龍·章句,劉勰,42,756,768,乎哉矣也，亦送末之常科。,乎 哉 矣 也 亦 送 末 之常科,乎 哉 矣 也 亦 送 末 之常科,8,8,0
liuxie_shipin__liuxie_34,liuxie_shipin__liuxie_34__part01,文心雕龍·章句,劉勰,43,768,778,據事似閑，在用實切。,据事 似闲 在 用 实切,据事 似闲 在 用 实切,5,5,0
liuxie_shipin__liuxie_34,liuxie_shipin__liuxie_34__part01,文心雕龍·章句,劉勰,44,778,802,巧者迴運，彌縫文體，將令數句之外，得一字之助矣。,巧者 回运 弥缝 文体 将令 数句 之外 得 一字 之助 矣,巧者 回运 弥缝 文体 将令 数句 之外 得 一字 之助 矣,11,11,0
liuxie_shipin__liuxie_34,liuxie_shipin__liuxie_34__part01,文心雕龍·章句,劉勰,45,802,812,外字難謬，況章句歟！,外字 难谬 况 章句 欤,外字 难谬 况 章句 欤,5,5,0
liuxie_shipin__liuxie_34,liuxie_shipin__liuxie_34__part01,文心雕龍·章句,劉勰,46,814,817,贊曰：,赞 曰,赞 曰,2,2,0
liuxie_shipin__liuxie_34,liuxie_shipin__liuxie_34__part01,文心雕龍·章句,劉勰,47,819,829,斷章有檢，積句不恆。,断章 有检 积句 不恒,断章 有检 积句 不恒,4,4,0
liuxie_shipin__liuxie_34,liuxie_shipin__liuxie_34__part01,文心雕龍·章句,劉勰,48,829,839,理資配主，辭忌失朋。,理资 配主 辞忌 失朋,理资 配主 辞忌 失朋,4,4,0
liuxie_shipin__liuxie_34,liuxie_shipin__liuxie_34__part01,文心雕龍·章句,劉勰,49,841,851,環情草調，宛轉相騰。,环情 草调 宛转 相腾,环情 草调 宛转 相腾,4,4,0
liuxie_shipin__liuxie_34,liuxie_shipin__liuxie_34__part01,文心雕龍·章句,劉勰,50,851,861,離合同異，以盡厥能。,离 合同 异 以尽厥 能,离 合同异 以尽厥 能,5,4,1
liuxie_shipin__liuxie_35,liuxie_shipin__liuxie_35__part01,文心雕龍·麗辭,劉勰,0,0,20,造化賦形，支體必雙，神理為用，事不孤立。,造化 赋形 支体 必双 神理 为 用 事 不 孤立,造化 赋形 支体 必双 神理 为 用 事 不 孤立,10,10,0
liuxie_shipin__liuxie_35,liuxie_shipin__liuxie_35__part01,文心雕龍·麗辭,劉勰,1,20,41,夫心生文辭，運裁百慮，高下相須，自然成對。,夫心生 文辞 运裁 百虑 高下 相须 自然 成 对,夫心生 文辞 运裁 百虑 高下 相须 自然 成对,9,8,1
liuxie_shipin__liuxie_35,liuxie_shipin__liuxie_35__part01,文心雕龍·麗辭,劉勰,2,41,67,唐虞之世，辭未極文，而皋陶贊云，罪疑惟輕，功疑惟重；,唐虞之世 辞未 极文 而皋 陶赞云 罪疑 惟轻 功疑 惟重,唐虞之世 辞 未极 文 而皋 陶赞云 罪疑 惟轻 功疑 惟重,9,10,1
liuxie_shipin__liuxie_35,liuxie_shipin__liuxie_35__part01,文心雕龍·麗辭,劉勰,3,67,80,益陳謨云，滿招損，謙受益；,益 陈谟云 满招损 谦受益,益 陈谟 云 满招损 谦受益,4,5,1
liuxie_shipin__liuxie_35,liuxie_shipin__liuxie_35__part01,文心雕龍·麗辭,劉勰,4,80,90,豈營麗辭，率然對爾。,岂 营丽辞 率然 对尔,岂营 丽辞 率然 对尔,4,4,1
liuxie_shipin__liuxie_35,liuxie_shipin__liuxie_35__part01,文心雕龍·麗辭,劉勰,5,90,104,《易》之文繫，聖人之妙思也。,易 之文系 圣人 之 妙思 也,易 之 文系 圣人 之 妙思 也,6,7,1
liuxie_shipin__liuxie_35,liuxie_shipin__liuxie_35__part01,文心雕龍·麗辭,劉勰,6,104,115,序乾四德，則句句相銜；,序干 四德 则 句句 相衔,序干 四德 则 句句 相衔,5,5,0
liuxie_shipin__liuxie_35,liuxie_shipin__liuxie_35__part01,文心雕龍·麗辭,劉勰,7,115,126,龍虎類感，則字字相儷；,龙虎 类感 则 字字 相俪,龙虎 类感 则 字字 相俪,5,5,0
liuxie_shipin__liuxie_35,liuxie_shipin__liuxie_35__part01,文心雕龍·麗辭,劉勰,8,126,137,乾坤易簡，則宛轉相承；,乾坤 易简 则 宛转 相承,乾坤 易简 则 宛转 相承,5,5,0
liuxie_shipin__liuxie_35,liuxie_shipin__liuxie_35__part01,文心雕龍·麗辭,劉勰,9,137,148,日月往來，則隔行懸合；,日月 往来 则 隔行 悬合,日月 往来 则 隔行 悬合,5,5,0
liuxie_shipin__liuxie_35,liuxie_shipin__liuxie_35__part01,文心雕龍·麗辭,劉勰,10,148,160,雖句字或殊，而偶意一也。,虽句 字 或殊 而 偶意 一 也,虽句 字 或殊 而 偶意 一 也,7,7,0
liuxie_shipin__liuxie_35,liuxie_shipin__liuxie_35__part01,文心雕龍·麗辭,劉勰,11,162,184,至於詩人偶章，大夫聯辭，奇偶適變，不勞經營。,至于 诗人 偶章 大夫 联辞 奇偶 适变 不劳 经营,至于 诗人 偶章 大夫 联辞 奇偶 适变 不劳 经营,9,9,0
liuxie_shipin__liuxie_35,liuxie_shipin__liuxie_35__part01,文心雕龍·麗辭,劉勰,12,184,222,自揚馬張蔡，崇盛麗辭，如宋畫吳冶，刻形鏤法，麗句與深采並流，偶意共逸韻俱發。,自 扬马 张 蔡 崇盛丽辞 如 宋画吴冶 刻形 镂法 丽句 与 深采 并 流 偶意 共逸韵 俱发,自 扬马 张蔡 崇盛 丽辞 如 宋画吴冶 刻形 镂法 丽句 与 深采 并 流 偶意 共 逸韵 俱发,17,18,1
liuxie_shipin__liuxie_35,liuxie_shipin__liuxie_35__part01,文心雕龍·麗辭,劉勰,13,222,243,至魏晉群才，析句彌密，聯字合趣，剖毫析釐。,至 魏晋 群才 析句 弥密 联字 合趣 剖毫析 厘,至 魏晋 群才 析句 弥密 联字 合趣 剖毫析 厘,9,9,0
liuxie_shipin__liuxie_35,liuxie_shipin__liuxie_35__part01,文心雕龍·麗辭,劉勰,14,243,256,然契機者入巧，浮假者無功。,然 契机 者 入巧 浮假者 无功,然 契机 者 入巧 浮假者 无功,6,6,0
liuxie_shipin__liuxie_35,liuxie_shipin__liuxie_35__part01,文心雕龍·麗辭,劉勰,15,258,289,故麗辭之體，凡有四對：言對為易，事對為難，反對為優，正對為劣。,故丽辞 之体 凡 有 四 对 言 对 为 易 事 对 为难 反对 为 优 正对 为劣,故 丽辞 之体 凡有 四对 言对 为易 事对 为难 反对 为 优 正对 为劣,18,14,1
liuxie_shipin__liuxie_35,liuxie_shipin__liuxie_35__part01,文心雕龍·麗辭,劉勰,16,289,300,言對者，雙比空辭者也；,言 对者 双比空 辞者 也,言对 者 双比 空辞 者 也,5,6,1
liuxie_shipin__liuxie_35,liuxie_shipin__liuxie_35__part01,文心雕龍·麗辭,劉勰,17,300,311,事對者，並舉人驗者也；,事对者 并 举人 验者 也,事对 者 并举 人验 者 也,5,6,1
liuxie_shipin__liuxie_35,liuxie_shipin__liuxie_35__part01,文心雕龍·麗辭,劉勰,18,311,322,反對者，理殊趣合者也；,反对者 理殊趣 合者 也,反对者 理殊趣 合者 也,4,4,0
liuxie_shipin__liuxie_35,liuxie_shipin__liuxie_35__part01,文心雕龍·麗辭,劉勰,19,322,333,正對者，事異義同者也。,正对者 事 异义 同者 也,正对 者 事 异义 同者 也,5,6,1
liuxie_shipin__liuxie_35,liuxie_shipin__liuxie_35__part01,文心雕龍·麗辭,劉勰,20,333,342,長卿《上林賦》云，,长卿 上林赋 云,长卿 上林赋 云,3,3,0
liuxie_shipin__liuxie_35,liuxie_shipin__liuxie_35__part01,文心雕龍·麗辭,劉勰,21,353,361,，此言對之類也；,此言 对 之类 也,此言 对 之类 也,4,4,0
liuxie_shipin__liuxie_35,liuxie_shipin__liuxie_35__part01,文心雕龍·麗辭,劉勰,22,361,370,宋玉《神女》賦云，,宋玉 神女 赋云,宋玉 神女 赋云,3,3,0
liuxie_shipin__liuxie_35,liuxie_shipin__liuxie_35__part01,文心雕龍·麗辭,劉勰,23,389,397,，此事對之類也；,此事 对 之类 也,此事 对 之类 也,4,4,0
liuxie_shipin__liuxie_35,liuxie_shipin__liuxie_35__part01,文心雕龍·麗辭,劉勰,24,397,405,仲宣《登樓》云，,仲宣 登楼 云,仲宣 登楼 云,3,3,0
liuxie_shipin__liuxie_35,liuxie_shipin__liuxie_35__part01,文心雕龍·麗辭,劉勰,25,418,426,，此反對之類也；,此 反对 之类 也,此 反对 之类 也,4,4,0
liuxie_shipin__liuxie_35,liuxie_shipin__liuxie_35__part01,文心雕龍·麗辭,劉勰,26,426,434,孟陽《七哀》云，,孟阳 七哀 云,孟阳 七哀 云,3,3,0
liuxie_shipin__liuxie_35,liuxie_shipin__liuxie_35__part01,文心雕龍·麗辭,劉勰,27,445,453,，此正對之類也。,此正 对 之类 也,此 正对 之类 也,4,4,1
liuxie_shipin__liuxie_35,liuxie_shipin__liuxie_35__part01,文心雕龍·麗辭,劉勰,28,453,467,凡偶辭胸臆，言對所以為易也；,凡 偶辞 胸臆 言 对 所以 为易 也,凡 偶辞 胸臆 言对 所以 为易 也,8,7,1
liuxie_shipin__liuxie_35,liuxie_shipin__liuxie_35__part01,文心雕龍·麗辭,劉勰,29,467,480,徵人之學，事對所以為難也；,征人 之学 事 对 所以 为难 也,征人 之学 事对 所以 为难 也,7,6,1
liuxie_shipin__liuxie_35,liuxie_shipin__liuxie_35__part01,文心雕龍·麗辭,劉勰,30,480,493,幽顯同志，反對所以為優也；,幽显 同志 反对 所以 为 优 也,幽显 同志 反对 所以 为 优 也,7,7,0
liuxie_shipin__liuxie_35,liuxie_shipin__liuxie_35__part01,文心雕龍·麗辭,劉勰,31,493,506,並貴共心，正對所以為劣也。,并 贵共心 正对 所以 为劣 也,并 贵共心 正对 所以 为劣 也,6,6,0
liuxie_shipin__liuxie_35,liuxie_shipin__liuxie_35__part01,文心雕龍·麗辭,劉勰,32,506,528,又以事對，各有反正，指類而求，萬條自昭然矣。,又 以事 对 各有 反正 指类 而求 万条 自 昭然 矣,又 以 事对 各有 反正 指类 而求 万条 自 昭然 矣,11,11,1
liuxie_shipin__liuxie_35,liuxie_shipin__liuxie_35__part01,文心雕龍·麗辭,劉勰,33,530,548,張華詩稱︰“游雁比翼翔，歸鴻知接翮。,张华诗 称 游雁 比翼 翔 归鸿知 接翮,张华 诗称 游雁 比翼 翔 归鸿 知接 翮,7,8,1
liuxie_shipin__liuxie_35,liuxie_shipin__liuxie_35__part01,文心雕龍·麗辭,劉勰,34,548,567,“劉琨詩言：“宣尼悲獲麟，西狩泣孔丘。,刘琨 诗言 宣尼悲 获麟 西 狩泣 孔丘,刘琨 诗言 宣尼悲 获麟 西 狩泣 孔丘,7,7,0
liuxie_shipin__liuxie_35,liuxie_shipin__liuxie_35__part01,文心雕龍·麗辭,劉勰,35,567,581,“若斯重出，即對句之駢枝也。,若斯 重出 即 对 句 之 骈枝 也,若斯 重出 即 对句 之 骈枝 也,8,7,1
liuxie_shipin__liuxie_35,liuxie_shipin__liuxie_35__part01,文心雕龍·麗辭,劉勰,36,583,595,是以言對為美，貴在精巧；,是 以言 对 为 美 贵在 精巧,是 以 言对 为 美 贵在 精巧,7,7,1
liuxie_shipin__liuxie_35,liuxie_shipin__liuxie_35__part01,文心雕龍·麗辭,劉勰,37,595,605,事對所先，務在允當。,事 对 所 先 务 在 允当,事对 所先 务 在 允当,7,5,1
liuxie_shipin__liuxie_35,liuxie_shipin__liuxie_35__part01,文心雕龍·麗辭,劉勰,38,605,629,若兩事相配，而優劣不均，是驥在左驂，駑為右服也。,若 两事 相配 而 优劣 不均 是 骥 在 左 骖 驽为 右服 也,若 两事 相配 而 优劣 不均 是 骥 在 左骖 驽为 右服 也,14,13,1
liuxie_shipin__liuxie_35,liuxie_shipin__liuxie_35__part01,文心雕龍·麗辭,劉勰,39,629,653,若夫事或孤立，莫與相偶，是夔之一足，趻踔而行也。,若夫 事 或 孤立 莫 与 相偶 是 夔 之一 足 趻 踔 而 行 也,若夫 事 或 孤立 莫 与 相偶 是 夔 之一 足 趻 踔 而 行 也,16,16,0
liuxie_shipin__liuxie_35,liuxie_shipin__liuxie_35__part01,文心雕龍·麗辭,劉勰,40,653,675,若氣無奇類，文乏異采，碌碌麗辭，則昏睡耳目。,若 气 无奇类 文乏 异采 碌碌 丽辞 则 昏睡 耳目,若 气 无奇 类 文乏 异采 碌碌 丽辞 则 昏睡 耳目,10,11,1
liuxie_shipin__liuxie_35,liuxie_shipin__liuxie_35__part01,文心雕龍·麗辭,劉勰,41,675,687,必使理圓事密，聯璧其章。,必使 理圆事密 联璧 其章,必使 理圆事密 联璧 其章,4,4,0
liuxie_shipin__liuxie_35,liuxie_shipin__liuxie_35__part01,文心雕龍·麗辭,劉勰,42,687,702,迭用奇偶，節以雜佩，乃其貴耳。,迭用 奇偶 节以 杂佩 乃 其贵 耳,迭用 奇偶 节以 杂佩 乃 其 贵耳,7,7,1
liuxie_shipin__liuxie_35,liuxie_shipin__liuxie_35__part01,文心雕龍·麗辭,劉勰,43,702,712,類此而思，理自見也。,类此 而思 理自见 也,类此 而思 理 自见 也,4,5,1
liuxie_shipin__liuxie_35,liuxie_shipin__liuxie_35__part01,文心雕龍·麗辭,劉勰,44,714,717,贊曰：,赞 曰,赞 曰,2,2,0
liuxie_shipin__liuxie_35,liuxie_shipin__liuxie_35__part01,文心雕龍·麗辭,劉勰,45,719,729,體植必兩，辭動有配。,体植必 两 辞动 有配,体植必 两 辞动 有配,4,4,0
liuxie_shipin__liuxie_35,liuxie_shipin__liuxie_35__part01,文心雕龍·麗辭,劉勰,46,729,739,左提右挈，精味兼載。,左提右挈 精味 兼载,左提右挈 精味 兼载,3,3,0
liuxie_shipin__liuxie_35,liuxie_shipin__liuxie_35__part01,文心雕龍·麗辭,劉勰,47,741,751,炳爍聯華，鏡靜含態。,炳烁 联华 镜静 含态,炳烁 联华 镜静 含态,4,4,0
liuxie_shipin__liuxie_35,liuxie_shipin__liuxie_35__part01,文心雕龍·麗辭,劉勰,48,751,761,玉潤雙流，如彼珩珮。,玉润 双流 如彼珩 珮,玉润 双流 如彼珩 珮,4,4,0
liuxie_shipin__liuxie_36,liuxie_shipin__liuxie_36__part01,文心雕龍·比興,劉勰,0,0,36,詩文弘奧，包韞六義，毛公述傳，獨標興體，豈不以風通而賦同，比顯而興隱哉！,诗文 弘奥 包韫六义 毛公述 传 独标 兴体 岂不以 风通 而 赋同 比显 而 兴隐 哉,诗文 弘奥 包韫 六义 毛公述 传 独标 兴体 岂不以 风通 而 赋同 比显 而 兴隐 哉,15,16,1
liuxie_shipin__liuxie_36,liuxie_shipin__liuxie_36__part01,文心雕龍·比興,劉勰,1,36,43,故比者，附也；,故比者 附 也,故比者 附 也,3,3,0
liuxie_shipin__liuxie_36,liuxie_shipin__liuxie_36__part01,文心雕龍·比興,劉勰,2,43,49,興者，起也。,兴者 起 也,兴者 起 也,3,3,0
liuxie_shipin__liuxie_36,liuxie_shipin__liuxie_36__part01,文心雕龍·比興,劉勰,3,49,67,附理者切類以指事，起情者依微以擬議。,附理者 切类 以 指事 起 情者 依微 以 拟议,附理者 切类 以 指事 起 情者 依微 以 拟议,9,9,0
liuxie_shipin__liuxie_36,liuxie_shipin__liuxie_36__part01,文心雕龍·比興,劉勰,4,67,83,起情故興體以立，附理故比例以生。,起情 故兴体 以立 附理 故 比例 以生,起情 故兴体 以立 附理 故 比例 以生,7,7,0
liuxie_shipin__liuxie_36,liuxie_shipin__liuxie_36__part01,文心雕龍·比興,劉勰,5,83,99,比則畜憤以斥言，興則環譬以記諷。,比则 畜愤 以 斥言 兴则 环 譬以 记讽,比则 畜愤 以 斥言 兴则 环 譬以 记讽,8,8,0
liuxie_shipin__liuxie_36,liuxie_shipin__liuxie_36__part01,文心雕龍·比興,劉勰,6,99,116,蓋隨時之義不一，故詩人之志有二也。,盖 随时 之义 不 一 故 诗人 之志有 二 也,盖 随时 之义 不 一 故 诗人 之志有 二 也,10,10,0
liuxie_shipin__liuxie_36,liuxie_shipin__liuxie_36__part01,文心雕龍·比興,劉勰,7,118,140,觀夫興之託諭，婉而成章，稱名也小，取類也大。,观夫兴 之托谕 婉而 成章 称名 也 小 取类 也 大,观夫兴 之 托谕 婉而 成章 称名 也 小 取类 也 大,10,11,1
liuxie_shipin__liuxie_36,liuxie_shipin__liuxie_36__part01,文心雕龍·比興,劉勰,8,140,153,《關雎》有別，故后妃方德；,关雎 有别 故 后妃 方德,关雎 有别 故 后妃 方德,5,5,0
liuxie_shipin__liuxie_36,liuxie_shipin__liuxie_36__part01,文心雕龍·比興,劉勰,9,153,166,《尸鳩》貞一，故夫人象義。,尸 鸠 贞一 故 夫人 象义,尸鸠 贞一 故 夫人 象义,6,5,1
liuxie_shipin__liuxie_36,liuxie_shipin__liuxie_36__part01,文心雕龍·比興,劉勰,10,166,177,義取其貞，無從于夷禽；,义取 其贞 无从 于夷禽,义取 其贞 无从 于夷禽,4,4,0
liuxie_shipin__liuxie_36,liuxie_shipin__liuxie_36__part01,文心雕龍·比興,劉勰,11,177,188,德貴其別，不嫌於鷙鳥；,德贵 其别 不 嫌 于 鸷鸟,德贵 其别 不 嫌 于 鸷鸟,6,6,0
liuxie_shipin__liuxie_36,liuxie_shipin__liuxie_36__part01,文心雕龍·比興,劉勰,12,188,201,明而未融，故發注而後見也。,明而 未融 故发注 而后 见 也,明而 未融 故发注 而后 见 也,6,6,0
liuxie_shipin__liuxie_36,liuxie_shipin__liuxie_36__part01,文心雕龍·比興,劉勰,13,203,209,且何謂為比？,且 何谓 为 比,且 何谓 为比,4,3,1
liuxie_shipin__liuxie_36,liuxie_shipin__liuxie_36__part01,文心雕龍·比興,劉勰,14,209,224,蓋寫物以附意，颺言以切事者也。,盖写 物以 附意 飏 言 以 切事 者 也,盖写 物以 附意 飏 言 以 切事 者 也,9,9,0
liuxie_shipin__liuxie_36,liuxie_shipin__liuxie_36__part01,文心雕龍·比興,劉勰,15,224,277,故金錫以喻明德，珪璋以譬秀民，螟蛉以類教誨，蜩螗以寫號呼，澣衣以擬心憂，席卷以方志固，凡斯切象，皆比義也。,故金锡以 喻 明德 珪 璋 以 譬秀民 螟蛉 以类 教诲 蜩 螗 以 写 号 呼 澣 衣以 拟 心忧 席卷 以 方志 固 凡斯切 象 皆 比义 也,故 金锡 以喻 明德 珪 璋 以 譬秀民 螟蛉 以类 教诲 蜩 螗 以 写 号呼 澣 衣以 拟 心忧 席卷 以 方志 固 凡斯切 象 皆 比义 也,29,29,1
liuxie_shipin__liuxie_36,liuxie_shipin__liuxie_36__part01,文心雕龍·比興,劉勰,16,277,300,至於麻衣如雪，兩驂如舞，若斯之類，皆比類者也。,至于 麻衣 如雪 两 骖 如舞 若斯 之类 皆 比 类者 也,至于 麻衣 如雪 两骖 如舞 若斯 之类 皆 比类 者 也,12,11,1
liuxie_shipin__liuxie_36,liuxie_shipin__liuxie_36__part01,文心雕龍·比興,劉勰,17,300,321,楚襄信讒，而三閭忠烈，依詩製騷，諷兼比興。,楚 襄信 谗 而三闾 忠烈 依诗 制骚 讽 兼 比兴,楚 襄信 谗 而 三闾 忠烈 依诗 制骚 讽 兼 比兴,10,11,1
liuxie_shipin__liuxie_36,liuxie_shipin__liuxie_36__part01,文心雕龍·比興,劉勰,18,321,345,炎漢雖盛，而辭人夸毗，《詩》刺道喪，故興義銷亡。,炎汉 虽盛 而辞 人 夸 毗 诗 刺道 丧 故 兴义 销亡,炎汉 虽盛 而 辞人 夸 毗 诗 刺道 丧 故 兴义 销亡,12,12,1
liuxie_shipin__liuxie_36,liuxie_shipin__liuxie_36__part01,文心雕龍·比興,劉勰,19,345,368,於是賦頌先鳴，故比體雲構，紛紜雜遝，信舊章矣。,于是 赋颂 先鸣 故比体 云构 纷纭 杂 遝 信 旧章 矣,于是 赋颂 先鸣 故 比体 云构 纷纭 杂 遝 信 旧章 矣,11,12,1
liuxie_shipin__liuxie_36,liuxie_shipin__liuxie_36__part01,文心雕龍·比興,劉勰,20,370,401,夫比之為義，取類不常：或喻於聲，或方於貌，或擬於心，或譬於事。,夫比 之 为义 取类 不常 或 喻于 声 或方于 貌 或拟 于 心 或 譬于 事,夫比 之 为义 取类 不 常 或 喻于 声 或方于 貌 或 拟于 心 或 譬于 事,16,17,1
liuxie_shipin__liuxie_36,liuxie_shipin__liuxie_36__part01,文心雕龍·比興,劉勰,21,401,409,宋玉《高唐》云：,宋玉 高唐 云,宋玉 高唐 云,3,3,0
liuxie_shipin__liuxie_36,liuxie_shipin__liuxie_36__part01,文心雕龍·比興,劉勰,22,418,426,，此比聲之類也；,此比声 之类 也,此比声 之类 也,3,3,0
liuxie_shipin__liuxie_36,liuxie_shipin__liuxie_36__part01,文心雕龍·比興,劉勰,23,426,434,枚乘《菟園》云：,枚 乘 菟园 云,枚 乘 菟园 云,4,4,0
liuxie_shipin__liuxie_36,liuxie_shipin__liuxie_36__part01,文心雕龍·比興,劉勰,24,446,455,，此則比貌之類也；,此则 比貌 之类 也,此则 比貌 之类 也,4,4,0
liuxie_shipin__liuxie_36,liuxie_shipin__liuxie_36__part01,文心雕龍·比興,劉勰,25,455,462,賈生《鵩賦》云,贾生 𫛳 赋 云,贾生 𫛳 赋 云,4,4,0
liuxie_shipin__liuxie_36,liuxie_shipin__liuxie_36__part01,文心雕龍·比興,劉勰,26,471,480,，此以物比理者也；,此 以物 比理者 也,此 以物 比理者 也,4,4,0
liuxie_shipin__liuxie_36,liuxie_shipin__liuxie_36__part01,文心雕龍·比興,劉勰,27,480,488,王襃《洞簫》云：,王 襃 洞箫 云,王 襃 洞箫 云,4,4,0
liuxie_shipin__liuxie_36,liuxie_shipin__liuxie_36__part01,文心雕龍·比興,劉勰,28,500,509,，此以聲比心者也；,此 以声 比心者 也,此以 声比 心者 也,4,4,1
liuxie_shipin__liuxie_36,liuxie_shipin__liuxie_36__part01,文心雕龍·比興,劉勰,29,509,517,馬融《長笛》云：,马融 长笛 云,马融 长笛 云,3,3,0
liuxie_shipin__liuxie_36,liuxie_shipin__liuxie_36__part01,文心雕龍·比興,劉勰,30,527,536,，此以響比辯者也；,此 以响 比 辩者 也,此 以响 比 辩者 也,5,5,0
liuxie_shipin__liuxie_36,liuxie_shipin__liuxie_36__part01,文心雕龍·比興,劉勰,31,536,544,張衡《南都》云：,张衡 南 都 云,张衡 南 都 云,4,4,0
liuxie_shipin__liuxie_36,liuxie_shipin__liuxie_36__part01,文心雕龍·比興,劉勰,32,551,560,，此以容比物者也。,此 以容 比物者 也,此 以容 比物者 也,4,4,0
liuxie_shipin__liuxie_36,liuxie_shipin__liuxie_36__part01,文心雕龍·比興,劉勰,33,560,595,若斯之類，辭賦所先，日用乎比，月忘乎興，習小而棄大，所以文謝於周人也。,若斯 之类 辞赋 所先 日用 乎 比 月 忘乎 兴 习小而弃 大 所以 文谢于 周人 也,若斯 之类 辞赋 所先 日用 乎 比 月 忘乎 兴 习小而弃 大 所以 文谢于 周人 也,16,16,0
liuxie_shipin__liuxie_36,liuxie_shipin__liuxie_36__part01,文心雕龍·比興,劉勰,34,597,641,至於揚班之倫，曹劉以下，圖狀山川，影寫雲物，莫不纖綜比義，以敷其華，驚聽回視，資此效績。,至于 扬班之伦 曹刘 以下 图状 山川 影写 云物 莫不 纤综比义 以 敷 其华 惊 听 回视 资此 效绩,至于 扬班 之伦 曹刘 以下 图状 山川 影写 云物 莫不 纤综 比义 以 敷 其华 惊 听 回视 资此 效绩,18,20,1
liuxie_shipin__liuxie_36,liuxie_shipin__liuxie_36__part01,文心雕龍·比興,劉勰,35,641,649,又安仁《螢賦》云,又 安仁 萤赋 云,又 安仁 萤赋 云,4,4,0
liuxie_shipin__liuxie_36,liuxie_shipin__liuxie_36__part01,文心雕龍·比興,劉勰,36,653,659,，季鷹雜詩云,季鹰 杂 诗云,季鹰 杂 诗云,3,3,0
liuxie_shipin__liuxie_36,liuxie_shipin__liuxie_36__part01,文心雕龍·比興,劉勰,37,664,671,，皆其義者也。,皆 其义者 也,皆 其义者 也,3,3,0
liuxie_shipin__liuxie_36,liuxie_shipin__liuxie_36__part01,文心雕龍·比興,劉勰,38,671,695,故比類雖繁，以切至為貴，若刻鵠類鶩，則無所取焉。,故比类 虽繁 以切 至 为 贵 若 刻鹄类鹜 则 无所取 焉,故 比类 虽繁 以切 至为 贵 若 刻鹄类鹜 则 无所 取焉,11,11,1
liuxie_shipin__liuxie_36,liuxie_shipin__liuxie_36__part01,文心雕龍·比興,劉勰,39,697,700,贊曰：,赞 曰,赞 曰,2,2,0
liuxie_shipin__liuxie_36,liuxie_shipin__liuxie_36__part01,文心雕龍·比興,劉勰,40,702,712,詩人比興，觸物圓覽。,诗人 比兴 触物 圆览,诗人 比兴 触物 圆览,4,4,0
liuxie_shipin__liuxie_36,liuxie_shipin__liuxie_36__part01,文心雕龍·比興,劉勰,41,712,722,物雖胡越，合則肝膽。,物 虽 胡越 合则 肝胆,物 虽 胡越 合则 肝胆,5,5,0
liuxie_shipin__liuxie_36,liuxie_shipin__liuxie_36__part01,文心雕龍·比興,劉勰,42,724,734,擬容取心，斷辭必敢。,拟容 取心 断辞 必敢,拟容 取心 断辞 必敢,4,4,0
liuxie_shipin__liuxie_36,liuxie_shipin__liuxie_36__part01,文心雕龍·比興,劉勰,43,734,744,攢雜詠歌，如川之渙。,攒杂 咏歌 如川 之 涣,攒杂 咏歌 如川 之 涣,5,5,0
liuxie_shipin__liuxie_37,liuxie_shipin__liuxie_37__part01,文心雕龍·夸飾,劉勰,0,0,17,夫形而上者謂之道，形而下者謂之器。,夫 形而上者 谓之 道 形而下者 谓之 器,夫 形而上者 谓之 道 形而下者 谓之 器,7,7,0
liuxie_shipin__liuxie_37,liuxie_shipin__liuxie_37__part01,文心雕龍·夸飾,劉勰,1,17,30,神道難摹，精言不能追其極；,神道 难 摹 精言 不能 追其极,神道 难 摹 精言 不能 追其极,6,6,0
liuxie_shipin__liuxie_37,liuxie_shipin__liuxie_37__part01,文心雕龍·夸飾,劉勰,2,30,43,形器易寫，壯辭可得喻其真；,形器 易 写 壮辞 可得喻 其真,形器 易 写 壮辞 可得喻 其真,6,6,0
liuxie_shipin__liuxie_37,liuxie_shipin__liuxie_37__part01,文心雕龍·夸飾,劉勰,3,43,54,才非短長，理自難易耳。,才 非 短长 理自 难易 耳,才 非 短长 理自 难易 耳,6,6,0
liuxie_shipin__liuxie_37,liuxie_shipin__liuxie_37__part01,文心雕龍·夸飾,劉勰,4,54,76,故自天地以降，豫入聲貌，文辭所被，夸飾恒存。,故自 天地 以降 豫 入声 貌 文辞 所 被 夸饰 恒存,故自 天地 以降 豫入 声貌 文辞 所 被 夸饰 恒存,11,10,1
liuxie_shipin__liuxie_37,liuxie_shipin__liuxie_37__part01,文心雕龍·夸飾,劉勰,5,76,97,雖詩書雅言，風格訓世，事必宜廣，文亦過焉。,虽 诗书 雅言 风格 训世 事必 宜广 文亦过 焉,虽 诗书 雅言 风格 训世 事必 宜广 文亦过 焉,9,9,0
liuxie_shipin__liuxie_37,liuxie_shipin__liuxie_37__part01,文心雕龍·夸飾,劉勰,6,97,158,是以言峻則嵩高極天，論狹則河不容舠，說多則子孫千億，稱少則民靡孑遺，襄陵舉滔天之目，倒戈立漂杵之論，辭雖已甚，其義無害也。,是 以言峻 则 嵩高 极天 论 狭则 河 不容 舠 说 多则 子孙 千亿 称少 则 民靡 孑遗 襄陵举 滔天 之目 倒戈 立漂 杵 之论 辞 虽 已 甚 其义 无害 也,是 以言峻 则 嵩高 极天 论 狭则 河 不容 舠 说 多则 子孙 千亿 称少 则 民靡 孑遗 襄陵举 滔天 之目 倒戈 立漂 杵 之论 辞 虽 已 甚 其义 无害 也,32,32,0
liuxie_shipin__liuxie_37,liuxie_shipin__liuxie_37__part01,文心雕龍·夸飾,劉勰,7,158,173,且夫鴞音之醜，豈有泮林而變好；,且夫 鸮 音之丑 岂 有 泮林 而 变好,且夫 鸮音 之丑 岂 有 泮林 而 变好,8,8,1
liuxie_shipin__liuxie_37,liuxie_shipin__liuxie_37__part01,文心雕龍·夸飾,劉勰,8,173,186,荼味之苦，寧以周原而成飴；,荼味 之苦 宁以 周原 而 成饴,荼味 之苦 宁以 周原 而 成饴,6,6,0
liuxie_shipin__liuxie_37,liuxie_shipin__liuxie_37__part01,文心雕龍·夸飾,劉勰,9,186,198,並意深褒讚，故義成矯飾。,并 意深 褒赞 故义成 矫饰,并 意深 褒赞 故义 成 矫饰,5,6,1
liuxie_shipin__liuxie_37,liuxie_shipin__liuxie_37__part01,文心雕龍·夸飾,劉勰,10,198,208,大聖所錄，以垂憲章。,大圣 所录 以 垂 宪章,大圣 所录 以 垂 宪章,5,5,0
liuxie_shipin__liuxie_37,liuxie_shipin__liuxie_37__part01,文心雕龍·夸飾,劉勰,11,208,228,孟軻所云說詩者不以文害辭，不以辭害意也。,孟轲 所云 说 诗者 不 以文害辞 不 以辞害意 也,孟轲 所云 说 诗者 不 以文害辞 不 以辞害意 也,9,9,0
liuxie_shipin__liuxie_37,liuxie_shipin__liuxie_37__part01,文心雕龍·夸飾,劉勰,12,230,251,自宋玉景差，夸飾始盛，相如憑風，詭濫愈甚。,自宋 玉景差 夸饰 始盛 相如 凭风 诡滥 愈甚,自宋 玉景差 夸饰 始盛 相如 凭风 诡滥 愈甚,8,8,0
liuxie_shipin__liuxie_37,liuxie_shipin__liuxie_37__part01,文心雕龍·夸飾,劉勰,13,251,265,故上林之館，奔星與宛虹入軒；,故上 林之馆 奔星 与 宛虹 入轩,故上 林之馆 奔星 与 宛虹 入轩,6,6,0
liuxie_shipin__liuxie_37,liuxie_shipin__liuxie_37__part01,文心雕龍·夸飾,劉勰,14,265,278,從禽之盛，飛廉與鷦鷯俱獲。,从禽 之盛 飞廉 与 鹪鹩 俱获,从禽 之盛 飞廉 与 鹪鹩 俱获,6,6,0
liuxie_shipin__liuxie_37,liuxie_shipin__liuxie_37__part01,文心雕龍·夸飾,劉勰,15,278,313,及揚雄《甘泉》，酌其餘波，語瓌奇，則假珍於玉樹，言峻極，則顛墜於鬼神。,及 扬雄 甘泉 酌 其余 波 语 瓌 奇 则 假珍于 玉树 言峻 极 则 颠 坠于 鬼神,及 扬雄 甘泉 酌 其余 波 语 瓌 奇 则 假珍于 玉树 言 峻极 则 颠坠 于 鬼神,18,18,1
liuxie_shipin__liuxie_37,liuxie_shipin__liuxie_37__part01,文心雕龍·夸飾,劉勰,16,313,343,至東都之比目，西京之海若，驗理則理無不驗，窮飾則飾猶未窮矣。,至东 都 之 比目 西京 之海 若 验理则理 无不 验 穷饰 则 饰 犹未穷 矣,至 东都 之 比目 西京 之海 若 验 理则 理 无不 验 穷饰 则 饰 犹未穷 矣,15,17,1
liuxie_shipin__liuxie_37,liuxie_shipin__liuxie_37__part01,文心雕龍·夸飾,劉勰,17,343,359,又子雲《羽獵》，鞭宓妃以饟屈原；,又子 云 羽猎 鞭宓 妃 以 𫗵 屈原,又子 云 羽猎 鞭宓 妃 以 𫗵 屈原,8,8,0
liuxie_shipin__liuxie_37,liuxie_shipin__liuxie_37__part01,文心雕龍·夸飾,劉勰,18,359,373,張衡《羽獵》，困玄冥於朔野。,张衡 羽猎 困玄冥于 朔野,张衡 羽猎 困玄冥于 朔野,4,4,0
liuxie_shipin__liuxie_37,liuxie_shipin__liuxie_37__part01,文心雕龍·夸飾,劉勰,19,373,385,孌彼《洛神》，既非罔兩；,娈 彼 洛神 既非 罔 两,娈 彼 洛神 既 非 罔两,6,6,1
liuxie_shipin__liuxie_37,liuxie_shipin__liuxie_37__part01,文心雕龍·夸飾,劉勰,20,385,395,惟此水師，亦非魑魅；,惟此 水师 亦非 魑魅,惟此 水师 亦非 魑魅,4,4,0
liuxie_shipin__liuxie_37,liuxie_shipin__liuxie_37__part01,文心雕龍·夸飾,劉勰,21,395,406,而虛用濫形，不其疎乎！,而虚用 滥形 不其 疎 乎,而虚用 滥形 不其 疎 乎,5,5,0
liuxie_shipin__liuxie_37,liuxie_shipin__liuxie_37__part01,文心雕龍·夸飾,劉勰,22,406,420,此欲夸其威而飾其事義暌剌也。,此欲 夸其 威而饰 其事义 暌 剌 也,此欲 夸其 威而饰 其 事义 暌 剌 也,7,8,1
liuxie_shipin__liuxie_37,liuxie_shipin__liuxie_37__part01,文心雕龍·夸飾,劉勰,23,422,463,至如氣貌山海，體勢宮殿，嵯峨揭業，熠燿焜煌之狀，光采煒煒而欲然，聲貌岌岌其將動矣。,至 如 气 貌 山海 体势 宫殿 嵯峨 揭业 熠燿 焜 煌 之状 光采 炜 炜 而欲然 声貌 岌岌 其将动 矣,至 如 气 貌 山海 体势 宫殿 嵯峨 揭业 熠燿 焜 煌 之状 光采 炜炜 而欲然 声貌 岌岌 其将动 矣,21,20,1
liuxie_shipin__liuxie_37,liuxie_shipin__liuxie_37__part01,文心雕龍·夸飾,劉勰,24,463,478,莫不因夸以成狀，沿飾而得奇也。,莫不 因夸以 成状 沿饰 而 得 奇 也,莫不 因夸以 成状 沿饰 而 得 奇 也,8,8,0
liuxie_shipin__liuxie_37,liuxie_shipin__liuxie_37__part01,文心雕龍·夸飾,劉勰,25,478,517,於是後進之才，獎氣挾聲，軒翥而欲奮飛，騰擲而羞跼步，辭入煒燁，春藻不能程其豔；,于是 后进 之才 奖 气 挟声 轩翥而 欲 奋飞 腾 掷 而 羞 跼 步 辞入炜烨 春藻 不能 程其艳,于是 后进 之才 奖 气 挟声 轩翥 而 欲 奋飞 腾掷 而 羞 跼 步 辞入 炜烨 春藻 不能 程其艳,19,20,1
liuxie_shipin__liuxie_37,liuxie_shipin__liuxie_37__part01,文心雕龍·夸飾,劉勰,26,517,530,言在萎絕，寒谷未足成其凋；,言 在 萎绝 寒谷 未足成 其 凋,言 在 萎绝 寒谷 未足成 其 凋,7,7,0
liuxie_shipin__liuxie_37,liuxie_shipin__liuxie_37__part01,文心雕龍·夸飾,劉勰,27,530,562,談歡則字與笑並，論慼則聲共泣偕，信可以發蘊而飛滯，披瞽而駭聾矣。,谈欢 则 字 与 笑 并 论戚 则 声共泣 偕 信 可以 发蕴 而 飞滞 披 瞽 而 骇 聋 矣,谈欢 则 字 与 笑 并 论戚 则声 共泣 偕 信 可以 发蕴 而 飞滞 披 瞽 而 骇 聋 矣,21,21,1
liuxie_shipin__liuxie_37,liuxie_shipin__liuxie_37__part01,文心雕龍·夸飾,劉勰,28,564,587,然飾窮其要，則心聲鋒起，夸過其理，則名實兩乖。,然饰 穷 其要 则 心声 锋起 夸过 其理 则 名实 两乖,然饰 穷 其要 则 心声 锋起 夸过 其理 则 名实 两乖,11,11,0
liuxie_shipin__liuxie_37,liuxie_shipin__liuxie_37__part01,文心雕龍·夸飾,劉勰,29,587,625,若能酌《詩》《書》之曠旨，翦揚馬之甚泰，使夸而有節，飾而不誣，亦可謂之懿也。,若能 酌 诗 书 之旷旨 翦 扬马 之 甚泰 使 夸 而 有节 饰 而 不 诬 亦 可谓 之懿 也,若能 酌 诗 书 之旷旨 翦 扬马 之 甚泰 使 夸 而 有节 饰 而 不诬 亦 可谓 之懿 也,21,20,1
liuxie_shipin__liuxie_37,liuxie_shipin__liuxie_37__part01,文心雕龍·夸飾,劉勰,30,627,630,贊曰：,赞 曰,赞 曰,2,2,0
liuxie_shipin__liuxie_37,liuxie_shipin__liuxie_37__part01,文心雕龍·夸飾,劉勰,31,632,642,夸飾在用，文豈循檢。,夸饰 在 用 文 岂 循检,夸饰 在 用 文 岂 循检,6,6,0
liuxie_shipin__liuxie_37,liuxie_shipin__liuxie_37__part01,文心雕龍·夸飾,劉勰,32,642,652,言必鵬運，氣靡鴻漸。,言必 鹏运 气 靡鸿渐,言必 鹏运 气 靡 鸿渐,4,5,1
liuxie_shipin__liuxie_37,liuxie_shipin__liuxie_37__part01,文心雕龍·夸飾,劉勰,33,654,664,倒海探珠，傾崐取琰。,倒海 探珠 倾 崐 取琰,倒海 探珠 倾 崐 取琰,5,5,0
liuxie_shipin__liuxie_37,liuxie_shipin__liuxie_37__part01,文心雕龍·夸飾,劉勰,34,664,674,曠而不溢，奢而無玷。,旷而 不溢 奢而 无 玷,旷而 不溢 奢而 无玷,5,4,1
liuxie_shipin__liuxie_38,liuxie_shipin__liuxie_38__part01,文心雕龍·事類,劉勰,0,0,24,事類者，蓋文章之外，據事以類義，援古以證今者也。,事类 者 盖 文章 之外 据事以 类义 援古以 证今 者 也,事类 者 盖 文章 之外 据事以 类义 援古以 证今 者 也,11,11,0
liuxie_shipin__liuxie_38,liuxie_shipin__liuxie_38__part01,文心雕龍·事類,劉勰,1,24,63,昔文王繇《易》，剖判爻位，《既濟》九三，遠引高宗之伐，明夷六五，近書箕子之貞；,昔 文王 繇 易 剖判 爻位 既济 九三 远引 高宗之 伐 明夷 六五 近书 箕 子 之贞,昔 文王 繇 易 剖判 爻位 既济 九三 远引 高宗之 伐 明夷 六五 近书 箕 子 之贞,17,17,0
liuxie_shipin__liuxie_38,liuxie_shipin__liuxie_38__part01,文心雕龍·事類,劉勰,2,63,75,斯略舉人事，以徵義者也。,斯略 举人 事 以征 义者 也,斯略 举人 事 以征 义者 也,6,6,0
liuxie_shipin__liuxie_38,liuxie_shipin__liuxie_38__part01,文心雕龍·事類,劉勰,3,75,88,至若胤征羲和，陳政典之訓；,至 若 胤 征羲 和 陈政典 之训,至 若 胤 征羲 和 陈政 典之训,7,7,1
liuxie_shipin__liuxie_38,liuxie_shipin__liuxie_38__part01,文心雕龍·事類,劉勰,4,88,99,盤庚誥民，敘遲任之言；,盘庚 诰民 叙迟 任之言,盘庚 诰民 叙 迟任 之 言,4,6,1
liuxie_shipin__liuxie_38,liuxie_shipin__liuxie_38__part01,文心雕龍·事類,劉勰,5,99,111,此全引成辭，以明理者也。,此全 引成 辞 以 明理 者 也,此 全引 成辞 以 明理 者 也,7,7,1
liuxie_shipin__liuxie_38,liuxie_shipin__liuxie_38__part01,文心雕龍·事類,劉勰,6,111,141,然則明理引乎成辭，徵義舉乎人事，迺聖賢之鴻謨，經籍之通矩也。,然则 明理 引乎 成辞 征 义举 乎 人事 迺 圣贤 之鸿谟 经籍 之通矩 也,然则 明理 引乎 成辞 征 义举 乎 人事 迺 圣贤 之 鸿谟 经籍 之通矩 也,14,15,1
liuxie_shipin__liuxie_38,liuxie_shipin__liuxie_38__part01,文心雕龍·事類,劉勰,7,141,163,大畜之象，君子以多識前言往行，亦有包於文矣。,大畜 之象 君子 以多识 前言往行 亦 有 包于 文矣,大畜 之象 君子 以 多识 前言往行 亦 有 包于 文矣,9,10,1
liuxie_shipin__liuxie_38,liuxie_shipin__liuxie_38__part01,文心雕龍·事類,劉勰,8,165,187,觀夫屈宋屬篇，號依詩人，雖引古事而莫取舊辭。,观夫屈 宋属 篇 号 依 诗人 虽引 古事 而 莫取 旧辞,观夫 屈宋 属篇 号 依 诗人 虽引 古事 而 莫取 旧辞,11,11,1
liuxie_shipin__liuxie_38,liuxie_shipin__liuxie_38__part01,文心雕龍·事類,劉勰,9,187,202,唯賈誼《鵩賦》，始用鶡冠之說；,唯 贾谊 𫛳 赋 始用 鹖 冠 之 说,唯 贾谊 𫛳 赋 始用 鹖冠 之 说,9,8,1
liuxie_shipin__liuxie_38,liuxie_shipin__liuxie_38__part01,文心雕龍·事類,劉勰,10,202,216,相如《上林》，撮引李斯之書；,相如 上 林 撮 引 李斯 之 书,相如 上 林 撮 引 李斯 之 书,8,8,0
liuxie_shipin__liuxie_38,liuxie_shipin__liuxie_38__part01,文心雕龍·事類,劉勰,11,216,224,此萬分之一會也。,此 万分之一 会 也,此 万分之一 会 也,4,4,0
liuxie_shipin__liuxie_38,liuxie_shipin__liuxie_38__part01,文心雕龍·事類,劉勰,12,224,239,及揚雄《百官箴》，頗酌於詩書；,及 扬雄 百官 箴 颇 酌 于 诗书,及 扬雄 百官 箴 颇 酌 于 诗书,8,8,0
liuxie_shipin__liuxie_38,liuxie_shipin__liuxie_38__part01,文心雕龍·事類,劉勰,13,239,253,劉歆《遂初賦》，歷敘於紀傳；,刘歆 遂 初赋 历叙于 纪传,刘歆 遂 初赋 历叙于 纪传,5,5,0
liuxie_shipin__liuxie_38,liuxie_shipin__liuxie_38__part01,文心雕龍·事類,劉勰,14,253,259,漸漸綜採矣。,渐渐 综采 矣,渐渐 综采 矣,3,3,0
liuxie_shipin__liuxie_38,liuxie_shipin__liuxie_38__part01,文心雕龍·事類,劉勰,15,259,290,至於崔班張蔡，遂捃摭經史，華實布濩，因書立功，皆後人之範式也。,至于 崔班张 蔡 遂 捃 摭 经史 华实布 濩 因书 立功 皆 后人 之 范式 也,至于 崔班 张蔡 遂 捃 摭 经史 华实 布 濩 因书 立功 皆 后人 之 范式 也,16,17,1
liuxie_shipin__liuxie_38,liuxie_shipin__liuxie_38__part01,文心雕龍·事類,劉勰,16,292,313,夫薑桂同地，辛在本性，文章由學，能在天資。,夫 姜桂同 地 辛在 本性 文章 由学 能 在 天资,夫 姜桂 同 地 辛在 本性 文章 由学 能 在 天资,10,11,1
liuxie_shipin__liuxie_38,liuxie_shipin__liuxie_38__part01,文心雕龍·事類,劉勰,17,313,337,才自內發，學以外成，有學飽而才餒，有才富而學貧。,才 自内发 学 以外 成 有学 饱 而 才 馁 有 才 富而学贫,才 自内发 学 以外 成 有学 饱 而 才 馁 有 才 富而学贫,13,13,0
liuxie_shipin__liuxie_38,liuxie_shipin__liuxie_38__part01,文心雕龍·事類,劉勰,18,337,347,學貧者，迍邅於事義；,学贫者 迍邅 于 事义,学贫者 迍邅 于 事义,4,4,0
liuxie_shipin__liuxie_38,liuxie_shipin__liuxie_38__part01,文心雕龍·事類,劉勰,19,347,357,才餒者，劬勞於辭情；,才 馁 者 劬劳 于 辞情,才 馁 者 劬劳 于 辞情,6,6,0
liuxie_shipin__liuxie_38,liuxie_shipin__liuxie_38__part01,文心雕龍·事類,劉勰,20,357,365,此內外之殊分也。,此 内外 之殊 分 也,此 内外 之殊 分 也,5,5,0
liuxie_shipin__liuxie_38,liuxie_shipin__liuxie_38__part01,文心雕龍·事類,劉勰,21,365,407,是以屬意立文，心與筆謀，才為盟主，學為輔佐，主佐合德，文采必覇，才學褊狹，雖美少功。,是 以 属意 立文 心 与 笔谋 才 为 盟主 学为 辅佐 主佐合德 文采 必 覇 才学 褊狭 虽美少功,是 以 属意 立文 心与 笔谋 才 为 盟主 学为 辅佐 主佐合德 文采 必 覇 才学 褊狭 虽美少功,19,18,1
liuxie_shipin__liuxie_38,liuxie_shipin__liuxie_38__part01,文心雕龍·事類,劉勰,22,407,431,夫以子雲之才，而自奏不學，及觀書石室，乃成鴻采。,夫以子 云 之 才 而 自奏 不学 及 观书 石室 乃 成鸿采,夫以子 云 之 才 而 自奏 不学 及 观书 石室 乃成 鸿采,12,12,1
liuxie_shipin__liuxie_38,liuxie_shipin__liuxie_38__part01,文心雕龍·事類,劉勰,23,431,441,表裏相資，古今一也。,表里 相资 古今 一 也,表里 相资 古今 一 也,5,5,0
liuxie_shipin__liuxie_38,liuxie_shipin__liuxie_38__part01,文心雕龍·事類,劉勰,24,441,493,故魏武稱張子之文為拙，然學問膚淺，所見不博，專拾掇崔杜小文，所作不可悉難，難便不知所出，斯則寡聞之病也。,故魏 武称 张子 之文为 拙 然 学问 肤浅 所见 不博 专 拾掇 崔杜小文 所 作 不可 悉难 难便 不知所出 斯则 寡闻 之病 也,故魏 武称 张子 之文为 拙 然 学问 肤浅 所见 不博 专 拾掇 崔杜小文 所 作 不可 悉难 难便 不知所出 斯则 寡闻 之病 也,23,23,0
liuxie_shipin__liuxie_38,liuxie_shipin__liuxie_38__part01,文心雕龍·事類,劉勰,25,495,521,夫經典沈深，載籍浩瀚，實群言之奧區，而才思之神皋也。,夫 经典 沈深 载籍 浩瀚 实 群言 之奥区 而 才思 之神皋 也,夫 经典 沈深 载籍 浩瀚 实 群言 之 奥区 而 才思 之神皋 也,12,13,1
liuxie_shipin__liuxie_38,liuxie_shipin__liuxie_38__part01,文心雕龍·事類,劉勰,26,521,580,揚班以下，莫不取資，任力耕耨，縱意漁獵，操刀能割，必列膏腴，是以將贍才力，務在博見，狐腋非一皮能溫，雞蹠必數千而飽矣。,扬班 以下 莫不 取资 任力 耕 耨 纵意 渔猎 操刀 能割 必列 膏腴 是 以 将 赡 才力 务 在 博见 狐腋 非 一皮 能温 鸡跖必 数千 而 饱 矣,扬班 以下 莫不 取资 任力 耕 耨 纵意 渔猎 操刀 能割 必列 膏腴 是 以 将 赡 才力 务 在 博见 狐腋 非 一皮 能温 鸡跖 必 数千 而 饱 矣,30,31,1
liuxie_shipin__liuxie_38,liuxie_shipin__liuxie_38__part01,文心雕龍·事類,劉勰,27,580,612,是以綜學在博，取事貴約，校練務精，捃理須覈，眾美輻輳，表裏發揮。,是 以 综学 在 博 取事 贵约 校练务精 捃 理须 核 众美 辐辏 表里 发挥,是 以 综学 在 博 取事 贵约 校练 务精 捃 理须 核 众美 辐辏 表里 发挥,15,16,1
liuxie_shipin__liuxie_38,liuxie_shipin__liuxie_38__part01,文心雕龍·事類,劉勰,28,612,621,劉劭《趙都賦》云：,刘劭 赵都 赋 云,刘劭 赵都 赋 云,4,4,0
liuxie_shipin__liuxie_38,liuxie_shipin__liuxie_38__part01,文心雕龍·事類,劉勰,29,644,645,。,,,0,0,0
liuxie_shipin__liuxie_38,liuxie_shipin__liuxie_38__part01,文心雕龍·事類,劉勰,30,645,659,用事如斯，可稱理得而義要矣。,用事 如斯 可称 理得 而义 要 矣,用事 如斯 可称 理得 而义 要 矣,7,7,0
liuxie_shipin__liuxie_38,liuxie_shipin__liuxie_38__part01,文心雕龍·事類,劉勰,31,659,682,故事得其要，雖小成績，譬寸轄制輪，尺樞運關也。,故事 得 其要 虽小 成绩 譬 寸辖制轮 尺枢运关 也,故事 得 其要 虽小 成绩 譬 寸辖制轮 尺枢运关 也,9,9,0
liuxie_shipin__liuxie_38,liuxie_shipin__liuxie_38__part01,文心雕龍·事類,劉勰,32,682,709,或微言美事，置於閑散，是綴金翠於足脛，靚粉黛於胸臆也。,或 微言 美事 置于 闲散 是 缀 金翠于 足 胫 靓 粉黛 于 胸臆 也,或 微言 美事 置于 闲散 是 缀 金翠于 足胫 靓 粉黛 于 胸臆 也,15,14,1
liuxie_shipin__liuxie_38,liuxie_shipin__liuxie_38__part01,文心雕龍·事類,劉勰,33,709,734,凡用舊合機，不啻自其口出，引事乖謬，雖千載而為瑕。,凡用 旧合机 不啻 自其口 出 引事 乖谬 虽 千载 而 为 瑕,凡用 旧 合机 不啻 自其口 出 引事 乖谬 虽 千载 而 为 瑕,12,13,1
liuxie_shipin__liuxie_38,liuxie_shipin__liuxie_38__part01,文心雕龍·事類,劉勰,34,736,745,陳思，群才之英也。,陈思 群才 之英 也,陈思 群才 之英 也,4,4,0
liuxie_shipin__liuxie_38,liuxie_shipin__liuxie_38__part01,文心雕龍·事類,劉勰,35,745,778,《報孔璋書》云：葛天氏之樂，千人唱，萬人和，聽者因以蔑《韶夏》矣。,报孔璋 书 云 葛天氏 之 乐 千人 唱 万人 和 听者 因以蔑 韶夏 矣,报孔璋 书 云 葛天氏 之 乐 千人 唱 万人 和 听者 因以蔑 韶夏 矣,14,14,0
liuxie_shipin__liuxie_38,liuxie_shipin__liuxie_38__part01,文心雕龍·事類,劉勰,36,778,786,此引事之實謬也。,此 引事 之 实谬 也,此 引事 之 实谬 也,5,5,0
liuxie_shipin__liuxie_38,liuxie_shipin__liuxie_38__part01,文心雕龍·事類,劉勰,37,786,799,按葛天之歌，唱和三人而已。,按葛天 之歌 唱和 三人 而已,按葛天 之歌 唱和 三人 而已,5,5,0
liuxie_shipin__liuxie_38,liuxie_shipin__liuxie_38__part01,文心雕龍·事類,劉勰,38,799,807,相如《上林》云：,相如 上 林 云,相如 上 林 云,4,4,0
liuxie_shipin__liuxie_38,liuxie_shipin__liuxie_38__part01,文心雕龍·事類,劉勰,39,826,827,。,,,0,0,0
liuxie_shipin__liuxie_38,liuxie_shipin__liuxie_38__part01,文心雕龍·事類,劉勰,40,827,862,唱和千萬人，乃相如接人，然而濫侈葛天，推三成萬者，信賦妄書，致斯謬也。,唱和 千万 人 乃 相如接 人 然而 滥侈葛天 推 三成 万者 信赋 妄书 致斯谬 也,唱和 千万 人 乃 相如接 人 然而 滥侈 葛天 推 三成 万者 信赋 妄书 致斯谬 也,15,16,1
liuxie_shipin__liuxie_38,liuxie_shipin__liuxie_38__part01,文心雕龍·事類,劉勰,41,862,871,陸機《園葵詩》云：,陆机 园葵 诗 云,陆机 园葵 诗 云,4,4,0
liuxie_shipin__liuxie_38,liuxie_shipin__liuxie_38__part01,文心雕龍·事類,劉勰,42,882,883,。,,,0,0,0
liuxie_shipin__liuxie_38,liuxie_shipin__liuxie_38__part01,文心雕龍·事類,劉勰,43,883,904,夫葵能衛足，事譏鮑莊，葛藟庇根，辭自樂豫；,夫葵 能卫足 事讥 鲍庄 葛 藟 庇 根 辞 自乐 豫,夫葵 能 卫足 事讥 鲍庄 葛 藟 庇 根 辞 自乐 豫,11,12,1
liuxie_shipin__liuxie_38,liuxie_shipin__liuxie_38__part01,文心雕龍·事類,劉勰,44,904,916,若譬葛為葵，則引事為謬；,若 譬葛为 葵 则 引事 为 谬,若 譬葛为 葵 则 引 事为 谬,7,7,1
liuxie_shipin__liuxie_38,liuxie_shipin__liuxie_38__part01,文心雕龍·事類,劉勰,45,916,928,若謂庇勝衛，則改事失真；,若谓 庇胜卫 则 改事 失真,若谓 庇胜卫 则 改事 失真,5,5,0
liuxie_shipin__liuxie_38,liuxie_shipin__liuxie_38__part01,文心雕龍·事類,劉勰,46,928,935,斯又不精之患。,斯 又 不 精之患,斯 又 不 精之患,4,4,0
liuxie_shipin__liuxie_38,liuxie_shipin__liuxie_38__part01,文心雕龍·事類,劉勰,47,935,953,夫以子建明練，士衡沈密，而不免於謬。,夫以子 建明练 士衡 沈密 而 不免 于谬,夫以子 建 明练 士衡 沈密 而 不免 于谬,7,8,1
liuxie_shipin__liuxie_38,liuxie_shipin__liuxie_38__part01,文心雕龍·事類,劉勰,48,953,967,曹仁之謬高唐，又曷足以嘲哉！,曹仁 之谬 高唐 又 曷 足以 嘲哉,曹仁 之谬 高唐 又 曷 足以 嘲哉,7,7,0
liuxie_shipin__liuxie_38,liuxie_shipin__liuxie_38__part01,文心雕龍·事類,劉勰,49,967,1011,夫山木為良匠所度，經書為文士所擇，木美而定於斧斤，事美而制於刀筆，研思之士，無慚匠石矣。,夫 山木 为 良匠 所度 经书 为 文士 所择 木美 而 定于 斧斤 事美 而 制于 刀笔 研思之士 无惭匠 石 矣,夫 山木 为 良匠 所度 经书 为 文士 所择 木美 而 定于 斧斤 事美 而 制于 刀笔 研思之士 无惭 匠石 矣,21,21,1
liuxie_shipin__liuxie_38,liuxie_shipin__liuxie_38__part01,文心雕龍·事類,劉勰,50,1013,1016,贊曰：,赞 曰,赞 曰,2,2,0
liuxie_shipin__liuxie_38,liuxie_shipin__liuxie_38__part01,文心雕龍·事類,劉勰,51,1018,1028,經籍深富，辭理遐亙。,经籍 深富 辞理遐亘,经籍 深富 辞理 遐亘,3,4,1
liuxie_shipin__liuxie_38,liuxie_shipin__liuxie_38__part01,文心雕龍·事類,劉勰,52,1028,1038,皜如江海，鬱若崐鄧。,皜 如 江海 郁若 崐 邓,皜 如 江海 郁若 崐 邓,6,6,0
liuxie_shipin__liuxie_38,liuxie_shipin__liuxie_38__part01,文心雕龍·事類,劉勰,53,1040,1050,文梓共採，瓊珠交贈。,文梓共采 琼珠 交赠,文梓共采 琼珠 交赠,3,3,0
liuxie_shipin__liuxie_38,liuxie_shipin__liuxie_38__part01,文心雕龍·事類,劉勰,54,1050,1060,用人若己，古來無懵。,用人 若己 古来 无 懵,用人 若己 古来 无 懵,5,5,0
liuxie_shipin__liuxie_39,liuxie_shipin__liuxie_39__part01,文心雕龍·練字,劉勰,0,0,33,夫文象列而結繩移，鳥跡明而書契作，斯乃言語之體貌，而文章之宅宇也。,夫 文象 列而 结绳 移 鸟迹 明而 书契 作 斯乃 言语 之 体貌 而 文章 之宅宇 也,夫 文象 列而 结绳 移 鸟迹 明而 书契 作 斯乃 言语 之 体貌 而 文章 之宅宇 也,17,17,0
liuxie_shipin__liuxie_39,liuxie_shipin__liuxie_39__part01,文心雕龍·練字,劉勰,1,33,43,蒼頡造之，鬼哭粟飛；,苍颉造 之 鬼哭粟飞,苍颉造 之 鬼哭粟飞,3,3,0
liuxie_shipin__liuxie_39,liuxie_shipin__liuxie_39__part01,文心雕龍·練字,劉勰,2,43,53,黃帝用之，官治民察。,黄帝 用 之 官 治民 察,黄帝 用 之 官 治民 察,6,6,0
liuxie_shipin__liuxie_39,liuxie_shipin__liuxie_39__part01,文心雕龍·練字,劉勰,3,53,63,先王聲教，書必同文；,先王 声教 书必 同文,先王 声教 书必 同文,4,4,0
liuxie_shipin__liuxie_39,liuxie_shipin__liuxie_39__part01,文心雕龍·練字,劉勰,4,63,83,輶軒之使，紀言殊俗，所以一字體，總異音。,𬨎 轩之使 纪言殊 俗 所以 一 字体 总 异音,𬨎 轩之使 纪言殊 俗 所以 一 字体 总 异音,9,9,0
liuxie_shipin__liuxie_39,liuxie_shipin__liuxie_39__part01,文心雕龍·練字,劉勰,5,83,96,《周禮》《保氏》掌教六書。,周礼 保氏 掌教 六书,周礼 保氏 掌教 六书,4,4,0
liuxie_shipin__liuxie_39,liuxie_shipin__liuxie_39__part01,文心雕龍·練字,劉勰,6,96,125,秦滅舊章，以吏為師，乃李斯刪籀而秦篆興，程邈造隸而古文廢。,秦灭 旧章 以吏 为 师 乃 李斯 删 籀 而 秦篆 兴 程邈 造隶 而 古文 废,秦灭 旧章 以吏 为 师 乃 李斯 删 籀 而 秦篆 兴 程邈 造隶 而 古文 废,17,17,0
liuxie_shipin__liuxie_39,liuxie_shipin__liuxie_39__part01,文心雕龍·練字,劉勰,7,125,145,漢初章律，明著厥法，太史學童，教試六體；,汉初 章律 明著 厥 法 太史 学童 教试 六体,汉初 章律 明著 厥 法 太史 学童 教试 六体,9,9,0
liuxie_shipin__liuxie_39,liuxie_shipin__liuxie_39__part01,文心雕龍·練字,劉勰,8,145,156,又吏民上書，字謬輒劾；,又 吏民 上书 字 谬辄劾,又 吏民 上书 字 谬辄劾,5,5,0
liuxie_shipin__liuxie_39,liuxie_shipin__liuxie_39__part01,文心雕龍·練字,劉勰,9,156,180,是以馬字缺畫，而石建懼死，雖云性慎，亦時重文也。,是 以 马字 缺画 而 石建惧 死 虽云性 慎 亦 时 重文 也,是 以 马字 缺画 而 石建惧 死 虽云性 慎 亦 时 重文 也,13,13,0
liuxie_shipin__liuxie_39,liuxie_shipin__liuxie_39__part01,文心雕龍·練字,劉勰,10,182,193,至孝武之世則相如譔篇。,至孝 武之世则 相如 譔 篇,至孝 武之 世则 相如 譔 篇,5,6,1
liuxie_shipin__liuxie_39,liuxie_shipin__liuxie_39__part01,文心雕龍·練字,劉勰,11,193,241,及宣成二帝，徵集小學，張敞以正讀傳業，揚雄以奇字纂訓，並貫練雅頌，總閱音義，鴻筆之徒，莫不洞曉。,及 宣成 二帝 征集 小学 张敞 以 正读 传业 扬雄 以奇字 纂训 并 贯练雅颂 总阅 音义 鸿 笔之徒 莫不 洞晓,及 宣成 二帝 征集 小学 张敞 以 正读 传业 扬雄 以奇字 纂训 并 贯练 雅颂 总阅 音义 鸿笔 之徒 莫不 洞晓,20,21,1
liuxie_shipin__liuxie_39,liuxie_shipin__liuxie_39__part01,文心雕龍·練字,劉勰,12,241,275,且多賦京苑，假借形聲，是以前漢小學，率多瑋字，非獨制異，乃共曉難也。,且 多 赋京苑 假借 形声 是 以前 汉 小学 率多玮字 非独 制异 乃共晓难 也,且 多 赋京苑 假借 形声 是 以前 汉 小学 率多玮字 非独 制异 乃共晓难 也,14,14,0
liuxie_shipin__liuxie_39,liuxie_shipin__liuxie_39__part01,文心雕龍·練字,劉勰,13,275,295,暨乎後漢，小學轉疎，複文隱訓，臧否大半。,暨乎 后汉 小学 转 疎 复文 隐训 臧否 大半,暨乎 后汉 小学 转 疎 复文 隐训 臧否 大半,9,9,0
liuxie_shipin__liuxie_39,liuxie_shipin__liuxie_39__part01,文心雕龍·練字,劉勰,14,295,317,及魏代綴藻，則字有常檢，追觀漢作，翻成阻奧。,及 魏代缀 藻 则 字 有常检 追观 汉作 翻成 阻奥,及 魏代缀 藻 则 字 有 常检 追观 汉作 翻成 阻奥,10,11,1
liuxie_shipin__liuxie_39,liuxie_shipin__liuxie_39__part01,文心雕龍·練字,劉勰,15,317,361,故陳思稱揚馬之作，趣幽旨深，讀者非師傳不能析其辭，非博學不能綜其理，豈直才懸，抑亦字隱。,故 陈思 称扬 马之作 趣 幽旨 深 读者 非 师传 不能 析 其辞 非 博学 不能 综其理 岂直 才 悬 抑亦字 隐,故 陈思 称扬 马之作 趣 幽旨 深 读者 非 师传 不能 析 其辞 非 博学 不能 综其理 岂直 才 悬 抑亦字 隐,22,22,0
liuxie_shipin__liuxie_39,liuxie_shipin__liuxie_39__part01,文心雕龍·練字,劉勰,16,361,382,自晉來用字，率從簡易，時並習易，人誰取難。,自晋 来 用字 率 从 简易 时 并 习易 人 谁 取难,自晋 来 用字 率从 简易 时 并 习易 人 谁 取难,12,11,1
liuxie_shipin__liuxie_39,liuxie_shipin__liuxie_39__part01,文心雕龍·練字,劉勰,17,382,406,今一字詭異，則群句震驚，三人弗識，則將成字妖矣。,今一字 诡异 则 群句 震惊 三人 弗识 则 将 成字 妖 矣,今一字 诡异 则 群句 震惊 三人 弗识 则 将 成字 妖 矣,12,12,0
liuxie_shipin__liuxie_39,liuxie_shipin__liuxie_39__part01,文心雕龍·練字,劉勰,18,406,438,後世所同曉者，雖難斯易，時所共廢，雖易斯難，趣舍之間，不可不察。,后世 所 同晓者 虽难斯易 时所共废 虽易斯难 趣舍 之间 不可不 察,后世 所 同晓者 虽难斯易 时所共废 虽易斯难 趣舍 之间 不可不 察,10,10,0
liuxie_shipin__liuxie_39,liuxie_shipin__liuxie_39__part01,文心雕龍·練字,劉勰,19,440,465,夫《爾雅》者，孔徒之所纂，而《詩》《書》之襟帶也；,夫 尔雅 者 孔徒 之 所纂 而 诗 书 之襟 带 也,夫 尔雅 者 孔徒 之 所纂 而 诗 书 之 襟带 也,12,12,1
liuxie_shipin__liuxie_39,liuxie_shipin__liuxie_39__part01,文心雕龍·練字,劉勰,20,465,485,《倉頡》者，李斯之所輯，而鳥籀之遺體也；,仓颉 者 李斯 之所辑 而 鸟 籀 之 遗体 也,仓颉 者 李斯 之所辑 而 鸟籀 之 遗体 也,10,9,1
liuxie_shipin__liuxie_39,liuxie_shipin__liuxie_39__part01,文心雕龍·練字,劉勰,21,485,526,《雅》以淵源誥訓，《頡》以苑囿奇文，異體相資，如左右肩股，該舊而知新，亦可以屬文。,雅 以 渊源 诰训 颉 以 苑囿 奇文 异体 相资 如 左右 肩股 该 旧 而 知新 亦 可以 属文,雅 以 渊源 诰训 颉 以 苑囿 奇文 异体 相资 如 左右 肩股 该 旧 而 知新 亦 可以 属文,20,20,0
liuxie_shipin__liuxie_39,liuxie_shipin__liuxie_39__part01,文心雕龍·練字,劉勰,22,526,579,若夫義訓古今，興廢殊用，字形單複，妍媸異體，心既託聲於言，言亦寄形於字，諷誦則績在宮商，臨文則能歸字形矣。,若夫 义训 古今 兴废 殊用 字形 单复 妍媸 异体 心 既托声 于 言 言 亦 寄 形于 字 讽诵 则 绩 在 宫商 临文则 能 归 字形 矣,若夫 义训 古今 兴废 殊用 字形 单复 妍媸 异体 心 既托声 于 言 言 亦 寄 形于 字 讽诵 则 绩 在 宫商 临文 则 能 归 字形 矣,28,29,1
liuxie_shipin__liuxie_39,liuxie_shipin__liuxie_39__part01,文心雕龍·練字,劉勰,23,581,613,是以綴字屬篇，必須練擇：一避詭異，二省聯邊，三權重出，四調單複。,是 以 缀字 属篇 必须 练择 一避 诡异 二省 联边 三 权重 出 四调 单复,是 以 缀字 属篇 必须 练择 一避 诡异 二省 联边 三 权重 出 四调 单复,15,15,0
liuxie_shipin__liuxie_39,liuxie_shipin__liuxie_39__part01,文心雕龍·練字,劉勰,24,613,624,詭異者，字體瓌怪者也。,诡异 者 字体 瓌 怪者 也,诡异 者 字体 瓌 怪者 也,6,6,0
liuxie_shipin__liuxie_39,liuxie_shipin__liuxie_39__part01,文心雕龍·練字,劉勰,25,624,640,曹據詩稱豈不願斯遊，褊心惡㕳呶。,曹据 诗称 岂 不 愿斯游 褊心 恶 㕳 呶,曹据 诗称 岂 不 愿斯游 褊心 恶 㕳 呶,9,9,0
liuxie_shipin__liuxie_39,liuxie_shipin__liuxie_39__part01,文心雕龍·練字,劉勰,26,640,660,兩字詭異，大疵美篇，況乃過此，其可觀乎！,两字 诡异 大疵 美篇 况乃过 此 其 可观 乎,两字 诡异 大疵 美篇 况乃 过此 其 可观 乎,9,9,1
liuxie_shipin__liuxie_39,liuxie_shipin__liuxie_39__part01,文心雕龍·練字,劉勰,27,660,671,聯邊者，半字同文者也。,联边者 半字 同文者 也,联边 者 半字 同文者 也,4,5,1
liuxie_shipin__liuxie_39,liuxie_shipin__liuxie_39__part01,文心雕龍·練字,劉勰,28,671,712,狀貌山川，古今咸用，施於常文，則齟齬為瑕，如不獲免，可至三接，三接之外，其字林乎！,状貌 山川 古今 咸用 施于 常文 则 龃龉 为 瑕 如 不 获免 可至 三接 三接 之外 其字 林乎,状貌 山川 古今 咸用 施于 常文 则 龃龉 为 瑕 如 不 获免 可至 三接 三接 之外 其字 林乎,19,19,0
liuxie_shipin__liuxie_39,liuxie_shipin__liuxie_39__part01,文心雕龍·練字,劉勰,29,712,723,重出者，同字相犯者也。,重出 者 同字 相犯者 也,重出 者 同字 相犯者 也,5,5,0
liuxie_shipin__liuxie_39,liuxie_shipin__liuxie_39__part01,文心雕龍·練字,劉勰,30,723,750,《詩》《騷》適會，而近世忌同，若兩字俱要，則寧在相犯。,诗 骚 适会 而 近世 忌同 若 两字 俱要 则 宁 在 相犯,诗 骚 适会 而 近世 忌同 若 两字 俱要 则 宁 在 相犯,13,13,0
liuxie_shipin__liuxie_39,liuxie_shipin__liuxie_39__part01,文心雕龍·練字,劉勰,31,750,777,故善為文者，富於萬篇，貧於一字，一字非少，相避為難也。,故 善为 文者 富于 万篇 贫于 一字 一字 非少 相避 为难 也,故 善为 文者 富于 万篇 贫于 一字 一字 非少 相避 为难 也,12,12,0
liuxie_shipin__liuxie_39,liuxie_shipin__liuxie_39__part01,文心雕龍·練字,劉勰,32,777,788,單複者，字形肥瘠者也。,单复者 字形 肥瘠 者 也,单复 者 字形 肥瘠 者 也,5,6,1
liuxie_shipin__liuxie_39,liuxie_shipin__liuxie_39__part01,文心雕龍·練字,劉勰,33,788,800,瘠字累句，則纖疎而行劣；,瘠字 累句 则 纤 疎 而 行劣,瘠字 累句 则 纤 疎 而 行劣,7,7,0
liuxie_shipin__liuxie_39,liuxie_shipin__liuxie_39__part01,文心雕龍·練字,劉勰,34,800,812,肥字積文，則黯黕而篇闇；,肥字 积文 则 黯 黕 而 篇 暗,肥字 积文 则 黯 黕 而 篇 暗,8,8,0
liuxie_shipin__liuxie_39,liuxie_shipin__liuxie_39__part01,文心雕龍·練字,劉勰,35,812,828,善酌字者，參伍單複，磊落如珠矣。,善酌 字者 参伍 单复 磊落 如珠 矣,善酌 字者 参伍 单复 磊落 如珠 矣,7,7,0
liuxie_shipin__liuxie_39,liuxie_shipin__liuxie_39__part01,文心雕龍·練字,劉勰,36,828,845,凡此四條，雖文不必有，而體例不無。,凡 此 四条 虽文 不必 有 而 体例 不无,凡此 四条 虽文 不必 有 而 体例 不无,9,8,1
liuxie_shipin__liuxie_39,liuxie_shipin__liuxie_39__part01,文心雕龍·練字,劉勰,37,845,856,若值而莫悟，則非精解。,若值 而 莫悟 则 非 精解,若值 而 莫悟 则 非 精解,6,6,0
liuxie_shipin__liuxie_39,liuxie_shipin__liuxie_39__part01,文心雕龍·練字,劉勰,38,858,890,至於經典隱曖，方冊紛綸，簡蠹帛裂，三寫易字，或以音訛，或以文變。,至于 经典 隐 暧 方册 纷纶 简蠹 帛裂 三写易字 或 以音 讹 或 以文变,至于 经典 隐暧 方册 纷纶 简蠹 帛裂 三写易字 或 以音 讹 或 以文变,14,13,1
liuxie_shipin__liuxie_39,liuxie_shipin__liuxie_39__part01,文心雕龍·練字,劉勰,39,890,919,子思弟子，於穆不祀者，音訛之異也，晉之《史記》，三豕渡河。,子思 弟子 於 穆不祀 者 音讹之异 也 晋 之 史记 三 豕 渡河,子思 弟子 於 穆不祀 者 音讹之异 也 晋 之 史记 三 豕 渡河,13,13,0
liuxie_shipin__liuxie_39,liuxie_shipin__liuxie_39__part01,文心雕龍·練字,劉勰,40,919,925,文變之謬也。,文变 之谬 也,文变 之谬 也,3,3,0
liuxie_shipin__liuxie_39,liuxie_shipin__liuxie_39__part01,文心雕龍·練字,劉勰,41,925,951,《尚書》《大傳》有別風淮雨，《帝王世紀》云列風淫雨。,尚书 大传 有 别风淮雨 帝王 世纪 云 列风淫雨,尚书 大传 有 别风淮雨 帝王 世纪 云 列风淫雨,8,8,0
liuxie_shipin__liuxie_39,liuxie_shipin__liuxie_39__part01,文心雕龍·練字,劉勰,42,951,961,別列淮淫，字似潛移。,别列 淮淫 字似 潜移,别列 淮淫 字似 潜移,4,4,0
liuxie_shipin__liuxie_39,liuxie_shipin__liuxie_39__part01,文心雕龍·練字,劉勰,43,961,977,淫列義當而不奇，淮別理乖而新異。,淫列义 当 而 不奇 淮 别理 乖 而 新异,淫列义 当 而 不奇 淮 别理 乖 而 新异,9,9,0
liuxie_shipin__liuxie_39,liuxie_shipin__liuxie_39__part01,文心雕龍·練字,劉勰,44,977,1001,《傅毅》制誄，已用淮雨，固知愛奇之心，古今一也。,傅毅 制 诔 已用 淮雨 固知 爱奇 之心 古今 一 也,傅毅 制 诔 已用 淮雨 固 知爱 奇之心 古今 一 也,11,11,1
liuxie_shipin__liuxie_39,liuxie_shipin__liuxie_39__part01,文心雕龍·練字,劉勰,45,1001,1025,史之闕文，聖人所慎，若依義棄奇，則可與正文字矣。,史 之 阙文 圣人 所慎 若 依义 弃奇 则 可 与 正 文字 矣,史 之 阙文 圣人 所慎 若 依义 弃奇 则 可 与 正 文字 矣,14,14,0
liuxie_shipin__liuxie_39,liuxie_shipin__liuxie_39__part01,文心雕龍·練字,劉勰,46,1027,1030,贊曰：,赞 曰,赞 曰,2,2,0
liuxie_shipin__liuxie_39,liuxie_shipin__liuxie_39__part01,文心雕龍·練字,劉勰,47,1032,1042,篆隸相鎔，蒼雅品訓。,篆隶 相 镕 苍雅品 训,篆隶 相 镕 苍雅品 训,5,5,0
liuxie_shipin__liuxie_39,liuxie_shipin__liuxie_39__part01,文心雕龍·練字,劉勰,48,1042,1052,古今殊跡，妍媸異分。,古今 殊迹 妍媸 异分,古今 殊迹 妍媸 异分,4,4,0
liuxie_shipin__liuxie_39,liuxie_shipin__liuxie_39__part01,文心雕龍·練字,劉勰,49,1054,1064,字靡異流，文阻難運。,字靡 异流 文 阻难 运,字靡 异流 文 阻难 运,5,5,0
liuxie_shipin__liuxie_39,liuxie_shipin__liuxie_39__part01,文心雕龍·練字,劉勰,50,1064,1074,聲畫昭精，墨采騰奮。,声画昭精 墨 采腾奋,声画昭精 墨采 腾奋,3,3,1
liuxie_shipin__liuxie_40,liuxie_shipin__liuxie_40__part01,文心雕龍·隱秀,劉勰,0,0,39,夫心術之動遠矣，文情之變深矣，源奧而派生，根盛而穎峻，是以文之英蕤，有秀有隱。,夫 心术 之动远 矣 文情 之变 深 矣 源奥 而 派生 根盛 而颖峻 是 以文 之 英蕤 有秀有 隐,夫 心术 之动远 矣 文情 之变 深 矣 源奥 而 派生 根盛 而颖峻 是 以文 之 英蕤 有秀有 隐,19,19,0
liuxie_shipin__liuxie_40,liuxie_shipin__liuxie_40__part01,文心雕龍·隱秀,劉勰,1,39,51,隱也者，文外之重旨者也；,隐也者 文外 之 重旨 者 也,隐也者 文外 之 重旨 者 也,6,6,0
liuxie_shipin__liuxie_40,liuxie_shipin__liuxie_40__part01,文心雕龍·隱秀,劉勰,2,51,63,秀也者，篇中之獨拔者也。,秀 也 者 篇 中 之 独拔者 也,秀 也 者 篇 中 之 独拔 者 也,8,9,1
liuxie_shipin__liuxie_40,liuxie_shipin__liuxie_40__part01,文心雕龍·隱秀,劉勰,3,63,92,隱以複意為工，秀以卓絕為巧，斯乃舊章之懿績，才情之嘉會也。,隐以 复意 为工 秀以 卓绝 为巧 斯乃 旧章 之懿绩 才情 之嘉会 也,隐以 复意 为工 秀以 卓绝 为巧 斯乃 旧章 之 懿绩 才情 之 嘉会 也,12,14,1
liuxie_shipin__liuxie_40,liuxie_shipin__liuxie_40__part01,文心雕龍·隱秀,劉勰,4,94,131,夫隱之為體，義主文外，秘響傍通，伏采潛發，譬爻象之變互體，川瀆之韞珠玉也。,夫隐 之 为体 义 主文 外 秘响 傍通 伏 采潜发 譬 爻象 之变 互体 川渎 之 韫 珠玉 也,夫隐 之 为体 义 主文 外 秘响 傍通 伏采 潜发 譬 爻象 之变 互体 川渎 之韫 珠玉 也,19,18,1
liuxie_shipin__liuxie_40,liuxie_shipin__liuxie_40__part01,文心雕龍·隱秀,劉勰,5,131,143,故互體變爻，而化成四象；,故互体 变爻 而 化成 四象,故 互体 变爻 而 化成 四象,5,6,1
liuxie_shipin__liuxie_40,liuxie_shipin__liuxie_40__part01,文心雕龍·隱秀,劉勰,6,143,154,珠玉潛水，而瀾表方圓。,珠玉 潜水 而澜表 方圆,珠玉 潜水 而澜表 方圆,4,4,0
liuxie_shipin__liuxie_40,liuxie_shipin__liuxie_40__part01,文心雕龍·隱秀,劉勰,7,154,186,（據叢刊本）始正而末奇，內明而外潤，使翫之者無窮，味之者不厭矣。,据 丛刊 本 始正 而 末奇 内 明 而外 润 使 玩 之者 无穷 味之者 不厌 矣,据 丛刊 本 始正 而 末奇 内明 而外 润 使 玩 之者 无穷 味之者 不厌 矣,17,16,1
liuxie_shipin__liuxie_40,liuxie_shipin__liuxie_40__part01,文心雕龍·隱秀,劉勰,8,186,221,彼波起辭間，是謂之秀，纖手麗音，（纖麗字闕）宛乎逸態，若遠山之浮煙靄；,彼波起 辞间 是 谓之 秀 纤手 丽音 纤丽字 阙 宛乎逸态 若 远山 之浮 烟霭,彼波起 辞间 是 谓之 秀 纤手 丽音 纤丽 字 阙 宛乎 逸态 若 远山 之浮 烟霭,14,16,1
liuxie_shipin__liuxie_40,liuxie_shipin__liuxie_40__part01,文心雕龍·隱秀,劉勰,9,221,228,孌女之靚容華。,娈 女之靓 容华,娈 女之靓 容华,3,3,0
liuxie_shipin__liuxie_40,liuxie_shipin__liuxie_40__part01,文心雕龍·隱秀,劉勰,10,228,240,然煙靄天成，不勞於粧點；,然 烟霭 天成 不劳于 粧 点,然 烟霭 天成 不劳于 粧 点,6,6,0
liuxie_shipin__liuxie_40,liuxie_shipin__liuxie_40__part01,文心雕龍·隱秀,劉勰,11,240,292,容華格定，無待於裁鎔，深淺而各奇，𡢿（字典無𡢿字，應是穠字之誤）纖而俱妙，若揮之則有餘，而攬之則不足矣。,容华格定 无待于 裁 镕 深浅 而 各奇 𡢿 字典 无 𡢿 字 应是 秾 字 之误 纤而俱妙 若挥 之 则 有余 而 揽 之 则 不足 矣,容华 格定 无待于 裁 镕 深浅 而 各奇 𡢿 字典 无 𡢿 字 应是 秾 字 之误 纤而俱妙 若挥 之 则 有余 而 揽 之 则 不足 矣,27,28,1
liuxie_shipin__liuxie_40,liuxie_shipin__liuxie_40__part01,文心雕龍·隱秀,劉勰,12,294,314,夫立意之士，務欲造奇，每馳心於玄默之表；,夫 立意 之士 务欲造 奇 每驰 心于 玄默之表,夫 立意 之士 务欲造 奇 每 驰心 于 玄默之表,8,9,1
liuxie_shipin__liuxie_40,liuxie_shipin__liuxie_40__part01,文心雕龍·隱秀,劉勰,13,314,333,工辭之人，必欲臻美，恆溺思於佳麗之鄉。,工辞 之 人 必欲臻 美 恒溺 思于 佳丽 之 乡,工辞 之 人 必欲臻 美 恒溺 思于 佳丽 之 乡,10,10,0
liuxie_shipin__liuxie_40,liuxie_shipin__liuxie_40__part01,文心雕龍·隱秀,劉勰,14,333,343,嘔心吐膽，不足語窮；,呕心 吐胆 不足 语穷,呕心 吐胆 不足 语穷,4,4,0
liuxie_shipin__liuxie_40,liuxie_shipin__liuxie_40__part01,文心雕龍·隱秀,劉勰,15,343,353,煆歲煉年，奚能喻苦。,煆 岁 炼年 奚能 喻苦,煆 岁 炼年 奚能 喻苦,5,5,0
liuxie_shipin__liuxie_40,liuxie_shipin__liuxie_40__part01,文心雕龍·隱秀,劉勰,16,353,377,故能藏穎詞間，昏迷於庸目，露鋒文外，驚絕乎妙心。,故能 藏颖 词间 昏迷 于庸目 露锋 文外 惊 绝乎 妙心,故能 藏颖 词间 昏迷 于庸目 露锋 文外 惊绝 乎 妙心,10,10,1
liuxie_shipin__liuxie_40,liuxie_shipin__liuxie_40__part01,文心雕龍·隱秀,劉勰,17,377,408,使醞藉者蓄隱而意愉，英銳者抱秀而心悅，譬裁雲製霞，不讓乎天工；,使 酝 借者 蓄 隐而意 愉 英锐 者 抱秀 而 心悦 譬裁云 制霞 不让 乎 天工,使 酝 借者 蓄 隐而意 愉 英锐 者 抱秀 而 心悦 譬 裁云 制霞 不让 乎 天工,16,17,1
liuxie_shipin__liuxie_40,liuxie_shipin__liuxie_40__part01,文心雕龍·隱秀,劉勰,18,408,420,斲卉刻葩，有同乎神匠矣。,斲 卉 刻 葩 有 同乎 神匠 矣,斲 卉 刻 葩 有 同乎 神匠 矣,8,8,0
liuxie_shipin__liuxie_40,liuxie_shipin__liuxie_40__part01,文心雕龍·隱秀,劉勰,19,420,440,若篇中乏隱，等宿儒之無學，或一叩而語窮；,若篇 中乏 隐 等 宿儒 之无学 或 一 叩 而 语穷,若篇 中乏 隐 等 宿儒 之 无学 或 一 叩 而 语穷,11,12,1
liuxie_shipin__liuxie_40,liuxie_shipin__liuxie_40__part01,文心雕龍·隱秀,劉勰,20,440,472,句間鮮秀，如巨室之少珍，（馮本有此二字）若百詰（詰字闕）而色沮；,句间 鲜秀 如 巨室 之少珍 冯本 有 此二字 若百诘 诘 字 阙 而色 沮,句间 鲜秀 如 巨室 之少珍 冯本 有 此二字 若百诘 诘 字 阙 而色 沮,14,14,0
liuxie_shipin__liuxie_40,liuxie_shipin__liuxie_40__part01,文心雕龍·隱秀,劉勰,21,472,489,斯並不足於才思，而亦有媿於文辭矣。,斯 并 不足 于 才思 而 亦 有 媿 于 文辞 矣,斯 并 不足 于 才思 而 亦 有 媿 于 文辞 矣,12,12,0
liuxie_shipin__liuxie_40,liuxie_shipin__liuxie_40__part01,文心雕龍·隱秀,劉勰,22,489,499,將欲徵隱，聊可指篇；,将 欲 征隐 聊可 指篇,将欲 征隐 聊可 指篇,5,4,1
liuxie_shipin__liuxie_40,liuxie_shipin__liuxie_40__part01,文心雕龍·隱秀,劉勰,23,499,523,古詩之離別，樂府之長城，詞怨旨深，而復兼乎比興。,古诗 之 离别 乐府 之 长城 词怨 旨 深 而复 兼乎 比兴,古诗 之 离别 乐府 之 长城 词怨 旨 深 而复 兼乎 比兴,12,12,0
liuxie_shipin__liuxie_40,liuxie_shipin__liuxie_40__part01,文心雕龍·隱秀,劉勰,24,523,547,陳思之黃雀，公幹之青松，格剛才勁，而並長於諷諭；,陈思 之 黄雀 公干 之 青松 格 刚才 劲 而 并 长于 讽谕,陈思 之 黄雀 公干 之 青松 格 刚才 劲 而 并 长于 讽谕,13,13,0
liuxie_shipin__liuxie_40,liuxie_shipin__liuxie_40__part01,文心雕龍·隱秀,劉勰,25,547,571,叔夜之入軍，嗣宗之詠懷，境玄思澹，而獨得乎優閑；,叔夜 之入 军 嗣宗 之 咏怀 境玄思 澹 而 独得乎 优闲,叔夜 之入 军 嗣宗 之 咏怀 境玄思 澹 而 独得 乎 优闲,11,12,1
liuxie_shipin__liuxie_40,liuxie_shipin__liuxie_40__part01,文心雕龍·隱秀,劉勰,26,571,595,士衡之疎放，彭澤之豪逸，心密語澄，而俱適乎壯采。,士衡 之 疎 放 彭泽 之豪逸 心 密语 澄 而 俱 适乎 壮采,士衡 之 疎 放 彭泽 之豪逸 心 密语 澄 而 俱 适乎 壮采,13,13,0
liuxie_shipin__liuxie_40,liuxie_shipin__liuxie_40__part01,文心雕龍·隱秀,劉勰,27,595,605,如欲辨秀，亦惟摘句：,如欲辨秀 亦 惟 摘句,如欲辨秀 亦 惟 摘句,4,4,0
liuxie_shipin__liuxie_40,liuxie_shipin__liuxie_40__part01,文心雕龍·隱秀,劉勰,28,618,633,，意悽而詞婉，此匹婦之無聊也。,意 凄而 词婉 此匹妇 之 无聊 也,意 凄而 词婉 此 匹妇 之 无聊 也,7,8,1
liuxie_shipin__liuxie_40,liuxie_shipin__liuxie_40__part01,文心雕龍·隱秀,劉勰,29,646,661,，志高而言壯，此丈夫之不遂也。,志高 而言 壮 此 丈夫 之 不遂 也,志高 而言 壮 此 丈夫 之 不遂 也,8,8,0
liuxie_shipin__liuxie_40,liuxie_shipin__liuxie_40__part01,文心雕龍·隱秀,劉勰,30,674,689,，心孤而情懼，此閨房之悲極也。,心孤而 情惧 此 闺房 之 悲极 也,心孤而 情惧 此 闺房 之 悲极 也,7,7,0
liuxie_shipin__liuxie_40,liuxie_shipin__liuxie_40__part01,文心雕龍·隱秀,劉勰,31,704,719,，氣寒而事傷，此覉旅之怨曲也。,气 寒而事伤 此 覉 旅 之 怨曲 也,气 寒而事伤 此 覉 旅 之 怨曲 也,8,8,0
liuxie_shipin__liuxie_40,liuxie_shipin__liuxie_40__part01,文心雕龍·隱秀,劉勰,32,719,730,凡文集勝篇，不盈十一；,凡 文集 胜篇 不盈 十一,凡 文集 胜篇 不盈 十一,5,5,0
liuxie_shipin__liuxie_40,liuxie_shipin__liuxie_40__part01,文心雕龍·隱秀,劉勰,33,730,740,篇章秀句，裁可百二；,篇章 秀句 裁可 百二,篇章 秀句 裁可 百二,4,4,0
liuxie_shipin__liuxie_40,liuxie_shipin__liuxie_40__part01,文心雕龍·隱秀,劉勰,34,740,755,並思合而自逢，非研慮之所求也。,并思合 而 自逢 非 研虑 之 所求 也,并思合 而 自逢 非 研虑 之 所求 也,8,8,0
liuxie_shipin__liuxie_40,liuxie_shipin__liuxie_40__part01,文心雕龍·隱秀,劉勰,35,755,778,或有晦塞為深，雖奧，非隱雕削取巧，雖美非秀矣。,或 有 晦塞为 深 虽奥 非隐 雕削 取巧 虽美 非秀 矣,或 有 晦塞为 深 虽奥 非隐 雕削 取巧 虽美 非秀 矣,11,11,0
liuxie_shipin__liuxie_40,liuxie_shipin__liuxie_40__part01,文心雕龍·隱秀,劉勰,36,778,805,故自然會妙，譬卉木之耀英華，潤色取美，譬繒帛之染朱綠。,故 自然 会妙 譬卉 木之耀 英华 润色 取美 譬缯 帛 之染 朱绿,故 自然 会妙 譬卉 木之耀 英华 润色 取美 譬 缯帛 之染 朱绿,12,12,1
liuxie_shipin__liuxie_40,liuxie_shipin__liuxie_40__part01,文心雕龍·隱秀,劉勰,37,805,815,朱綠染繒，深而繁鮮；,朱绿染 缯 深而 繁鲜,朱绿 染缯 深而 繁鲜,4,4,1
liuxie_shipin__liuxie_40,liuxie_shipin__liuxie_40__part01,文心雕龍·隱秀,劉勰,38,815,825,英華曜樹，淺而煒燁；,英华 曜 树 浅而炜烨,英 华曜 树 浅 而 炜烨,4,6,1
liuxie_shipin__liuxie_40,liuxie_shipin__liuxie_40__part01,文心雕龍·隱秀,劉勰,39,825,838,秀句所以照文苑，葢以此也。,秀句 所以 照 文苑 葢 以此 也,秀句 所以 照 文苑 葢 以此 也,7,7,0
liuxie_shipin__liuxie_40,liuxie_shipin__liuxie_40__part01,文心雕龍·隱秀,劉勰,40,840,843,贊曰：,赞 曰,赞 曰,2,2,0
liuxie_shipin__liuxie_40,liuxie_shipin__liuxie_40__part01,文心雕龍·隱秀,劉勰,41,845,855,深文隱蔚，餘味曲包。,深文 隐蔚 余味 曲包,深文 隐蔚 余味 曲包,4,4,0
liuxie_shipin__liuxie_40,liuxie_shipin__liuxie_40__part01,文心雕龍·隱秀,劉勰,42,855,865,辭生互體，有似變爻。,辞生 互体 有 似变 爻,辞生 互体 有 似变 爻,5,5,0
liuxie_shipin__liuxie_40,liuxie_shipin__liuxie_40__part01,文心雕龍·隱秀,劉勰,43,867,877,言之秀矣，萬慮一交。,言之秀 矣 万虑 一交,言之秀 矣 万虑 一交,4,4,0
liuxie_shipin__liuxie_40,liuxie_shipin__liuxie_40__part01,文心雕龍·隱秀,劉勰,44,877,887,動心驚耳，逸響笙匏。,动 心惊 耳 逸响 笙 匏,动 心惊 耳 逸响 笙 匏,6,6,0
liuxie_shipin__liuxie_41,liuxie_shipin__liuxie_41__part01,文心雕龍·指瑕,劉勰,0,0,23,管仲有言：「無翼而飛者聲也，無根而固者情也。」,管仲 有言 无翼而飞 者 声 也 无根而固 者 情 也,管仲 有言 无翼而飞 者 声 也 无根而固 者 情 也,10,10,0
liuxie_shipin__liuxie_41,liuxie_shipin__liuxie_41__part01,文心雕龍·指瑕,劉勰,1,23,35,然則聲不假翼，其飛甚易；,然则 声不假翼 其飞 甚易,然则 声不假翼 其飞 甚易,4,4,0
liuxie_shipin__liuxie_41,liuxie_shipin__liuxie_41__part01,文心雕龍·指瑕,劉勰,2,35,45,情不待根，其固匪難；,情不待 根 其固匪 难,情不待 根 其固 匪难,4,4,1
liuxie_shipin__liuxie_41,liuxie_shipin__liuxie_41__part01,文心雕龍·指瑕,劉勰,3,45,55,以之垂文，可不慎歟！,以 之 垂文 可 不慎 欤,以 之 垂文 可 不慎 欤,6,6,0
liuxie_shipin__liuxie_41,liuxie_shipin__liuxie_41__part01,文心雕龍·指瑕,劉勰,4,55,65,古來文才，異世爭驅；,古来 文才 异世争 驱,古来 文才 异世 争驱,4,4,1
liuxie_shipin__liuxie_41,liuxie_shipin__liuxie_41__part01,文心雕龍·指瑕,劉勰,5,65,90,或逸才以爽迅，或精思以纖密，而慮動難圓，鮮無瑕病。,或 逸才 以爽迅 或 精思以 纤密 而虑 动难 圆 鲜 无瑕 病,或 逸才 以爽迅 或 精思以 纤密 而虑 动难 圆 鲜 无瑕 病,12,12,0
liuxie_shipin__liuxie_41,liuxie_shipin__liuxie_41__part01,文心雕龍·指瑕,劉勰,6,92,114,陳思之文，羣才之俊也，而武帝誄云，尊靈永蟄；,陈思之文 群才 之俊 也 而 武帝 诔 云 尊灵永蛰,陈思 之文 群才 之俊 也 而 武帝 诔 云 尊灵 永蛰,9,11,1
liuxie_shipin__liuxie_41,liuxie_shipin__liuxie_41__part01,文心雕龍·指瑕,劉勰,7,114,124,明帝頌云，聖體浮輕。,明帝 颂云 圣体 浮轻,明帝 颂云 圣体 浮轻,4,4,0
liuxie_shipin__liuxie_41,liuxie_shipin__liuxie_41__part01,文心雕龍·指瑕,劉勰,8,124,150,浮輕有似於胡蝶，永蟄頗疑於昆蟲，施之尊極，豈其當乎！,浮轻 有 似于 胡蝶 永蛰 颇 疑于 昆虫 施之尊 极 岂 其 当乎,浮轻 有 似于 胡蝶 永蛰 颇 疑于 昆虫 施之 尊极 岂其 当乎,13,12,1
liuxie_shipin__liuxie_41,liuxie_shipin__liuxie_41__part01,文心雕龍·指瑕,劉勰,9,150,172,左思七諷，說孝而不從，反道若斯，餘不足觀矣。,左思 七讽 说 孝 而 不 从 反道 若斯 余 不足 观矣,左思 七讽 说 孝 而 不从 反道 若斯 余 不足 观矣,12,11,1
liuxie_shipin__liuxie_41,liuxie_shipin__liuxie_41__part01,文心雕龍·指瑕,劉勰,10,172,203,潘岳為才，善於哀文，然悲內兄，則云感口澤，傷弱子，則云心如疑。,潘岳 为 才 善于 哀文 然悲 内兄 则 云 感口泽 伤弱子 则 云心 如疑,潘岳 为 才 善于 哀文 然悲 内兄 则 云感 口泽 伤弱子 则 云心 如疑,14,14,1
liuxie_shipin__liuxie_41,liuxie_shipin__liuxie_41__part01,文心雕龍·指瑕,劉勰,11,203,225,禮文在尊極，而施之下流，辭雖足哀，義斯替矣。,礼文 在 尊极 而施 之下 流 辞 虽足 哀 义斯替 矣,礼文 在 尊极 而施 之下 流 辞 虽足 哀 义斯替 矣,11,11,0
liuxie_shipin__liuxie_41,liuxie_shipin__liuxie_41__part01,文心雕龍·指瑕,劉勰,12,225,263,若夫君子擬人必於其倫，而崔瑗之誄李公，比行於黃虞，向秀之賦嵇生，方罪於李斯；,若 夫君子 拟人 必于 其伦 而 崔瑗 之 诔 李公 比行 于 黄虞 向秀之赋 嵇生 方罪 于 李斯,若 夫君子 拟人 必于 其伦 而 崔瑗 之 诔 李公 比行 于 黄虞 向秀之赋 嵇生 方罪 于 李斯,18,18,0
liuxie_shipin__liuxie_41,liuxie_shipin__liuxie_41__part01,文心雕龍·指瑕,劉勰,13,263,285,與其失也，雖寧僣無濫，然高厚之詩，不類甚矣。,与其 失 也 虽宁 僣 无滥 然高厚 之 诗 不类 甚 矣,与其 失 也 虽宁 僣 无滥 然高厚 之 诗 不类 甚 矣,12,12,0
liuxie_shipin__liuxie_41,liuxie_shipin__liuxie_41__part01,文心雕龍·指瑕,劉勰,14,285,317,凡巧言易標，拙辭難隱，斯言之玷，實深白圭，繁例難載，故略舉四條。,凡 巧言 易标 拙辞 难隐 斯言 之 玷 实深 白圭 繁例 难载 故略举 四条,凡 巧言 易标 拙辞 难隐 斯言 之 玷 实深 白圭 繁例 难载 故略举 四条,14,14,0
liuxie_shipin__liuxie_41,liuxie_shipin__liuxie_41__part01,文心雕龍·指瑕,劉勰,15,319,331,若夫立文之道，惟字與義。,若夫 立文之道 惟字 与 义,若夫 立文之道 惟字 与 义,5,5,0
liuxie_shipin__liuxie_41,liuxie_shipin__liuxie_41__part01,文心雕龍·指瑕,劉勰,16,331,381,字以訓正，義以理宣，而晉末篇章，依希其旨，始有賞際奇至之言，終無撫叩酬即之語，每單舉一字，指以為情。,字以 训正 义以 理宣 而 晋末 篇章 依希其旨 始有 赏际奇 至 之言 终无抚 叩酬 即 之语 每 单举 一字 指 以为 情,字以 训正 义以 理宣 而 晋末 篇章 依希其旨 始有 赏际 奇至 之言 终无 抚叩 酬即 之语 每 单举 一字 指 以为 情,22,22,1
liuxie_shipin__liuxie_41,liuxie_shipin__liuxie_41__part01,文心雕龍·指瑕,劉勰,17,381,392,夫賞訓錫賚，豈關心解；,夫赏 训锡赉 岂 关心 解,夫赏训 锡赉 岂 关心 解,5,5,1
liuxie_shipin__liuxie_41,liuxie_shipin__liuxie_41__part01,文心雕龍·指瑕,劉勰,18,392,402,撫訓執握，何預情理；,抚训 执握 何预 情理,抚训 执握 何预 情理,4,4,0
liuxie_shipin__liuxie_41,liuxie_shipin__liuxie_41__part01,文心雕龍·指瑕,劉勰,19,402,440,雅頌未聞，漢魏莫用，懸領似如可辯，課文了不成義，斯實情訛之所變，文澆之致弊。,雅颂 未闻 汉魏 莫用 悬领 似如 可辩 课文 了 不成 义 斯 实情 讹 之 所变 文浇之致 弊,雅颂 未闻 汉魏 莫用 悬领 似如 可辩 课文 了 不成 义 斯 实情 讹 之 所变 文浇 之致 弊,18,19,1
liuxie_shipin__liuxie_41,liuxie_shipin__liuxie_41__part01,文心雕龍·指瑕,劉勰,20,440,461,而宋來才英，未之或改，舊染成俗，非一朝也。,而 宋来 才 英 未 之 或 改 旧 染成 俗 非 一朝 也,而 宋来 才 英 未 之 或 改 旧染 成俗 非 一朝 也,14,13,1
liuxie_shipin__liuxie_41,liuxie_shipin__liuxie_41__part01,文心雕龍·指瑕,劉勰,21,463,498,近代辭人，率多猜忌，至乃比語求媸，反音取瑕，雖不屑於古，而有擇於今焉。,近代 辞人 率多 猜忌 至 乃 比 语求 媸 反音取 瑕 虽 不屑于 古 而 有择 于今 焉,近代 辞人 率多 猜忌 至 乃 比 语求 媸 反音取 瑕 虽 不屑于 古 而 有择 于今 焉,18,18,0
liuxie_shipin__liuxie_41,liuxie_shipin__liuxie_41__part01,文心雕龍·指瑕,劉勰,22,498,530,又製同他文，理宜刪革，若排人美辭，以為己力，寳玉大弓，終非其有。,又 制同 他文 理宜 删革 若排 人美辞 以为 己力 寳 玉大弓 终非 其有,又 制同 他文 理宜 删革 若排 人美辞 以为 己力 寳 玉大弓 终非 其有,13,13,0
liuxie_shipin__liuxie_41,liuxie_shipin__liuxie_41__part01,文心雕龍·指瑕,劉勰,23,530,556,全寫則揭篋，傍采則探囊，然世遠者太輕，時同者為尤矣。,全写 则 揭 箧 傍 采则 探囊 然世远者 太轻 时同者 为 尤 矣,全写 则 揭箧 傍 采则 探囊 然世远者 太轻 时同者 为 尤 矣,13,12,1
liuxie_shipin__liuxie_41,liuxie_shipin__liuxie_41__part01,文心雕龍·指瑕,劉勰,24,558,584,若夫注解為書，所以明正事理，然謬於研求，或率意而斷。,若夫 注解 为书 所以 明正 事理 然谬 于 研求 或 率意 而断,若夫 注解 为书 所以 明正 事理 然谬 于 研求 或 率意 而断,12,12,0
liuxie_shipin__liuxie_41,liuxie_shipin__liuxie_41__part01,文心雕龍·指瑕,劉勰,25,584,617,《西京賦》稱中黃育獲之疇，而薛綜謬注謂之閹尹，是不聞執雕虎之人也。,西京赋 称中 黄育 获之畴 而 薛 综谬 注 谓之 阉尹 是 不闻 执雕 虎 之 人 也,西京赋 称 中黄 育获 之畴 而 薛 综谬 注 谓之 阉尹 是 不闻 执雕 虎 之 人 也,17,18,1
liuxie_shipin__liuxie_41,liuxie_shipin__liuxie_41__part01,文心雕龍·指瑕,劉勰,26,617,629,又《周禮》井賦舊有疋馬；,又 周礼 井赋 旧有 疋 马,又 周礼 井赋 旧有 疋马,6,5,1
liuxie_shipin__liuxie_41,liuxie_shipin__liuxie_41__part01,文心雕龍·指瑕,劉勰,27,629,649,而應劭釋疋，或量首數蹄，斯豈辯物之要哉！,而 应劭释 疋 或量 首数 蹄 斯 岂 辩物 之 要 哉,而 应劭释 疋 或量 首数 蹄 斯 岂 辩物 之 要 哉,12,12,0
liuxie_shipin__liuxie_41,liuxie_shipin__liuxie_41__part01,文心雕龍·指瑕,劉勰,28,649,673,原夫古之正名，車兩而馬疋，疋兩稱目，以並耦為用。,原夫古 之 正名 车 两而马 疋 疋 两 称目 以 并 耦为 用,原夫古 之 正名 车两 而 马疋 疋 两 称目 以 并耦 为用,13,12,1
liuxie_shipin__liuxie_41,liuxie_shipin__liuxie_41__part01,文心雕龍·指瑕,劉勰,29,673,707,蓋車貳佐乘，馬儷驂服，服乘不隻，故名號必雙，名號一正，則雖單為疋矣。,盖车 贰 佐 乘 马俪 骖 服 服乘 不 只 故 名号 必双 名号 一 正 则 虽 单为 疋 矣,盖车 贰佐 乘 马俪 骖服 服乘 不只 故 名号 必双 名号 一 正 则 虽 单为 疋 矣,21,18,1
liuxie_shipin__liuxie_41,liuxie_shipin__liuxie_41__part01,文心雕龍·指瑕,劉勰,30,707,717,疋夫疋婦，亦配義矣。,疋夫 疋妇 亦 配义 矣,疋夫疋妇 亦 配义 矣,5,4,1
liuxie_shipin__liuxie_41,liuxie_shipin__liuxie_41__part01,文心雕龍·指瑕,劉勰,31,717,729,夫車馬小義，而歷代莫悟；,夫 车马 小 义 而 历代 莫悟,夫 车马 小义 而 历代 莫悟,7,6,1
liuxie_shipin__liuxie_41,liuxie_shipin__liuxie_41__part01,文心雕龍·指瑕,劉勰,32,729,740,辭賦近事，而千里致差；,辞赋 近事 而 千里 致差,辞赋 近事 而 千里 致差,5,5,0
liuxie_shipin__liuxie_41,liuxie_shipin__liuxie_41__part01,文心雕龍·指瑕,劉勰,33,740,751,况鑽灼經典，能不謬哉！,况 钻 灼 经典 能不谬 哉,况 钻灼 经典 能不谬 哉,6,5,1
liuxie_shipin__liuxie_41,liuxie_shipin__liuxie_41__part01,文心雕龍·指瑕,劉勰,34,751,777,夫辯言而數首蹄，選勇而驅閹尹，失理太甚，故舉以為戒。,夫辩言 而 数首 蹄 选勇 而 驱 阉尹 失理 太甚 故举 以为 戒,夫 辩言 而 数首 蹄 选勇 而 驱 阉尹 失理 太甚 故举 以为 戒,13,14,1
liuxie_shipin__liuxie_41,liuxie_shipin__liuxie_41__part01,文心雕龍·指瑕,劉勰,35,777,810,丹青初炳而後渝，文章歲久而彌光，若能櫽括於一朝，可以無慚於千載也。,丹青 初炳 而后 渝 文章 岁 久 而弥光 若 能 櫽 括 于 一朝 可以 无惭于 千载 也,丹青 初炳 而后 渝 文章 岁 久 而弥光 若 能 櫽 括 于 一朝 可以 无惭 于 千载 也,18,19,1
liuxie_shipin__liuxie_41,liuxie_shipin__liuxie_41__part01,文心雕龍·指瑕,劉勰,36,812,815,贊曰：,赞 曰,赞 曰,2,2,0
liuxie_shipin__liuxie_41,liuxie_shipin__liuxie_41__part01,文心雕龍·指瑕,劉勰,37,817,827,羿氏舛射，東野敗駕。,羿氏 舛 射 东野败驾,羿氏 舛 射 东野败驾,4,4,0
liuxie_shipin__liuxie_41,liuxie_shipin__liuxie_41__part01,文心雕龍·指瑕,劉勰,38,827,837,雖有儁才，謬則多謝。,虽有俊才 谬则 多谢,虽有俊才 谬则 多谢,3,3,0
liuxie_shipin__liuxie_41,liuxie_shipin__liuxie_41__part01,文心雕龍·指瑕,劉勰,39,839,849,斯言一玷，千載弗化。,斯言 一 玷 千载 弗化,斯言 一 玷 千载 弗化,5,5,0
liuxie_shipin__liuxie_41,liuxie_shipin__liuxie_41__part01,文心雕龍·指瑕,劉勰,40,849,859,令章靡疚，亦善之亞。,令章靡疚 亦 善 之亚,令章靡疚 亦 善 之亚,4,4,0
liuxie_shipin__liuxie_42,liuxie_shipin__liuxie_42__part01,文心雕龍·養氣,劉勰,0,0,22,昔王充著述，制養氣之篇，驗己而作，豈虛造哉！,昔 王充 著述 制养 气 之篇 验己 而作 岂 虚造 哉,昔 王充 著述 制养 气 之篇 验己 而作 岂 虚造 哉,11,11,0
liuxie_shipin__liuxie_42,liuxie_shipin__liuxie_42__part01,文心雕龍·養氣,劉勰,1,22,33,夫耳目鼻口，生之役也；,夫 耳目 鼻口 生之役 也,夫 耳目 鼻口 生之役 也,5,5,0
liuxie_shipin__liuxie_42,liuxie_shipin__liuxie_42__part01,文心雕龍·養氣,劉勰,2,33,43,心慮言辭，神之用也。,心虑 言辞 神 之用 也,心虑 言辞 神 之用 也,5,5,0
liuxie_shipin__liuxie_42,liuxie_shipin__liuxie_42__part01,文心雕龍·養氣,劉勰,3,43,55,率志委和，則理融而情暢；,率志委 和 则 理融 而 情畅,率志委 和 则 理融 而 情畅,6,6,0
liuxie_shipin__liuxie_42,liuxie_shipin__liuxie_42__part01,文心雕龍·養氣,劉勰,4,55,67,鑽礪過分，則神疲而氣衰；,钻砺 过分 则 神疲而 气 衰,钻砺 过分 则 神疲而 气 衰,6,6,0
liuxie_shipin__liuxie_42,liuxie_shipin__liuxie_42__part01,文心雕龍·養氣,劉勰,5,67,74,此性情之數也。,此 性情 之数 也,此 性情 之数 也,4,4,0
liuxie_shipin__liuxie_42,liuxie_shipin__liuxie_42__part01,文心雕龍·養氣,劉勰,6,74,86,夫三皇辭質，心絕於道華；,夫 三皇 辞质 心绝 于 道华,夫 三皇 辞质 心绝 于 道华,6,6,0
liuxie_shipin__liuxie_42,liuxie_shipin__liuxie_42__part01,文心雕龍·養氣,劉勰,7,86,97,帝世始文，言貴於敷奏；,帝世始 文 言贵于 敷 奏,帝世始 文 言贵于 敷 奏,5,5,0
liuxie_shipin__liuxie_42,liuxie_shipin__liuxie_42__part01,文心雕龍·養氣,劉勰,8,97,121,三代春秋，雖沿世彌縟，竝適分胸臆，非牽課才外也。,三代 春秋 虽 沿世弥缛 竝 适分 胸臆 非 牵课 才 外 也,三代 春秋 虽 沿世弥缛 竝 适分 胸臆 非 牵课 才 外 也,12,12,0
liuxie_shipin__liuxie_42,liuxie_shipin__liuxie_42__part01,文心雕龍·養氣,劉勰,9,121,131,戰代技詐，攻奇飾說；,战代技诈 攻奇饰 说,战代 技诈 攻奇 饰说,3,4,1
liuxie_shipin__liuxie_42,liuxie_shipin__liuxie_42__part01,文心雕龍·養氣,劉勰,10,131,151,漢世迄今，辭務日新，爭光鬻采，慮亦竭矣。,汉世 迄今 辞务日 新 争光 鬻 采 虑 亦 竭 矣,汉世 迄今 辞务日 新 争光 鬻 采 虑 亦 竭 矣,11,11,0
liuxie_shipin__liuxie_42,liuxie_shipin__liuxie_42__part01,文心雕龍·養氣,劉勰,11,151,166,故淳言以比澆辭，文質懸乎千載；,故淳言以 比浇辞 文质 悬乎 千载,故淳言以 比浇辞 文质 悬乎 千载,5,5,0
liuxie_shipin__liuxie_42,liuxie_shipin__liuxie_42__part01,文心雕龍·養氣,劉勰,12,166,180,率志以方竭情，勞逸差於萬里；,率志 以方 竭情 劳逸 差于 万里,率志 以方 竭情 劳逸 差于 万里,6,6,0
liuxie_shipin__liuxie_42,liuxie_shipin__liuxie_42__part01,文心雕龍·養氣,劉勰,13,180,195,古人所以餘裕，後進所以莫遑也。,古人 所以 余裕 后进 所以 莫 遑 也,古人 所以 余裕 后进 所以 莫 遑 也,8,8,0
liuxie_shipin__liuxie_42,liuxie_shipin__liuxie_42__part01,文心雕龍·養氣,劉勰,14,197,247,凡童少鑒淺而志盛，長艾識堅而氣衰，志盛者思銳以勝勞，氣衰者慮密以傷神，斯實中人之常資，歲時之大較也。,凡童 少鉴 浅 而志盛 长艾识 坚而 气 衰 志 盛者 思锐 以胜劳 气 衰者虑 密以 伤神 斯实 中人 之常资 岁 时 之大较 也,凡童 少鉴 浅 而志盛 长艾 识坚 而 气 衰 志 盛者 思锐 以胜劳 气 衰者虑 密以 伤神 斯实 中人 之常资 岁时 之 大较 也,23,24,1
liuxie_shipin__liuxie_42,liuxie_shipin__liuxie_42__part01,文心雕龍·養氣,劉勰,15,247,296,若夫器分有限，智用無涯，或慚鳧企鶴，瀝辭鐫思，於是精氣內銷，有似尾閭之波，神志外傷，同乎牛山之木；,若夫 器分 有限 智用 无涯 或 惭凫企鹤 沥辞 镌思 于是 精 气 内销 有似 尾闾 之波 神志 外伤 同乎 牛山 之木,若夫 器分 有限 智用 无涯 或 惭凫企鹤 沥辞 镌思 于是 精 气 内销 有似 尾闾 之波 神志 外伤 同乎 牛山 之木,21,21,0
liuxie_shipin__liuxie_42,liuxie_shipin__liuxie_42__part01,文心雕龍·養氣,劉勰,16,296,307,怛惕之盛疾，亦可推矣。,怛 惕 之 盛疾 亦可 推矣,怛 惕 之 盛疾 亦可 推矣,6,6,0
liuxie_shipin__liuxie_42,liuxie_shipin__liuxie_42__part01,文心雕龍·養氣,劉勰,17,307,339,至如仲任置硯以綜述，敬通懷筆以專業，既暄之以歲序，又煎之以日時；,至 如仲任 置 砚 以 综述 敬通 怀笔 以 专业 既暄 之 以 岁序 又 煎 之 以 日时,至 如仲任 置 砚 以 综述 敬通 怀笔 以 专业 既暄 之 以 岁序 又 煎 之 以 日时,19,19,0
liuxie_shipin__liuxie_42,liuxie_shipin__liuxie_42__part01,文心雕龍·養氣,劉勰,18,339,364,是以曹公懼為文之傷命，陸雲歎用思之困神，非虛談也。,是 以 曹公惧 为 文之伤 命 陆云叹 用思 之 困神 非虚 谈 也,是 以 曹公惧 为 文 之 伤命 陆云叹 用思 之 困神 非虚 谈 也,13,14,1
liuxie_shipin__liuxie_42,liuxie_shipin__liuxie_42__part01,文心雕龍·養氣,劉勰,19,366,414,夫學業在勤，功庸弗怠，故有錐股自厲，和熊以苦之人，志於文也，則申寫鬱滯，故宜從容率情，優柔適會。,夫 学业 在 勤 功庸弗怠 故有 锥股 自厉 和 熊以 苦之人 志于 文 也 则 申写 郁滞 故宜 从容 率情 优柔 适会,夫 学业 在 勤 功庸弗怠 故有 锥股 自厉 和 熊以 苦之人 志于 文 也 则 申写 郁滞 故宜 从容 率情 优柔 适会,22,22,0
liuxie_shipin__liuxie_42,liuxie_shipin__liuxie_42__part01,文心雕龍·養氣,劉勰,20,414,451,若銷鑠精膽，蹙迫和氣，秉牘以驅齡，灑翰以伐性，豈聖賢之素心，會文之直理哉！,若 销铄 精胆 蹙迫 和 气 秉牍 以 驱龄 洒翰 以伐性 岂 圣贤 之 素心 会文 之 直理 哉,若 销铄 精胆 蹙迫 和 气 秉牍 以 驱龄 洒翰 以伐性 岂 圣贤 之 素心 会文 之 直理 哉,19,19,0
liuxie_shipin__liuxie_42,liuxie_shipin__liuxie_42__part01,文心雕龍·養氣,劉勰,21,453,485,且夫思有利鈍，時有通塞，沐則心覆，且或反常，神之方昏，再三愈黷。,且 夫思有 利钝 时有 通塞 沐 则 心覆 且 或 反常 神之方昏 再三 愈 黩,且 夫思有 利钝 时有 通塞 沐 则 心覆 且 或 反常 神之方昏 再三 愈 黩,15,15,0
liuxie_shipin__liuxie_42,liuxie_shipin__liuxie_42__part01,文心雕龍·養氣,劉勰,22,485,588,是以吐納文蓺，務在節宣，清和其心，條暢其氣，煩而即捨，勿使壅滯，意得則舒懷以命筆，理伏則投筆以卷懷，逍遙以針勞，談笑以藥勌，常弄閑於才鋒，賈餘於文勇，使刃發如新，湊理無滯，雖非胎息之邁術，斯亦衛氣之一方也。,是 以 吐纳 文 蓺 务 在 节宣 清 和 其心 条畅 其 气 烦而 即舍 勿 使 壅 滞 意得 则 舒怀 以 命笔 理伏 则 投笔 以卷 怀 逍遥 以 针劳 谈笑 以药 勌 常弄 闲于 才 锋 贾余于 文勇 使刃 发如新 凑理 无滞 虽非 胎息 之 迈术 斯亦卫 气 之 一方 也,是 以 吐纳 文 蓺 务 在 节宣 清 和 其心 条畅 其 气 烦而 即舍 勿 使 壅滞 意得 则 舒怀 以 命笔 理伏 则 投笔 以 卷怀 逍遥 以 针劳 谈笑 以药 勌 常弄 闲于 才锋 贾余 于 文勇 使刃 发如新 凑理 无滞 虽非 胎息 之 迈术 斯亦卫 气 之 一方 也,55,54,1
liuxie_shipin__liuxie_42,liuxie_shipin__liuxie_42__part01,文心雕龍·養氣,劉勰,23,590,593,贊曰：,赞 曰,赞 曰,2,2,0
liuxie_shipin__liuxie_42,liuxie_shipin__liuxie_42__part01,文心雕龍·養氣,劉勰,24,595,605,紛哉萬象，勞矣千想。,纷哉 万象 劳矣 千想,纷哉 万象 劳矣 千想,4,4,0
liuxie_shipin__liuxie_42,liuxie_shipin__liuxie_42__part01,文心雕龍·養氣,劉勰,25,605,615,元神宜寶，素氣資養。,元神 宜宝 素 气 资养,元神 宜宝 素 气 资养,5,5,0
liuxie_shipin__liuxie_42,liuxie_shipin__liuxie_42__part01,文心雕龍·養氣,劉勰,26,617,627,水停以鑒，火靜而朗。,水停 以鉴 火静 而朗,水停 以鉴 火静 而朗,4,4,0
liuxie_shipin__liuxie_42,liuxie_shipin__liuxie_42__part01,文心雕龍·養氣,劉勰,27,627,637,無擾文慮，鬱此精爽。,无扰 文虑 郁此 精爽,无扰 文虑 郁此 精爽,4,4,0
liuxie_shipin__liuxie_43,liuxie_shipin__liuxie_43__part01,文心雕龍·附會,劉勰,0,0,5,何謂附會？,何谓 附会,何谓 附会,2,2,0
liuxie_shipin__liuxie_43,liuxie_shipin__liuxie_43__part01,文心雕龍·附會,劉勰,1,5,35,謂總文理，統首尾，定與奪，合涯際，彌綸一篇，使雜而不越者也。,谓 总 文理 统 首尾 定 与 夺 合 涯际 弥纶 一篇 使杂 而 不 越者 也,谓 总 文理 统 首尾 定 与夺 合 涯际 弥纶 一篇 使杂 而 不 越者 也,17,16,1
liuxie_shipin__liuxie_43,liuxie_shipin__liuxie_43__part01,文心雕龍·附會,劉勰,2,35,51,若築室之須基構，裁衣之待縫緝矣。,若 筑室 之须 基构 裁衣 之待 缝 缉 矣,若 筑室 之须 基构 裁衣 之待 缝缉 矣,9,8,1
liuxie_shipin__liuxie_43,liuxie_shipin__liuxie_43__part01,文心雕龍·附會,劉勰,3,51,110,夫才量學文，宜正體製，必以情志為神明，事義為骨髓，辭采為肌膚，宮商為聲氣，然後品藻元黃，摛振金玉，獻可替否，以裁厥中。,夫才量 学文 宜正 体制 必以 情志 为 神明 事义 为 骨髓 辞 采为 肌肤 宫商 为 声 气 然后 品藻 元 黄 摛 振 金玉 献可替否 以裁厥 中,夫才量 学文 宜正 体制 必以 情志 为 神明 事义 为 骨髓 辞采 为 肌肤 宫商 为声 气 然后 品藻 元 黄 摛 振 金玉 献可替否 以裁厥 中,28,27,1
liuxie_shipin__liuxie_43,liuxie_shipin__liuxie_43__part01,文心雕龍·附會,劉勰,4,110,118,斯綴思之恆數也。,斯缀 思之恒数 也,斯 缀思 之 恒数 也,3,5,1
liuxie_shipin__liuxie_43,liuxie_shipin__liuxie_43__part01,文心雕龍·附會,劉勰,5,120,169,凡大體文章，類多枝派，整派者依源，理枝者循幹，是以附辭會義，務總綱領，驅萬塗於同歸，貞百慮於一致；,凡 大体 文章 类 多枝 派 整派 者 依源 理枝者 循干 是 以 附辞会义 务 总 纲领 驱万涂 于 同归 贞百虑 于 一致,凡 大体 文章 类 多枝 派 整派 者 依源 理枝者 循干 是 以 附辞会义 务 总纲领 驱万涂 于 同归 贞 百虑 于 一致,23,23,1
liuxie_shipin__liuxie_43,liuxie_shipin__liuxie_43__part01,文心雕龍·附會,劉勰,6,169,194,使衆理雖繁，而無倒置之乖，群言雖多，而無棼絲之亂；,使众理 虽繁 而 无 倒置 之乖 群言 虽多 而 无 棼 丝之乱,使 众理 虽繁 而 无 倒置 之乖 群言 虽多 而 无 棼丝 之乱,12,13,1
liuxie_shipin__liuxie_43,liuxie_shipin__liuxie_43__part01,文心雕龍·附會,劉勰,7,194,223,扶陽而出條，順陰而藏跡，首尾周密，表裏一體，此附會之術也。,扶阳 而 出条 顺阴而藏迹 首尾 周密 表里 一体 此 附会 之术 也,扶阳 而 出条 顺阴 而藏迹 首尾 周密 表里 一体 此 附会 之术 也,12,13,1
liuxie_shipin__liuxie_43,liuxie_shipin__liuxie_43__part01,文心雕龍·附會,劉勰,8,223,250,夫畫者謹髮而易貌，射者儀毫而失牆，銳精細巧，必疎體統。,夫画者 谨 发而易貌 射者 仪毫 而 失墙 锐 精细 巧 必 疎 体统,夫画者 谨 发而易貌 射者 仪毫 而 失墙 锐精 细巧 必 疎 体统,13,12,1
liuxie_shipin__liuxie_43,liuxie_shipin__liuxie_43__part01,文心雕龍·附會,劉勰,9,250,284,故宜詘寸以信尺，枉尺以直尋，棄偏善之巧，學具美之績，此命篇之經略也。,故宜 诎 寸 以 信尺 枉尺 以直 寻 弃 偏善 之巧 学具 美之绩 此命 篇 之 经略 也,故宜 诎 寸 以 信尺 枉尺 以直 寻 弃 偏善 之巧 学具 美之绩 此命 篇 之 经略 也,18,18,0
liuxie_shipin__liuxie_43,liuxie_shipin__liuxie_43__part01,文心雕龍·附會,劉勰,10,286,317,夫文變無方，意見浮雜，約則義孤，博則辭叛，率故多尤，需為事賊。,夫文变 无方 意见 浮杂 约则义 孤 博则 辞叛 率故 多 尤 需为 事贼,夫文变 无方 意见 浮杂 约则义 孤 博则 辞叛 率故 多 尤 需 为事 贼,13,14,1
liuxie_shipin__liuxie_43,liuxie_shipin__liuxie_43__part01,文心雕龍·附會,劉勰,11,317,355,且才分不同，思緒各異，或製首以通尾，或片接以寸附，然通製者蓋寡，接附者甚衆。,且 才 分 不同 思绪 各异 或制 首以 通尾 或片 接以 寸 附 然通 制者 盖 寡 接附者 甚众,且 才 分 不同 思绪 各异 或制 首以 通尾 或片 接以 寸 附 然通 制者 盖 寡 接附者 甚众,19,19,0
liuxie_shipin__liuxie_43,liuxie_shipin__liuxie_43__part01,文心雕龍·附會,劉勰,12,355,377,若統緒失宗，辭味必亂，義脈不流，則偏枯文體。,若 统绪 失宗 辞味 必乱 义脉 不流 则 偏枯 文体,若 统绪 失宗 辞味 必乱 义脉 不流 则 偏枯 文体,10,10,0
liuxie_shipin__liuxie_43,liuxie_shipin__liuxie_43__part01,文心雕龍·附會,劉勰,13,377,403,夫能懸識湊理，然後文節自會，如膠之粘木，豆之合黃矣。,夫能 悬识 凑理 然后 文 节自 会 如胶 之 粘木 豆之合 黄 矣,夫能 悬识 凑理 然后 文 节自 会 如胶 之 粘木 豆之合 黄 矣,13,13,0
liuxie_shipin__liuxie_43,liuxie_shipin__liuxie_43__part01,文心雕龍·附會,劉勰,14,403,416,是以駟牡異力，而六轡如琴；,是 以 驷 牡 异力 而六辔 如琴,是 以 驷牡 异力 而 六辔 如琴,7,7,1
liuxie_shipin__liuxie_43,liuxie_shipin__liuxie_43__part01,文心雕龍·附會,劉勰,15,416,427,並駕齊驅，而一轂統輻；,并驾齐驱 而 一毂统 辐,并驾齐驱 而 一毂统 辐,4,4,0
liuxie_shipin__liuxie_43,liuxie_shipin__liuxie_43__part01,文心雕龍·附會,劉勰,16,427,437,馭文之法，有似於此。,驭 文之法 有 似于 此,驭文 之 法 有似 于此,5,5,1
liuxie_shipin__liuxie_43,liuxie_shipin__liuxie_43__part01,文心雕龍·附會,劉勰,17,437,457,去留隨心，修短在手，齊其步驟，總轡而已。,去留 随心 修短 在手 齐其 步骤 总辔 而已,去留 随心 修短 在手 齐其 步骤 总辔 而已,8,8,0
liuxie_shipin__liuxie_43,liuxie_shipin__liuxie_43__part01,文心雕龍·附會,劉勰,18,459,499,故善附者異旨如肝膽，拙會者同音如胡越，改章難於造篇，易字艱於代句，此已然之驗也。,故善 附者 异旨 如 肝胆 拙会者 同音 如 胡越 改章 难于 造篇 易字 艰于 代句 此 已然 之验 也,故善 附者 异旨 如 肝胆 拙会者 同音 如 胡越 改章 难于 造篇 易字 艰于 代句 此 已然 之验 也,19,19,0
liuxie_shipin__liuxie_43,liuxie_shipin__liuxie_43__part01,文心雕龍·附會,劉勰,19,499,531,昔張湯擬奏而再却，虞松草表而屢譴，並理事之不明，而詞旨之失調也。,昔张 汤拟 奏 而 再 却 虞松 草表 而 屡 谴 并 理事 之 不明 而 词旨 之 失调 也,昔张 汤 拟奏 而 再 却 虞松 草表 而 屡 谴 并 理事 之 不明 而 词旨 之 失调 也,20,20,1
liuxie_shipin__liuxie_43,liuxie_shipin__liuxie_43__part01,文心雕龍·附會,劉勰,20,531,568,及倪寬更草，鍾會易字，而漢武歎奇，晉景稱善者，乃理得而事明，心敏而辭當也。,及倪 宽 更 草 钟会 易字 而汉 武叹奇 晋景称 善者 乃理 得 而 事明 心敏 而 辞 当 也,及倪 宽 更 草 钟会 易字 而 汉武 叹奇 晋景称 善者 乃理 得 而 事明 心敏 而 辞 当 也,19,20,1
liuxie_shipin__liuxie_43,liuxie_shipin__liuxie_43__part01,文心雕龍·附會,劉勰,21,568,585,以此而觀，則知附會巧拙，相去遠哉！,以此 而观 则 知 附会 巧拙 相去 远哉,以此 而观 则 知 附会 巧拙 相去 远哉,8,8,0
liuxie_shipin__liuxie_43,liuxie_shipin__liuxie_43__part01,文心雕龍·附會,劉勰,22,585,599,若夫絕筆斷章，譬乘舟之振楫；,若夫 绝笔 断章 譬乘舟 之振楫,若夫 绝笔 断章 譬乘舟 之振楫,5,5,0
liuxie_shipin__liuxie_43,liuxie_shipin__liuxie_43__part01,文心雕龍·附會,劉勰,23,599,611,會詞切理，如引轡以揮鞭。,会词 切理 如引 辔 以 挥鞭,会词 切理 如 引辔 以 挥鞭,6,6,1
liuxie_shipin__liuxie_43,liuxie_shipin__liuxie_43__part01,文心雕龍·附會,劉勰,24,611,621,克終底績，寄深寫遠。,克终 底绩 寄深 写 远,克终 底绩 寄深 写 远,5,5,0
liuxie_shipin__liuxie_43,liuxie_shipin__liuxie_43__part01,文心雕龍·附會,劉勰,25,621,644,若首唱榮華，而媵句憔悴，則遺勢鬱湮，餘風不暢。,若 首唱 荣华 而 媵 句 憔悴 则 遗势郁 湮 余风 不 畅,若 首唱 荣华 而 媵 句 憔悴 则 遗势 郁湮 余风 不 畅,13,13,1
liuxie_shipin__liuxie_43,liuxie_shipin__liuxie_43__part01,文心雕龍·附會,劉勰,26,644,661,此《周易》所謂臋無膚，其行次且也。,此 周易 所谓 臋 无 肤 其行次 且 也,此 周易 所谓 臋 无 肤 其行次 且 也,9,9,0
liuxie_shipin__liuxie_43,liuxie_shipin__liuxie_43__part01,文心雕龍·附會,劉勰,27,661,682,惟首尾相援，則附會之體，固亦無以加於此矣。,惟 首尾相援 则 附会 之体 固亦 无以 加于 此 矣,惟 首尾相援 则 附会 之体 固亦 无以加 于此 矣,10,9,1
liuxie_shipin__liuxie_43,liuxie_shipin__liuxie_43__part01,文心雕龍·附會,劉勰,28,684,687,贊曰：,赞 曰,赞 曰,2,2,0
liuxie_shipin__liuxie_43,liuxie_shipin__liuxie_43__part01,文心雕龍·附會,劉勰,29,689,699,篇統間關，情數稠疊。,篇 统间 关 情数 稠叠,篇统 间关 情数 稠叠,5,4,1
liuxie_shipin__liuxie_43,liuxie_shipin__liuxie_43__part01,文心雕龍·附會,劉勰,30,699,709,原始要終，疎條布葉。,原始要终 疎 条布叶,原始要终 疎 条布叶,3,3,0
liuxie_shipin__liuxie_43,liuxie_shipin__liuxie_43__part01,文心雕龍·附會,劉勰,31,711,721,道味相附，懸緒自接。,道味 相附 悬绪 自接,道味 相附 悬绪 自接,4,4,0
liuxie_shipin__liuxie_43,liuxie_shipin__liuxie_43__part01,文心雕龍·附會,劉勰,32,721,731,如樂之和，心聲克協。,如乐 之 和 心声 克协,如乐 之 和 心声 克协,5,5,0
liuxie_shipin__liuxie_44,liuxie_shipin__liuxie_44__part01,文心雕龍·總術,劉勰,0,0,24,今之常言，有文有筆，以為無韻者筆也，有韻者文也。,今 之 常言 有文有 笔 以为 无韵者 笔 也 有韵者 文 也,今 之 常言 有文有 笔 以为 无韵 者 笔 也 有韵者 文 也,12,13,1
liuxie_shipin__liuxie_44,liuxie_shipin__liuxie_44__part01,文心雕龍·總術,劉勰,1,24,45,夫文以足言，理兼詩書，別目兩名，自近代耳。,夫文以 足言 理 兼 诗书 别目 两名 自 近代 耳,夫文以 足言 理 兼 诗书 别目 两名 自 近代 耳,10,10,0
liuxie_shipin__liuxie_44,liuxie_shipin__liuxie_44__part01,文心雕龍·總術,劉勰,2,45,60,顏延年以為筆之為體，言之文也；,颜延年 以为 笔之为体 言之文 也,颜延年 以为 笔之为体 言之文 也,5,5,0
liuxie_shipin__liuxie_44,liuxie_shipin__liuxie_44__part01,文心雕龍·總術,劉勰,3,60,76,經典則言而非筆，傳記則筆而非言。,经典 则 言 而 非笔 传记 则 笔 而 非言,经典 则 言 而 非笔 传记 则 笔 而 非言,10,10,0
liuxie_shipin__liuxie_44,liuxie_shipin__liuxie_44__part01,文心雕龍·總術,劉勰,4,76,87,請奪彼矛，還攻其楯矣。,请 夺彼矛 还攻 其 楯 矣,请 夺彼矛 还攻 其 楯 矣,6,6,0
liuxie_shipin__liuxie_44,liuxie_shipin__liuxie_44__part01,文心雕龍·總術,劉勰,5,87,90,何者？,何者,何者,1,1,0
liuxie_shipin__liuxie_44,liuxie_shipin__liuxie_44__part01,文心雕龍·總術,劉勰,6,90,100,易之文言，豈非言文；,易 之 文言 岂非 言文,易 之 文言 岂非 言文,5,5,0
liuxie_shipin__liuxie_44,liuxie_shipin__liuxie_44__part01,文心雕龍·總術,劉勰,7,100,115,若筆不言文，不得云經典非筆矣。,若笔 不言文 不得 云 经典 非笔 矣,若笔 不言文 不得 云 经典 非笔 矣,7,7,0
liuxie_shipin__liuxie_44,liuxie_shipin__liuxie_44__part01,文心雕龍·總術,劉勰,8,115,127,將以立論，未見其論立也。,将 以 立论 未见 其论立 也,将 以 立论 未见 其论立 也,6,6,0
liuxie_shipin__liuxie_44,liuxie_shipin__liuxie_44__part01,文心雕龍·總術,劉勰,9,127,150,予以為發口為言，屬筆曰翰，常道曰經，述經曰傳。,予以 为 发口 为 言 属笔 曰 翰 常道 曰 经 述经 曰 传,予以 为 发口 为言 属笔 曰 翰 常道 曰 经 述经 曰 传,14,13,1
liuxie_shipin__liuxie_44,liuxie_shipin__liuxie_44__part01,文心雕龍·總術,劉勰,10,150,170,經傳之體，出言入筆，筆為言使，可強可弱。,经传 之体 出言 入笔 笔为 言 使 可强 可弱,经传 之体 出言 入笔 笔 为言 使 可强 可弱,9,9,1
liuxie_shipin__liuxie_44,liuxie_shipin__liuxie_44__part01,文心雕龍·總術,劉勰,11,170,188,分經以典奧為不刊，非以言筆為優劣也。,分经 以典 奥为 不刊 非 以言笔 为 优劣 也,分经 以 典奥 为 不刊 非以 言笔 为 优劣 也,9,10,1
liuxie_shipin__liuxie_44,liuxie_shipin__liuxie_44__part01,文心雕龍·總術,劉勰,12,188,213,昔陸氏《文賦》，號為曲盡，然汎論纖悉，而實體未該。,昔陆氏 文赋 号 为 曲 尽 然 泛论 纤悉 而 实体 未该,昔陆氏 文赋 号 为 曲尽 然 泛论 纤悉 而 实体 未该,12,11,1
liuxie_shipin__liuxie_44,liuxie_shipin__liuxie_44__part01,文心雕龍·總術,劉勰,13,213,230,故知九變之貫匪窮，知言之選難備矣。,故知 九变 之贯匪 穷 知言 之选 难备 矣,故知 九变 之贯匪 穷 知言 之选 难备 矣,8,8,0
liuxie_shipin__liuxie_44,liuxie_shipin__liuxie_44__part01,文心雕龍·總術,劉勰,14,232,253,凡精慮造文，各競新麗，多欲練辭，莫肯研術。,凡 精虑 造文 各 竞新丽 多欲练 辞 莫肯 研术,凡 精虑 造文 各 竞 新丽 多欲练 辞 莫肯 研术,9,10,1
liuxie_shipin__liuxie_44,liuxie_shipin__liuxie_44__part01,文心雕龍·總術,劉勰,15,253,263,落落之玉，或亂乎石；,落落 之玉 或 乱乎 石,落落 之玉 或 乱乎 石,5,5,0
liuxie_shipin__liuxie_44,liuxie_shipin__liuxie_44__part01,文心雕龍·總術,劉勰,16,263,273,碌碌之石，時似乎玉。,碌碌 之石 时 似乎 玉,碌碌 之石 时 似乎 玉,5,5,0
liuxie_shipin__liuxie_44,liuxie_shipin__liuxie_44__part01,文心雕龍·總術,劉勰,17,273,293,精者要約，匱者亦尠，博者該贍，蕪者亦繁；,精者 要约 匮者 亦 尠 博者 该 赡 芜者 亦 繁,精者 要约 匮者 亦 尠 博者 该赡 芜者 亦 繁,11,10,1
liuxie_shipin__liuxie_44,liuxie_shipin__liuxie_44__part01,文心雕龍·總術,劉勰,18,293,303,辯者昭晳，淺者亦露；,辩者 昭 晳 浅者 亦 露,辩者 昭 晳 浅者 亦 露,6,6,0
liuxie_shipin__liuxie_44,liuxie_shipin__liuxie_44__part01,文心雕龍·總術,劉勰,19,303,313,奧者複隱，詭者亦典。,奥者 复隐 诡者 亦 典,奥者 复隐 诡者 亦 典,5,5,0
liuxie_shipin__liuxie_44,liuxie_shipin__liuxie_44__part01,文心雕龍·總術,劉勰,20,313,327,或義華而聲悴，或理拙而文澤。,或义华 而 声悴 或理拙 而 文泽,或义华 而 声悴 或理拙 而 文泽,6,6,0
liuxie_shipin__liuxie_44,liuxie_shipin__liuxie_44__part01,文心雕龍·總術,劉勰,21,327,339,知夫調鐘未易，張琴實難。,知夫 调钟 未易 张琴 实难,知 夫调 钟未易 张琴 实难,5,5,1
liuxie_shipin__liuxie_44,liuxie_shipin__liuxie_44__part01,文心雕龍·總術,劉勰,22,339,352,伶人告和，不必盡窕槬之中；,伶人 告 和 不必 尽窕 槬 之中,伶人 告 和 不必 尽窕 槬 之中,7,7,0
liuxie_shipin__liuxie_44,liuxie_shipin__liuxie_44__part01,文心雕龍·總術,劉勰,23,352,365,動用揮扇，何必窮初終之韻；,动用 挥扇 何必 穷初 终之韵,动用 挥扇 何必 穷 初终 之韵,5,6,1
liuxie_shipin__liuxie_44,liuxie_shipin__liuxie_44__part01,文心雕龍·總術,劉勰,24,365,379,魏文比篇章於音樂，蓋有徵矣。,魏文比 篇章 于 音乐 盖 有征 矣,魏文比 篇章 于 音乐 盖 有征 矣,7,7,0
liuxie_shipin__liuxie_44,liuxie_shipin__liuxie_44__part01,文心雕龍·總術,劉勰,25,379,391,夫不截盤根，無以驗利器；,夫不截 盘根 无以 验 利器,夫不截 盘根 无以 验 利器,5,5,0
liuxie_shipin__liuxie_44,liuxie_shipin__liuxie_44__part01,文心雕龍·總術,劉勰,26,391,402,不剖文奧，無以辨通才。,不剖文奥 无以 辨 通才,不剖文奥 无以 辨 通才,4,4,0
liuxie_shipin__liuxie_44,liuxie_shipin__liuxie_44__part01,文心雕龍·總術,劉勰,27,402,437,才之能通，必資曉術，自非圓鑒區域，大判條例，豈能控引情源，制勝文苑哉！,才 之 能通 必资晓术 自非 圆鉴 区域 大判 条例 岂能 控引 情源 制胜 文苑 哉,才 之 能通 必资 晓术 自非 圆鉴 区域 大判 条例 岂能 控引 情源 制胜 文苑 哉,15,16,1
liuxie_shipin__liuxie_44,liuxie_shipin__liuxie_44__part01,文心雕龍·總術,劉勰,28,439,453,是以執術馭篇，似善弈之窮數；,是 以 执术 驭 篇 似善弈 之 穷数,是 以 执术 驭篇 似善弈 之 穷数,8,7,1
liuxie_shipin__liuxie_44,liuxie_shipin__liuxie_44__part01,文心雕龍·總術,劉勰,29,453,465,棄術任心，如博塞之邀遇。,弃术 任心 如博塞 之 邀遇,弃术 任心 如博塞 之 邀遇,5,5,0
liuxie_shipin__liuxie_44,liuxie_shipin__liuxie_44__part01,文心雕龍·總術,劉勰,30,465,517,故博塞之文，借巧儻來，雖前驅有功，而後援難繼，少既無以相接，多亦不知所刪，乃多少之並惑，何妍媸之能制乎！,故博塞之文 借巧傥 来 虽 前驱 有功 而 后援 难继 少 既 无以 相接 多 亦 不知 所 删 乃 多少 之 并惑 何 妍媸 之能 制乎,故博塞之文 借巧 傥来 虽 前驱 有功 而 后援 难继 少 既 无以 相接 多 亦 不知 所 删 乃 多少 之 并惑 何 妍媸 之能 制乎,26,26,1
liuxie_shipin__liuxie_44,liuxie_shipin__liuxie_44__part01,文心雕龍·總術,劉勰,31,517,550,若夫善弈之文，則術有恒數，按部整伍，以待情會，因時順機，動不失正。,若夫 善弈 之文 则 术 有恒 数 按部 整伍 以待 情会 因时 顺机 动 不失 正,若夫 善弈 之文 则 术 有 恒数 按部 整伍 以待 情会 因 时 顺机 动 不失 正,16,17,1
liuxie_shipin__liuxie_44,liuxie_shipin__liuxie_44__part01,文心雕龍·總術,劉勰,32,550,609,數逢其極，機入其巧，則義味騰躍而生，辭氣叢雜而至，視之則錦繪，聽之則絲簧，味之則甘腴，佩之則芬芳，斷章之功，於斯盛矣。,数逢 其极 机入 其巧 则 义味 腾跃 而生 辞 气 丛杂 而 至 视之则 锦绘 听 之 则 丝簧 味之则 甘腴 佩之则 芬芳 断章 之功 于斯盛 矣,数逢 其极 机入 其巧 则 义味 腾跃 而生 辞 气 丛杂 而 至 视之则 锦绘 听 之 则 丝簧 味之则 甘腴 佩之则 芬芳 断章 之功 于斯 盛 矣,27,28,1
liuxie_shipin__liuxie_44,liuxie_shipin__liuxie_44__part01,文心雕龍·總術,劉勰,33,609,631,夫驥足雖駿，纆牽忌長，以萬分一累，且廢千里。,夫骥足 虽骏 𬙊 牵忌长 以 万分 一累 且 废 千里,夫 骥足 虽骏 𬙊 牵忌长 以 万分一 累 且 废 千里,10,11,1
liuxie_shipin__liuxie_44,liuxie_shipin__liuxie_44__part01,文心雕龍·總術,劉勰,34,631,652,况文體多術，共相彌綸，一物携貳，莫不解體。,况 文体 多术 共 相弥纶 一物 携 贰 莫不 解体,况 文体 多术 共 相 弥纶 一 物 携贰 莫不 解体,10,11,1
liuxie_shipin__liuxie_44,liuxie_shipin__liuxie_44__part01,文心雕龍·總術,劉勰,35,652,664,所以列在一篇，備總情變；,所以 列 在 一篇 备 总 情变,所以 列 在 一篇 备 总 情变,7,7,0
liuxie_shipin__liuxie_44,liuxie_shipin__liuxie_44__part01,文心雕龍·總術,劉勰,36,664,687,譬三十之輻，故成一轂，雖未足觀，亦鄙夫之見也。,譬 三十 之 辐 故成 一 毂 虽未足观 亦 鄙夫 之见 也,譬 三十 之 辐 故成 一 毂 虽未 足观 亦 鄙夫 之见 也,12,13,1
liuxie_shipin__liuxie_44,liuxie_shipin__liuxie_44__part01,文心雕龍·總術,劉勰,37,689,692,贊曰：,赞 曰,赞 曰,2,2,0
liuxie_shipin__liuxie_44,liuxie_shipin__liuxie_44__part01,文心雕龍·總術,劉勰,38,694,704,文場筆苑，有術有門。,文场 笔苑 有术 有门,文场 笔苑 有术 有门,4,4,0
liuxie_shipin__liuxie_44,liuxie_shipin__liuxie_44__part01,文心雕龍·總術,劉勰,39,704,714,務先大體，鑑必窮源。,务先 大体 鉴必 穷源,务先 大体 鉴必 穷源,4,4,0
liuxie_shipin__liuxie_44,liuxie_shipin__liuxie_44__part01,文心雕龍·總術,劉勰,40,716,726,乘一總萬，舉要治繁。,乘一 总万 举要 治繁,乘 一总 万 举要 治繁,4,5,1
liuxie_shipin__liuxie_44,liuxie_shipin__liuxie_44__part01,文心雕龍·總術,劉勰,41,726,736,思無定契，理有恒存。,思 无定 契 理 有恒 存,思 无定 契 理 有恒 存,6,6,0
liuxie_shipin__liuxie_45,liuxie_shipin__liuxie_45__part01,文心雕龍·時序,劉勰,0,0,20,時運交移，質文代變，古今情理，如可言乎！,时运 交移 质文代变 古今 情理 如 可言 乎,时运 交移 质文 代变 古今 情理 如 可言 乎,8,9,1
liuxie_shipin__liuxie_45,liuxie_shipin__liuxie_45__part01,文心雕龍·時序,劉勰,1,20,46,昔在陶唐，德盛化鈞，野老吐何力之談，郊童含不識之歌。,昔在 陶唐 德盛化钧 野老 吐 何力 之谈 郊童 含不识 之歌,昔在 陶唐 德盛 化钧 野老 吐 何力 之谈 郊童 含 不识 之歌,10,12,1
liuxie_shipin__liuxie_45,liuxie_shipin__liuxie_45__part01,文心雕龍·時序,劉勰,2,46,70,有虞繼作，政阜民暇，薰風詩於元后，爛雲歌於列臣。,有 虞 继作 政阜民暇 薰风 诗于 元 后 烂云 歌于 列臣,有 虞 继作 政阜民暇 薰风 诗于 元 后 烂云 歌于 列臣,11,11,0
liuxie_shipin__liuxie_45,liuxie_shipin__liuxie_45__part01,文心雕龍·時序,劉勰,3,70,76,盡其美者何？,尽其 美者 何,尽其 美者 何,3,3,0
liuxie_shipin__liuxie_45,liuxie_shipin__liuxie_45__part01,文心雕龍·時序,劉勰,4,76,84,乃心樂而聲泰也。,乃心乐 而 声泰 也,乃心乐 而 声泰 也,4,4,0
liuxie_shipin__liuxie_45,liuxie_shipin__liuxie_45__part01,文心雕龍·時序,劉勰,5,84,105,至大禹敷土，九序詠功，成湯聖敬，猗歟作頌。,至 大禹 敷土 九序咏功 成汤 圣敬 猗 欤 作颂,至 大禹 敷土 九序咏功 成汤 圣敬 猗欤 作颂,9,8,1
liuxie_shipin__liuxie_45,liuxie_shipin__liuxie_45__part01,文心雕龍·時序,劉勰,6,105,136,逮姬文之德盛，《周南》勤而不怨，大王之化淳，《邠風》樂而不淫。,逮姬 文之德盛 周南 勤而 不怨 大王 之化淳 邠 风 乐而不淫,逮姬 文之德盛 周南 勤而 不怨 大王 之化淳 邠风 乐而不淫,10,9,1
liuxie_shipin__liuxie_45,liuxie_shipin__liuxie_45__part01,文心雕龍·時序,劉勰,7,136,152,幽厲昬而板蕩怒，平王微而黍離哀。,幽厉 昬 而 板荡 怒 平王微 而 黍 离哀,幽厉 昬 而 板荡 怒 平王微 而 黍离 哀,9,9,1
liuxie_shipin__liuxie_45,liuxie_shipin__liuxie_45__part01,文心雕龍·時序,劉勰,8,152,176,故知歌謠文理，與世推移，風動於上，而波震於下者。,故知 歌谣 文理 与世推移 风动 于 上 而 波震于 下者,故知 歌谣 文理 与世推移 风动 于 上 而 波震于 下者,10,10,0
liuxie_shipin__liuxie_45,liuxie_shipin__liuxie_45__part01,文心雕龍·時序,劉勰,9,178,198,春秋之後，角戰英雄，六經泥蟠，百家飊駭。,春秋 之后 角战 英雄 六经 泥蟠 百家 飊 骇,春秋 之后 角战 英雄 六经 泥蟠 百家 飊 骇,9,9,0
liuxie_shipin__liuxie_45,liuxie_shipin__liuxie_45__part01,文心雕龍·時序,劉勰,10,198,234,方是時也，韓魏力政，燕趙任權，五蠹六蝨，嚴於秦令，唯齊楚兩國，頗有文學。,方是 时 也 韩魏 力政 燕赵 任权 五 蠹 六 虱 严于 秦令 唯 齐楚 两 国 颇 有 文学,方是 时 也 韩魏 力政 燕赵 任权 五 蠹 六虱 严于 秦令 唯 齐楚 两 国 颇 有 文学,20,19,1
liuxie_shipin__liuxie_45,liuxie_shipin__liuxie_45__part01,文心雕龍·時序,劉勰,11,234,305,齊開莊衢之第，楚廣蘭臺之宮，孟軻賓館，荀卿宰邑，故稷下扇其清風，蘭陵鬱其茂俗，鄒子以談天飛譽，騶奭以雕龍馳響，屈平聯藻於日月，宋玉交彩於風雲。,齐开 庄衢 之 第 楚广兰台 之宫 孟轲 宾馆 荀卿 宰邑 故 稷下 扇 其 清风 兰陵 郁其茂俗 邹子 以 谈天 飞誉 驺 奭 以 雕龙 驰响 屈平 联藻 于 日月 宋玉交彩于 风云,齐开 庄衢 之 第 楚广 兰台 之宫 孟轲 宾馆 荀卿 宰邑 故 稷下 扇 其 清风 兰陵 郁其茂俗 邹子 以 谈天 飞誉 驺 奭 以 雕龙 驰响 屈平 联藻 于 日月 宋玉 交彩 于 风云,32,35,1
liuxie_shipin__liuxie_45,liuxie_shipin__liuxie_45__part01,文心雕龍·時序,劉勰,12,305,320,觀其豔說，則籠罩《雅》《頌》。,观其艳 说 则 笼罩 雅 颂,观其 艳说 则 笼罩 雅 颂,6,6,1
liuxie_shipin__liuxie_45,liuxie_shipin__liuxie_45__part01,文心雕龍·時序,劉勰,13,320,337,故知煒燁之奇意，出乎縱橫之詭俗也。,故知 炜 烨 之 奇意 出乎 纵横 之诡俗 也,故知 炜烨 之奇意 出乎 纵横 之 诡俗 也,9,8,1
liuxie_shipin__liuxie_45,liuxie_shipin__liuxie_45__part01,文心雕龍·時序,劉勰,14,339,390,爰至有漢，運接燔書，高祖尚武，戲儒簡學，雖禮律草創，詩書未遑，然《大風》《鴻鵠》之歌，亦天縱之英作也。,爰 至 有汉 运接 燔 书 高祖 尚武 戏儒 简学 虽礼律 草创 诗书 未 遑 然 大风 鸿鹄 之歌 亦 天纵 之英作 也,爰 至 有汉 运接 燔 书 高祖 尚武 戏儒 简学 虽 礼律 草创 诗书 未 遑 然 大风 鸿鹄 之歌 亦 天纵 之英作 也,23,24,1
liuxie_shipin__liuxie_45,liuxie_shipin__liuxie_45__part01,文心雕龍·時序,劉勰,15,390,411,施及孝惠，迄於文景，經術頗興，而辭人勿用。,施及 孝惠 迄于 文景 经术 颇兴 而辞 人 勿 用,施及 孝惠 迄于 文景 经术 颇兴 而 辞人 勿 用,10,10,1
liuxie_shipin__liuxie_45,liuxie_shipin__liuxie_45__part01,文心雕龍·時序,劉勰,16,411,424,賈誼抑而鄒枚沈，亦可知已。,贾谊 抑而 邹枚 沈 亦 可知 已,贾谊 抑而 邹枚 沈 亦 可知 已,7,7,0
liuxie_shipin__liuxie_45,liuxie_shipin__liuxie_45__part01,文心雕龍·時序,劉勰,17,424,543,逮孝武崇儒，潤色鴻業，禮樂爭輝，辭藻競騖，栢梁展朝讌之詩，金堤製恤民之詠，徵枚乘以蒲輪，申主父以鼎食，擢公孫之對策，歎兒寬之擬奏，買臣負薪而衣錦，相如滌器而被繡，於是史遷壽王之徒，嚴終枚臯之屬，應對固無方，篇章亦不匱，遺風餘采，莫與比盛。,逮孝 武崇儒 润色 鸿业 礼乐 争辉 辞藻 竞骛 栢 梁 展 朝 䜩 之诗 金堤 制 恤民 之 咏 征枚 乘以 蒲轮 申 主父 以鼎食 擢 公孙 之 对策 叹儿 宽 之 拟 奏 买臣 负薪 而衣 锦 相如涤器 而 被 绣 于是 史迁 寿王 之徒 严终 枚 臯 之 属 应对 固 无方 篇章 亦 不 匮 遗风余采 莫 与 比盛,逮孝 武崇儒 润色 鸿业 礼乐 争辉 辞藻 竞骛 栢 梁 展 朝 䜩 之诗 金堤 制 恤民 之 咏 征枚 乘以 蒲轮 申 主父 以鼎食 擢 公孙 之 对策 叹儿 宽 之 拟奏 买臣 负薪 而 衣锦 相如 涤器 而 被 绣 于是 史迁 寿王 之徒 严终 枚 臯 之 属 应对 固 无方 篇章 亦 不匮 遗风余采 莫 与 比盛,62,61,1
liuxie_shipin__liuxie_45,liuxie_shipin__liuxie_45__part01,文心雕龍·時序,劉勰,18,543,589,越昭及宣，實繼武績，馳騁石渠，暇豫文會，集雕篆之軼材，發綺縠之高喻，於是王襃之倫，底祿待詔。,越昭及 宣 实 继武 绩 驰骋 石渠 暇 豫文会 集雕 篆 之轶材 发绮 縠 之 高喻 于是 王 襃 之 伦 底禄待 诏,越昭及 宣 实 继武 绩 驰骋 石渠 暇 豫 文会 集雕 篆 之 轶材 发 绮縠 之高喻 于是 王 襃 之 伦 底禄 待诏,23,24,1
liuxie_shipin__liuxie_45,liuxie_shipin__liuxie_45__part01,文心雕龍·時序,劉勰,19,589,632,自元暨成，降意圖籍，美玉屑之諫，清金馬之路，子雲銳思於千首，子政讎校於六藝，亦已美矣。,自元 暨 成 降 意图 籍 美 玉屑 之谏 清 金马 之 路 子云锐 思于 千首 子政 雠 校于 六艺 亦 已 美 矣,自元 暨 成 降 意图 籍 美 玉屑 之谏 清 金马 之 路 子云 锐思 于 千首 子政 雠校 于 六艺 亦 已 美 矣,24,25,1
liuxie_shipin__liuxie_45,liuxie_shipin__liuxie_45__part01,文心雕龍·時序,劉勰,20,632,676,爰自漢室，迄至成哀，雖世漸百齡，辭人九變，而大抵所歸，祖述《楚辭》，靈均餘影，於是乎在。,爰 自 汉室 迄至 成哀 虽世渐 百龄 辞人九变 而 大抵 所归 祖述 楚辞 灵均 余影 于是乎 在,爰 自 汉室 迄至 成哀 虽世渐 百龄 辞人 九变 而 大抵 所归 祖述 楚辞 灵均 余影 于是乎 在,17,18,1
liuxie_shipin__liuxie_45,liuxie_shipin__liuxie_45__part01,文心雕龍·時序,劉勰,21,678,726,自哀平陵替，光武中興，深懷圖讖，頗略文華，然杜篤獻誄以免刑，班彪參奏以補令，雖非旁求，亦不遐棄。,自哀 平陵 替 光武 中兴 深怀图 谶 颇略 文华 然杜笃献 诔 以免 刑 班彪 参奏 以补令 虽非 旁求 亦 不遐弃,自哀 平陵 替 光武 中兴 深怀 图谶 颇略 文华 然杜笃献 诔 以免 刑 班彪 参奏 以补令 虽非 旁求 亦 不 遐弃,20,21,1
liuxie_shipin__liuxie_45,liuxie_shipin__liuxie_45__part01,文心雕龍·時序,劉勰,22,726,788,及明帝疊耀，崇愛儒術，肄禮璧堂，講文虎觀，孟堅珥筆於國史，賈逵給札於瑞頌，東平擅其懿文，沛王振其通論，帝則藩儀，輝光相照矣。,及明 帝叠耀 崇爱 儒术 肄礼 璧 堂 讲 文虎 观 孟坚珥 笔于 国史 贾逵 给 札 于 瑞颂 东平 擅其懿文 沛 王振其 通论 帝则 藩仪 辉光 相照 矣,及明 帝叠耀 崇爱 儒术 肄礼 璧 堂 讲 文虎 观 孟坚 珥笔 于 国史 贾逵 给札 于瑞颂 东平 擅其懿文 沛 王振其 通论 帝则 藩仪 辉光 相照 矣,28,27,1
liuxie_shipin__liuxie_45,liuxie_shipin__liuxie_45__part01,文心雕龍·時序,劉勰,23,788,832,自安和已下，迄至順桓，則有班傅三崔，王馬張蔡，磊落鴻儒，才不時乏，而文章之選，存而不論。,自安 和 已 下 迄至 顺桓 则 有班傅 三 崔 王马张 蔡 磊落 鸿儒 才 不时 乏 而 文章 之选 存而不论,自安 和 已 下 迄至 顺桓 则 有班傅 三 崔 王马 张蔡 磊落 鸿儒 才 不时 乏 而 文章 之选 存而不论,21,21,1
liuxie_shipin__liuxie_45,liuxie_shipin__liuxie_45__part01,文心雕龍·時序,劉勰,24,832,869,然中興之後，羣才稍改其轍，華實所附，斟酌經辭，蓋歷政講聚，故漸靡儒風者也。,然 中兴 之后 群才 稍 改其辙 华实 所 附 斟酌 经辞 盖 历政 讲 聚 故渐 靡 儒风者 也,然 中兴 之后 群才 稍 改其辙 华实 所附 斟酌 经辞 盖 历政 讲聚 故 渐靡 儒风 者 也,19,18,1
liuxie_shipin__liuxie_45,liuxie_shipin__liuxie_45__part01,文心雕龍·時序,劉勰,25,869,928,降及靈帝，時好辭製，造羲皇之書，開鴻都之賦，而樂松之徒，招集淺陋，故楊賜號為驩兜，蔡邕比之俳優，其餘風遺文，蓋蔑如也。,降及 灵帝 时 好辞 制 造羲 皇之书 开鸿都 之赋 而乐松 之徒 招集 浅陋 故 杨 赐 号 为 驩 兜 蔡邕 比 之 俳优 其 余风遗文 盖蔑 如 也,降及 灵帝 时 好辞 制 造羲 皇之书 开 鸿都 之赋 而乐松 之徒 招集 浅陋 故 杨 赐号 为 驩 兜 蔡邕 比 之 俳优 其 余风遗文 盖蔑 如 也,29,29,1
liuxie_shipin__liuxie_45,liuxie_shipin__liuxie_45__part01,文心雕龍·時序,劉勰,26,930,951,自獻帝播遷，文學蓬轉，建安之末，區宇方輯。,自 献帝 播迁 文学 蓬转 建安 之末 区宇 方辑,自 献帝 播迁 文学 蓬转 建安 之末 区宇 方辑,9,9,0
liuxie_shipin__liuxie_45,liuxie_shipin__liuxie_45__part01,文心雕龍·時序,劉勰,27,951,964,魏武以相王之尊，雅愛詩章；,魏武以 相王之 尊 雅爱 诗章,魏武以 相王之 尊 雅爱 诗章,5,5,0
liuxie_shipin__liuxie_45,liuxie_shipin__liuxie_45__part01,文心雕龍·時序,劉勰,28,964,977,文帝以副君之重，妙善辭賦；,文帝 以 副 君之重 妙善 辞赋,文帝 以 副 君之重 妙善 辞赋,6,6,0
liuxie_shipin__liuxie_45,liuxie_shipin__liuxie_45__part01,文心雕龍·時序,劉勰,29,977,990,陳思以公子之豪，下筆琳瑯；,陈思以 公子 之豪 下笔 琳瑯,陈思 以 公子 之豪 下笔 琳瑯,5,6,1
liuxie_shipin__liuxie_45,liuxie_shipin__liuxie_45__part01,文心雕龍·時序,劉勰,30,990,1002,並體貌英逸，故俊才雲蒸。,并 体貌 英逸 故俊才 云蒸,并 体貌 英逸 故俊才 云蒸,5,5,0
liuxie_shipin__liuxie_45,liuxie_shipin__liuxie_45__part01,文心雕龍·時序,劉勰,31,1002,1018,仲宣委質於漢南，孔璋歸命於河北。,仲宣委质 于 汉南 孔璋 归命 于 河北,仲宣 委质 于 汉南 孔璋 归命 于 河北,7,8,1
liuxie_shipin__liuxie_45,liuxie_shipin__liuxie_45__part01,文心雕龍·時序,劉勰,32,1018,1164,偉長從宦於青土，公幹徇質於海隅，德璉綜其斐然之思，元瑜展其翩翩之樂，文蔚休伯之儔，于俶德祖之侶，俊雅觴豆之前，雍容袵席之上，灑筆以成酣歌，和墨以藉談笑，觀其時文，雅好慷慨，良由世積亂離，風衰俗怨，並志深而筆長，故梗概而多氣也，至明帝纂戎，制詩度曲，徵篇章之士，置崇文之觀，何劉群才，迭相照耀。,伟长 从 宦于 青土 公干 徇质 于 海隅 德琏 综其 斐然 之思 元瑜展 其 翩翩 之 乐 文蔚 休伯 之 俦 于 俶 德祖 之侣 俊雅 觞 豆 之前 雍容 袵 席 之上 洒笔 以成 酣歌 和 墨以 藉 谈笑 观 其时 文 雅好 慷慨 良由世积 乱离 风衰俗 怨 并志深 而 笔长 故 梗概 而 多 气 也 至明 帝纂 戎 制诗 度曲 征 篇章 之士 置 崇文 之观 何刘群 才 迭 相 照耀,伟长 从宦 于 青土 公干 徇质 于 海隅 德琏 综其 斐然 之思 元瑜展 其 翩翩 之 乐 文蔚 休伯 之 俦 于 俶 德祖 之侣 俊雅 觞豆 之前 雍容 袵 席 之上 洒笔 以成 酣歌 和 墨以 藉 谈笑 观 其时 文 雅好 慷慨 良由世积 乱离 风衰俗 怨 并志深 而 笔长 故 梗概 而 多 气 也 至明 帝纂 戎 制诗 度曲 征 篇章 之士 置 崇文 之观 何刘 群才 迭 相 照耀,74,73,1
liuxie_shipin__liuxie_45,liuxie_shipin__liuxie_45__part01,文心雕龍·時序,劉勰,33,1164,1185,少主相仍，唯高貴英雅，顧盼合章，動言成論。,少主相 仍 唯 高贵 英雅 顾盼 合章 动言 成论,少主相 仍 唯 高贵 英雅 顾盼 合章 动言 成论,9,9,0
liuxie_shipin__liuxie_45,liuxie_shipin__liuxie_45__part01,文心雕龍·時序,劉勰,34,1185,1209,於時正始餘風，篇體輕澹，而嵇阮應繆，並馳文路矣。,于 时 正始 余风 篇体 轻 澹 而 嵇 阮应缪 并 驰文路 矣,于时 正始 余风 篇体 轻澹 而 嵇 阮应缪 并驰 文路 矣,13,11,1
liuxie_shipin__liuxie_45,liuxie_shipin__liuxie_45__part01,文心雕龍·時序,劉勰,35,1211,1234,逮晉宣始基，景文克構，並跡沈儒雅，而務深方術。,逮晋 宣 始基 景文克构 并迹 沈 儒雅 而务深 方术,逮晋 宣 始基 景文 克构 并迹 沈 儒雅 而务深 方术,9,10,1
liuxie_shipin__liuxie_45,liuxie_shipin__liuxie_45__part01,文心雕龍·時序,劉勰,36,1234,1256,至武帝惟新，承平受命，而膠序篇章，弗簡皇慮。,至 武帝 惟新 承平 受命 而 胶序 篇章 弗 简皇虑,至 武帝 惟新 承平 受命 而 胶序 篇章 弗简 皇虑,10,10,1
liuxie_shipin__liuxie_45,liuxie_shipin__liuxie_45__part01,文心雕龍·時序,劉勰,37,1256,1266,降及懷愍，綴旒而已。,降及 怀 愍 缀 旒 而已,降及 怀 愍 缀旒 而已,6,5,1
liuxie_shipin__liuxie_45,liuxie_shipin__liuxie_45__part01,文心雕龍·時序,劉勰,38,1266,1358,然晉雖不文，人才實盛：茂先搖筆而散珠，太冲動墨而橫錦，岳湛曜聯璧之華，機雲標二俊之采，應傅三張之徒，孫摯成公之屬，並結藻清英，流韻綺靡，前史以為運涉季世，人未盡才，誠哉斯談，可為歎息。,然晋 虽不文 人才 实盛 茂先 摇笔 而 散珠 太 冲动 墨而 横锦 岳湛曜 联璧 之华 机云标 二俊之采 应傅 三张 之徒 孙挚 成公之属 并 结藻 清英 流韵 绮靡 前 史 以为 运涉 季世 人 未尽 才 诚哉斯谈 可 为 叹息,然晋 虽不文 人才 实盛 茂先 摇笔 而 散珠 太 冲动 墨而 横锦 岳湛曜 联璧 之华 机 云标 二俊之采 应傅 三张 之徒 孙挚 成公之属 并 结藻 清英 流韵 绮靡 前 史 以为 运涉 季世 人 未尽 才 诚哉斯谈 可 为 叹息,39,40,1
liuxie_shipin__liuxie_45,liuxie_shipin__liuxie_45__part01,文心雕龍·時序,劉勰,39,1360,1446,元皇中興，披文建學，劉刁禮吏而寵榮，景純文敏而優擢，逮明帝秉哲，雅好文會，升儲御極，孳孳講蓺，練情於誥策，振采於辭賦，庾以筆才逾親，溫以文思益厚，揄揚風流，亦彼時之漢武也。,元皇 中兴 披文建学 刘 刁礼吏 而 宠荣 景纯 文敏 而 优擢 逮明 帝秉哲 雅好 文会 升储御 极 孳 孳 讲 蓺 练情 于 诰 策 振采于 辞赋 庾以 笔才 逾 亲 温以 文思 益厚 揄 扬 风流 亦 彼时 之汉武 也,元皇 中兴 披文建学 刘 刁礼吏 而 宠荣 景纯 文敏 而 优擢 逮明 帝秉哲 雅好 文会 升储 御极 孳 孳 讲 蓺 练情 于 诰策 振采于 辞赋 庾以 笔才 逾亲 温以 文思 益厚 揄扬 风流 亦 彼时 之 汉武 也,41,39,1
liuxie_shipin__liuxie_45,liuxie_shipin__liuxie_45__part01,文心雕龍·時序,劉勰,40,1446,1487,及成康促齡，穆哀短祚，簡文勃興，淵乎清峻，微言精理，函滿元席，澹思濃采，時灑文囿。,及 成康 促龄 穆哀 短祚 简文 勃兴 渊乎 清峻 微言 精理 函满元席 澹思 浓采 时洒 文囿,及 成康 促龄 穆哀 短祚 简文 勃兴 渊乎 清峻 微言 精理 函满元席 澹思 浓采 时洒 文囿,16,16,0
liuxie_shipin__liuxie_45,liuxie_shipin__liuxie_45__part01,文心雕龍·時序,劉勰,41,1487,1498,至孝武不嗣，安恭已矣；,至孝 武不嗣 安恭已 矣,至孝 武不嗣 安恭已 矣,4,4,0
liuxie_shipin__liuxie_45,liuxie_shipin__liuxie_45__part01,文心雕龍·時序,劉勰,42,1498,1524,其文史則有袁殷之曹，孫干之輩，雖才或淺深，珪璋足用。,其 文史 则 有 袁殷 之 曹 孙干 之辈 虽才 或 浅 深 珪 璋 足用,其 文史 则 有 袁殷 之 曹 孙干 之辈 虽才 或 浅深 珪 璋 足用,16,15,1
liuxie_shipin__liuxie_45,liuxie_shipin__liuxie_45__part01,文心雕龍·時序,劉勰,43,1524,1545,自中朝貴元，江左稱盛，因談餘氣，流成文體。,自中 朝贵 元 江左 称盛 因谈余 气 流成 文体,自中 朝贵 元 江左 称盛 因谈余 气 流成 文体,9,9,0
liuxie_shipin__liuxie_45,liuxie_shipin__liuxie_45__part01,文心雕龍·時序,劉勰,44,1545,1574,是以世極迍邅，而辭意夷泰，詩必柱下之旨歸，賦乃漆園之義疏。,是 以世极 迍邅 而 辞意 夷泰 诗必柱 下 之 旨归 赋乃 漆园 之义 疏,是 以世极 迍邅 而 辞意 夷泰 诗必柱 下 之 旨归 赋乃 漆园 之 义疏,14,14,1
liuxie_shipin__liuxie_45,liuxie_shipin__liuxie_45__part01,文心雕龍·時序,劉勰,45,1574,1603,故知文變染乎世情，興廢繫乎時序，原始以要終，雖百世可知也。,故知 文变 染乎 世情 兴废 系乎 时序 原始 以要 终 虽 百世 可知 也,故知 文变 染乎 世情 兴废 系乎 时序 原始 以要 终 虽 百世 可知 也,14,14,0
liuxie_shipin__liuxie_45,liuxie_shipin__liuxie_45__part01,文心雕龍·時序,劉勰,46,1605,1631,自宋武愛文，文帝彬雅，秉文之德，孝武多才，英采雲搆。,自宋 武爱文 文帝 彬雅 秉文之德 孝武多 才 英采 云 搆,自宋 武爱文 文帝 彬雅 秉文之德 孝武多 才 英采 云 搆,10,10,0
liuxie_shipin__liuxie_45,liuxie_shipin__liuxie_45__part01,文心雕龍·時序,劉勰,47,1631,1642,自明帝以下，文理替矣。,自明帝 以下 文理 替 矣,自明帝 以下 文理 替 矣,5,5,0
liuxie_shipin__liuxie_45,liuxie_shipin__liuxie_45__part01,文心雕龍·時序,劉勰,48,1642,1655,爾其縉紳之林，霞蔚而飊起；,尔 其 缙绅 之林 霞蔚 而 飊 起,尔其 缙绅 之林 霞蔚 而 飊 起,8,7,1
liuxie_shipin__liuxie_45,liuxie_shipin__liuxie_45__part01,文心雕龍·時序,劉勰,49,1655,1684,王袁聯宗以龍章，顏謝重葉以鳳采，何范張沈之徒，亦不可勝也。,王 袁联宗 以龙章 颜谢 重叶 以凤采 何范张 沈之徒 亦 不可 胜 也,王 袁 联宗 以 龙章 颜谢 重叶 以 凤采 何 范张 沈之徒 亦 不可 胜 也,12,16,1
liuxie_shipin__liuxie_45,liuxie_shipin__liuxie_45__part01,文心雕龍·時序,劉勰,50,1684,1696,蓋聞之於世，故略舉大較。,盖闻 之于 世 故略 举大较,盖闻 之于 世 故略举 大较,5,5,1
liuxie_shipin__liuxie_45,liuxie_shipin__liuxie_45__part01,文心雕龍·時序,劉勰,51,1698,1709,暨皇齊馭寶，運集休明；,暨 皇齐驭 宝 运集 休明,暨 皇齐 驭宝 运集 休明,5,5,1
liuxie_shipin__liuxie_45,liuxie_shipin__liuxie_45__part01,文心雕龍·時序,劉勰,52,1709,1752,太祖以聖武膺籙，高祖以睿文纂業，文帝以貳離含章，中宗以上哲興運，並文明自天，緝遐景祚。,太祖 以圣 武膺 箓 高祖 以睿 文纂业 文帝 以 贰 离 含章 中宗 以上 哲兴运 并 文明 自天 缉遐景祚,太祖 以 圣武 膺箓 高祖 以睿文 纂业 文帝 以 贰离 含章 中宗 以上 哲 兴运 并 文明 自天 缉遐景祚,19,19,1
liuxie_shipin__liuxie_45,liuxie_shipin__liuxie_45__part01,文心雕龍·時序,劉勰,53,1752,1807,今聖厤方興，文思充被，海岳降神，才英秀發，馭飛龍於天衢，駕騏驥於萬里，經典禮章，跨周轢漢，唐虞之文，其鼎盛乎！,今圣 历方兴 文思 充 被 海岳 降神 才 英 秀发 驭 飞龙 于 天衢 驾 骐骥 于 万里 经 典礼 章 跨周 轹 汉 唐虞之文 其 鼎盛 乎,今 圣历 方兴 文思 充 被 海岳 降神 才 英 秀发 驭 飞龙 于 天衢 驾 骐骥 于 万里 经典 礼章 跨周 轹 汉 唐虞之文 其 鼎盛 乎,28,28,1
liuxie_shipin__liuxie_45,liuxie_shipin__liuxie_45__part01,文心雕龍·時序,劉勰,54,1807,1817,鴻風懿采，短筆敢陳；,鸿 风懿采 短笔 敢 陈,鸿风 懿采 短笔 敢 陈,5,5,1
liuxie_shipin__liuxie_45,liuxie_shipin__liuxie_45__part01,文心雕龍·時序,劉勰,55,1817,1827,颺言讚時，請寄明哲。,飏 言 赞时 请 寄 明哲,飏 言 赞时 请寄 明哲,6,5,1
liuxie_shipin__liuxie_45,liuxie_shipin__liuxie_45__part01,文心雕龍·時序,劉勰,56,1829,1832,贊曰：,赞 曰,赞 曰,2,2,0
liuxie_shipin__liuxie_45,liuxie_shipin__liuxie_45__part01,文心雕龍·時序,劉勰,57,1834,1844,蔚映十代，辭采九變。,蔚映 十代 辞 采九变,蔚映 十代 辞采 九变,4,4,1
liuxie_shipin__liuxie_45,liuxie_shipin__liuxie_45__part01,文心雕龍·時序,劉勰,58,1844,1854,樞中所動，環流無倦。,枢中 所动 环流 无倦,枢中 所 动 环流 无倦,4,5,1
liuxie_shipin__liuxie_45,liuxie_shipin__liuxie_45__part01,文心雕龍·時序,劉勰,59,1856,1866,質文沿時，崇替在選。,质文 沿时 崇替 在 选,质文 沿时 崇替 在 选,5,5,0
liuxie_shipin__liuxie_45,liuxie_shipin__liuxie_45__part01,文心雕龍·時序,劉勰,60,1866,1876,終古雖遠，曠焉如面。,终古 虽远 旷焉 如面,终古 虽远 旷焉 如面,4,4,0
liuxie_shipin__liuxie_46,liuxie_shipin__liuxie_46__part01,文心雕龍·物色,劉勰,0,0,20,春秋代序，陰陽慘舒，物色之動，心亦搖焉。,春秋 代序 阴阳 惨舒 物色 之动 心亦摇焉,春秋 代序 阴阳惨舒 物色 之动 心亦摇焉,7,6,1
liuxie_shipin__liuxie_46,liuxie_shipin__liuxie_46__part01,文心雕龍·物色,劉勰,1,20,52,蓋陽氣萌而玄駒步，陰律凝而丹鳥羞，微蟲猶或入感，四時之動物深矣。,盖阳 气 萌而 玄驹步 阴律 凝而丹 鸟 羞 微虫 犹 或 入感 四时 之 动物 深 矣,盖阳 气 萌而 玄驹 步 阴律 凝而 丹鸟 羞 微虫 犹 或 入感 四时 之 动物 深 矣,17,18,1
liuxie_shipin__liuxie_46,liuxie_shipin__liuxie_46__part01,文心雕龍·物色,劉勰,2,52,78,若夫珪璋挺其惠心，英華秀其清氣，物色相召，人誰獲安！,若夫 珪 璋 挺 其惠心 英华 秀其清 气 物色 相召 人 谁 获安,若夫 珪 璋 挺 其惠心 英华 秀其清 气 物色 相召 人 谁 获安,13,13,0
liuxie_shipin__liuxie_46,liuxie_shipin__liuxie_46__part01,文心雕龍·物色,劉勰,3,78,91,是以獻歲發春，悅豫之情暢；,是 以献岁 发春 悦豫 之 情畅,是 以 献岁 发春 悦豫 之情 畅,6,7,1
liuxie_shipin__liuxie_46,liuxie_shipin__liuxie_46__part01,文心雕龍·物色,劉勰,4,91,102,滔滔孟夏，鬱陶之心凝；,滔滔 孟夏 郁陶 之心 凝,滔滔 孟夏 郁陶 之心 凝,5,5,0
liuxie_shipin__liuxie_46,liuxie_shipin__liuxie_46__part01,文心雕龍·物色,劉勰,5,102,113,天高氣清，陰沈之志遠；,天高 气 清 阴沈之 志远,天高 气 清 阴沈 之 志远,5,6,1
liuxie_shipin__liuxie_46,liuxie_shipin__liuxie_46__part01,文心雕龍·物色,劉勰,6,113,124,霰雪無垠，矜肅之慮深；,霰雪 无垠 矜肃 之虑 深,霰雪 无垠 矜肃 之虑 深,5,5,0
liuxie_shipin__liuxie_46,liuxie_shipin__liuxie_46__part01,文心雕龍·物色,劉勰,7,124,134,歲有其物，物有其容；,岁 有 其物 物有 其容,岁 有 其物 物有 其容,5,5,0
liuxie_shipin__liuxie_46,liuxie_shipin__liuxie_46__part01,文心雕龍·物色,劉勰,8,134,144,情以物遷，辭以情發。,情以 物迁 辞以 情发,情以 物迁 辞以 情发,4,4,0
liuxie_shipin__liuxie_46,liuxie_shipin__liuxie_46__part01,文心雕龍·物色,劉勰,9,144,158,一葉且或迎意，蟲聲有足引心。,一叶 且 或 迎意 虫声 有足 引心,一叶 且 或 迎意 虫声 有足 引心,7,7,0
liuxie_shipin__liuxie_46,liuxie_shipin__liuxie_46__part01,文心雕龍·物色,劉勰,10,158,176,况清風與明月同夜，白日與春林共朝哉！,况 清风 与 明月 同夜 白日 与 春林共朝 哉,况 清风 与 明月 同夜 白日 与 春林共朝 哉,9,9,0
liuxie_shipin__liuxie_46,liuxie_shipin__liuxie_46__part01,文心雕龍·物色,劉勰,11,178,190,是以詩人感物，聯類不窮。,是 以 诗人 感物 联类 不穷,是 以 诗人 感物 联类 不穷,6,6,0
liuxie_shipin__liuxie_46,liuxie_shipin__liuxie_46__part01,文心雕龍·物色,劉勰,12,190,204,流連萬象之際，沈吟視聽之區；,流连 万象 之际 沈吟 视听 之区,流连 万象 之际 沈吟 视听 之区,6,6,0
liuxie_shipin__liuxie_46,liuxie_shipin__liuxie_46__part01,文心雕龍·物色,劉勰,13,204,216,寫氣圖貌，既隨物以宛轉；,写 气 图貌 既 随物 以 宛转,写 气 图貌 既 随物 以 宛转,7,7,0
liuxie_shipin__liuxie_46,liuxie_shipin__liuxie_46__part01,文心雕龍·物色,劉勰,14,216,228,屬采附聲，亦與心而徘徊。,属 采附声 亦 与 心 而 徘徊,属 采附声 亦 与 心 而 徘徊,7,7,0
liuxie_shipin__liuxie_46,liuxie_shipin__liuxie_46__part01,文心雕龍·物色,劉勰,15,228,277,故灼灼狀桃花之鮮，依依盡楊柳之貌，杲杲為出日之容，漉漉擬雨雪之狀，喈喈逐黃鳥之聲，喓喓學草蟲之韻。,故 灼灼 状 桃花 之鲜 依依 尽 杨柳 之貌 杲杲 为 出日 之容 漉 漉 拟 雨雪 之状 喈 喈 逐 黄鸟 之声 喓 喓 学 草虫 之韵,故 灼灼 状 桃花 之鲜 依依 尽 杨柳 之貌 杲杲 为 出日 之容 漉 漉 拟 雨雪 之状 喈 喈 逐 黄鸟 之声 喓 喓 学 草虫 之韵,28,28,0
liuxie_shipin__liuxie_46,liuxie_shipin__liuxie_46__part01,文心雕龍·物色,劉勰,16,277,287,皎日嘒星，一言窮理；,皎 日 嘒 星 一 言 穷理,皎 日 嘒 星 一 言 穷理,7,7,0
liuxie_shipin__liuxie_46,liuxie_shipin__liuxie_46__part01,文心雕龍·物色,劉勰,17,287,297,參差沃若，兩字窮形。,参差 沃若 两字 穷形,参差 沃若 两字 穷形,4,4,0
liuxie_shipin__liuxie_46,liuxie_shipin__liuxie_46__part01,文心雕龍·物色,劉勰,18,297,309,並以少總多，情貌無遺矣。,并 以少 总多 情貌 无遗 矣,并 以少 总多 情貌 无遗 矣,6,6,0
liuxie_shipin__liuxie_46,liuxie_shipin__liuxie_46__part01,文心雕龍·物色,劉勰,19,309,321,雖復思經千載，將何易奪。,虽复 思经 千载 将 何易夺,虽 复思 经 千载 将何 易夺,5,6,1
liuxie_shipin__liuxie_46,liuxie_shipin__liuxie_46__part01,文心雕龍·物色,劉勰,20,321,360,及《離騷》代興，觸類而長，物貌難盡，故重沓殊狀，於是嵯峨之類聚，葳蕤之群積矣。,及 离骚 代兴 触类而长 物貌 难 尽 故 重沓殊 状 于是 嵯峨 之类 聚 葳蕤 之 群积 矣,及 离骚 代兴 触类而长 物貌 难 尽 故重 沓 殊状 于是 嵯峨 之类 聚 葳蕤 之 群积 矣,18,18,1
liuxie_shipin__liuxie_46,liuxie_shipin__liuxie_46__part01,文心雕龍·物色,劉勰,21,360,400,及長卿之徒，詭勢瓌聲，模山範水，字必魚貫，所謂詩人麗則而約言，辭人麗淫而繁句也。,及 长卿 之徒 诡势 瓌 声 模山范水 字必 鱼贯 所谓 诗人 丽则 而 约言 辞人丽淫 而 繁句 也,及 长卿 之徒 诡势 瓌 声 模山范水 字必 鱼贯 所谓 诗人 丽则 而 约言 辞人 丽淫 而 繁句 也,18,19,1
liuxie_shipin__liuxie_46,liuxie_shipin__liuxie_46__part01,文心雕龍·物色,劉勰,22,402,414,至如雅詠棠華，或黃或白；,至 如雅咏棠华 或 黄 或 白,至 如 雅咏 棠华 或 黄 或 白,6,8,1
liuxie_shipin__liuxie_46,liuxie_shipin__liuxie_46__part01,文心雕龍·物色,劉勰,23,414,424,騷述秋蘭，綠葉紫莖；,骚述 秋兰 绿叶 紫茎,骚述 秋兰 绿叶 紫茎,4,4,0
liuxie_shipin__liuxie_46,liuxie_shipin__liuxie_46__part01,文心雕龍·物色,劉勰,24,424,447,凡摛表五色，貴在時見，若青黃屢出，則繁而不珍。,凡 摛 表 五色 贵在 时见 若青 黄屡出 则 繁而 不珍,凡 摛 表 五色 贵在 时见 若 青黄 屡出 则 繁而 不珍,11,12,1
liuxie_shipin__liuxie_46,liuxie_shipin__liuxie_46__part01,文心雕龍·物色,劉勰,25,447,472,自近代以來，文貴形似，窺情風景之上，鑽貌草木之中。,自 近代 以来 文贵 形似 窥情 风景 之上 钻貌 草木 之中,自 近代 以来 文贵 形似 窥情 风景 之上 钻貌 草木 之中,11,11,0
liuxie_shipin__liuxie_46,liuxie_shipin__liuxie_46__part01,文心雕龍·物色,劉勰,26,472,482,吟詠所發，志惟深遠；,吟咏 所 发 志惟 深远,吟咏 所 发 志惟 深远,5,5,0
liuxie_shipin__liuxie_46,liuxie_shipin__liuxie_46__part01,文心雕龍·物色,劉勰,27,482,492,體物為妙，功在密附。,体物 为 妙 功在 密附,体物 为妙 功在 密附,5,4,1
liuxie_shipin__liuxie_46,liuxie_shipin__liuxie_46__part01,文心雕龍·物色,劉勰,28,492,515,故巧言切狀，如印之印泥，不加雕削，而曲寫毫芥。,故 巧言 切状 如印 之 印泥 不加 雕削 而曲 写 毫芥,故 巧言 切状 如印 之 印泥 不加 雕削 而曲 写 毫芥,11,11,0
liuxie_shipin__liuxie_46,liuxie_shipin__liuxie_46__part01,文心雕龍·物色,劉勰,29,515,530,故能瞻言而見貌，即字而知時也。,故能 瞻言 而 见貌 即字 而 知时 也,故能 瞻言 而 见貌 即字 而 知时 也,8,8,0
liuxie_shipin__liuxie_46,liuxie_shipin__liuxie_46__part01,文心雕龍·物色,劉勰,30,532,544,然物有恒姿，而思無定檢。,然物 有恒 姿 而思 无定 检,然物 有 恒姿 而思 无定 检,6,6,1
liuxie_shipin__liuxie_46,liuxie_shipin__liuxie_46__part01,文心雕龍·物色,劉勰,31,544,556,或率爾造極，或精思愈疎。,或 率尔 造极 或 精思愈 疎,或 率尔 造极 或 精思愈 疎,6,6,0
liuxie_shipin__liuxie_46,liuxie_shipin__liuxie_46__part01,文心雕龍·物色,劉勰,32,556,567,且詩騷所標，並據要害；,且 诗骚 所标 并据 要害,且 诗骚 所标 并据 要害,5,5,0
liuxie_shipin__liuxie_46,liuxie_shipin__liuxie_46__part01,文心雕龍·物色,劉勰,33,567,592,故後進銳筆，怯於爭鋒，莫不因方以借巧，即勢以會奇；,故 后进 锐笔 怯于 争锋 莫不 因方以 借巧 即势 以会奇,故 后进 锐笔 怯于 争锋 莫不 因方以 借巧 即势 以会奇,10,10,0
liuxie_shipin__liuxie_46,liuxie_shipin__liuxie_46__part01,文心雕龍·物色,劉勰,34,592,604,善於適要，則雖舊彌新矣。,善于 适要 则 虽 旧弥新 矣,善于 适要 则 虽 旧弥新 矣,6,6,0
liuxie_shipin__liuxie_46,liuxie_shipin__liuxie_46__part01,文心雕龍·物色,劉勰,35,604,617,是以四序紛迴，而入興貴閑；,是 以四序 纷回 而入 兴贵闲,是 以四序 纷回 而入 兴贵闲,5,5,0
liuxie_shipin__liuxie_46,liuxie_shipin__liuxie_46__part01,文心雕龍·物色,劉勰,36,617,643,物色雖繁，而折辭尚簡，使味飄飄而輕舉，情曄曄而更新。,物色 虽繁 而 折辞 尚简 使味 飘飘 而 轻举 情晔晔 而 更新,物色 虽繁 而 折辞 尚简 使味 飘飘 而 轻举 情 晔晔 而 更新,12,13,1
liuxie_shipin__liuxie_46,liuxie_shipin__liuxie_46__part01,文心雕龍·物色,劉勰,37,643,681,古來辭人，異代接武，莫不參伍以相變，因革以為功，物色盡而情有餘者，曉會通也。,古来 辞人 异代 接武 莫不 参伍 以 相变 因革 以为 功 物色 尽而情 有 余者 晓 会通 也,古来 辞人 异代 接武 莫不 参伍 以 相变 因革 以为 功 物色 尽而情 有 余者 晓 会通 也,18,18,0
liuxie_shipin__liuxie_46,liuxie_shipin__liuxie_46__part01,文心雕龍·物色,劉勰,38,683,707,若乃山林臯壤，實文思之奧府，略語則闕，詳說則繁。,若 乃 山林 臯 壤 实 文思 之奥府 略语 则 阙 详说 则 繁,若 乃 山林 臯 壤 实 文思 之 奥府 略语 则 阙 详说 则 繁,14,15,1
liuxie_shipin__liuxie_46,liuxie_shipin__liuxie_46__part01,文心雕龍·物色,劉勰,39,707,729,然屈平所以能洞監風騷之情者，抑亦江山之助乎？,然屈平 所以 能 洞监 风骚 之 情者 抑 亦 江山 之助乎,然屈平 所以 能 洞监 风骚 之 情者 抑 亦 江山 之助乎,11,11,0
liuxie_shipin__liuxie_46,liuxie_shipin__liuxie_46__part01,文心雕龍·物色,劉勰,40,731,734,贊曰：,赞 曰,赞 曰,2,2,0
liuxie_shipin__liuxie_46,liuxie_shipin__liuxie_46__part01,文心雕龍·物色,劉勰,41,736,746,山沓水匝，樹雜雲合。,山沓水 匝 树杂 云合,山沓水 匝 树杂 云合,4,4,0
liuxie_shipin__liuxie_46,liuxie_shipin__liuxie_46__part01,文心雕龍·物色,劉勰,42,746,756,目既往還，心亦吐納。,目 既往 还 心 亦 吐纳,目 既往 还 心 亦 吐纳,6,6,0
liuxie_shipin__liuxie_46,liuxie_shipin__liuxie_46__part01,文心雕龍·物色,劉勰,43,758,768,春日遲遲，秋風颯颯。,春日 迟迟 秋风 飒飒,春日 迟迟 秋风 飒飒,4,4,0
liuxie_shipin__liuxie_46,liuxie_shipin__liuxie_46__part01,文心雕龍·物色,劉勰,44,768,778,情往似贈，興來如答。,情往 似赠 兴来 如答,情往 似赠 兴来 如答,4,4,0
liuxie_shipin__liuxie_47,liuxie_shipin__liuxie_47__part01,文心雕龍·才略,劉勰,0,0,10,九代之文，富矣盛矣；,九代 之文 富矣 盛 矣,九代 之文 富矣 盛 矣,5,5,0
liuxie_shipin__liuxie_47,liuxie_shipin__liuxie_47__part01,文心雕龍·才略,劉勰,1,10,22,其辭令華采，可略而詳也。,其 辞令 华采 可略 而 详 也,其 辞令 华采 可略 而 详 也,7,7,0
liuxie_shipin__liuxie_47,liuxie_shipin__liuxie_47__part01,文心雕龍·才略,劉勰,2,22,61,虞夏文章，則有臯陶六德，夔序八音，益則有贊，五子作歌，辭義溫雅，萬代之儀表也。,虞夏 文章 则 有 臯 陶 六 德 夔序 八音 益则 有 赞 五子 作歌 辞义 温雅 万代 之 仪表 也,虞夏 文章 则 有 臯 陶 六 德 夔序 八音 益则 有 赞 五子 作歌 辞义 温雅 万代 之 仪表 也,21,21,0
liuxie_shipin__liuxie_47,liuxie_shipin__liuxie_47__part01,文心雕龍·才略,劉勰,3,61,97,商周之世，則仲虺垂誥，伊尹敷訓，吉甫之徒，並述詩頌，義固為經，文亦師矣。,商周 之世 则 仲 虺 垂 诰 伊尹 敷训 吉甫 之徒 并述 诗颂 义固 为 经 文亦师 矣,商周 之世 则 仲 虺 垂诰 伊尹 敷训 吉甫 之徒 并述 诗颂 义固 为 经 文亦师 矣,18,17,1
liuxie_shipin__liuxie_47,liuxie_shipin__liuxie_47__part01,文心雕龍·才略,劉勰,4,99,186,及乎春秋大夫，則修辭聘會，磊落如琅玕之圃，琨燿似縟錦之肆，薳敖擇楚國之令典，隨會講晉國之禮法，趙衰以文勝從饗，國僑以修辭扜鄭，子太叔美秀而文，公孫翬善於辭令，皆文名之標者也。,及乎 春秋 大夫 则 修辞 聘会 磊落 如 琅玕 之圃 琨 燿 似缛锦之肆 䓕 敖择 楚国 之令典 随会 讲 晋国 之 礼法 赵衰 以文胜 从 飨 国侨 以 修辞 扜 郑 子太叔 美秀而文 公孙 翚 善于辞令 皆 文名 之标者 也,及乎 春秋 大夫 则 修辞 聘会 磊落 如 琅玕 之圃 琨 燿 似缛锦之肆 䓕 敖择 楚国 之令典 随会 讲 晋国 之 礼法 赵衰以 文胜 从飨 国侨 以 修辞 扜 郑 子太叔 美秀而文 公孙 翚 善于辞令 皆 文名 之标者 也,40,39,1
liuxie_shipin__liuxie_47,liuxie_shipin__liuxie_47__part01,文心雕龍·才略,劉勰,5,186,197,戰代任武，而文士不絕；,战代 任武 而 文士 不 绝,战代 任武 而 文士 不 绝,6,6,0
liuxie_shipin__liuxie_47,liuxie_shipin__liuxie_47__part01,文心雕龍·才略,劉勰,6,197,256,諸子以道術取資，屈宋以楚辭發采，樂毅報書辨以義，范雎上書密而至，蘇秦歷說壯而中，李斯自奏麗而動，若在文世，則揚班儔矣。,诸子 以 道术 取资 屈宋 以 楚辞 发采 乐毅 报书辨 以义 范雎 上书 密而至 苏秦 历说 壮 而 中 李斯 自奏丽而动 若 在 文世 则 扬班 俦 矣,诸子 以 道术 取资 屈宋 以 楚辞 发采 乐毅 报书 辨 以义 范雎 上书 密而至 苏秦 历说 壮而中 李斯 自奏丽而动 若 在 文世 则 扬班 俦 矣,28,27,1
liuxie_shipin__liuxie_47,liuxie_shipin__liuxie_47__part01,文心雕龍·才略,劉勰,7,256,279,荀況學宗，而象物名賦，文質相稱，固巨儒之情也。,荀况 学宗 而象物 名赋 文质 相称 固巨儒 之情 也,荀况 学宗 而象物 名赋 文质 相称 固巨儒 之情 也,9,9,0
liuxie_shipin__liuxie_47,liuxie_shipin__liuxie_47__part01,文心雕龍·才略,劉勰,8,281,305,漢室陸賈，首案奇采，賦孟春而選典誥，其辯之富矣。,汉室 陆贾 首案 奇采 赋孟春 而 选典 诰 其辩 之富 矣,汉室 陆贾 首案 奇采 赋孟春而选 典诰 其辩 之富 矣,11,9,1
liuxie_shipin__liuxie_47,liuxie_shipin__liuxie_47__part01,文心雕龍·才略,劉勰,9,305,326,賈誼才頴，陵軼飛兔，議愜而賦清，豈虛至哉！,贾谊 才 颕 陵轶飞 兔 议 惬而 赋清 岂虚至 哉,贾谊 才 颕 陵轶 飞兔 议 惬而 赋清 岂虚至 哉,10,10,1
liuxie_shipin__liuxie_47,liuxie_shipin__liuxie_47__part01,文心雕龍·才略,劉勰,10,326,351,枚乘之《七發》，鄒陽之上書，膏潤於筆，氣形於言矣。,枚 乘 之 七发 邹阳 之 上书 膏润于 笔 气 形于 言 矣,枚 乘 之 七发 邹阳 之 上书 膏润 于笔 气 形于 言 矣,13,13,1
liuxie_shipin__liuxie_47,liuxie_shipin__liuxie_47__part01,文心雕龍·才略,劉勰,11,351,375,仲舒專儒，子長純史，而麗縟成文，亦詩人之告哀焉。,仲舒 专儒 子长 纯史 而丽缛 成文 亦 诗人 之告 哀 焉,仲舒 专儒 子长 纯史 而 丽缛 成文 亦 诗人 之告 哀 焉,11,12,1
liuxie_shipin__liuxie_47,liuxie_shipin__liuxie_47__part01,文心雕龍·才略,劉勰,12,375,395,相如好書，師範屈宋，洞入夸豔，致名辭宗。,相如 好书 师范 屈宋 洞入 夸艳 致名 辞宗,相如 好书 师范 屈宋 洞入 夸艳 致名 辞宗,8,8,0
liuxie_shipin__liuxie_47,liuxie_shipin__liuxie_47__part01,文心雕龍·才略,劉勰,13,395,425,然覆取精意，理不勝辭，故楊子以為文麗用寡者長卿，誠哉是言也！,然覆取 精意 理不胜辞 故 杨子 以为 文丽用 寡者 长卿 诚哉 是 言 也,然覆取 精意 理不胜辞 故 杨子 以为 文丽 用 寡者 长卿 诚哉 是 言 也,13,14,1
liuxie_shipin__liuxie_47,liuxie_shipin__liuxie_47__part01,文心雕龍·才略,劉勰,14,425,446,王褒構采，以密巧為致，附聲測貌，泠然可觀。,王褒 构采 以密巧 为致 附声 测貌 泠然 可观,王褒 构采 以密巧 为致 附声 测貌 泠然 可观,8,8,0
liuxie_shipin__liuxie_47,liuxie_shipin__liuxie_47__part01,文心雕龍·才略,劉勰,15,446,484,子雲屬意，辭人最深，觀其涯度幽遠，搜選詭麗，而竭才以鑚思，故能理贍而辭堅矣。,子云 属意 辞人 最深 观其涯度 幽远 搜选 诡丽 而竭 才 以 鑚 思 故能理 赡 而 辞坚 矣,子云 属意 辞人 最深 观其涯度 幽远 搜选 诡丽 而竭 才 以 鑚 思 故能理 赡 而 辞坚 矣,18,18,0
liuxie_shipin__liuxie_47,liuxie_shipin__liuxie_47__part01,文心雕龍·才略,劉勰,16,484,530,桓譚著論，富號猗頓，宋弘稱薦，爰比相如，而《集靈》諸賦，偏淺無才，故知長於諷論，不及麗文也。,桓 谭著论 富号 猗顿 宋弘 称荐 爰 比 相如 而 集灵 诸赋 偏浅 无才 故知 长于 讽论 不及 丽文 也,桓 谭著论 富号 猗顿 宋弘 称荐 爰 比 相如 而 集灵 诸赋 偏浅 无才 故知 长于 讽论 不及 丽文 也,20,20,0
liuxie_shipin__liuxie_47,liuxie_shipin__liuxie_47__part01,文心雕龍·才略,劉勰,17,530,555,敬通雅好辭說，而坎壈盛世，顯志自序，亦蚌病成珠矣。,敬通雅 好辞 说 而 坎 𡒄 盛世 显志 自序 亦 蚌病成珠 矣,敬通雅 好辞 说 而 坎 𡒄 盛世 显志 自序 亦 蚌病成珠 矣,12,12,0
liuxie_shipin__liuxie_47,liuxie_shipin__liuxie_47__part01,文心雕龍·才略,劉勰,18,555,609,二班兩劉，奕葉繼采，舊說以為固文優彪，歆學精向，然《王命》清辯，《新序》該練，璿璧產於崐崗，亦難得而踰本矣。,二班 两 刘 奕 叶继采 旧 说 以为 固文 优彪 歆 学精向 然 王命 清辩 新序 该练 璇 璧 产于 崐 岗 亦 难得 而 逾 本 矣,二班 两 刘 奕叶 继采 旧 说 以为 固文 优彪 歆 学精向 然 王命 清辩 新序 该练 璇 璧 产于 崐 岗 亦 难得 而 逾 本 矣,28,28,1
liuxie_shipin__liuxie_47,liuxie_shipin__liuxie_47__part01,文心雕龍·才略,劉勰,19,609,631,傅毅崔駰，光采比肩，瑗實踵武，龍世厥風者矣。,傅毅 崔 骃 光采 比肩 瑗 实 踵武 龙世厥 风者 矣,傅毅 崔 骃 光采 比肩 瑗 实 踵武 龙世厥 风者 矣,11,11,0
liuxie_shipin__liuxie_47,liuxie_shipin__liuxie_47__part01,文心雕龍·才略,劉勰,20,631,654,杜篤賈逵，亦有聲於文，跡其為才，崔傅之末流也。,杜笃 贾逵 亦 有声 于文 迹其为 才 崔傅 之 末流 也,杜笃 贾逵 亦 有声 于文 迹其为 才 崔傅 之 末流 也,11,11,0
liuxie_shipin__liuxie_47,liuxie_shipin__liuxie_47__part01,文心雕龍·才略,劉勰,21,654,675,李尤賦銘，志慕鴻裁，而才力沈膇，垂翼不飛。,李尤 赋铭 志慕鸿裁 而 才力 沈 膇 垂翼 不飞,李尤 赋铭 志慕 鸿裁 而 才力 沈 膇 垂翼 不飞,9,10,1
liuxie_shipin__liuxie_47,liuxie_shipin__liuxie_47__part01,文心雕龍·才略,劉勰,22,675,695,馬融鴻儒，思洽登高，吐納經範，華實相扶。,马融 鸿儒 思洽 登高 吐纳 经范 华实 相扶,马融 鸿儒 思洽 登高 吐纳 经范 华实 相扶,8,8,0
liuxie_shipin__liuxie_47,liuxie_shipin__liuxie_47__part01,文心雕龍·才略,劉勰,23,695,708,王逸博識有功，而絢綵無力。,王逸 博识 有功 而 绚彩 无力,王逸 博识 有功 而 绚彩 无力,6,6,0
liuxie_shipin__liuxie_47,liuxie_shipin__liuxie_47__part01,文心雕龍·才略,劉勰,24,708,733,延壽繼志，瓌穎獨標，其善圖物寫貌，豈枚乘之遺術歟！,延寿 继志 瓌 颖 独标 其善 图物 写貌 岂枚 乘 之 遗术 欤,延寿 继志 瓌 颖 独标 其善 图物 写貌 岂枚 乘 之 遗术 欤,13,13,0
liuxie_shipin__liuxie_47,liuxie_shipin__liuxie_47__part01,文心雕龍·才略,劉勰,25,733,753,張衡通贍，蔡邕精雅，文史彬彬，隔世相望。,张衡 通 赡 蔡邕 精雅 文史 彬彬 隔世 相望,张衡 通赡 蔡邕 精雅 文史 彬彬 隔世 相望,9,8,1
liuxie_shipin__liuxie_47,liuxie_shipin__liuxie_47__part01,文心雕龍·才略,劉勰,26,753,772,是則竹柏異心而同貞，金玉殊質而皆寳也。,是 则 竹柏异心 而 同贞 金玉 殊质 而 皆 寳 也,是则 竹柏异心 而 同贞 金玉 殊质 而 皆 寳 也,11,10,1
liuxie_shipin__liuxie_47,liuxie_shipin__liuxie_47__part01,文心雕龍·才略,劉勰,27,772,784,劉向之奏議，旨切而調緩；,刘向 之 奏议 旨切 而 调缓,刘向 之 奏议 旨切 而 调缓,6,6,0
liuxie_shipin__liuxie_47,liuxie_shipin__liuxie_47__part01,文心雕龍·才略,劉勰,28,784,796,趙壹之辭賦，意繁而體疎；,赵壹 之 辞赋 意繁 而体 疎,赵壹 之 辞赋 意繁 而体 疎,6,6,0
liuxie_shipin__liuxie_47,liuxie_shipin__liuxie_47__part01,文心雕龍·才略,劉勰,29,796,817,孔融氣盛於為筆，禰衡思銳於為文，有篇美焉。,孔融 气 盛于 为 笔 祢衡 思锐 于 为 文 有篇美 焉,孔融 气 盛于 为 笔 祢衡 思锐 于 为 文 有篇美 焉,12,12,0
liuxie_shipin__liuxie_47,liuxie_shipin__liuxie_47__part01,文心雕龍·才略,劉勰,30,817,832,潘勖憑經以騁才，故絕群於錫命；,潘勖 凭经 以骋 才 故绝 群于 锡命,潘勖 凭 经以 骋才 故 绝群 于 锡命,7,8,1
liuxie_shipin__liuxie_47,liuxie_shipin__liuxie_47__part01,文心雕龍·才略,劉勰,31,832,847,王朗發憤以託志，亦致美於序銘。,王朗 发愤 以托志 亦 致美于 序铭,王朗 发愤 以 托志 亦 致美于 序铭,6,7,1
liuxie_shipin__liuxie_47,liuxie_shipin__liuxie_47__part01,文心雕龍·才略,劉勰,32,847,874,然自卿淵已前，多俊才而不課學，雄向以後，頗引書以助文；,然自卿 渊 已 前 多俊才 而 不 课学 雄向 以后 颇 引书 以助文,然自 卿渊 已前 多俊才 而 不 课学 雄向 以后 颇 引书 以助文,13,12,1
liuxie_shipin__liuxie_47,liuxie_shipin__liuxie_47__part01,文心雕龍·才略,劉勰,33,874,889,此取與之大際，其分不可亂者也。,此取 与 之大际 其分 不可 乱者 也,此 取与 之大际 其分 不可 乱者 也,7,7,1
liuxie_shipin__liuxie_47,liuxie_shipin__liuxie_47__part01,文心雕龍·才略,劉勰,34,891,927,魏文之才，洋洋清綺，舊談抑之，謂去植千里，然子建思捷而才儁，詩麗而表逸；,魏文 之 才 洋洋 清 绮 旧谈抑 之 谓 去 植 千里 然子 建思捷 而 才俊 诗丽而表逸,魏文 之 才 洋洋 清绮 旧谈抑 之 谓 去 植 千里 然子 建思捷 而 才俊 诗丽而表逸,17,16,1
liuxie_shipin__liuxie_47,liuxie_shipin__liuxie_47__part01,文心雕龍·才略,劉勰,35,927,942,子桓慮詳而力緩，故不競於先鳴。,子桓虑 详而力 缓 故 不 竞于 先鸣,子桓虑 详而力 缓 故 不竞 于 先鸣,7,7,1
liuxie_shipin__liuxie_47,liuxie_shipin__liuxie_47__part01,文心雕龍·才略,劉勰,36,942,967,而《樂府》清越，《典論》辯要，迭用短長，亦無懵焉。,而 乐府 清越 典论 辩要 迭用 短长 亦 无 懵 焉,而 乐府 清越 典论 辩要 迭用 短长 亦 无 懵 焉,11,11,0
liuxie_shipin__liuxie_47,liuxie_shipin__liuxie_47__part01,文心雕龍·才略,劉勰,37,967,1002,但俗情抑揚，雷同一人，遂令文帝以位尊減才，思王以勢窘益價，未為篤論也。,但 俗情 抑扬 雷同 一人 遂 令 文帝 以 位尊 减才 思王 以势 窘益价 未为 笃论 也,但 俗情 抑扬 雷同 一人 遂 令 文帝 以 位尊 减才 思王 以势 窘益价 未为 笃论 也,17,17,0
liuxie_shipin__liuxie_47,liuxie_shipin__liuxie_47__part01,文心雕龍·才略,劉勰,38,1002,1035,仲宣溢才，捷而能密，文多兼善，辭少瑕累，摘其詩賦，則七子之冠冕乎！,仲宣溢 才 捷而能 密 文多 兼善 辞少 瑕 累 摘其 诗赋 则 七子 之 冠冕 乎,仲宣溢 才 捷而能 密 文多 兼善 辞少 瑕 累 摘其 诗赋 则 七子 之 冠冕 乎,16,16,0
liuxie_shipin__liuxie_47,liuxie_shipin__liuxie_47__part01,文心雕龍·才略,劉勰,39,1035,1043,琳瑀以符檄擅聲；,琳 瑀 以符 檄 擅声,琳 瑀 以符 檄 擅声,5,5,0
liuxie_shipin__liuxie_47,liuxie_shipin__liuxie_47__part01,文心雕龍·才略,劉勰,40,1043,1051,徐幹以賦論標美；,徐干以 赋论 标美,徐干以 赋论 标美,3,3,0
liuxie_shipin__liuxie_47,liuxie_shipin__liuxie_47__part01,文心雕龍·才略,劉勰,41,1051,1059,劉楨情高以會采；,刘桢 情高 以会采,刘桢 情高 以会采,3,3,0
liuxie_shipin__liuxie_47,liuxie_shipin__liuxie_47__part01,文心雕龍·才略,劉勰,42,1059,1067,應瑒學優以得文；,应 玚 学 优以 得文,应 玚 学 优以 得文,5,5,0
liuxie_shipin__liuxie_47,liuxie_shipin__liuxie_47__part01,文心雕龍·才略,劉勰,43,1067,1079,路粹楊修，頗懷筆記之工；,路粹 杨修 颇 怀 笔记 之工,路粹 杨修 颇 怀 笔记 之工,6,6,0
liuxie_shipin__liuxie_47,liuxie_shipin__liuxie_47__part01,文心雕龍·才略,劉勰,44,1079,1091,丁儀邯鄲，亦含論述之美；,丁仪 邯郸 亦 含 论述 之美,丁仪 邯郸 亦 含 论述 之美,6,6,0
liuxie_shipin__liuxie_47,liuxie_shipin__liuxie_47__part01,文心雕龍·才略,劉勰,45,1091,1096,有足算焉。,有足算 焉,有足算 焉,2,2,0
liuxie_shipin__liuxie_47,liuxie_shipin__liuxie_47__part01,文心雕龍·才略,劉勰,46,1096,1109,劉劭《趙都》，能攀於前修；,刘劭 赵都 能 攀于 前修,刘劭 赵都 能 攀于 前修,5,5,0
liuxie_shipin__liuxie_47,liuxie_shipin__liuxie_47__part01,文心雕龍·才略,劉勰,47,1109,1122,何晏《景福》，克光於後進；,何晏 景福 克光于 后进,何晏 景福 克光于 后进,4,4,0
liuxie_shipin__liuxie_47,liuxie_shipin__liuxie_47__part01,文心雕龍·才略,劉勰,48,1122,1136,休璉風情，則《百壹》標其志；,休琏 风情 则 百壹 标其志,休琏 风情 则 百壹 标其志,5,5,0
liuxie_shipin__liuxie_47,liuxie_shipin__liuxie_47__part01,文心雕龍·才略,劉勰,49,1136,1150,吉甫文理，則《臨丹》成其采；,吉甫 文理 则 临丹 成其采,吉甫 文理 则 临丹 成其采,5,5,0
liuxie_shipin__liuxie_47,liuxie_shipin__liuxie_47__part01,文心雕龍·才略,劉勰,50,1150,1178,嵇康師心以遣論，阮籍使氣以命詩，殊聲而合響，異翮而同飛。,嵇康 师心 以遣论 阮籍 使 气 以命 诗 殊声 而 合响 异翮 而 同飞,嵇康 师心 以遣论 阮籍 使 气 以命 诗 殊声 而 合响 异翮 而 同飞,14,14,0
liuxie_shipin__liuxie_47,liuxie_shipin__liuxie_47__part01,文心雕龍·才略,劉勰,51,1180,1208,張華短章，奕奕清暢，其《鷦鷯》寓意，即韓飛之《說難》也。,张华 短章 奕奕 清畅 其 鹪鹩 寓意 即 韩飞 之 说 难 也,张华 短章 奕奕 清畅 其 鹪鹩 寓意 即 韩飞 之 说 难 也,13,13,0
liuxie_shipin__liuxie_47,liuxie_shipin__liuxie_47__part01,文心雕龍·才略,劉勰,52,1208,1239,左思奇才，業深覃思，盡鋭於《三都》，拔萃於《詠史》，無遺力矣。,左思 奇才 业深 覃思 尽锐 于 三 都 拔萃 于 咏史 无遗 力 矣,左思 奇才 业深 覃思 尽锐 于 三 都 拔萃 于 咏史 无遗 力 矣,14,14,0
liuxie_shipin__liuxie_47,liuxie_shipin__liuxie_47__part01,文心雕龍·才略,劉勰,53,1239,1270,潘岳敏給，辭自和暢，鍾美於《西征》，賈餘於《哀誄》，非自外也。,潘岳 敏给 辞自 和畅 钟美于 西征 贾余于 哀 诔 非自外 也,潘岳 敏给 辞自 和畅 钟美于 西征 贾余 于 哀诔 非自外 也,11,11,1
liuxie_shipin__liuxie_47,liuxie_shipin__liuxie_47__part01,文心雕龍·才略,劉勰,54,1270,1293,陸機才欲窺深，辭務索廣，故思能入巧，而不制繁。,陆机 才 欲 窥 深 辞务索 广 故思能 入巧 而 不 制繁,陆机 才 欲 窥深 辞务索 广 故思能 入巧 而 不 制繁,12,11,1
liuxie_shipin__liuxie_47,liuxie_shipin__liuxie_47__part01,文心雕龍·才略,劉勰,55,1293,1315,士龍明練，以識檢亂，故能布采鮮淨，敏於短篇。,士龙 明练 以识 检乱 故能布 采鲜净 敏于 短篇,士龙 明练 以 识检 乱 故能 布采 鲜净 敏于 短篇,8,10,1
liuxie_shipin__liuxie_47,liuxie_shipin__liuxie_47__part01,文心雕龍·才略,劉勰,56,1315,1327,孫楚綴思，每直置以疎通；,孙楚缀 思 每直 置 以 疎 通,孙楚 缀思 每直 置 以 疎 通,7,7,1
liuxie_shipin__liuxie_47,liuxie_shipin__liuxie_47__part01,文心雕龍·才略,劉勰,57,1327,1339,摯虞述懷，必循規以溫雅；,挚虞 述怀 必循 规以 温雅,挚虞 述怀 必循 规以 温雅,5,5,0
liuxie_shipin__liuxie_47,liuxie_shipin__liuxie_47__part01,文心雕龍·才略,劉勰,58,1339,1350,其品藻流別，有條理焉。,其品 藻 流别 有条理 焉,其品 藻 流别 有条理 焉,5,5,0
liuxie_shipin__liuxie_47,liuxie_shipin__liuxie_47__part01,文心雕龍·才略,劉勰,59,1350,1360,傅玄篇章，義多規鏡；,傅玄 篇章 义多 规镜,傅玄 篇章 义多 规镜,4,4,0
liuxie_shipin__liuxie_47,liuxie_shipin__liuxie_47__part01,文心雕龍·才略,劉勰,60,1360,1370,長虞筆奏，世執剛中；,长虞笔 奏 世执刚 中,长虞 笔奏 世 执刚 中,4,5,1
liuxie_shipin__liuxie_47,liuxie_shipin__liuxie_47__part01,文心雕龍·才略,劉勰,61,1370,1385,並楨幹之實才，非群華之韡萼也。,并桢 干之实 才 非群华 之韡萼 也,并 桢干 之 实才 非群华 之韡萼 也,6,7,1
liuxie_shipin__liuxie_47,liuxie_shipin__liuxie_47__part01,文心雕龍·才略,劉勰,62,1385,1426,成公子安選賦而時美，夏侯孝若具體而皆微，曹攄清靡於長篇，季鷹辨切於短韻，各其善也。,成 公子 安选赋 而 时美 夏侯 孝若 具体 而 皆 微 曹 摅 清靡于 长篇 季鹰 辨切 于 短韵 各其善 也,成 公子 安选赋 而 时美 夏侯 孝若 具体 而 皆 微 曹 摅 清靡于 长篇 季鹰 辨切 于 短韵 各其善 也,21,21,0
liuxie_shipin__liuxie_47,liuxie_shipin__liuxie_47__part01,文心雕龍·才略,劉勰,63,1426,1450,孟陽景福，才綺而相埒，可謂魯衛之政，兄弟之文也。,孟阳 景福 才 绮 而 相 埒 可谓 鲁卫之政 兄弟 之文 也,孟阳 景福 才 绮 而 相 埒 可谓 鲁卫之政 兄弟 之文 也,12,12,0
liuxie_shipin__liuxie_47,liuxie_shipin__liuxie_47__part01,文心雕龍·才略,劉勰,64,1450,1474,劉琨雅壯而多風，盧諶情發而理昭，亦遇之於時勢也。,刘琨 雅壮 而 多风 卢谌情 发而理 昭 亦 遇之于 时势 也,刘琨 雅壮 而多风 卢谌情 发而理 昭 亦 遇之于 时势 也,11,10,1
liuxie_shipin__liuxie_47,liuxie_shipin__liuxie_47__part01,文心雕龍·才略,劉勰,65,1474,1505,景純艶逸，足冠中興，《郊賦》既穆穆以大觀，仙詩亦飄飄而凌雲矣。,景 纯 艶 逸 足冠 中兴 郊赋 既 穆穆以 大观 仙诗 亦 飘飘 而 凌云 矣,景 纯 艶 逸 足冠 中兴 郊赋 既 穆穆以 大观 仙诗 亦 飘飘 而 凌云 矣,16,16,0
liuxie_shipin__liuxie_47,liuxie_shipin__liuxie_47__part01,文心雕龍·才略,劉勰,66,1505,1518,庾元規之表奏，靡密以閑暢；,庾元 规之表奏 靡 密以 闲畅,庾元 规之表奏 靡 密以 闲畅,5,5,0
liuxie_shipin__liuxie_47,liuxie_shipin__liuxie_47__part01,文心雕龍·才略,劉勰,67,1518,1531,溫太真之筆記，循理而清通；,温太真 之 笔记 循理 而 清通,温太真 之 笔记 循理 而 清通,6,6,0
liuxie_shipin__liuxie_47,liuxie_shipin__liuxie_47__part01,文心雕龍·才略,劉勰,68,1531,1539,亦筆端之良工也。,亦 笔端 之良工 也,亦 笔端 之良工 也,4,4,0
liuxie_shipin__liuxie_47,liuxie_shipin__liuxie_47__part01,文心雕龍·才略,劉勰,69,1539,1570,孫盛干寶，文勝為史，準的所擬，志乎典訓，戶牖雖異，而筆彩略同。,孙盛 干宝 文胜为 史 准 的 所拟 志乎 典训 户牖 虽异 而 笔彩 略同,孙盛 干宝 文胜 为史 准 的 所拟 志乎 典训 户牖 虽异 而 笔彩 略同,14,14,1
liuxie_shipin__liuxie_47,liuxie_shipin__liuxie_47__part01,文心雕龍·才略,劉勰,70,1570,1585,袁宏發軫以高驤，故卓出而多偏；,袁宏 发轸 以 高骧 故卓出 而 多 偏,袁宏 发轸 以 高骧 故卓出 而 多 偏,8,8,0
liuxie_shipin__liuxie_47,liuxie_shipin__liuxie_47__part01,文心雕龍·才略,劉勰,71,1585,1600,孫綽規旋以矩步，故倫序而寡狀；,孙绰 规旋以 矩步 故伦序 而 寡状,孙绰 规旋 以矩步 故 伦序 而 寡状,6,7,1
liuxie_shipin__liuxie_47,liuxie_shipin__liuxie_47__part01,文心雕龍·才略,劉勰,72,1600,1629,殷仲文之《孤興》，謝叔源之《閑情》，並解散辭體，縹緲浮音。,殷仲文 之 孤兴 谢叔源 之 闲情 并 解散 辞体 缥缈 浮音,殷仲文 之 孤兴 谢叔源 之 闲情 并 解散 辞体 缥缈 浮音,11,11,0
liuxie_shipin__liuxie_47,liuxie_shipin__liuxie_47__part01,文心雕龍·才略,劉勰,73,1629,1641,雖滔滔風流，而大澆文意。,虽 滔滔 风流 而 大 浇 文意,虽 滔滔 风流 而 大 浇 文意,7,7,0
liuxie_shipin__liuxie_47,liuxie_shipin__liuxie_47__part01,文心雕龍·才略,劉勰,74,1643,1663,宋代逸才，辭翰鱗萃，世近易明，無勞甄序。,宋代 逸才 辞翰鳞萃 世近 易明 无劳 甄序,宋代 逸才 辞翰 鳞萃 世近 易明 无劳 甄序,7,8,1
liuxie_shipin__liuxie_47,liuxie_shipin__liuxie_47__part01,文心雕龍·才略,劉勰,75,1663,1675,觀夫後漢才林，可參西京；,观夫 后汉 才 林 可参 西京,观夫 后汉 才 林 可参 西京,6,6,0
liuxie_shipin__liuxie_47,liuxie_shipin__liuxie_47__part01,文心雕龍·才略,劉勰,76,1675,1685,晉世文苑，足儷鄴都；,晋世 文苑 足俪 邺 都,晋世 文苑 足俪 邺都,5,4,1
liuxie_shipin__liuxie_47,liuxie_shipin__liuxie_47__part01,文心雕龍·才略,劉勰,77,1685,1700,然而魏時話言，必以元封為稱首；,然而 魏时 话 言 必以 元 封为 称首,然而 魏时 话言 必以 元 封为 称首,8,7,1
liuxie_shipin__liuxie_47,liuxie_shipin__liuxie_47__part01,文心雕龍·才略,劉勰,78,1700,1713,宋來美談，亦以建安為口實；,宋来 美谈 亦 以 建安 为 口实,宋来 美谈 亦 以 建安 为 口实,7,7,0
liuxie_shipin__liuxie_47,liuxie_shipin__liuxie_47__part01,文心雕龍·才略,劉勰,79,1713,1716,何也？,何 也,何 也,2,2,0
liuxie_shipin__liuxie_47,liuxie_shipin__liuxie_47__part01,文心雕龍·才略,劉勰,80,1716,1731,豈非崇文之盛世，招才之嘉會哉。,岂非 崇文 之 盛世 招才 之嘉会 哉,岂非 崇文 之 盛世 招才 之 嘉会 哉,7,8,1
liuxie_shipin__liuxie_47,liuxie_shipin__liuxie_47__part01,文心雕龍·才略,劉勰,81,1731,1744,嗟夫，此古人所以貴乎時也！,嗟夫 此 古人 所以 贵乎 时 也,嗟夫 此 古人 所以 贵乎 时 也,7,7,0
liuxie_shipin__liuxie_47,liuxie_shipin__liuxie_47__part01,文心雕龍·才略,劉勰,82,1746,1749,贊曰：,赞 曰,赞 曰,2,2,0
liuxie_shipin__liuxie_47,liuxie_shipin__liuxie_47__part01,文心雕龍·才略,劉勰,83,1751,1761,才難然乎，性各異禀。,才 难然乎 性 各异 禀,才 难然 乎 性 各异 禀,5,6,1
liuxie_shipin__liuxie_47,liuxie_shipin__liuxie_47__part01,文心雕龍·才略,劉勰,84,1761,1771,一朝綜文，千年凝錦。,一朝 综文 千年 凝锦,一朝 综文 千年 凝锦,4,4,0
liuxie_shipin__liuxie_47,liuxie_shipin__liuxie_47__part01,文心雕龍·才略,劉勰,85,1773,1783,餘采徘徊，遺風籍甚。,余采 徘徊 遗风 籍 甚,余采 徘徊 遗风 籍 甚,5,5,0
liuxie_shipin__liuxie_47,liuxie_shipin__liuxie_47__part01,文心雕龍·才略,劉勰,86,1783,1793,無曰紛雜，皎然可品。,无 曰 纷杂 皎然 可品,无 曰 纷杂 皎然 可品,5,5,0
liuxie_shipin__liuxie_48,liuxie_shipin__liuxie_48__part01,文心雕龍·知音,劉勰,0,0,6,知音其難哉！,知音 其难 哉,知音 其难 哉,3,3,0
liuxie_shipin__liuxie_48,liuxie_shipin__liuxie_48__part01,文心雕龍·知音,劉勰,1,6,27,音實難知，知實難逢，逢其知音，千載其一乎！,音 实难 知 知实 难逢 逢 其 知音 千载 其一 乎,音 实难 知 知实 难逢 逢 其 知音 千载 其一 乎,11,11,0
liuxie_shipin__liuxie_48,liuxie_shipin__liuxie_48__part01,文心雕龍·知音,劉勰,2,27,57,夫古來知音，多賤同而思古，所謂日進前而不御，遙聞聲而相思也。,夫 古来 知音 多贱 同 而 思古 所谓 日 进前 而 不 御 遥闻 声 而 相思 也,夫 古来 知音 多 贱同 而 思古 所谓 日 进前 而 不 御 遥闻 声 而 相思 也,18,18,1
liuxie_shipin__liuxie_48,liuxie_shipin__liuxie_48__part01,文心雕龍·知音,劉勰,3,57,82,昔《儲說》始出，《子虛》初成，秦皇漢武，恨不同時。,昔 储说 始出 子虚 初成 秦皇汉 武 恨 不 同时,昔 储说 始出 子虚 初成 秦皇汉 武 恨 不 同时,10,10,0
liuxie_shipin__liuxie_48,liuxie_shipin__liuxie_48__part01,文心雕龍·知音,劉勰,4,82,104,既同時矣，則韓囚而馬輕，豈不明鑒同時之賤哉！,既 同时 矣 则 韩囚 而 马轻 岂 不明 鉴 同时 之贱 哉,既 同时 矣 则 韩囚 而 马轻 岂 不明 鉴 同时 之贱 哉,13,13,0
liuxie_shipin__liuxie_48,liuxie_shipin__liuxie_48__part01,文心雕龍·知音,劉勰,5,104,128,至於班固傅毅，文在伯仲，而固嗤毅云下筆不能自休。,至于 班固 傅毅 文在 伯仲 而固 嗤 毅云 下笔 不能 自休,至于 班固 傅毅 文在 伯仲 而固 嗤 毅云 下笔 不能 自休,11,11,0
liuxie_shipin__liuxie_48,liuxie_shipin__liuxie_48__part01,文心雕龍·知音,劉勰,6,128,169,及陳思論才，亦深排孔璋，敬禮請潤色，歎以為美談，季緒好詆訶，方之於田巴，意亦見矣。,及 陈思论 才 亦 深排 孔璋 敬礼 请 润色 叹 以为 美谈 季绪 好 诋 诃 方之 于田 巴 意亦见 矣,及 陈思 论才 亦 深排 孔璋 敬礼 请 润色 叹 以为 美谈 季绪 好 诋诃 方之 于田 巴 意亦见 矣,21,20,1
liuxie_shipin__liuxie_48,liuxie_shipin__liuxie_48__part01,文心雕龍·知音,劉勰,7,169,183,故魏文稱文人相輕，非虛談也。,故魏 文称 文人相轻 非虚 谈 也,故魏 文称 文人相轻 非虚 谈 也,6,6,0
liuxie_shipin__liuxie_48,liuxie_shipin__liuxie_48__part01,文心雕龍·知音,劉勰,8,183,240,至如君卿脣舌，而謬欲論文，乃稱史遷著書，諮東方朔，於是桓譚之徒，相顧嗤笑，彼實博徒，輕言負誚，况乎文士，可妄談哉！,至 如君卿 唇舌 而谬 欲 论文 乃称 史迁 著书 咨 东方朔 于是 桓 谭之徒 相顾 嗤笑 彼实 博徒 轻言 负诮 况乎 文士 可 妄谈 哉,至 如君卿 唇舌 而谬 欲 论文 乃称 史迁 著书 咨 东方朔 于是 桓 谭之徒 相顾 嗤笑 彼实 博徒 轻言 负诮 况乎 文士 可 妄谈 哉,25,25,0
liuxie_shipin__liuxie_48,liuxie_shipin__liuxie_48__part01,文心雕龍·知音,劉勰,9,240,258,故鑒照洞明，而貴古賤今者，二主是也；,故 鉴照 洞明 而 贵古贱今 者 二主是 也,故 鉴照 洞明 而 贵古贱今 者 二主是 也,8,8,0
liuxie_shipin__liuxie_48,liuxie_shipin__liuxie_48__part01,文心雕龍·知音,劉勰,10,258,275,才實鴻懿，而崇己抑人者，班曹是也；,才 实鸿懿 而崇己 抑人者 班 曹是 也,才实 鸿懿 而崇己 抑人者 班 曹是 也,7,7,1
liuxie_shipin__liuxie_48,liuxie_shipin__liuxie_48__part01,文心雕龍·知音,劉勰,11,275,302,學不逮文，而信偽迷真者，樓護是也：醬瓿之議，豈多歎哉！,学不 逮文 而信 伪迷 真者 楼护 是 也 酱 瓿 之议 岂 多 叹 哉,学不 逮文 而信 伪迷 真者 楼护 是 也 酱瓿 之议 岂 多 叹 哉,15,14,1
liuxie_shipin__liuxie_48,liuxie_shipin__liuxie_48__part01,文心雕龍·知音,劉勰,12,304,333,夫麟鳳與麏雉懸絕，珠玉與礫石超殊，白日垂其照，青眸寫其形。,夫麟凤 与 麏 雉 悬 绝 珠玉 与 砾石 超殊 白日 垂其照 青眸 写 其形,夫 麟凤 与 麏 雉 悬绝 珠玉 与 砾石 超殊 白日 垂其照 青眸 写 其形,15,15,1
liuxie_shipin__liuxie_48,liuxie_shipin__liuxie_48__part01,文心雕龍·知音,劉勰,13,333,366,然魯臣以麟為麏，楚人已雉為鳳，魏氏以夜光為怪石，宋客以燕礫為寶珠。,然鲁臣 以麟 为 麏 楚人 已 雉 为凤 魏氏 以 夜光 为 怪石 宋客 以燕砾 为 宝珠,然鲁臣 以麟 为 麏 楚人 已 雉 为凤 魏氏 以 夜光 为 怪石 宋客 以 燕砾 为 宝珠,17,18,1
liuxie_shipin__liuxie_48,liuxie_shipin__liuxie_48__part01,文心雕龍·知音,劉勰,14,366,376,形器易徵，謬乃若是；,形器 易征 谬乃若 是,形器 易征 谬乃若 是,4,4,0
liuxie_shipin__liuxie_48,liuxie_shipin__liuxie_48__part01,文心雕龍·知音,劉勰,15,376,386,文情難鑒，誰曰易分。,文情 难鉴 谁 曰 易分,文情 难鉴 谁 曰 易分,5,5,0
liuxie_shipin__liuxie_48,liuxie_shipin__liuxie_48__part01,文心雕龍·知音,劉勰,16,388,409,夫篇章雜沓，質文交加，知多偏好，人莫圓該。,夫 篇章 杂沓 质文 交加 知多 偏好 人莫圆该,夫 篇章 杂沓 质文 交加 知多 偏好 人莫圆该,8,8,0
liuxie_shipin__liuxie_48,liuxie_shipin__liuxie_48__part01,文心雕龍·知音,劉勰,17,409,445,慷慨者逆聲而擊節，醞藉者見密而高蹈，浮慧者觀綺而躍心，愛奇者聞詭而驚聽。,慷慨 者 逆声 而 击节 酝借者 见密 而 高蹈 浮慧者 观 绮 而 跃心 爱奇者 闻 诡而 惊 听,慷慨 者 逆声 而 击节 酝借者 见密 而 高蹈 浮慧者 观 绮 而 跃心 爱奇者 闻 诡而 惊 听,19,19,0
liuxie_shipin__liuxie_48,liuxie_shipin__liuxie_48__part01,文心雕龍·知音,劉勰,18,445,471,會己則嗟諷，異我則沮棄，各執一隅之解，欲擬萬端之變。,会己 则 嗟讽 异 我 则 沮弃 各执 一隅 之解 欲拟 万端 之变,会己 则 嗟讽 异 我 则 沮弃 各执 一隅 之解 欲拟 万端 之变,13,13,0
liuxie_shipin__liuxie_48,liuxie_shipin__liuxie_48__part01,文心雕龍·知音,劉勰,19,471,484,所謂東向而望，不見西牆也。,所谓 东向 而 望 不见 西墙 也,所谓 东向 而望 不见 西墙 也,7,6,1
liuxie_shipin__liuxie_48,liuxie_shipin__liuxie_48__part01,文心雕龍·知音,劉勰,20,486,503,凡操千曲而後曉聲，觀千劍而後識器；,凡 操千曲 而后 晓声 观千剑 而后 识器,凡 操千曲 而后 晓声 观千剑 而后 识器,7,7,0
liuxie_shipin__liuxie_48,liuxie_shipin__liuxie_48__part01,文心雕龍·知音,劉勰,21,503,514,故圓照之象，務先博觀。,故圆照 之象 务先 博观,故圆照 之象 务先 博观,4,4,0
liuxie_shipin__liuxie_48,liuxie_shipin__liuxie_48__part01,文心雕龍·知音,劉勰,22,514,556,閱喬岳以形培塿，酌滄波以喻畎澮，無私於輕重，不偏於憎愛，然後能平理若岳，照辭如鏡矣。,阅乔岳以 形培 𪣻 酌沧波 以喻 畎 浍 无私 于 轻重 不 偏于 憎爱 然后 能平理 若岳 照辞 如镜 矣,阅 乔岳 以 形培 𪣻 酌 沧波 以喻 畎浍 无私 于 轻重 不 偏于 憎爱 然后 能平理 若岳 照辞 如镜 矣,19,21,1
liuxie_shipin__liuxie_48,liuxie_shipin__liuxie_48__part01,文心雕龍·知音,劉勰,23,556,609,是以將閱文情，先標六觀：一觀位體，二觀置辭，三觀通變，四觀奇正，五觀事義，六觀宮商，斯術既形，則優劣見矣。,是 以 将 阅 文情 先标 六观 一观 位体 二观 置 辞 三观 通变 四观 奇正 五观 事义 六观 宫商 斯术 既形 则 优劣 见 矣,是 以 将 阅 文情 先标 六观 一观 位体 二观 置辞 三观 通变 四观 奇正 五 观事 义 六观 宫商 斯术 既形 则 优劣 见 矣,26,26,1
liuxie_shipin__liuxie_48,liuxie_shipin__liuxie_48__part01,文心雕龍·知音,劉勰,24,611,640,夫綴文者情動而辭發，見文者披文以入情，沿波討源，雖幽必顯。,夫 缀文 者 情动 而 辞发 见文者 披文以 入情 沿波讨源 虽幽 必显,夫 缀文 者 情动 而 辞发 见文者 披文以 入情 沿波讨源 虽幽 必显,12,12,0
liuxie_shipin__liuxie_48,liuxie_shipin__liuxie_48__part01,文心雕龍·知音,劉勰,25,640,654,世遠莫見其面，覘文輒見其心。,世远 莫见 其面 觇 文辄 见 其心,世远 莫见 其面 觇 文辄 见 其心,7,7,0
liuxie_shipin__liuxie_48,liuxie_shipin__liuxie_48__part01,文心雕龍·知音,劉勰,26,654,669,豈成篇之足深，患識照之自淺耳。,岂成 篇 之足 深 患识照 之 自浅 耳,岂成 篇 之足 深 患 识照 之自浅 耳,8,8,1
liuxie_shipin__liuxie_48,liuxie_shipin__liuxie_48__part01,文心雕龍·知音,劉勰,27,669,691,夫志在山水，琴表其情，况形之筆端，理將焉匿。,夫 志在 山水 琴表 其情 况形 之 笔端 理将 焉匿,夫 志在 山水 琴表 其情 况形 之 笔端 理将 焉匿,10,10,0
liuxie_shipin__liuxie_48,liuxie_shipin__liuxie_48__part01,文心雕龍·知音,劉勰,28,691,719,故心之照理，譬目之照形，目瞭則形無不分，心敏則理無不達。,故心 之 照理 譬目 之 照形 目 瞭则 形 无不 分 心敏则理 无不 达,故心 之 照理 譬目 之 照形 目 瞭则 形 无不 分 心敏则理 无不达,14,13,1
liuxie_shipin__liuxie_48,liuxie_shipin__liuxie_48__part01,文心雕龍·知音,劉勰,29,719,777,然而俗監之迷者，深廢淺售，此莊周之所以笑折楊，宋玉所以傷白雪也，昔屈平有言：文質疎內，衆不知余之異采，見異唯知音耳。,然而 俗监 之 迷者 深废 浅售 此 庄周 之所以 笑 折 杨 宋玉所 以伤 白雪 也 昔屈 平有言 文质 疎 内 众 不知 余之异 采 见异 唯 知音 耳,然而 俗监 之迷者 深废 浅售 此 庄周 之所以 笑 折杨 宋玉所 以伤 白雪 也 昔屈 平有言 文质 疎 内 众 不知 余 之 异采 见异 唯 知音 耳,29,28,1
liuxie_shipin__liuxie_48,liuxie_shipin__liuxie_48__part01,文心雕龍·知音,劉勰,30,777,800,揚雄自稱心好沈博絕麗之文，其事浮淺，亦可知矣。,扬雄 自称 心好 沈博绝丽 之文 其 事 浮浅 亦 可知 矣,扬雄 自称 心好 沈博绝丽 之文 其 事 浮浅 亦 可知 矣,11,11,0
liuxie_shipin__liuxie_48,liuxie_shipin__liuxie_48__part01,文心雕龍·知音,劉勰,31,800,828,夫唯深識鑒奧，必歡然內懌，譬春臺之熙衆人，樂餌之止過客。,夫唯 深识 鉴奥 必欢然 内怿 譬春台 之熙 众人 乐饵 之止 过客,夫唯 深识 鉴奥 必 欢然 内怿 譬 春台 之熙 众人 乐饵 之止 过客,11,13,1
liuxie_shipin__liuxie_48,liuxie_shipin__liuxie_48__part01,文心雕龍·知音,劉勰,32,828,840,蓋聞蘭為國香，服媚彌芬；,盖闻兰为 国香 服媚弥芬,盖闻兰 为 国香 服媚弥芬,3,4,1
liuxie_shipin__liuxie_48,liuxie_shipin__liuxie_48__part01,文心雕龍·知音,劉勰,33,840,850,書亦國華，翫澤方美；,书 亦 国华 玩泽方美,书 亦 国华 玩泽方美,4,4,0
liuxie_shipin__liuxie_48,liuxie_shipin__liuxie_48__part01,文心雕龍·知音,劉勰,34,850,860,知音君子，其垂意焉。,知音 君子 其垂意 焉,知音 君子 其垂意 焉,4,4,0
liuxie_shipin__liuxie_48,liuxie_shipin__liuxie_48__part01,文心雕龍·知音,劉勰,35,862,865,贊曰：,赞 曰,赞 曰,2,2,0
liuxie_shipin__liuxie_48,liuxie_shipin__liuxie_48__part01,文心雕龍·知音,劉勰,36,867,877,洪鐘萬鈞，夔曠所定。,洪钟 万钧 夔 旷所定,洪钟 万钧 夔旷 所定,4,4,1
liuxie_shipin__liuxie_48,liuxie_shipin__liuxie_48__part01,文心雕龍·知音,劉勰,37,877,887,良書盈篋，妙鑒迺訂。,良书盈 箧 妙鉴 迺 订,良书盈 箧 妙鉴 迺 订,5,5,0
liuxie_shipin__liuxie_48,liuxie_shipin__liuxie_48__part01,文心雕龍·知音,劉勰,38,889,899,流鄭淫人，無或失聽。,流 郑淫 人 无 或 失 听,流郑 淫人 无或 失听,7,4,1
liuxie_shipin__liuxie_48,liuxie_shipin__liuxie_48__part01,文心雕龍·知音,劉勰,39,899,909,獨有此律，不謬蹊徑。,独有 此律 不谬 蹊径,独有 此律 不谬 蹊径,4,4,0
liuxie_shipin__liuxie_49,liuxie_shipin__liuxie_49__part01,文心雕龍·程器,劉勰,0,0,22,《周書》論士，方之梓材，蓋貴器用而兼文采也。,周书 论士 方之梓材 盖贵 器用 而 兼 文采 也,周书 论士 方之梓材 盖贵 器用 而 兼 文采 也,9,9,0
liuxie_shipin__liuxie_49,liuxie_shipin__liuxie_49__part01,文心雕龍·程器,劉勰,1,22,40,是以樸斵成而丹艧施，垣墉立而雕墁附。,是 以 朴 斵 成 而 丹 艧 施 垣墉立 而 雕 墁 附,是 以 朴 斵 成 而 丹 艧 施 垣墉立 而 雕 墁 附,14,14,0
liuxie_shipin__liuxie_49,liuxie_shipin__liuxie_49__part01,文心雕龍·程器,劉勰,2,40,93,而近代辭人，務華棄實，故魏文以為古今文人之類不護細行，韋誕所評，又歷詆群才，後人雷同，混之一貫，吁可悲矣！,而 近代 辞人 务华弃 实 故魏文 以为 古今 文人 之类 不护细行 韦诞 所评 又历 诋群 才 后人 雷同 混 之 一贯 吁 可悲 矣,而 近代 辞人 务华弃 实 故魏文 以为 古今 文人 之类 不护细行 韦诞 所评 又历 诋群 才 后人 雷同 混 之 一贯 吁 可悲 矣,24,24,0
liuxie_shipin__liuxie_49,liuxie_shipin__liuxie_49__part01,文心雕龍·程器,劉勰,3,95,242,略觀文士之疵：相如竊妻而受金，揚雄嗜酒而少算，敬通之不循廉隅，杜篤之請求無厭，班固諂竇以作威，馬融黨梁而黷貨，文舉傲誕以速誅，正平狂憨以致戮，仲宣輕脆以躁競，孔璋惚恫以麤疎，丁儀貪婪以乞貨，路粹餔啜而無恥，潘岳詭譸於愍懷，陸機傾仄於賈郭，傅玄剛隘而詈臺，孫楚悢愎而訟府，諸有此類，並文士之瑕累。,略观 文士之 疵 相如窃妻 而 受金 扬雄 嗜酒 而 少算 敬通 之 不循 廉隅 杜笃 之 请求 无厌 班固 谄窦以 作威 马融 党梁 而黩货 文举 傲诞 以速 诛 正平 狂 憨 以致 戮 仲宣 轻脆 以躁 竞 孔璋 惚 恫 以 麤 疎 丁仪 贪婪 以 乞货 路粹 𫗦 啜 而 无耻 潘岳 诡 诪 于 愍 怀 陆机 倾仄 于 贾 郭 傅玄刚 隘 而 詈 台 孙楚 悢 愎 而讼府 诸有此类 并 文士之 瑕 累,略观 文士之 疵 相如窃妻 而 受金 扬雄 嗜酒 而 少算 敬通 之 不循 廉隅 杜笃 之 请求 无厌 班固 谄窦以 作威 马融 党梁 而 黩货 文举 傲诞 以 速诛 正平 狂 憨 以致 戮 仲宣 轻脆 以 躁竞 孔璋 惚 恫 以 麤 疎 丁仪 贪婪 以 乞货 路粹 𫗦 啜 而 无耻 潘岳 诡 诪 于 愍 怀 陆机 倾仄 于 贾郭 傅玄 刚隘 而 詈 台 孙楚 悢 愎 而 讼府 诸有此类 并 文士之 瑕 累,77,78,1
liuxie_shipin__liuxie_49,liuxie_shipin__liuxie_49__part01,文心雕龍·程器,劉勰,4,244,254,文既有之，武亦宜然。,文 既有 之 武亦宜然,文 既有 之 武亦宜然,4,4,0
liuxie_shipin__liuxie_49,liuxie_shipin__liuxie_49__part01,文心雕龍·程器,劉勰,5,254,300,古之將相，疵咎實多：至如管仲之盜竊，吳起之貪淫，陳平之污點，絳灌之讒嫉，沿茲以下，不可勝數。,古之 将相 疵 咎 实多 至 如 管仲 之 盗窃 吴起 之 贪淫 陈平之 污点 绛 灌 之 谗 嫉 沿兹 以下 不可胜数,古之 将相 疵 咎 实多 至 如 管仲 之 盗窃 吴起 之 贪淫 陈平之 污点 绛灌 之 谗嫉 沿兹 以下 不可胜数,23,21,1
liuxie_shipin__liuxie_49,liuxie_shipin__liuxie_49__part01,文心雕龍·程器,劉勰,6,300,327,孔光負衡據鼎，而仄媚董賢，况班馬之賤職，潘岳之下位哉！,孔光 负衡据鼎 而 仄 媚 董贤 况班马 之 贱职 潘岳 之下 位哉,孔光 负衡据鼎 而 仄 媚 董贤 况 班马 之 贱职 潘岳 之下 位哉,12,13,1
liuxie_shipin__liuxie_49,liuxie_shipin__liuxie_49__part01,文心雕龍·程器,劉勰,7,327,354,王戎開國上秩，而鬻官囂俗，况馬杜之磬懸，丁路之貧薄哉！,王戎 开国 上 秩 而鬻官 嚣俗 况马 杜之磬 悬 丁路 之 贫薄 哉,王戎 开国 上 秩 而鬻官 嚣俗 况 马杜 之 磬悬 丁路 之 贫薄 哉,13,14,1
liuxie_shipin__liuxie_49,liuxie_shipin__liuxie_49__part01,文心雕龍·程器,劉勰,8,354,379,然子夏無虧於名儒，濬冲不塵乎竹林者，名崇而譏減也。,然子 夏无亏 于 名儒 濬 冲 不尘乎 竹林 者 名崇而 讥减 也,然子 夏 无亏 于 名儒 濬 冲 不尘 乎 竹林 者 名崇而 讥减 也,12,14,1
liuxie_shipin__liuxie_49,liuxie_shipin__liuxie_49__part01,文心雕龍·程器,劉勰,9,379,415,若夫屈賈之忠貞，鄒枚之機覺，黃香之淳孝，徐幹之沈默，豈曰文士，必其玷歟！,若夫 屈贾 之 忠贞 邹枚 之 机觉 黄香 之淳 孝 徐干 之 沉默 岂 曰 文士 必其 玷 欤,若夫 屈贾 之 忠贞 邹枚 之 机觉 黄香 之淳 孝 徐干 之 沉默 岂 曰 文士 必其 玷 欤,19,19,0
liuxie_shipin__liuxie_49,liuxie_shipin__liuxie_49__part01,文心雕龍·程器,劉勰,10,417,438,蓋人禀五材，修短殊用，自非上哲，難以求備。,盖人 禀五材 修短 殊用 自非 上 哲 难以 求备,盖人 禀五材 修短 殊用 自非 上 哲 难以 求备,9,9,0
liuxie_shipin__liuxie_49,liuxie_shipin__liuxie_49__part01,文心雕龍·程器,劉勰,11,438,472,然將相以位隆特達，文士以職卑多誚，此江河所以騰湧，涓流所以寸折者也。,然 将相 以位 隆特达 文士 以 职卑 多 诮 此 江河 所以 腾涌 涓流 所以 寸 折者 也,然 将相 以位 隆 特达 文士 以 职卑 多 诮 此 江河 所以 腾涌 涓流 所以 寸 折者 也,18,19,1
liuxie_shipin__liuxie_49,liuxie_shipin__liuxie_49__part01,文心雕龍·程器,劉勰,12,472,482,名之抑揚，既其然矣；,名 之 抑扬 既 其然 矣,名 之 抑扬 既 其然 矣,6,6,0
liuxie_shipin__liuxie_49,liuxie_shipin__liuxie_49__part01,文心雕龍·程器,劉勰,13,482,492,位之通塞，亦有以焉。,位之通 塞 亦 有 以 焉,位之通 塞 亦 有 以 焉,6,6,0
liuxie_shipin__liuxie_49,liuxie_shipin__liuxie_49__part01,文心雕龍·程器,劉勰,14,492,504,蓋士知登庸，以成務為用。,盖士知 登庸 以成务为 用,盖士知 登庸 以 成务 为用,4,5,1
liuxie_shipin__liuxie_49,liuxie_shipin__liuxie_49__part01,文心雕龍·程器,劉勰,15,504,542,魯之敬姜，婦人之聰明耳，然推其機綜，以方治國，安有丈夫學文，而不達於政事哉。,鲁之敬 姜 妇人 之 聪明 耳 然 推其机 综 以方 治国 安有 丈夫 学文 而 不达于 政事 哉,鲁之敬 姜 妇人 之 聪明 耳 然推其 机综 以方 治国 安有 丈夫 学文 而 不达 于 政事 哉,18,18,1
liuxie_shipin__liuxie_49,liuxie_shipin__liuxie_49__part01,文心雕龍·程器,劉勰,16,542,562,彼揚、馬之徒，有文無質，所以終乎下位也。,彼扬 马之徒 有 文无质 所以 终乎 下位 也,彼扬 马之徒 有文 无质 所以 终乎 下位 也,8,8,1
liuxie_shipin__liuxie_49,liuxie_shipin__liuxie_49__part01,文心雕龍·程器,劉勰,17,562,594,昔庾元規才華清英，勳庸有聲，故文蓺不稱，若非台岳，則正以文才也。,昔庾元规 才华 清英 勋庸 有声 故 文 蓺 不 称 若非 台岳 则 正以 文才 也,昔庾元规 才华 清英 勋庸 有声 故 文 蓺 不称 若非 台岳 则 正以 文才 也,16,15,1
liuxie_shipin__liuxie_49,liuxie_shipin__liuxie_49__part01,文心雕龍·程器,劉勰,18,594,625,文武之術，左右惟宜，卻縠敦書，故舉為元帥，豈以好文而不練武哉！,文武 之术 左右 惟宜 却 縠 敦书 故举 为 元帅 岂以 好文 而 不 练武 哉,文武 之术 左右 惟宜 却 縠 敦书 故举 为 元帅 岂以 好文 而 不 练武 哉,16,16,0
liuxie_shipin__liuxie_49,liuxie_shipin__liuxie_49__part01,文心雕龍·程器,劉勰,19,625,647,孫武《兵經》，辭如珠玉，豈以習武而不曉文也！,孙武 兵经 辞如 珠玉 岂 以习 武而 不晓文 也,孙武 兵经 辞如 珠玉 岂以 习武 而 不晓 文 也,9,10,1
liuxie_shipin__liuxie_49,liuxie_shipin__liuxie_49__part01,文心雕龍·程器,劉勰,20,649,734,是以君子藏器，待時而動，發揮事業，固宜蓄素以綳中，散采以彪外，楩柟其質，豫章其幹，摛文必在緯軍國，負重必在任棟梁，窮則獨善以垂文，達則奉時以騁績，若此文人，應梓材之士矣。,是 以 君子 藏器 待时而动 发挥 事业 固宜蓄 素以 绷中 散采 以彪 外 楩 柟 其质 豫章 其干 摛 文必 在 纬 军国 负重 必在任 栋梁 穷则 独善 以垂文 达则 奉时 以骋绩 若此 文人 应梓材 之士 矣,是 以 君子 藏器 待时而动 发挥 事业 固宜蓄 素以 绷中 散采 以彪 外 楩 柟 其质 豫章 其干 摛 文必 在 纬 军国 负重 必在任 栋梁 穷则 独善 以垂文 达则 奉时 以 骋绩 若此 文人 应梓材 之士 矣,37,38,1
liuxie_shipin__liuxie_49,liuxie_shipin__liuxie_49__part01,文心雕龍·程器,劉勰,21,736,739,贊曰：,赞 曰,赞 曰,2,2,0
liuxie_shipin__liuxie_49,liuxie_shipin__liuxie_49__part01,文心雕龍·程器,劉勰,22,741,751,瞻彼前修，有懿文德。,瞻彼前 修 有懿文德,瞻彼前 修 有懿文德,3,3,0
liuxie_shipin__liuxie_49,liuxie_shipin__liuxie_49__part01,文心雕龍·程器,劉勰,23,751,761,聲昭楚南，采動梁北。,声昭 楚南 采动 梁北,声昭 楚南 采动 梁北,4,4,0
liuxie_shipin__liuxie_49,liuxie_shipin__liuxie_49__part01,文心雕龍·程器,劉勰,24,763,773,雕而不器，貞幹誰則。,雕 而 不器 贞干 谁 则,雕 而 不器 贞干 谁 则,6,6,0
liuxie_shipin__liuxie_49,liuxie_shipin__liuxie_49__part01,文心雕龍·程器,劉勰,25,773,783,豈無華身，亦有光國。,岂 无华 身 亦 有 光国,岂 无华 身 亦 有 光国,6,6,0
liuxie_shipin__liuxie_50,liuxie_shipin__liuxie_50__part01,文心雕龍·序志,劉勰,0,0,28,夫文心者，言為文之用心也，昔《涓子》琴心，《王孫》巧心。,夫 文心 者 言为 文之 用心 也 昔 涓 子 琴心 王孙 巧心,夫 文心 者 言为 文之 用心 也 昔 涓 子 琴心 王孙 巧心,13,13,0
liuxie_shipin__liuxie_50,liuxie_shipin__liuxie_50__part01,文心雕龍·序志,劉勰,1,28,38,心哉美矣，故用之焉。,心哉 美 矣 故用 之 焉,心哉 美 矣 故用 之 焉,6,6,0
liuxie_shipin__liuxie_50,liuxie_shipin__liuxie_50__part01,文心雕龍·序志,劉勰,2,38,59,古來文章以雕縟成體，豈取騶奭之群言雕龍也。,古来 文章 以雕 缛 成体 岂取 驺 奭 之 群言 雕龙 也,古来 文章 以 雕缛 成体 岂取 驺 奭 之 群言 雕龙 也,12,12,1
liuxie_shipin__liuxie_50,liuxie_shipin__liuxie_50__part01,文心雕龍·序志,劉勰,3,61,102,夫宇宙綿邈，黎獻紛雜，拔萃出類，智術而已，歲月飄忽，性靈不居，騰聲飛實，制作而已。,夫 宇宙 绵邈 黎献 纷杂 拔萃出类 智术 而已 岁月 飘忽 性灵 不居 腾声飞实 制作 而已,夫 宇宙 绵邈 黎献 纷杂 拔萃出类 智术 而已 岁月 飘忽 性灵 不居 腾声飞实 制作 而已,15,15,0
liuxie_shipin__liuxie_50,liuxie_shipin__liuxie_50__part01,文心雕龍·序志,劉勰,4,102,138,夫有肖貌天地，稟性五才，擬耳目於日月，方聲氣乎風雷，其超出萬物亦已靈矣。,夫有 肖貌 天地 禀性 五才 拟 耳目 于 日月 方声 气 乎 风雷 其 超出 万物 亦 已灵 矣,夫有 肖貌 天地 禀性 五才 拟 耳目 于 日月 方声 气 乎 风雷 其 超出 万物 亦 已灵 矣,19,19,0
liuxie_shipin__liuxie_50,liuxie_shipin__liuxie_50__part01,文心雕龍·序志,劉勰,5,138,173,形同草木之脆，名踰金石之堅，是以君子處世樹德建言，豈好辯哉，不得已也。,形同 草木 之脆 名 逾 金石之坚 是 以 君子 处世 树德 建言 岂 好辩 哉 不得已 也,形同 草木 之脆 名 逾 金石之坚 是 以 君子 处世 树德 建言 岂 好辩 哉 不得已 也,17,17,0
liuxie_shipin__liuxie_50,liuxie_shipin__liuxie_50__part01,文心雕龍·序志,劉勰,6,175,257,予生七齡，乃夢彩雲若錦，則攀而採之，齒在踰立，則嘗夜夢執丹漆之禮器，隨仲尼而南行，旦而寤，迺怡然而喜，大哉聖人之難見哉，乃小子之垂夢歟，自生人以來，未有如夫子者也。,予生 七龄 乃梦 彩云 若锦 则 攀 而 采之 齿 在 逾立 则 尝夜 梦 执丹漆 之 礼器 随 仲尼 而 南行 旦 而 寤 迺 怡 然而 喜 大哉 圣人 之难 见 哉 乃 小子 之 垂 梦 欤 自 生人 以来 未有 如 夫子 者 也,予生 七龄 乃梦 彩云 若锦 则 攀 而 采之 齿 在 逾立 则 尝夜 梦 执丹漆 之 礼器 随 仲尼 而 南行 旦 而 寤 迺 怡 然而 喜 大哉 圣人 之难 见 哉 乃 小子 之 垂 梦 欤 自 生人 以来 未有 如 夫子 者 也,48,48,0
liuxie_shipin__liuxie_50,liuxie_shipin__liuxie_50__part01,文心雕龍·序志,劉勰,7,259,290,敷讚聖旨，莫若注經，而馬鄭諸儒，弘之已精，就有深解，未足立家。,敷赞 圣旨 莫若 注经 而马 郑诸儒 弘之已 精 就 有 深解 未 足立 家,敷赞 圣旨 莫若 注经 而 马郑 诸儒 弘之已 精 就 有 深解 未 足立 家,14,15,1
liuxie_shipin__liuxie_50,liuxie_shipin__liuxie_50__part01,文心雕龍·序志,劉勰,8,290,302,唯文章之用，實經典枝條；,唯 文章 之用 实 经典 枝条,唯 文章 之用 实 经典 枝条,6,6,0
liuxie_shipin__liuxie_50,liuxie_shipin__liuxie_50__part01,文心雕龍·序志,劉勰,9,302,323,五禮資之以成，六典因之致用，君臣所以炳煥；,五礼资 之 以成 六典 因之致 用 君臣 所以 炳焕,五礼 资之以 成 六典 因之致 用 君臣 所以 炳焕,9,9,1
liuxie_shipin__liuxie_50,liuxie_shipin__liuxie_50__part01,文心雕龍·序志,劉勰,10,323,340,軍國所以昭明，詳其本源，莫非經典。,军 国 所以 昭明 详其 本源 莫非 经典,军国 所以 昭明 详其 本源 莫非 经典,8,7,1
liuxie_shipin__liuxie_50,liuxie_shipin__liuxie_50__part01,文心雕龍·序志,劉勰,11,340,381,而去聖久遠，文體解散，辭人愛奇，言貴浮詭，飾羽尚畫，文繡鞶帨，離本彌甚，將遂訛濫。,而 去 圣 久远 文体 解散 辞人 爱奇 言贵 浮 诡 饰羽 尚画 文绣 鞶 帨 离本 弥 甚 将 遂 讹 滥,而 去 圣 久远 文体 解散 辞人 爱奇 言贵 浮诡 饰羽 尚画 文绣 鞶 帨 离本 弥 甚 将 遂 讹滥,23,21,1
liuxie_shipin__liuxie_50,liuxie_shipin__liuxie_50__part01,文心雕龍·序志,劉勰,12,381,426,蓋《周書》論辭，貴乎體要，尼父諫訓，惡乎異端，辭訓之異，宜體於要，於是搦筆和墨，乃始論文。,盖 周书 论辞 贵乎 体 要 尼父 谏训 恶乎 异端 辞训 之异 宜体 于 要 于是 搦 笔 和 墨 乃始 论文,盖 周书 论辞 贵乎 体要 尼父 谏训 恶乎 异端 辞训 之异 宜体 于 要 于是 搦笔 和 墨 乃始 论文,22,20,1
liuxie_shipin__liuxie_50,liuxie_shipin__liuxie_50__part01,文心雕龍·序志,劉勰,13,428,439,詳觀近代之論文者多矣；,详观 近代 之 论文 者 多 矣,详观 近代 之 论文 者 多 矣,7,7,0
liuxie_shipin__liuxie_50,liuxie_shipin__liuxie_50__part01,文心雕龍·序志,劉勰,14,439,491,至如魏文述典，陳思序書，應瑒文論，陸機《文賦》，仲洽流別，宏範翰林，各照隅隙，鮮觀衢路，或臧否當時之才；,至 如 魏文述 典 陈思序 书 应 玚 文论 陆机 文赋 仲洽 流别 宏范 翰林 各照 隅 隙 鲜观衢 路 或 臧否 当时 之才,至 如 魏文述 典 陈思 序书 应 玚 文论 陆机 文赋 仲洽 流别 宏范 翰林 各照 隅 隙 鲜观衢 路 或 臧否 当时 之才,24,24,1
liuxie_shipin__liuxie_50,liuxie_shipin__liuxie_50__part01,文心雕龍·序志,劉勰,15,491,507,或銓品前修之文，或泛舉雅俗之旨；,或铨品 前 修之文 或泛 举 雅俗 之旨,或 铨品 前修 之文 或泛 举 雅俗 之旨,7,8,1
liuxie_shipin__liuxie_50,liuxie_shipin__liuxie_50__part01,文心雕龍·序志,劉勰,16,507,561,或撮題篇章之意，魏典密而不周，陳書辨而無當，應論華而疏略，陸賦巧而碎亂，《流別》精而少功，《翰林》淺而寡要。,或 撮题 篇章 之意 魏典密 而 不周 陈书辨 而 无当 应论华 而 疏略 陆赋 巧而碎 乱 流别 精而少功 翰林 浅 而 寡要,或 撮题 篇章 之意 魏典密 而 不周 陈书辨 而 无当 应论华 而 疏略 陆赋 巧 而 碎乱 流别 精而少功 翰林 浅 而 寡要,22,23,1
liuxie_shipin__liuxie_50,liuxie_shipin__liuxie_50__part01,文心雕龍·序志,劉勰,17,561,601,又君山公幹之徒，吉甫士龍之輩，泛議文意，往往間出，並未能振葉以尋根，觀瀾而索源。,又 君山 公干 之徒 吉 甫士 龙之辈 泛议 文意 往往 间 出 并未 能振叶 以 寻根 观澜 而索源,又 君山 公干 之徒 吉 甫士 龙 之辈 泛议 文意 往往 间 出 并未 能振叶 以 寻根 观澜 而索源,18,19,1
liuxie_shipin__liuxie_50,liuxie_shipin__liuxie_50__part01,文心雕龍·序志,劉勰,18,601,615,不述先哲之誥，無益後生之慮。,不述 先哲 之 诰 无益 后生 之虑,不述 先哲 之 诰 无益 后生 之虑,7,7,0
liuxie_shipin__liuxie_50,liuxie_shipin__liuxie_50__part01,文心雕龍·序志,劉勰,19,617,656,蓋《文心》之作也，本乎道，師乎聖，體乎經，酌乎緯，變乎騷，文之樞紐，亦云極矣。,盖 文心 之作 也 本乎 道 师乎 圣 体乎 经 酌乎 纬 变乎 骚 文之 枢纽 亦 云极 矣,盖 文心 之作 也 本乎 道 师乎 圣 体乎 经 酌乎 纬 变乎 骚 文之 枢纽 亦 云极 矣,19,19,0
liuxie_shipin__liuxie_50,liuxie_shipin__liuxie_50__part01,文心雕龍·序志,劉勰,20,656,703,若乃論文敘筆，則囿別區分，原始以表末，釋名以章義，選文以定篇，敷理以舉統，上篇以上，綱領明矣。,若 乃 论文 叙笔 则 囿 别 区分 原始 以表末 释名 以章义 选文 以定 篇 敷理 以 举统 上 篇 以上 纲领 明矣,若 乃 论文 叙笔 则 囿 别 区分 原始 以表末 释名 以章义 选文 以定 篇 敷理 以 举统 上 篇 以上 纲领 明矣,23,23,0
liuxie_shipin__liuxie_50,liuxie_shipin__liuxie_50__part01,文心雕龍·序志,劉勰,21,703,785,至於割情析采，籠圈條貫，摛神性，圖風勢，包會通，閱聲字，崇替於《時序》，褒貶於《才略》，怊悵於《知音》，耿介於《程器》，長懷《序志》，以馭群篇，下篇以下，毛目顯矣。,至于 割 情析 采 笼圈 条贯 摛 神性 图 风势 包 会通 阅声 字 崇替 于 时序 褒贬 于 才略 怊 怅于 知音 耿介 于 程器 长怀 序志 以驭 群篇 下篇 以下 毛目 显 矣,至于 割 情析 采 笼圈 条贯 摛 神性 图 风势 包 会通 阅声 字 崇替 于 时序 褒贬 于 才略 怊怅 于 知音 耿介 于 程器 长怀 序志 以驭 群篇 下篇 以下 毛目 显 矣,35,35,1
liuxie_shipin__liuxie_50,liuxie_shipin__liuxie_50__part01,文心雕龍·序志,劉勰,22,785,810,位理定名，彰乎大《易》之數，其為文用四十九篇而已。,位理 定名 彰乎 大 易 之数 其为 文用 四十九 篇 而已,位理 定名 彰乎 大 易 之数 其为 文用 四十九 篇 而已,11,11,0
liuxie_shipin__liuxie_50,liuxie_shipin__liuxie_50__part01,文心雕龍·序志,劉勰,23,812,862,夫銓序，文為易，彌綸群言為難，雖復輕采毛髮，深極骨髓，或有曲意密源，似近而遠，辭所不載，亦不勝數矣。,夫铨序 文为 易 弥纶 群言 为难 虽复 轻采 毛发 深极 骨髓 或 有 曲意 密源 似近 而 远 辞所 不载 亦 不胜 数矣,夫 铨序 文为 易 弥纶 群言 为难 虽复 轻采 毛发 深极 骨髓 或 有 曲意 密源 似近 而 远 辞所 不载 亦 不胜 数矣,23,24,1
liuxie_shipin__liuxie_50,liuxie_shipin__liuxie_50__part01,文心雕龍·序志,劉勰,24,862,888,及其品列成文，有同乎舊談者，非雷同也，勢自不可異也。,及其 品列 成文 有 同乎 旧 谈者 非 雷同 也 势自 不可 异 也,及其 品列 成文 有 同乎 旧 谈者 非 雷同 也 势自 不可 异 也,14,14,0
liuxie_shipin__liuxie_50,liuxie_shipin__liuxie_50__part01,文心雕龍·序志,劉勰,25,888,907,有異乎前論者，非苟異也，理自不可同也。,有 异乎 前 论者 非苟异 也 理自 不可 同 也,有 异乎 前 论者 非 苟异 也 理自 不可 同 也,10,11,1
liuxie_shipin__liuxie_50,liuxie_shipin__liuxie_50__part01,文心雕龍·序志,劉勰,26,907,947,同之與異，不屑古今，擘肌分理，唯務折衷，按轡文雅之場，環絡藻繪之府，亦幾乎備矣。,同 之 与 异 不屑 古今 擘肌分理 唯务 折衷 按 辔 文雅 之场 环络 藻绘 之府 亦 几乎 备 矣,同 之 与 异 不屑 古今 擘肌分理 唯务 折衷 按辔 文雅 之场 环络 藻绘 之府 亦 几乎 备 矣,20,19,1
liuxie_shipin__liuxie_50,liuxie_shipin__liuxie_50__part01,文心雕龍·序志,劉勰,27,947,978,但言不盡意，聖人所難，識在缾管，何能矩矱，茫茫往代，既沈予聞；,但 言不尽意 圣人 所难 识 在 缾 管 何能 矩矱 茫茫 往代 既 沈予 闻,但 言不尽意 圣人 所难 识 在 缾 管 何能 矩矱 茫茫 往代 既 沈予 闻,15,15,0
liuxie_shipin__liuxie_50,liuxie_shipin__liuxie_50__part01,文心雕龍·序志,劉勰,28,978,989,眇眇來世，倘塵彼觀也。,眇 眇 来世 倘尘 彼观 也,眇 眇 来世 倘尘 彼观 也,6,6,0
liuxie_shipin__liuxie_50,liuxie_shipin__liuxie_50__part01,文心雕龍·序志,劉勰,29,991,994,贊曰：,赞 曰,赞 曰,2,2,0
liuxie_shipin__liuxie_50,liuxie_shipin__liuxie_50__part01,文心雕龍·序志,劉勰,30,996,1016,生也有涯，無涯惟智，逐物實難，憑性良易。,生 也 有涯 无涯 惟智 逐物 实难 凭性 良易,生 也 有涯 无涯 惟智 逐物 实难 凭性 良易,9,9,0
liuxie_shipin__liuxie_50,liuxie_shipin__liuxie_50__part01,文心雕龍·序志,劉勰,31,1018,1028,傲岸泉石，咀嚼文義。,傲岸 泉石 咀嚼 文义,傲岸 泉石 咀嚼 文义,4,4,0
liuxie_shipin__liuxie_50,liuxie_shipin__liuxie_50__part01,文心雕龍·序志,劉勰,32,1028,1038,文果載心，余心有寄。,文果 载心 余心 有 寄,文果 载心 余心 有 寄,5,5,0
liuxie_shipin__shipin_01,liuxie_shipin__shipin_01__part01,詩品·序,鍾嶸,0,0,21,氣之動物，物之感人，故搖盪性情，行諸舞詠。,气 之 动物 物 之 感人 故 摇荡 性情 行诸舞 咏,气 之 动物 物 之 感人 故 摇荡 性情 行诸 舞咏,11,11,1
liuxie_shipin__shipin_01,liuxie_shipin__shipin_01__part01,詩品·序,鍾嶸,1,21,60,照燭三才，暉麗萬有，靈祇待之以致饗，幽微藉之以昭告，動天地，感鬼神，莫近於詩。,照烛 三才 晖 丽万有 灵 祇 待 之 以致 飨 幽微 藉 之 以 昭告 动 天地 感 鬼神 莫 近于 诗,照烛 三才 晖丽 万有 灵祇 待 之 以致 飨 幽微 藉 之 以 昭告 动 天地 感 鬼神 莫 近于 诗,22,21,1
liuxie_shipin__shipin_01,liuxie_shipin__shipin_01__part01,詩品·序,鍾嶸,2,60,80,昔《南風》之詞，《卿雲》之頌，厥義夐矣。,昔 南风 之词 卿 云 之颂 厥 义 夐 矣,昔 南风 之词 卿云 之颂 厥 义 夐 矣,10,9,1
liuxie_shipin__shipin_01,liuxie_shipin__shipin_01__part01,詩品·序,鍾嶸,3,80,84,夏歌曰：,夏歌 曰,夏歌 曰,2,2,0
liuxie_shipin__shipin_01,liuxie_shipin__shipin_01__part01,詩品·序,鍾嶸,4,92,95,謠曰：,谣 曰,谣 曰,2,2,0
liuxie_shipin__shipin_01,liuxie_shipin__shipin_01__part01,詩品·序,鍾嶸,5,103,118,雖詩體未全，然是五言之濫觴也。,虽 诗体 未全 然是 五言 之 滥觞 也,虽 诗体 未全 然是 五言 之 滥觞 也,8,8,0
liuxie_shipin__shipin_01,liuxie_shipin__shipin_01__part01,詩品·序,鍾嶸,6,118,131,逮漢李陵，始著五言之目矣。,逮汉 李陵 始著 五言 之目 矣,逮汉 李陵 始著 五言 之目 矣,6,6,0
liuxie_shipin__shipin_01,liuxie_shipin__shipin_01__part01,詩品·序,鍾嶸,7,131,160,古詩眇邈，人世難詳，推其文體，固是炎漢之制，非衰周之倡也。,古诗 眇 邈 人世 难详 推其 文体 固是 炎汉之制 非衰 周之倡 也,古诗 眇 邈 人世 难详 推其 文体 固是 炎汉 之制 非衰 周之倡 也,12,13,1
liuxie_shipin__shipin_01,liuxie_shipin__shipin_01__part01,詩品·序,鍾嶸,8,160,182,自王、揚、枚、馬之徒，詞賦競爽，而吟詠靡聞。,自王 扬 枚 马之徒 词赋 竞爽 而 吟咏 靡闻,自王 扬 枚 马之徒 词赋 竞爽 而 吟咏 靡闻,9,9,0
liuxie_shipin__shipin_01,liuxie_shipin__shipin_01__part01,詩品·序,鍾嶸,9,182,206,從李都尉迄班婕妤，將百年間，有婦人焉，一人而已。,从 李 都尉 迄 班婕妤 将 百年 间 有 妇人 焉 一人 而已,从 李 都尉 迄 班婕妤 将 百年 间 有 妇人 焉 一人 而已,13,13,0
liuxie_shipin__shipin_01,liuxie_shipin__shipin_01__part01,詩品·序,鍾嶸,10,206,216,詩人之風，頓已缺喪。,诗人 之风 顿 已 缺丧,诗人 之风 顿 已 缺丧,5,5,0
liuxie_shipin__shipin_01,liuxie_shipin__shipin_01__part01,詩品·序,鍾嶸,11,216,237,東京二百載中，惟有班固《詠史》，質木無文。,东京 二百 载中 惟有 班固 咏史 质木无文,东京 二百 载中 惟有 班固 咏史 质木 无文,7,8,1
liuxie_shipin__shipin_01,liuxie_shipin__shipin_01__part01,詩品·序,鍾嶸,12,237,270,降及建安，曹公父子篤好斯文，平原兄弟郁為文棟，劉楨、王粲為其羽翼。,降及 建安 曹公 父子 笃 好 斯文 平原 兄弟 郁为 文栋 刘桢 王 粲 为 其 羽翼,降及 建安 曹公 父子 笃好 斯文 平原 兄弟 郁为 文栋 刘桢 王 粲 为 其 羽翼,17,16,1
liuxie_shipin__shipin_01,liuxie_shipin__shipin_01__part01,詩品·序,鍾嶸,13,270,289,次有攀龍托鳳，自致於屬車者，蓋將百計。,次 有 攀龙托凤 自致 于 属 车者 盖 将 百计,次 有 攀龙托凤 自致 于 属车 者 盖 将 百计,10,10,1
liuxie_shipin__shipin_01,liuxie_shipin__shipin_01__part01,詩品·序,鍾嶸,14,289,300,彬彬之盛，大備於時矣。,彬彬 之盛 大备 于 时 矣,彬彬 之盛 大备 于时 矣,6,5,1
liuxie_shipin__shipin_01,liuxie_shipin__shipin_01__part01,詩品·序,鍾嶸,15,300,312,爾後陵遲衰微，迄於有晉。,尔后 陵迟 衰微 迄于 有晋,尔后 陵迟 衰微 迄于 有晋,5,5,0
liuxie_shipin__shipin_01,liuxie_shipin__shipin_01__part01,詩品·序,鍾嶸,16,312,351,太康中，三張、二陸、兩潘、一左，勃爾復興，踵武前王，風流未沫，亦文章之中興也。,太康 中 三张 二陆 两潘 一 左 勃尔 复兴 踵武 前王 风流 未沫 亦 文章 之 中兴 也,太康 中 三张 二陆 两潘 一 左 勃尔 复兴 踵武 前王 风流 未沫 亦 文章 之 中兴 也,18,18,0
liuxie_shipin__shipin_01,liuxie_shipin__shipin_01__part01,詩品·序,鍾嶸,17,351,365,永嘉時，貴黃、老，稍尚虛談。,永嘉 时 贵黄 老 稍 尚虚谈,永嘉 时 贵黄 老 稍尚 虚谈,6,6,1
liuxie_shipin__shipin_01,liuxie_shipin__shipin_01__part01,詩品·序,鍾嶸,18,365,380,於時篇什，理過其辭，淡乎寡味。,于 时 篇什 理过其辞 淡乎 寡味,于时 篇什 理过其辞 淡乎 寡味,6,5,1
liuxie_shipin__shipin_01,liuxie_shipin__shipin_01__part01,詩品·序,鍾嶸,19,380,420,爰及江表，微波尚傳，孫綽、許詢、桓、庾諸公詩，皆平典似《道德論》，建安風力盡矣。,爰 及 江表 微波 尚传 孙绰 许询 桓 庾 诸公 诗 皆 平典 似 道德 论 建安 风力 尽 矣,爰 及 江表 微波 尚传 孙绰 许询 桓 庾 诸公 诗 皆 平典 似 道德 论 建安 风力 尽 矣,20,20,0
liuxie_shipin__shipin_01,liuxie_shipin__shipin_01__part01,詩品·序,鍾嶸,20,420,436,先是郭景純用俊上之才，變創其體。,先是 郭景纯 用俊上 之 才 变创 其体,先是 郭景纯 用俊上 之 才 变创 其体,7,7,0
liuxie_shipin__shipin_01,liuxie_shipin__shipin_01__part01,詩品·序,鍾嶸,21,436,450,劉越石仗清剛之氣，贊成厥美。,刘越 石仗 清刚 之 气 赞成 厥 美,刘越 石仗 清刚 之 气 赞成 厥 美,8,8,0
liuxie_shipin__shipin_01,liuxie_shipin__shipin_01__part01,詩品·序,鍾嶸,22,450,461,然彼眾我寡，未能動俗。,然 彼众我寡 未能 动俗,然 彼众我寡 未能 动俗,4,4,0
liuxie_shipin__shipin_01,liuxie_shipin__shipin_01__part01,詩品·序,鍾嶸,23,461,474,逮義熙中，謝益壽斐然繼作。,逮 义熙 中 谢 益寿 斐然 继作,逮 义熙 中 谢 益寿 斐然 继作,7,7,0
liuxie_shipin__shipin_01,liuxie_shipin__shipin_01__part01,詩品·序,鍾嶸,24,474,507,元嘉中，有謝靈運，才高詞盛，富豔難蹤，固已含跨劉、郭，陵轢潘、左。,元嘉中 有 谢灵运 才 高 词盛 富艳 难踪 固已 含 跨 刘 郭 陵 轹 潘 左,元嘉中 有 谢灵运 才 高词 盛 富艳 难踪 固已 含 跨 刘 郭 陵轹 潘 左,17,16,1
liuxie_shipin__shipin_01,liuxie_shipin__shipin_01__part01,詩品·序,鍾嶸,25,507,525,故知陳思為建安之傑，公幹、仲宣為輔。,故知 陈思为 建安 之杰 公干 仲宣 为辅,故知 陈思 为 建安 之杰 公干 仲宣 为辅,7,8,1
liuxie_shipin__shipin_01,liuxie_shipin__shipin_01__part01,詩品·序,鍾嶸,26,525,541,陸機為太康之英，安仁、景陽為輔。,陆机 为 太康 之英 安仁 景阳 为辅,陆机 为 太康 之英 安仁 景阳 为辅,7,7,0
liuxie_shipin__shipin_01,liuxie_shipin__shipin_01__part01,詩品·序,鍾嶸,27,541,555,謝客為元嘉之雄，顏延年為輔。,谢客 为 元嘉之 雄 颜延年 为辅,谢客 为 元嘉之 雄 颜延年 为辅,6,6,0
liuxie_shipin__shipin_01,liuxie_shipin__shipin_01__part01,詩品·序,鍾嶸,28,555,570,斯皆五言之冠冕，文詞之命世也。,斯 皆 五言 之 冠冕 文词 之命世 也,斯 皆 五言 之 冠冕 文词 之命世 也,8,8,0
liuxie_shipin__shipin_01,liuxie_shipin__shipin_01__part01,詩品·序,鍾嶸,29,570,594,夫四言，文約意廣，取效《風》、《騷》，便可多得。,夫四言 文约 意广 取效 风 骚 便 可 多 得,夫四言 文约 意广 取效 风 骚 便 可 多 得,10,10,0
liuxie_shipin__shipin_01,liuxie_shipin__shipin_01__part01,詩品·序,鍾嶸,30,594,608,每苦文繁而意少，故世罕習焉。,每苦 文繁 而 意少 故世 罕习 焉,每苦 文繁 而 意少 故世 罕习 焉,7,7,0
liuxie_shipin__shipin_01,liuxie_shipin__shipin_01__part01,詩品·序,鍾嶸,31,608,633,五言居文詞之要，是眾作之有滋味者也，故云會於流俗。,五言 居 文词 之要 是 众作 之 有 滋味 者 也 故云会 于 流俗,五言 居 文词 之要 是 众作 之有 滋味 者 也 故 云会 于 流俗,14,14,1
liuxie_shipin__shipin_01,liuxie_shipin__shipin_01__part01,詩品·序,鍾嶸,32,633,653,豈不以指事造形，窮情寫物，最為詳切者耶？,岂不以 指事 造形 穷情 写物 最为 详切者 耶,岂不以 指事 造形 穷情 写物 最为 详切 者 耶,8,9,1
liuxie_shipin__shipin_01,liuxie_shipin__shipin_01__part01,詩品·序,鍾嶸,33,653,672,故詩有三義焉：一曰興，二曰比，三曰賦。,故诗 有 三义 焉 一曰兴 二 曰 比 三 曰 赋,故诗 有 三义 焉 一曰兴 二 曰 比 三 曰 赋,11,11,0
liuxie_shipin__shipin_01,liuxie_shipin__shipin_01__part01,詩品·序,鍾嶸,34,672,683,文已盡而意有餘，興也；,文已 尽而意 有余 兴 也,文已 尽而意 有余 兴 也,5,5,0
liuxie_shipin__shipin_01,liuxie_shipin__shipin_01__part01,詩品·序,鍾嶸,35,683,691,因物喻志，比也；,因物 喻志 比 也,因物 喻志 比 也,4,4,0
liuxie_shipin__shipin_01,liuxie_shipin__shipin_01__part01,詩品·序,鍾嶸,36,691,704,直書其事，寓言寫物，賦也。,直书 其事 寓言 写物 赋 也,直书 其 事 寓言 写物 赋 也,6,7,1
liuxie_shipin__shipin_01,liuxie_shipin__shipin_01__part01,詩品·序,鍾嶸,37,704,745,宏斯三義，酌而用之，幹之以風力，潤之以丹彩，使味之者無極，聞之者動心，是詩之至也。,宏斯 三义 酌而用 之 干之以 风力 润 之 以丹彩 使味 之者 无极 闻之者 动心 是 诗 之 至 也,宏斯 三义 酌而用 之 干之以 风力 润 之 以丹彩 使味 之者 无极 闻之者 动心 是 诗 之 至 也,19,19,0
liuxie_shipin__shipin_01,liuxie_shipin__shipin_01__part01,詩品·序,鍾嶸,38,745,762,若專用比興，患在意深，意深則詞躓。,若 专用 比兴 患 在意 深 意深 则 词 踬,若 专用 比兴 患 在意 深 意深 则 词 踬,10,10,0
liuxie_shipin__shipin_01,liuxie_shipin__shipin_01__part01,詩品·序,鍾嶸,39,762,796,若但用賦體，患在意浮，意浮則文散，嬉成流移，文無止泊，有蕪漫之累矣。,若 但 用 赋体 患 在意 浮 意浮 则 文散 嬉成 流移 文无止 泊 有 芜 漫之累 矣,若 但 用 赋体 患 在意 浮 意浮 则 文散 嬉成 流移 文无 止泊 有 芜漫 之累 矣,18,18,1
liuxie_shipin__shipin_01,liuxie_shipin__shipin_01__part01,詩品·序,鍾嶸,40,796,828,若乃春風春鳥，秋月秋蟬，夏雲暑雨，冬月祁寒，斯四候之感諸詩者也。,若 乃 春风 春鸟 秋月 秋蝉 夏云暑 雨 冬月 祁寒 斯四候 之感 诸 诗者 也,若 乃 春风 春鸟 秋月 秋蝉 夏云暑 雨 冬月 祁寒 斯四候 之感 诸 诗者 也,15,15,0
liuxie_shipin__shipin_01,liuxie_shipin__shipin_01__part01,詩品·序,鍾嶸,41,828,842,嘉會寄詩以親，離群託詩以怨。,嘉会 寄诗 以亲 离群 托诗 以怨,嘉会 寄诗 以亲 离群 托诗 以怨,6,6,0
liuxie_shipin__shipin_01,liuxie_shipin__shipin_01__part01,詩品·序,鍾嶸,42,842,854,至於楚臣去境，漢妾辭宮；,至于 楚臣 去 境 汉妾 辞宫,至于 楚臣 去 境 汉妾 辞宫,6,6,0
liuxie_shipin__shipin_01,liuxie_shipin__shipin_01__part01,詩品·序,鍾嶸,43,854,866,或骨橫朔野，或魂逐飛蓬；,或骨 横朔野 或魂 逐飞蓬,或骨 横朔野 或魂逐 飞蓬,4,4,1
liuxie_shipin__shipin_01,liuxie_shipin__shipin_01__part01,詩品·序,鍾嶸,44,866,877,或負戈外戍，殺氣雄邊；,或 负戈外 戍 杀 气 雄边,或 负戈外 戍 杀 气 雄边,6,6,0
liuxie_shipin__shipin_01,liuxie_shipin__shipin_01__part01,詩品·序,鍾嶸,45,877,887,塞客衣單，孀閨淚盡；,塞客 衣单 孀 闺泪 尽,塞客 衣单 孀闺 泪尽,5,4,1
liuxie_shipin__shipin_01,liuxie_shipin__shipin_01__part01,詩品·序,鍾嶸,46,887,900,或士有解佩出朝，一去忘返；,或士 有 解佩出 朝 一去 忘 返,或士 有 解佩出 朝 一去 忘 返,7,7,0
liuxie_shipin__shipin_01,liuxie_shipin__shipin_01__part01,詩品·序,鍾嶸,47,900,912,女有揚蛾入寵，再盼傾國。,女有 扬蛾入 宠 再 盼 倾国,女有 扬蛾 入宠 再 盼 倾国,6,6,1
liuxie_shipin__shipin_01,liuxie_shipin__shipin_01__part01,詩品·序,鍾嶸,48,912,931,凡斯種種，感盪心靈，非陳詩何以展其義；,凡斯 种种 感荡 心灵 非 陈诗 何以 展其义,凡斯 种种 感荡 心灵 非 陈诗 何以 展其义,8,8,0
liuxie_shipin__shipin_01,liuxie_shipin__shipin_01__part01,詩品·序,鍾嶸,49,931,940,非長歌何以騁其情？,非长 歌 何以 骋 其情,非 长歌 何以 骋 其情,5,5,1
liuxie_shipin__shipin_01,liuxie_shipin__shipin_01__part01,詩品·序,鍾嶸,50,940,956,故曰：「《詩》可以群，可以怨。」,故曰 诗 可以 群 可以 怨,故曰 诗 可以 群 可以 怨,6,6,0
liuxie_shipin__shipin_01,liuxie_shipin__shipin_01__part01,詩品·序,鍾嶸,51,956,973,使窮賤易安，幽居靡悶，莫尚於詩矣。,使穷 贱易安 幽居 靡 闷 莫尚于 诗 矣,使 穷贱 易安 幽居 靡 闷 莫尚于 诗 矣,8,9,1
liuxie_shipin__shipin_01,liuxie_shipin__shipin_01__part01,詩品·序,鍾嶸,52,973,984,故詞人作者，罔不愛好。,故 词人 作者 罔 不 爱好,故 词人 作者 罔 不 爱好,6,6,0
liuxie_shipin__shipin_01,liuxie_shipin__shipin_01__part01,詩品·序,鍾嶸,53,984,994,今之士俗，斯風熾矣。,今之士俗 斯风炽 矣,今之士俗 斯风炽 矣,3,3,0
liuxie_shipin__shipin_01,liuxie_shipin__shipin_01__part01,詩品·序,鍾嶸,54,994,1012,才能勝衣，甫就小學，必甘心而馳騖焉。,才能 胜衣 甫 就 小学 必 甘心 而 驰骛焉,才能 胜衣 甫 就 小学 必 甘心 而 驰骛 焉,9,10,1
liuxie_shipin__shipin_01,liuxie_shipin__shipin_01__part01,詩品·序,鍾嶸,55,1012,1024,於是庸音雜體，人各為容。,于是 庸音 杂体 人 各为容,于是 庸音 杂体 人 各 为容,5,6,1
liuxie_shipin__shipin_01,liuxie_shipin__shipin_01__part01,詩品·序,鍾嶸,56,1024,1046,至使膏腴子弟，恥文不逮，終朝點綴，分夜呻吟。,至 使 膏腴子弟 耻文 不 逮 终朝 点缀 分夜 呻吟,至 使 膏腴子弟 耻文 不 逮 终朝 点缀 分夜 呻吟,10,10,0
liuxie_shipin__shipin_01,liuxie_shipin__shipin_01__part01,詩品·序,鍾嶸,57,1046,1060,獨觀謂為警策，眾睹終淪平鈍。,独观谓 为 警策 众睹 终 沦平钝,独观 谓为 警策 众睹 终沦 平钝,6,6,1
liuxie_shipin__shipin_01,liuxie_shipin__shipin_01__part01,詩品·序,鍾嶸,58,1060,1090,次有輕薄之徒，笑曹、劉為古拙，謂鮑照羲皇上人，謝朓今古獨步。,次 有 轻薄 之徒 笑 曹 刘为 古拙 谓 鲍照 羲皇上人 谢 朓 今古 独步,次 有 轻薄 之徒 笑 曹 刘为 古拙 谓 鲍照 羲皇上人 谢 朓 今古 独步,15,15,0
liuxie_shipin__shipin_01,liuxie_shipin__shipin_01__part01,詩品·序,鍾嶸,59,1090,1097,而師鮑照終不及,而师 鲍照终 不及,而师 鲍照终 不及,3,3,0
liuxie_shipin__shipin_01,liuxie_shipin__shipin_01__part01,詩品·序,鍾嶸,60,1104,1110,，學謝朓劣得,学谢 朓 劣得,学谢 朓 劣得,3,3,0
liuxie_shipin__shipin_01,liuxie_shipin__shipin_01__part01,詩品·序,鍾嶸,61,1117,1118,。,,,0,0,0
liuxie_shipin__shipin_01,liuxie_shipin__shipin_01__part01,詩品·序,鍾嶸,62,1118,1132,徒自棄於高明，無涉於文流矣。,徒 自弃 于 高明 无涉 于 文流 矣,徒 自弃 于 高明 无涉 于 文流 矣,8,8,0
liuxie_shipin__shipin_01,liuxie_shipin__shipin_01__part01,詩品·序,鍾嶸,63,1132,1155,觀王公縉紳之士，每博論之餘，何嘗不以詩為口實。,观 王公 缙绅 之士 每博论 之余 何尝 不以 诗为 口实,观 王公 缙绅 之士 每博论 之余 何尝 不以 诗为 口实,10,10,0
liuxie_shipin__shipin_01,liuxie_shipin__shipin_01__part01,詩品·序,鍾嶸,64,1155,1186,隨其嗜欲，商搉不同，淄、澠並泛，朱紫相奪，喧議競起，准的無依。,随其 嗜欲 商 搉 不同 淄 渑 并泛 朱紫相夺 喧议 竞起 准 的 无 依,随其 嗜欲 商 搉 不同 淄 渑 并泛 朱紫相夺 喧议 竞起 准 的 无 依,15,15,0
liuxie_shipin__shipin_01,liuxie_shipin__shipin_01__part01,詩品·序,鍾嶸,65,1186,1215,近彭城劉士章，俊賞之士，疾其淆亂，欲為當世詩品，口陳標榜。,近 彭城 刘士章 俊赏 之士 疾其 淆乱 欲 为 当世 诗品 口 陈 标榜,近 彭城 刘士章 俊赏 之士 疾其 淆乱 欲 为当 世 诗品 口陈 标榜,14,13,1
liuxie_shipin__shipin_01,liuxie_shipin__shipin_01__part01,詩品·序,鍾嶸,66,1215,1224,其文未遂感而作焉。,其 文 未遂 感而作 焉,其 文 未遂 感而作 焉,5,5,0
liuxie_shipin__shipin_01,liuxie_shipin__shipin_01__part01,詩品·序,鍾嶸,67,1224,1247,昔九品論人，《七略》裁士，校以貴實，誠多未值。,昔 九品 论人 七略 裁士 校以 贵实 诚多 未值,昔 九品 论人 七略 裁士 校以 贵实 诚多 未值,9,9,0
liuxie_shipin__shipin_01,liuxie_shipin__shipin_01__part01,詩品·序,鍾嶸,68,1247,1259,至若詩之為技，較爾可知。,至 若 诗 之 为技 较尔 可知,至 若 诗 之 为技 较尔 可知,7,7,0
liuxie_shipin__shipin_01,liuxie_shipin__shipin_01__part01,詩品·序,鍾嶸,69,1259,1269,以類推之，殆均博弈。,以 类推 之 殆均 博弈,以 类推 之 殆均 博弈,5,5,0
liuxie_shipin__shipin_01,liuxie_shipin__shipin_01__part01,詩品·序,鍾嶸,70,1269,1298,方今皇帝，資生知之上才，體沈鬱之幽思，文麗日月，賞究天人。,方 今 皇帝 资生知 之上 才 体沈郁 之 幽思 文丽 日月 赏究 天人,方今 皇帝 资生 知 之上 才 体 沈郁 之 幽思 文丽 日月 赏究 天人,13,14,1
liuxie_shipin__shipin_01,liuxie_shipin__shipin_01__part01,詩品·序,鍾嶸,71,1298,1308,昔在貴遊，已為稱首。,昔在 贵游 已为 称首,昔在 贵游 已 为 称首,4,5,1
liuxie_shipin__shipin_01,liuxie_shipin__shipin_01__part01,詩品·序,鍾嶸,72,1308,1331,況八紘既奄，風靡雲蒸，抱玉者聯肩，握珠者踵武。,况八 纮 既 奄 风靡 云蒸 抱玉者 联肩 握珠者 踵武,况 八纮 既 奄 风靡云蒸 抱玉者 联肩 握珠者 踵武,10,9,1
liuxie_shipin__shipin_01,liuxie_shipin__shipin_01__part01,詩品·序,鍾嶸,73,1331,1348,以瞰漢、魏而不顧，吞晉、宋於胸中。,以瞰 汉 魏而 不顾 吞晋 宋于 胸中,以瞰 汉 魏而 不顾 吞晋 宋于 胸中,7,7,0
liuxie_shipin__shipin_01,liuxie_shipin__shipin_01__part01,詩品·序,鍾嶸,74,1348,1360,諒非農歌轅議，敢致流別。,谅 非农 歌辕议 敢致 流别,谅 非农 歌 辕议 敢致 流别,5,6,1
liuxie_shipin__shipin_01,liuxie_shipin__shipin_01__part01,詩品·序,鍾嶸,75,1360,1379,嶸之今錄，庶周旋於閭里，均之於談笑耳。,嵘 之 今录 庶 周旋 于 闾里 均 之于 谈笑 耳,嵘 之 今录 庶 周旋 于 闾里 均 之于 谈笑 耳,11,11,0
liuxie_shipin__shipin_01,liuxie_shipin__shipin_01__part01,詩品·序,鍾嶸,76,1380,1401,一品之中，略以世代為先後，不以優劣為詮次。,一品 之中 略以 世代 为 先后 不 以 优劣 为 诠次,一品 之中 略以 世代 为 先后 不 以 优劣 为 诠次,11,11,0
liuxie_shipin__shipin_01,liuxie_shipin__shipin_01__part01,詩品·序,鍾嶸,77,1401,1412,又其人既往，其文克定。,又 其人 既往 其文克定,又 其人 既往 其文克定,4,4,0
liuxie_shipin__shipin_01,liuxie_shipin__shipin_01__part01,詩品·序,鍾嶸,78,1412,1422,今所寓言，不錄存者。,今所 寓言 不录 存者,今所 寓言 不录 存者,4,4,0
liuxie_shipin__shipin_01,liuxie_shipin__shipin_01__part01,詩品·序,鍾嶸,79,1422,1433,夫屬詞比事，乃為通談。,夫 属词比事 乃为 通谈,夫 属词比事 乃为 通谈,4,4,0
liuxie_shipin__shipin_01,liuxie_shipin__shipin_01__part01,詩品·序,鍾嶸,80,1433,1450,若乃經國文符，應資博古，撰德駁奏。,若乃经 国文 符 应资 博古 撰德驳 奏,若乃经 国文 符 应资 博古 撰德驳 奏,7,7,0
liuxie_shipin__shipin_01,liuxie_shipin__shipin_01__part01,詩品·序,鍾嶸,81,1450,1455,宜窮往烈。,宜穷 往烈,宜穷 往烈,2,2,0
liuxie_shipin__shipin_01,liuxie_shipin__shipin_01__part01,詩品·序,鍾嶸,82,1455,1469,至乎吟詠情性，亦何貴於用事？,至乎 吟咏 情性 亦 何贵于 用事,至乎 吟咏 情性 亦 何贵于 用事,6,6,0
liuxie_shipin__shipin_01,liuxie_shipin__shipin_01__part01,詩品·序,鍾嶸,83,1476,1482,，既是即目。,既 是 即目,既 是 即目,3,3,0
liuxie_shipin__shipin_01,liuxie_shipin__shipin_01__part01,詩品·序,鍾嶸,84,1489,1495,，亦惟所見。,亦 惟所见,亦 惟 所见,2,3,1
liuxie_shipin__shipin_01,liuxie_shipin__shipin_01__part01,詩品·序,鍾嶸,85,1502,1508,，羌無故實。,羌无故实,羌无故实,1,1,0
liuxie_shipin__shipin_01,liuxie_shipin__shipin_01__part01,詩品·序,鍾嶸,86,1515,1521,，詎出經史。,讵 出 经史,讵 出 经史,3,3,0
liuxie_shipin__shipin_01,liuxie_shipin__shipin_01__part01,詩品·序,鍾嶸,87,1521,1537,觀古今勝語，多非補假，皆由直尋。,观 古今 胜语 多非 补假 皆 由 直 寻,观 古今 胜语 多非 补假 皆 由 直 寻,9,9,0
liuxie_shipin__shipin_01,liuxie_shipin__shipin_01__part01,詩品·序,鍾嶸,88,1537,1553,顏延、謝莊，尤為繁密，於時化之。,颜延 谢庄 尤为 繁密 于 时化 之,颜延 谢庄 尤为 繁密 于时 化 之,7,7,1
liuxie_shipin__shipin_01,liuxie_shipin__shipin_01__part01,詩品·序,鍾嶸,89,1553,1568,故大明、泰始中，文章殆同書抄。,故 大明 泰始 中 文章 殆同书 抄,故 大明 泰始 中 文章 殆同 书抄,7,7,1
liuxie_shipin__shipin_01,liuxie_shipin__shipin_01__part01,詩品·序,鍾嶸,90,1568,1597,近任昉、王元長等，詞不貴奇，競須新事，爾來作者，浸以成俗。,近任 昉 王元长 等 词不贵奇 竞须 新事 尔来 作者 浸以 成俗,近任 昉 王 元长 等 词不贵奇 竞须 新事 尔来 作者 浸以 成俗,11,12,1
liuxie_shipin__shipin_01,liuxie_shipin__shipin_01__part01,詩品·序,鍾嶸,91,1597,1619,遂乃句無虛語，語無虛字，拘攣補衲，蠹文已甚。,遂 乃句 无虚语 语无 虚字 拘挛补衲 蠹 文已 甚,遂 乃 句无 虚语 语无 虚字 拘挛补衲 蠹 文已 甚,9,10,1
liuxie_shipin__shipin_01,liuxie_shipin__shipin_01__part01,詩品·序,鍾嶸,92,1619,1630,但自然英旨，罕值其人。,但 自然 英旨 罕值 其人,但 自然 英旨 罕值 其人,5,5,0
liuxie_shipin__shipin_01,liuxie_shipin__shipin_01__part01,詩品·序,鍾嶸,93,1630,1641,詞既失高，則宜加事義。,词 既 失高 则 宜加 事义,词 既 失高 则 宜加 事义,6,6,0
liuxie_shipin__shipin_01,liuxie_shipin__shipin_01__part01,詩品·序,鍾嶸,94,1641,1656,雖謝天才，且表學問，亦一理乎！,虽谢 天才 且表 学问 亦 一理乎,虽谢 天才 且表 学问 亦 一理乎,6,6,0
liuxie_shipin__shipin_01,liuxie_shipin__shipin_01__part01,詩品·序,鍾嶸,95,1656,1667,陸機《文賦》通而無貶；,陆机 文赋 通而 无 贬,陆机 文赋 通而 无 贬,5,5,0
liuxie_shipin__shipin_01,liuxie_shipin__shipin_01__part01,詩品·序,鍾嶸,96,1667,1679,李充《翰林》，疏而不切；,李充 翰林 疏而 不切,李充 翰林 疏而 不切,4,4,0
liuxie_shipin__shipin_01,liuxie_shipin__shipin_01__part01,詩品·序,鍾嶸,97,1679,1691,王微《鴻寶》，密而無裁；,王微 鸿宝 密而 无裁,王微 鸿宝 密而 无裁,4,4,0
liuxie_shipin__shipin_01,liuxie_shipin__shipin_01__part01,詩品·序,鍾嶸,98,1691,1701,顏延論文，精而難曉；,颜延 论文 精而 难晓,颜延 论文 精而 难晓,4,4,0
liuxie_shipin__shipin_01,liuxie_shipin__shipin_01__part01,詩品·序,鍾嶸,99,1701,1717,摯虞《文志》詳而博贍，頗曰知言。,挚虞 文志 详而博 赡 颇 曰 知言,挚虞 文志 详而 博赡 颇 曰 知言,7,7,1
liuxie_shipin__shipin_01,liuxie_shipin__shipin_01__part01,詩品·序,鍾嶸,100,1717,1734,觀斯數家，皆就談文體，而不顯優劣。,观斯 数家 皆 就 谈 文体 而 不显 优劣,观斯 数家 皆 就 谈 文体 而 不显 优劣,9,9,0
liuxie_shipin__shipin_01,liuxie_shipin__shipin_01__part01,詩品·序,鍾嶸,101,1734,1746,至於謝客集詩，逢詩輒取；,至于 谢客 集诗 逢 诗辄取,至于 谢客 集诗 逢 诗辄取,5,5,0
liuxie_shipin__shipin_01,liuxie_shipin__shipin_01__part01,詩品·序,鍾嶸,102,1746,1758,張騭《文士》，逢文即書。,张骘 文士 逢文即 书,张骘 文士 逢文即 书,4,4,0
liuxie_shipin__shipin_01,liuxie_shipin__shipin_01__part01,詩品·序,鍾嶸,103,1758,1773,諸英志錄，並義在文，曾無品第。,诸英志录 并义 在 文 曾 无 品第,诸英志录 并义 在 文 曾 无 品第,7,7,0
liuxie_shipin__shipin_01,liuxie_shipin__shipin_01__part01,詩品·序,鍾嶸,104,1773,1783,嶸今所錄，止乎五言。,嵘 今所录 止乎 五言,嵘 今所录 止乎 五言,4,4,0
liuxie_shipin__shipin_01,liuxie_shipin__shipin_01__part01,詩品·序,鍾嶸,105,1783,1796,雖然，網羅今古，詞文殆集。,虽然 网罗 今古 词文 殆集,虽然 网罗 今古 词文 殆集,5,5,0
liuxie_shipin__shipin_01,liuxie_shipin__shipin_01__part01,詩品·序,鍾嶸,106,1796,1814,輕欲辨彰清濁，掎摭病利，凡百二十人。,轻欲辨彰 清浊 掎摭 病利 凡百 二十 人,轻欲辨彰 清浊 掎摭 病利 凡百 二十 人,7,7,0
liuxie_shipin__shipin_01,liuxie_shipin__shipin_01__part01,詩品·序,鍾嶸,107,1814,1825,預此宗流者，便稱才子。,预此 宗流者 便称 才子,预此 宗流者 便称 才子,4,4,0
liuxie_shipin__shipin_01,liuxie_shipin__shipin_01__part01,詩品·序,鍾嶸,108,1825,1848,至斯三品升降，差非定制，方申變裁，請寄知者爾。,至斯 三品 升降 差非 定制 方申 变裁 请 寄 知者 尔,至斯 三品 升降 差非 定制 方 申变 裁 请寄 知者 尔,11,11,1
liuxie_shipin__shipin_01,liuxie_shipin__shipin_01__part01,詩品·序,鍾嶸,109,1849,1891,昔曹、劉殆文章之聖，陸、謝為體貳之才，銳精研思，千百年中，而不聞宮商之辨，四聲之論。,昔 曹 刘殆 文章 之圣 陆 谢为体 贰 之 才 锐 精研 思 千百年 中 而 不闻宫 商之辨 四声 之 论,昔 曹 刘殆 文章 之圣 陆 谢为 体贰 之才 锐 精研 思 千百年 中 而 不闻 宫商 之辨 四声 之 论,21,21,1
liuxie_shipin__shipin_01,liuxie_shipin__shipin_01__part01,詩品·序,鍾嶸,110,1891,1905,或謂前達偶然不見，豈其然乎？,或谓 前 达 偶然 不见 岂 其然乎,或谓 前达 偶然 不见 岂其 然乎,7,6,1
liuxie_shipin__shipin_01,liuxie_shipin__shipin_01__part01,詩品·序,鍾嶸,111,1905,1932,嘗試言之，古曰詩頌，皆被之金竹，故非調五音，無以諧會。,尝试 言 之 古 曰 诗颂 皆 被 之 金竹 故非调 五音 无以 谐会,尝试 言 之 古 曰 诗颂 皆 被 之 金竹 故非调 五音 无以 谐会,14,14,0
liuxie_shipin__shipin_01,liuxie_shipin__shipin_01__part01,詩品·序,鍾嶸,112,1932,1933,若,若,若,1,1,0
liuxie_shipin__shipin_01,liuxie_shipin__shipin_01__part01,詩品·序,鍾嶸,113,1940,1941,、,,,0,0,0
liuxie_shipin__shipin_01,liuxie_shipin__shipin_01__part01,詩品·序,鍾嶸,114,1948,1954,，為韻之首。,为韵 之首,为韵 之首,2,2,0
liuxie_shipin__shipin_01,liuxie_shipin__shipin_01__part01,詩品·序,鍾嶸,115,1954,1988,故三祖之詞，文或不工，而韻入歌唱，此重音韻之義也，與世之言宮商異矣。,故三祖 之词 文 或 不工 而韵入 歌唱 此重 音韵 之义 也 与 世之言宫 商异 矣,故三祖 之词 文 或 不工 而韵入 歌唱 此重 音韵 之义 也 与 世之言 宫商 异 矣,15,16,1
liuxie_shipin__shipin_01,liuxie_shipin__shipin_01__part01,詩品·序,鍾嶸,116,1988,2003,今既不被管絃，亦何取於聲律邪？,今 既 不 被 管弦 亦 何取 于 声律 邪,今 既 不 被 管弦 亦 何取 于 声律 邪,10,10,0
liuxie_shipin__shipin_01,liuxie_shipin__shipin_01__part01,詩品·序,鍾嶸,117,2003,2032,齊有王元長者，嘗謂余云：「宮商與二儀俱生，自古詞人不知之。,齐有 王元 长者 尝谓 余云 宫商 与 二 仪俱生 自古 词人 不知 之,齐有 王元 长者 尝谓 余云 宫商 与 二仪 俱生 自古 词人 不知 之,13,13,1
liuxie_shipin__shipin_01,liuxie_shipin__shipin_01__part01,詩品·序,鍾嶸,118,2032,2051,唯顏憲子乃雲『律呂音調』，而其實大謬。,唯颜宪子 乃云 律吕 音调 而 其实 大谬,唯颜宪子 乃云 律吕 音调 而 其实 大谬,7,7,0
liuxie_shipin__shipin_01,liuxie_shipin__shipin_01__part01,詩品·序,鍾嶸,119,2051,2063,唯見范曄、謝莊頗識之耳。,唯见 范晔 谢庄 颇识 之 耳,唯见 范晔 谢庄 颇识 之 耳,6,6,0
liuxie_shipin__shipin_01,liuxie_shipin__shipin_01__part01,詩品·序,鍾嶸,120,2063,2076,嘗欲進《知音論》，未就。」,尝欲进 知音 论 未 就,尝欲进 知音 论 未 就,5,5,0
liuxie_shipin__shipin_01,liuxie_shipin__shipin_01__part01,詩品·序,鍾嶸,121,2076,2092,王元長創其首，謝朓、沈約揚其波。,王元长 创其首 谢 朓 沈约 扬其波,王 元长 创其首 谢 朓 沈约 扬其波,6,7,1
liuxie_shipin__shipin_01,liuxie_shipin__shipin_01__part01,詩品·序,鍾嶸,122,2092,2117,三賢或貴公子孫，幼有文辯，於是士流景慕，務為精密。,三贤 或 贵公子 孙 幼有 文辩 于是 士流 景慕 务为 精密,三贤 或 贵公子 孙 幼有 文辩 于是 士流 景慕 务为 精密,11,11,0
liuxie_shipin__shipin_01,liuxie_shipin__shipin_01__part01,詩品·序,鍾嶸,123,2117,2127,襞積細微，專相淩架。,襞 积 细微 专 相凌 架,襞积 细微 专 相凌 架,6,5,1
liuxie_shipin__shipin_01,liuxie_shipin__shipin_01__part01,詩品·序,鍾嶸,124,2127,2139,故使文多拘忌，傷其真美。,故使 文多 拘忌 伤其 真美,故使 文多 拘忌 伤其 真美,5,5,0
liuxie_shipin__shipin_01,liuxie_shipin__shipin_01__part01,詩品·序,鍾嶸,125,2139,2170,余謂文制本須諷讀，不可蹇礙，但令清濁通流，口吻調利，斯為足矣。,余谓 文制 本须 讽读 不可 蹇 碍 但令 清浊 通流 口吻 调利 斯为 足矣,余谓 文制 本须 讽读 不可 蹇碍 但令 清浊 通流 口吻 调利 斯为 足矣,14,13,1
liuxie_shipin__shipin_01,liuxie_shipin__shipin_01__part01,詩品·序,鍾嶸,126,2170,2182,至平上去入，則余病未能；,至平 上去 入 则 余病 未能,至平 上去 入 则 余病 未能,6,6,0
liuxie_shipin__shipin_01,liuxie_shipin__shipin_01__part01,詩品·序,鍾嶸,127,2182,2193,蜂腰、鶴膝，閭里已具。,蜂腰 鹤膝 闾里 已具,蜂腰 鹤膝 闾里 已具,4,4,0
liuxie_shipin__shipin_01,liuxie_shipin__shipin_01__part01,詩品·序,鍾嶸,128,2193,2333,陳思贈弟，仲宣《七哀》，公幹思友，阮籍《詠懷》，子卿「雙鳧」，叔夜「雙鸞」，茂先寒夕，平叔衣單，安仁倦暑，景陽苦雨，靈運《郲中》，士衡《擬古》，越石感亂，景純詠仙，王微風月，謝客山泉，叔源離宴，鮑照戍邊，太沖《詠史》，顏延入洛，陶公詠貧之制，惠連《擣衣》之作，斯皆五言之警策者也。,陈思 赠弟 仲宣 七哀 公干 思友 阮籍 咏怀 子卿 双 凫 叔夜 双鸾 茂先 寒夕 平叔 衣单 安仁 倦暑 景阳 苦雨 灵运 郲 中 士衡 拟古 越石 感乱 景纯咏仙 王 微风 月 谢客 山泉 叔源 离宴 鲍照 戍边 太冲 咏史 颜延入 洛 陶公咏 贫之制 惠连 捣衣 之作 斯 皆 五言 之 警策 者 也,陈思 赠弟 仲宣 七哀 公干 思友 阮籍 咏怀 子卿 双凫 叔夜 双鸾 茂先 寒夕 平叔 衣单 安仁 倦暑 景阳 苦雨 灵运 郲 中 士衡 拟古 越石 感乱 景纯咏仙 王 微风 月 谢客 山泉 叔源 离宴 鲍照 戍边 太冲 咏史 颜延入 洛 陶公咏 贫之制 惠连 捣衣 之作 斯 皆 五言 之 警策 者 也,54,53,1
liuxie_shipin__shipin_01,liuxie_shipin__shipin_01__part01,詩品·序,鍾嶸,129,2333,2348,所以謂篇章之珠澤，文彩之鄧林。,所以 谓 篇章 之珠泽 文彩 之 邓林,所以 谓 篇章 之 珠泽 文彩 之 邓林,7,8,1
liuxie_shipin__shipin_02,liuxie_shipin__shipin_02__part01,詩品·卷上,鍾嶸,0,0,10,其體源出於《國風》。,其体源 出于 国风,其体源 出于 国风,3,3,0
liuxie_shipin__shipin_02,liuxie_shipin__shipin_02__part01,詩品·卷上,鍾嶸,1,10,42,陸機所擬十四首，文溫以麗，意悲而遠，驚心動魄，可謂幾乎一字千金！,陆机 所拟 十四 首 文温 以丽 意悲 而 远 惊心动魄 可谓 几乎 一字千金,陆机 所拟 十四 首 文温 以丽 意悲 而 远 惊心动魄 可谓 几乎 一字千金,13,13,0
liuxie_shipin__shipin_02,liuxie_shipin__shipin_02__part01,詩品·卷上,鍾嶸,2,42,44,其外,其 外,其 外,2,2,0
liuxie_shipin__shipin_02,liuxie_shipin__shipin_02__part01,詩品·卷上,鍾嶸,3,51,66,四十五首，雖多哀怨，頗為總雜。,四十五 首 虽多 哀怨 颇为 总杂,四十五 首 虽多 哀怨 颇为 总杂,6,6,0
liuxie_shipin__shipin_02,liuxie_shipin__shipin_02__part01,詩品·卷上,鍾嶸,4,66,78,舊疑是建安中曹氾王所制。,旧疑 是 建安 中 曹泛 王所制,旧疑 是 建安 中 曹泛 王所制,6,6,0
liuxie_shipin__shipin_02,liuxie_shipin__shipin_02__part01,詩品·卷上,鍾嶸,5,85,86,、,,,0,0,0
liuxie_shipin__shipin_02,liuxie_shipin__shipin_02__part01,詩品·卷上,鍾嶸,6,93,100,，亦為驚絕矣！,亦 为 惊绝 矣,亦 为 惊绝 矣,4,4,0
liuxie_shipin__shipin_02,liuxie_shipin__shipin_02__part01,詩品·卷上,鍾嶸,7,100,114,人代冥滅，而清音獨遠，悲夫！,人代冥灭 而 清音 独远 悲夫,人 代 冥灭 而 清音 独远 悲夫,5,7,1
liuxie_shipin__shipin_02,liuxie_shipin__shipin_02__part01,詩品·卷上,鍾嶸,8,116,125,其源出於《楚辭》。,其源 出于 楚辞,其源 出于 楚辞,3,3,0
liuxie_shipin__shipin_02,liuxie_shipin__shipin_02__part01,詩品·卷上,鍾嶸,9,125,135,文多悽愴，怨者之流。,文多 凄怆 怨者 之流,文多 凄怆 怨者 之流,4,4,0
liuxie_shipin__shipin_02,liuxie_shipin__shipin_02__part01,詩品·卷上,鍾嶸,10,135,155,陵，名家子，有殊才，生命不諧，聲頹身喪。,陵 名家 子 有殊 才 生命 不谐 声 颓身 丧,陵 名家 子 有殊 才 生命 不谐 声 颓身 丧,10,10,0
liuxie_shipin__shipin_02,liuxie_shipin__shipin_02__part01,詩品·卷上,鍾嶸,11,155,170,使陵不遭辛苦，其文亦何能至此！,使陵 不 遭 辛苦 其文亦何 能 至此,使陵 不 遭 辛苦 其文亦何 能 至此,7,7,0
liuxie_shipin__shipin_02,liuxie_shipin__shipin_02__part01,詩品·卷上,鍾嶸,12,172,179,其源出於李陵。,其源 出于 李陵,其源 出于 李陵,3,3,0
liuxie_shipin__shipin_02,liuxie_shipin__shipin_02__part01,詩品·卷上,鍾嶸,13,179,202,《團扇》短章，詞旨清捷，怨深文綺，得匹婦之致。,团扇 短章 词旨 清捷 怨 深文 绮 得匹妇 之致,团扇 短章 词旨 清捷 怨深 文绮 得 匹妇 之 致,9,10,1
liuxie_shipin__shipin_02,liuxie_shipin__shipin_02__part01,詩品·卷上,鍾嶸,14,202,214,侏儒一節，可以知其工矣！,侏儒一节 可以 知其工 矣,侏儒一节 可以 知其工 矣,4,4,0
liuxie_shipin__shipin_02,liuxie_shipin__shipin_02__part01,詩品·卷上,鍾嶸,15,216,225,其源出於《國風》。,其源 出于 国风,其源 出于 国风,3,3,0
liuxie_shipin__shipin_02,liuxie_shipin__shipin_02__part01,詩品·卷上,鍾嶸,16,225,255,骨氣奇高，詞采華茂，情兼雅怨，體被文質，粲溢今古，卓爾不群。,骨 气 奇高 词 采华茂 情兼雅怨 体 被 文质 粲溢 今古 卓尔不群,骨 气 奇高 词采 华茂 情兼雅怨 体 被 文质 粲溢 今古 卓尔不群,12,12,1
liuxie_shipin__shipin_02,liuxie_shipin__shipin_02__part01,詩品·卷上,鍾嶸,17,255,258,嗟乎！,嗟乎,嗟乎,1,1,0
liuxie_shipin__shipin_02,liuxie_shipin__shipin_02__part01,詩品·卷上,鍾嶸,18,258,296,陳思之於文章也，譬人倫之有周、孔，鱗羽之有龍鳳，音樂之有琴笙，女工之有黼黻。,陈思之于 文章 也 譬 人伦 之有 周 孔 鳞羽 之 有 龙凤 音乐 之有琴 笙 女工 之有 黼 黻,陈思 之 于 文章 也 譬 人伦 之有 周 孔 鳞羽 之有 龙凤 音乐 之有琴 笙 女工 之有 黼 黻,19,20,1
liuxie_shipin__shipin_02,liuxie_shipin__shipin_02__part01,詩品·卷上,鍾嶸,19,296,318,俾爾懷鉛吮墨者，抱篇章而景慕，映餘暉以自燭。,俾尔怀 铅 吮墨 者 抱 篇章 而 景慕 映 余晖 以自烛,俾尔 怀铅 吮墨 者 抱 篇章 而 景慕 映 余晖 以自烛,11,11,1
liuxie_shipin__shipin_02,liuxie_shipin__shipin_02__part01,詩品·卷上,鍾嶸,20,318,355,故孔氏之門如用詩，則公幹升堂，思王入室，景陽、潘、陸，自可坐於廊廡之間矣。,故孔氏 之门 如用 诗 则 公干 升堂 思王 入室 景阳 潘 陆 自可 坐于 廊庑 之间 矣,故孔氏 之门 如用 诗 则 公干 升堂 思王 入室 景阳 潘 陆 自可 坐于 廊庑 之间 矣,17,17,0
liuxie_shipin__shipin_02,liuxie_shipin__shipin_02__part01,詩品·卷上,鍾嶸,21,357,366,其源出於《古詩》。,其源 出于 古诗,其源 出于 古诗,3,3,0
liuxie_shipin__shipin_02,liuxie_shipin__shipin_02__part01,詩品·卷上,鍾嶸,22,366,376,仗氣愛奇，動多振絕。,仗 气 爱奇 动多振绝,仗 气 爱奇 动多振绝,4,4,0
liuxie_shipin__shipin_02,liuxie_shipin__shipin_02__part01,詩品·卷上,鍾嶸,23,376,386,真骨淩霜，高風跨俗。,真骨 凌霜 高风 跨俗,真骨 凌霜 高风 跨俗,4,4,0
liuxie_shipin__shipin_02,liuxie_shipin__shipin_02__part01,詩品·卷上,鍾嶸,24,386,397,但氣過其文，雕潤恨少。,但 气 过其文 雕润 恨少,但 气 过其文 雕润 恨少,5,5,0
liuxie_shipin__shipin_02,liuxie_shipin__shipin_02__part01,詩品·卷上,鍾嶸,25,397,409,然自陳思已下，楨稱獨步。,然自 陈思 已 下 桢称 独步,然自 陈思 已下 桢称 独步,6,5,1
liuxie_shipin__shipin_02,liuxie_shipin__shipin_02__part01,詩品·卷上,鍾嶸,26,411,418,其源出於李陵。,其源 出于 李陵,其源 出于 李陵,3,3,0
liuxie_shipin__shipin_02,liuxie_shipin__shipin_02__part01,詩品·卷上,鍾嶸,27,418,430,發愀愴之詞，文秀而質羸。,发愀怆 之词 文秀而质 羸,发 愀怆 之词 文秀而质 羸,4,5,1
liuxie_shipin__shipin_02,liuxie_shipin__shipin_02__part01,詩品·卷上,鍾嶸,28,430,441,在曹、劉間，別構一體。,在 曹 刘间 别构 一体,在 曹 刘间 别构 一体,5,5,0
liuxie_shipin__shipin_02,liuxie_shipin__shipin_02__part01,詩品·卷上,鍾嶸,29,441,453,方陳思不足，比魏文有餘。,方陈思 不足 比 魏文 有余,方 陈思 不足 比 魏文 有余,5,6,1
liuxie_shipin__shipin_02,liuxie_shipin__shipin_02__part01,詩品·卷上,鍾嶸,30,455,464,其源出於《小雅》。,其源 出于 小雅,其源 出于 小雅,3,3,0
liuxie_shipin__shipin_02,liuxie_shipin__shipin_02__part01,詩品·卷上,鍾嶸,31,464,470,無雕蟲之功。,无雕 虫 之功,无 雕虫 之功,3,3,1
liuxie_shipin__shipin_02,liuxie_shipin__shipin_02__part01,詩品·卷上,鍾嶸,32,470,488,而《詠懷》之作，可以陶性靈，發幽思。,而 咏怀 之作 可以 陶 性灵 发 幽思,而 咏怀 之作 可以 陶 性灵 发 幽思,8,8,0
liuxie_shipin__shipin_02,liuxie_shipin__shipin_02__part01,詩品·卷上,鍾嶸,33,488,502,言在耳目之內，情寄八荒之表。,言 在 耳目 之内 情寄 八荒 之表,言 在 耳目 之内 情寄 八荒 之表,7,7,0
liuxie_shipin__shipin_02,liuxie_shipin__shipin_02__part01,詩品·卷上,鍾嶸,34,502,534,洋洋乎會於《風》、《雅》，使人忘其鄙近，自致遠大，頗多感慨之詞。,洋洋 乎 会 于 风 雅 使人 忘 其 鄙近 自 致远 大 颇 多 感慨 之词,洋洋 乎 会 于 风 雅 使人 忘 其 鄙近 自 致远 大 颇 多 感慨 之词,17,17,0
liuxie_shipin__shipin_02,liuxie_shipin__shipin_02__part01,詩品·卷上,鍾嶸,35,534,544,厥旨淵放，歸趣難求。,厥 旨渊放 归趣 难求,厥 旨 渊放 归趣 难求,4,5,1
liuxie_shipin__shipin_02,liuxie_shipin__shipin_02__part01,詩品·卷上,鍾嶸,36,544,555,顏延年注解，怯言其志。,颜延年 注解 怯言 其志,颜延年 注解 怯言 其志,4,4,0
liuxie_shipin__shipin_02,liuxie_shipin__shipin_02__part01,詩品·卷上,鍾嶸,37,557,564,其源出於陳思。,其源 出于 陈思,其源 出于 陈思,3,3,0
liuxie_shipin__shipin_02,liuxie_shipin__shipin_02__part01,詩品·卷上,鍾嶸,38,564,574,才高詞贍，舉體華美。,才 高词 赡 举体 华美,才 高词 赡 举体 华美,5,5,0
liuxie_shipin__shipin_02,liuxie_shipin__shipin_02__part01,詩品·卷上,鍾嶸,39,574,586,氣少於公幹，文劣於仲宣。,气 少于 公干 文 劣于 仲宣,气 少于 公干 文 劣于 仲宣,6,6,0
liuxie_shipin__shipin_02,liuxie_shipin__shipin_02__part01,詩品·卷上,鍾嶸,40,586,602,尚規矩，不貴綺錯，有傷直致之奇。,尚 规矩 不贵 绮 错 有伤 直致 之奇,尚 规矩 不 贵 绮错 有伤 直致 之奇,8,8,1
liuxie_shipin__shipin_02,liuxie_shipin__shipin_02__part01,詩品·卷上,鍾嶸,41,602,621,然其咀嚼英華，厭飫膏澤，文章之淵泉也。,然其 咀嚼英华 厌 饫 膏泽 文章 之 渊泉 也,然其 咀嚼英华 厌饫 膏泽 文章 之 渊泉 也,9,8,1
liuxie_shipin__shipin_02,liuxie_shipin__shipin_02__part01,詩品·卷上,鍾嶸,42,621,631,張公歎其大才，信矣！,张公叹 其大才 信 矣,张公叹 其大才 信 矣,4,4,0
liuxie_shipin__shipin_02,liuxie_shipin__shipin_02__part01,詩品·卷上,鍾嶸,43,633,640,其源出於仲宣。,其源 出于 仲宣,其源 出于 仲宣,3,3,0
liuxie_shipin__shipin_02,liuxie_shipin__shipin_02__part01,詩品·卷上,鍾嶸,44,640,670,《翰林》歎其翩翩然如翔禽之有羽毛，衣服之有綃縠，猶淺於陸機。,翰林 叹 其 翩翩 然如翔 禽 之 有 羽毛 衣服 之有 绡 縠 犹浅于 陆机,翰林 叹 其 翩翩 然如翔 禽 之 有 羽毛 衣服 之有 绡縠 犹浅于 陆机,15,14,1
liuxie_shipin__shipin_02,liuxie_shipin__shipin_02__part01,詩品·卷上,鍾嶸,45,670,700,謝混云：“潘詩爛若舒錦，無處不佳，陸文如披沙簡金，往往見寶。,谢混云 潘诗 烂若舒锦 无处 不佳 陆文如 披沙简金 往往 见宝,谢混云 潘诗 烂若舒锦 无处 不佳 陆文如 披沙简金 往往 见宝,9,9,0
liuxie_shipin__shipin_02,liuxie_shipin__shipin_02__part01,詩品·卷上,鍾嶸,46,700,714,”嶸謂益壽輕華，故以潘為勝；,嵘 谓 益寿 轻华 故以 潘为 胜,嵘 谓 益寿 轻华 故以 潘为 胜,7,7,0
liuxie_shipin__shipin_02,liuxie_shipin__shipin_02__part01,詩品·卷上,鍾嶸,47,714,727,《翰林》篤論，故歎陸為深。,翰林 笃论 故叹 陆为 深,翰林 笃论 故叹 陆为 深,5,5,0
liuxie_shipin__shipin_02,liuxie_shipin__shipin_02__part01,詩品·卷上,鍾嶸,48,727,740,余常言陸才如海，潘才如江。,余 常言 陆才 如海 潘才 如江,余 常言 陆才 如海 潘才 如江,6,6,0
liuxie_shipin__shipin_02,liuxie_shipin__shipin_02__part01,詩品·卷上,鍾嶸,49,742,749,其源出於王粲。,其源 出于 王 粲,其源 出于 王 粲,4,4,0
liuxie_shipin__shipin_02,liuxie_shipin__shipin_02__part01,詩品·卷上,鍾嶸,50,749,758,文體華淨，少病累。,文体 华净 少病 累,文体 华净 少病 累,4,4,0
liuxie_shipin__shipin_02,liuxie_shipin__shipin_02__part01,詩品·卷上,鍾嶸,51,758,776,又巧構形似之言，雄於潘岳，靡於太沖。,又 巧构 形似 之 言 雄于 潘岳 靡 于 太冲,又 巧构 形似 之 言 雄于 潘岳 靡 于 太冲,10,10,0
liuxie_shipin__shipin_02,liuxie_shipin__shipin_02__part01,詩品·卷上,鍾嶸,52,776,788,風流調達，實曠代之高手。,风流 调达 实 旷代 之 高手,风流 调达 实 旷代 之 高手,6,6,0
liuxie_shipin__shipin_02,liuxie_shipin__shipin_02__part01,詩品·卷上,鍾嶸,53,788,807,詞采蔥蒨，音韻鏗鏘，使人味之亹亹不倦。,词 采葱蒨 音韵 铿锵 使人味 之 亹亹不倦,词采 葱蒨 音韵 铿锵 使人味 之 亹亹不倦,7,7,1
liuxie_shipin__shipin_02,liuxie_shipin__shipin_02__part01,詩品·卷上,鍾嶸,54,809,816,其源出於公幹。,其源 出于 公干,其源 出于 公干,3,3,0
liuxie_shipin__shipin_02,liuxie_shipin__shipin_02__part01,詩品·卷上,鍾嶸,55,816,832,文典以怨，頗為精切，得諷諭之致。,文典 以怨 颇为 精切 得 讽谕 之致,文典 以怨 颇为 精切 得 讽谕 之 致,7,8,1
liuxie_shipin__shipin_02,liuxie_shipin__shipin_02__part01,詩品·卷上,鍾嶸,56,832,844,雖野於陸機，而深於潘岳。,虽野于 陆机 而 深于 潘岳,虽野于 陆机 而 深于 潘岳,5,5,0
liuxie_shipin__shipin_02,liuxie_shipin__shipin_02__part01,詩品·卷上,鍾嶸,57,844,866,謝康樂嘗言：“左太沖詩，潘安仁詩，古今難比。,谢康乐 尝言 左太冲 诗 潘安 仁诗 古今 难比,谢康乐 尝言 左 太冲 诗 潘安 仁诗 古今 难比,8,9,1
liuxie_shipin__shipin_02,liuxie_shipin__shipin_02__part01,詩品·卷上,鍾嶸,58,866,867,”,,,0,0,0
liuxie_shipin__shipin_02,liuxie_shipin__shipin_02__part01,詩品·卷上,鍾嶸,59,869,883,其源出於陳思，雜有景陽之體。,其源 出于 陈思 杂有 景阳 之体,其源 出于 陈思 杂有 景阳 之体,6,6,0
liuxie_shipin__shipin_02,liuxie_shipin__shipin_02__part01,詩品·卷上,鍾嶸,60,883,901,故尚巧似，而逸蕩過之，頗以繁蕪為累。,故尚 巧似 而逸 荡过 之 颇 以 繁芜 为 累,故尚 巧似 而 逸荡 过 之 颇 以 繁芜 为 累,10,11,1
liuxie_shipin__shipin_02,liuxie_shipin__shipin_02__part01,詩品·卷上,鍾嶸,61,901,931,嶸謂若人興多才高，寓目輒書，內無乏思，外無遺物，其繁富宜哉！,嵘 谓 若 人兴 多 才 高 寓目 辄 书 内无乏 思 外 无 遗物 其 繁富 宜哉,嵘 谓 若 人兴 多 才 高 寓目 辄 书 内无乏 思 外 无 遗物 其 繁富 宜哉,18,18,0
liuxie_shipin__shipin_02,liuxie_shipin__shipin_02__part01,詩品·卷上,鍾嶸,62,931,942,然名章迥句，處處間起；,然 名章 迥句 处处 间 起,然 名章 迥句 处处 间 起,6,6,0
liuxie_shipin__shipin_02,liuxie_shipin__shipin_02__part01,詩品·卷上,鍾嶸,63,942,952,麗典新聲，絡繹奔會。,丽典 新声 络绎 奔会,丽典 新声 络绎 奔会,4,4,0
liuxie_shipin__shipin_02,liuxie_shipin__shipin_02__part01,詩品·卷上,鍾嶸,64,952,976,譬猶青松之拔灌木，白玉之映塵沙，未足貶其高潔也。,譬犹 青松 之拔 灌木 白玉 之映 尘沙 未足 贬 其 高洁 也,譬犹 青松 之拔 灌木 白玉 之映 尘沙 未足 贬 其 高洁 也,12,12,0
liuxie_shipin__shipin_02,liuxie_shipin__shipin_02__part01,詩品·卷上,鍾嶸,65,976,1005,初，錢塘杜明師夜夢東南有人來入其館，是夕，即靈運生於會稽。,初 钱塘 杜明 师夜 梦 东南 有人 来入 其馆 是 夕 即灵运 生于 会稽,初 钱塘 杜 明师 夜梦 东南 有人 来入 其馆 是 夕 即 灵运 生于 会稽,14,15,1
liuxie_shipin__shipin_02,liuxie_shipin__shipin_02__part01,詩品·卷上,鍾嶸,66,1005,1013,旬日，而謝玄亡。,旬日 而 谢玄亡,旬日 而 谢玄亡,3,3,0
liuxie_shipin__shipin_02,liuxie_shipin__shipin_02__part01,詩品·卷上,鍾嶸,67,1013,1030,其家以子孫難得，送靈運於杜治養之。,其家 以 子孙 难得 送灵 运于 杜治养 之,其家 以 子孙 难得 送 灵运 于 杜 治养 之,8,10,1
liuxie_shipin__shipin_02,liuxie_shipin__shipin_02__part01,詩品·卷上,鍾嶸,68,1030,1043,十五方還都，故名“客兒”。,十五 方 还 都 故 名 客儿,十五 方 还都 故 名 客儿,7,6,1
liuxie_shipin__shipin_03,liuxie_shipin__shipin_03__part01,詩品·卷中,鍾嶸,0,0,12,夫妻事既可傷，文亦淒怨。,夫妻 事 既 可伤 文亦 凄怨,夫妻 事 既 可伤 文亦 凄怨,6,6,0
liuxie_shipin__shipin_03,liuxie_shipin__shipin_03__part01,詩品·卷中,鍾嶸,1,12,28,為五言者，不過數家，而婦人居二。,为 五言 者 不过 数家 而 妇人 居二,为 五言 者 不过 数家 而 妇人 居二,8,8,0
liuxie_shipin__shipin_03,liuxie_shipin__shipin_03__part01,詩品·卷中,鍾嶸,2,28,43,徐淑敘別之作，亞於《團扇》矣。,徐淑 叙别 之作 亚于 团扇 矣,徐淑 叙别 之作 亚于 团扇 矣,6,6,0
liuxie_shipin__shipin_03,liuxie_shipin__shipin_03__part01,詩品·卷中,鍾嶸,3,45,59,其源出於李陵，頗有仲宣之體。,其源 出于 李陵 颇 有仲 宣之体,其源 出于 李陵 颇 有仲 宣之体,6,6,0
liuxie_shipin__shipin_03,liuxie_shipin__shipin_03__part01,詩品·卷中,鍾嶸,4,59,74,則所計百許篇，率皆鄙質如偶語。,则 所 计百许 篇 率 皆 鄙质 如 偶语,则 所 计百许 篇 率 皆 鄙质 如 偶语,9,9,0
liuxie_shipin__shipin_03,liuxie_shipin__shipin_03__part01,詩品·卷中,鍾嶸,5,74,75,惟,惟,惟,1,1,0
liuxie_shipin__shipin_03,liuxie_shipin__shipin_03__part01,詩品·卷中,鍾嶸,6,82,98,十餘首，殊美贍可玩，始見其工矣。,十余首 殊美 赡 可 玩 始见 其工 矣,十余首 殊 美赡 可玩 始见 其工 矣,8,7,1
liuxie_shipin__shipin_03,liuxie_shipin__shipin_03__part01,詩品·卷中,鍾嶸,7,98,115,不然，何以銓衡群彥，對揚厥弟者邪？,不然 何以 铨衡 群彦 对扬厥 弟者 邪,不然 何以 铨衡 群彦 对扬 厥 弟者 邪,7,8,1
liuxie_shipin__shipin_03,liuxie_shipin__shipin_03__part01,詩品·卷中,鍾嶸,8,117,122,頗似魏文。,颇似 魏文,颇似 魏文,2,2,0
liuxie_shipin__shipin_03,liuxie_shipin__shipin_03__part01,詩品·卷中,鍾嶸,9,122,138,過為峻切，訐直露才，傷淵雅之致。,过 为峻切 讦 直露 才 伤渊雅 之致,过为 峻切 讦直 露才 伤 渊雅 之 致,7,8,1
liuxie_shipin__shipin_03,liuxie_shipin__shipin_03__part01,詩品·卷中,鍾嶸,10,138,156,然讬喻清遠，良有鑒裁，亦未失高流矣。,然 讬 喻 清远 良有 鉴裁 亦 未 失高流 矣,然 讬 喻 清远 良有 鉴裁 亦 未 失高流 矣,10,10,0
liuxie_shipin__shipin_03,liuxie_shipin__shipin_03__part01,詩品·卷中,鍾嶸,11,158,165,其源出於王粲。,其源 出于 王 粲,其源 出于 王 粲,4,4,0
liuxie_shipin__shipin_03,liuxie_shipin__shipin_03__part01,詩品·卷中,鍾嶸,12,165,185,其體華豔，興讬不奇，巧用文字，務為妍冶。,其体 华艳 兴 讬 不奇 巧用 文字 务为妍冶,其体 华艳 兴 讬 不奇 巧用 文字 务为妍冶,8,8,0
liuxie_shipin__shipin_03,liuxie_shipin__shipin_03__part01,詩品·卷中,鍾嶸,13,185,210,雖名高曩代，而疏亮之士，猶恨其兒女情多，風雲氣少。,虽名 高 曩 代 而 疏亮 之士 犹恨 其 儿女情 多 风云 气 少,虽名 高 曩 代 而 疏亮 之士 犹恨 其 儿女情 多 风云 气 少,14,14,0
liuxie_shipin__shipin_03,liuxie_shipin__shipin_03__part01,詩品·卷中,鍾嶸,14,210,228,謝康樂云：“張公雖複千篇，猶一體耳。,谢康乐 云 张公 虽复 千篇 犹 一体 耳,谢康乐 云 张公 虽复 千篇 犹 一体 耳,8,8,0
liuxie_shipin__shipin_03,liuxie_shipin__shipin_03__part01,詩品·卷中,鍾嶸,15,228,252,”今置之中品疑弱，處之下科恨少，在季、孟之間矣。,今置 之中 品疑弱 处 之下 科 恨少 在 季 孟 之间 矣,今置 之中 品疑弱 处 之下 科 恨少 在 季 孟 之间 矣,12,12,0
liuxie_shipin__shipin_03,liuxie_shipin__shipin_03__part01,詩品·卷中,鍾嶸,16,254,266,平叔鴻鵠之篇，風規見矣。,平叔 鸿鹄 之篇 风规见 矣,平叔 鸿鹄 之篇 风规 见 矣,5,6,1
liuxie_shipin__shipin_03,liuxie_shipin__shipin_03__part01,詩品·卷中,鍾嶸,17,266,290,子荊零雨之外，正長朔風之後，雖有累劄，良亦無聞。,子 荆零雨 之外 正长 朔风 之后 虽有 累 劄 良亦 无闻,子 荆零雨 之外 正长 朔风 之后 虽有 累 劄 良亦 无闻,11,11,0
liuxie_shipin__shipin_03,liuxie_shipin__shipin_03__part01,詩品·卷中,鍾嶸,18,290,326,季鷹黃華之唱，正叔綠之章，雖不具美，而文彩高麗，並得虯龍片甲，鳳凰一毛。,季鹰 黄华之唱 正叔 绿之章 虽 不具 美 而 文彩 高丽 并 得 虬龙 片甲 凤凰 一毛,季鹰 黄华 之唱 正叔 绿之章 虽 不具 美 而 文彩 高丽 并 得 虬龙 片甲 凤凰 一毛,16,17,1
liuxie_shipin__shipin_03,liuxie_shipin__shipin_03__part01,詩品·卷中,鍾嶸,19,326,336,事同駁聖，宜居中品。,事同驳 圣 宜居 中品,事同驳 圣 宜居 中品,4,4,0
liuxie_shipin__shipin_03,liuxie_shipin__shipin_03__part01,詩品·卷中,鍾嶸,20,338,343,祖襲魏文。,祖袭 魏文,祖袭 魏文,2,2,0
liuxie_shipin__shipin_03,liuxie_shipin__shipin_03__part01,詩品·卷中,鍾嶸,21,343,366,善為古語，指事殷勤，雅意深篤，得詩人譏刺之旨。,善为 古语 指事 殷勤 雅意 深笃 得 诗人 讥刺 之旨,善为 古语 指事 殷勤 雅意 深笃 得 诗人 讥刺 之旨,10,10,0
liuxie_shipin__shipin_03,liuxie_shipin__shipin_03__part01,詩品·卷中,鍾嶸,22,366,368,至於,至于,至于,1,1,0
liuxie_shipin__shipin_03,liuxie_shipin__shipin_03__part01,詩品·卷中,鍾嶸,23,375,383,，華靡可諷味焉。,华靡 可 讽味 焉,华靡 可 讽味 焉,4,4,0
liuxie_shipin__shipin_03,liuxie_shipin__shipin_03__part01,詩品·卷中,鍾嶸,24,385,401,清河之方平原，殆如陳思之匹白馬。,清河 之方 平原 殆如 陈思之匹 白马,清河 之方 平原 殆如 陈思 之匹 白马,6,7,1
liuxie_shipin__shipin_03,liuxie_shipin__shipin_03__part01,詩品·卷中,鍾嶸,25,401,411,於其哲昆，故稱二陸。,于 其 哲昆 故称 二陆,于 其 哲昆 故称 二陆,5,5,0
liuxie_shipin__shipin_03,liuxie_shipin__shipin_03__part01,詩品·卷中,鍾嶸,26,411,422,季倫、顏遠，並有英篇。,季伦 颜远 并 有 英篇,季伦 颜远 并 有 英篇,5,5,0
liuxie_shipin__shipin_03,liuxie_shipin__shipin_03__part01,詩品·卷中,鍾嶸,27,422,432,篤而論之，朗陵為最。,笃而论之 朗陵 为 最,笃而论之 朗陵 为 最,4,4,0
liuxie_shipin__shipin_03,liuxie_shipin__shipin_03__part01,詩品·卷中,鍾嶸,28,434,441,其源出於王粲。,其源 出于 王 粲,其源 出于 王 粲,4,4,0
liuxie_shipin__shipin_03,liuxie_shipin__shipin_03__part01,詩品·卷中,鍾嶸,29,441,455,善為淒戾之詞，自有清拔之氣。,善为 凄戾 之词 自有 清拔 之 气,善为 凄戾 之词 自有 清拔 之 气,7,7,0
liuxie_shipin__shipin_03,liuxie_shipin__shipin_03__part01,詩品·卷中,鍾嶸,30,455,478,琨既體良才，又罹厄運，故善敘喪亂，多感恨之詞。,琨 既体 良才 又 罹厄 运 故善 叙 丧乱 多感 恨 之 词,琨 既体 良才 又 罹厄 运 故善 叙 丧乱 多感 恨 之 词,13,13,0
liuxie_shipin__shipin_03,liuxie_shipin__shipin_03__part01,詩品·卷中,鍾嶸,31,478,489,中郎仰之，微不逮者矣。,中郎仰 之 微 不 逮者 矣,中郎仰 之 微 不 逮者 矣,6,6,0
liuxie_shipin__shipin_03,liuxie_shipin__shipin_03__part01,詩品·卷中,鍾嶸,32,491,506,憲章潘嶽，文體相輝，彪炳可玩。,宪章 潘岳 文体 相辉 彪炳 可玩,宪章 潘岳 文体 相辉 彪炳 可玩,6,6,0
liuxie_shipin__shipin_03,liuxie_shipin__shipin_03__part01,詩品·卷中,鍾嶸,33,506,522,始變永嘉平淡之體，故稱中興第一。,始变 永嘉 平淡 之体 故称 中兴 第一,始变 永嘉 平淡 之体 故称 中兴 第一,7,7,0
liuxie_shipin__shipin_03,liuxie_shipin__shipin_03__part01,詩品·卷中,鍾嶸,34,522,531,《翰林》以為詩首。,翰林 以为 诗首,翰林 以为 诗首,3,3,0
liuxie_shipin__shipin_03,liuxie_shipin__shipin_03__part01,詩品·卷中,鍾嶸,35,531,549,但《遊仙》之作，詞多慷慨，乖遠玄宗。,但 游仙 之作 词多 慷慨 乖远 玄宗,但 游仙 之作 词多 慷慨 乖远 玄宗,7,7,0
liuxie_shipin__shipin_03,liuxie_shipin__shipin_03__part01,詩品·卷中,鍾嶸,36,549,552,而云：,而云,而云,1,1,0
liuxie_shipin__shipin_03,liuxie_shipin__shipin_03__part01,詩品·卷中,鍾嶸,37,560,563,又云：,又 云,又 云,2,2,0
liuxie_shipin__shipin_03,liuxie_shipin__shipin_03__part01,詩品·卷中,鍾嶸,38,571,585,乃是坎壈詠懷，非列仙之趣也。,乃是 坎 𡒄 咏怀 非列 仙之趣 也,乃是 坎 𡒄 咏怀 非列 仙之趣 也,7,7,0
liuxie_shipin__shipin_03,liuxie_shipin__shipin_03__part01,詩品·卷中,鍾嶸,39,587,612,彥伯《詠史》，雖文體未遒，而鮮明緊健，去凡俗遠矣。,彦 伯 咏史 虽 文体 未 遒 而 鲜明 紧健 去 凡俗 远 矣,彦 伯 咏史 虽 文体 未 遒 而 鲜明 紧健 去 凡俗 远 矣,14,14,0
liuxie_shipin__shipin_03,liuxie_shipin__shipin_03__part01,詩品·卷中,鍾嶸,40,614,626,泰機寒女之制，孤怨宜恨。,泰机 寒女 之制 孤怨 宜恨,泰机 寒女 之制 孤怨 宜恨,5,5,0
liuxie_shipin__shipin_03,liuxie_shipin__shipin_03__part01,詩品·卷中,鍾嶸,41,626,638,長康能以二韻答四首之美。,长康能 以二韵答 四首 之美,长康 能以 二韵答 四首 之美,4,5,1
liuxie_shipin__shipin_03,liuxie_shipin__shipin_03__part01,詩品·卷中,鍾嶸,42,638,648,世基橫海，顧邁鴻飛。,世基 横海 顾迈鸿飞,世基 横海 顾迈 鸿飞,3,4,1
liuxie_shipin__shipin_03,liuxie_shipin__shipin_03__part01,詩品·卷中,鍾嶸,43,648,661,戴凱人實貧羸，而才章富健。,戴凯 人 实贫 羸 而 才 章富健,戴凯 人实 贫羸 而 才 章富健,7,6,1
liuxie_shipin__shipin_03,liuxie_shipin__shipin_03__part01,詩品·卷中,鍾嶸,44,661,692,觀此五子，文雖不多，氣調警拔，吾許其進，則鮑照、江淹未足逮止。,观此 五子 文 虽 不 多 气 调警拔 吾 许其进 则 鲍照 江淹 未足 逮止,观此 五子 文 虽 不 多 气 调警拔 吾许 其进 则 鲍照 江淹 未足 逮止,15,15,1
liuxie_shipin__shipin_03,liuxie_shipin__shipin_03__part01,詩品·卷中,鍾嶸,45,692,702,越居中品，僉曰宜哉。,越 居中 品 佥 曰 宜哉,越 居中 品 佥 曰 宜哉,6,6,0
liuxie_shipin__shipin_03,liuxie_shipin__shipin_03__part01,詩品·卷中,鍾嶸,46,704,718,其源出於應璩，又協左思風力。,其源 出于 应璩 又协 左思 风力,其源 出于 应璩 又协 左思 风力,6,6,0
liuxie_shipin__shipin_03,liuxie_shipin__shipin_03__part01,詩品·卷中,鍾嶸,47,718,728,文體省淨，殆無長語。,文体 省净 殆无长语,文体 省净 殆无 长语,3,4,1
liuxie_shipin__shipin_03,liuxie_shipin__shipin_03__part01,詩品·卷中,鍾嶸,48,728,738,篤意真古，辭興婉愜。,笃意 真古 辞兴婉 惬,笃意 真古 辞兴 婉惬,4,4,1
liuxie_shipin__shipin_03,liuxie_shipin__shipin_03__part01,詩品·卷中,鍾嶸,49,738,748,每觀其文，想其人德。,每观 其文 想 其人德,每观 其文 想 其人德,4,4,0
liuxie_shipin__shipin_03,liuxie_shipin__shipin_03__part01,詩品·卷中,鍾嶸,50,748,754,世歎其質直。,世叹 其 质直,世叹 其 质直,3,3,0
liuxie_shipin__shipin_03,liuxie_shipin__shipin_03__part01,詩品·卷中,鍾嶸,51,754,756,至如,至 如,至 如,2,2,0
liuxie_shipin__shipin_03,liuxie_shipin__shipin_03__part01,詩品·卷中,鍾嶸,52,763,764,、,,,0,0,0
liuxie_shipin__shipin_03,liuxie_shipin__shipin_03__part01,詩品·卷中,鍾嶸,53,771,785,，風華清靡，豈直為田家語邪？,风华 清靡 岂直 为 田家 语邪,风华 清靡 岂直 为 田家 语邪,6,6,0
liuxie_shipin__shipin_03,liuxie_shipin__shipin_03__part01,詩品·卷中,鍾嶸,54,785,795,古今隱逸詩人之宗也。,古今 隐逸 诗人 之宗 也,古今 隐逸 诗人 之宗 也,5,5,0
liuxie_shipin__shipin_03,liuxie_shipin__shipin_03__part01,詩品·卷中,鍾嶸,55,797,804,其源出於陸機。,其源 出于 陆机,其源 出于 陆机,3,3,0
liuxie_shipin__shipin_03,liuxie_shipin__shipin_03__part01,詩品·卷中,鍾嶸,56,804,808,尚巧似。,尚巧似,尚巧似,1,1,0
liuxie_shipin__shipin_03,liuxie_shipin__shipin_03__part01,詩品·卷中,鍾嶸,57,808,833,體裁綺密，情喻淵深，動無虛散，一句一字，皆致意焉。,体裁 绮密 情喻 渊深 动无虚散 一句 一字 皆 致意 焉,体裁 绮密 情喻 渊深 动无虚散 一句 一字 皆 致意 焉,10,10,0
liuxie_shipin__shipin_03,liuxie_shipin__shipin_03__part01,詩品·卷中,鍾嶸,58,833,856,又喜用古事，彌見拘束，雖乖秀逸，是經綸文雅才。,又 喜用 古事 弥见 拘束 虽乖 秀逸 是 经纶 文雅 才,又 喜用 古事 弥见 拘束 虽乖 秀逸 是 经纶 文雅 才,11,11,0
liuxie_shipin__shipin_03,liuxie_shipin__shipin_03__part01,詩品·卷中,鍾嶸,59,856,869,雅才減若人，則蹈於困躓矣。,雅才 减若人 则 蹈 于 困 踬 矣,雅才 减若人 则 蹈 于 困踬 矣,8,7,1
liuxie_shipin__shipin_03,liuxie_shipin__shipin_03__part01,詩品·卷中,鍾嶸,60,869,890,湯惠休曰：“謝詩如芙蓉出水，顏如錯彩鏤金。,汤惠休 曰 谢诗 如 芙蓉出水 颜如 错彩镂金,汤惠休 曰 谢诗 如 芙蓉出水 颜如 错彩镂金,7,7,0
liuxie_shipin__shipin_03,liuxie_shipin__shipin_03__part01,詩品·卷中,鍾嶸,61,890,897,”顏終身病之。,颜 终身 病 之,颜 终身 病 之,4,4,0
liuxie_shipin__shipin_03,liuxie_shipin__shipin_03__part01,詩品·卷中,鍾嶸,62,899,906,其源出於張華。,其源 出于 张华,其源 出于 张华,3,3,0
liuxie_shipin__shipin_03,liuxie_shipin__shipin_03__part01,詩品·卷中,鍾嶸,63,906,924,才力苦弱，故務其清淺，殊得風流媚趣。,才力 苦弱 故务其 清浅 殊得 风流 媚趣,才力 苦弱 故务其 清浅 殊得 风流 媚趣,7,7,0
liuxie_shipin__shipin_03,liuxie_shipin__shipin_03__part01,詩品·卷中,鍾嶸,64,924,941,課其實錄，則豫章僕射，宜分庭抗禮。,课其 实录 则 豫章 仆射 宜 分庭抗礼,课其 实录 则 豫章 仆射 宜 分庭抗礼,7,7,0
liuxie_shipin__shipin_03,liuxie_shipin__shipin_03__part01,詩品·卷中,鍾嶸,65,941,953,徵君、太尉，可讬乘後車。,征君 太尉 可 讬 乘 后车,征君 太尉 可 讬 乘 后车,6,6,0
liuxie_shipin__shipin_03,liuxie_shipin__shipin_03__part01,詩品·卷中,鍾嶸,66,953,965,征虜卓卓，殆欲度驊騮前。,征虏 卓卓 殆欲度 骅骝 前,征虏 卓卓 殆欲度 骅骝 前,5,5,0
liuxie_shipin__shipin_03,liuxie_shipin__shipin_03__part01,詩品·卷中,鍾嶸,67,967,987,小謝才思富捷，恨其蘭玉夙凋，故長轡未騁。,小谢 才思 富捷 恨 其兰玉 夙 凋 故长 辔 未骋,小谢 才思 富捷 恨 其 兰玉 夙 凋 故 长辔 未骋,10,11,1
liuxie_shipin__shipin_03,liuxie_shipin__shipin_03__part01,詩品·卷中,鍾嶸,68,987,1012,《秋懷》、《擣衣》之作，雖複靈運銳思，亦何以加焉。,秋怀 捣衣 之作 虽复 灵运锐思 亦 何以 加焉,秋怀 捣衣 之作 虽复 灵运 锐思 亦 何以 加焉,8,9,1
liuxie_shipin__shipin_03,liuxie_shipin__shipin_03__part01,詩品·卷中,鍾嶸,69,1012,1025,又工為綺麗歌謠，風人第一。,又 工为 绮丽 歌谣 风人 第一,又 工为 绮丽 歌谣 风人 第一,6,6,0
liuxie_shipin__shipin_03,liuxie_shipin__shipin_03__part01,詩品·卷中,鍾嶸,70,1025,1046,《謝氏家錄》云：“康樂每對惠連，輒得佳語。,谢氏家录 云 康乐 每 对惠连 辄 得佳语,谢氏家录 云 康乐 每 对 惠连 辄 得 佳语,7,9,1
liuxie_shipin__shipin_03,liuxie_shipin__shipin_03__part01,詩品·卷中,鍾嶸,71,1046,1060,後在永嘉西堂，霞詩竟日不就。,后 在 永嘉 西堂 霞 诗 竟 日 不 就,后 在 永嘉 西堂 霞 诗 竟 日 不 就,10,10,0
liuxie_shipin__shipin_03,liuxie_shipin__shipin_03__part01,詩品·卷中,鍾嶸,72,1060,1070,寤寐間忽見惠連，即成,寤寐 间 忽 见惠连 即 成,寤寐 间 忽见 惠连 即 成,6,6,1
liuxie_shipin__shipin_03,liuxie_shipin__shipin_03__part01,詩品·卷中,鍾嶸,73,1077,1078,。,,,0,0,0
liuxie_shipin__shipin_03,liuxie_shipin__shipin_03__part01,詩品·卷中,鍾嶸,74,1078,1094,故嘗雲：‘此語有神助，非吾語也。,故尝云 此语 有 神助 非吾语 也,故尝云 此语 有 神助 非吾语 也,6,6,0
liuxie_shipin__shipin_03,liuxie_shipin__shipin_03__part01,詩品·卷中,鍾嶸,75,1094,1096,’”,,,0,0,0
liuxie_shipin__shipin_03,liuxie_shipin__shipin_03__part01,詩品·卷中,鍾嶸,76,1098,1128,其源出於二張，善制形狀寫物之詞，得景陽之諔詭，含茂先之靡嫚。,其源 出于 二张 善制 形状 写物 之词 得 景阳 之 諔 诡 含茂先 之靡 嫚,其源 出于 二张 善制 形状 写物 之词 得 景阳 之 諔诡 含茂先 之靡 嫚,15,14,1
liuxie_shipin__shipin_03,liuxie_shipin__shipin_03__part01,詩品·卷中,鍾嶸,77,1128,1142,骨節強於謝混，驅邁疾於顏延。,骨节 强于 谢混 驱迈 疾于 颜延,骨节 强于 谢混 驱迈 疾于 颜延,6,6,0
liuxie_shipin__shipin_03,liuxie_shipin__shipin_03__part01,詩品·卷中,鍾嶸,78,1142,1156,總四家而擅美，跨兩代而孤出。,总 四家 而 擅美 跨 两代 而 孤出,总 四家 而 擅美 跨 两代 而 孤出,8,8,0
liuxie_shipin__shipin_03,liuxie_shipin__shipin_03__part01,詩品·卷中,鍾嶸,79,1156,1169,嗟其才秀人微，故取湮當代。,嗟 其 才秀人微 故取 湮 当代,嗟 其 才秀人微 故取 湮 当代,6,6,0
liuxie_shipin__shipin_03,liuxie_shipin__shipin_03__part01,詩品·卷中,鍾嶸,80,1169,1187,然貴尚巧似，不避危仄，頗傷清雅之調。,然贵 尚巧似 不避 危仄 颇 伤 清雅 之调,然 贵尚 巧似 不避 危仄 颇 伤 清雅 之调,8,9,1
liuxie_shipin__shipin_03,liuxie_shipin__shipin_03__part01,詩品·卷中,鍾嶸,81,1187,1198,故言險俗者，多以附照。,故言险 俗者 多以 附照,故言 险俗 者 多以 附照,4,5,1
liuxie_shipin__shipin_03,liuxie_shipin__shipin_03__part01,詩品·卷中,鍾嶸,82,1200,1217,其源出於謝混，微傷細密，頗在不倫。,其源 出于 谢混 微伤 细密 颇 在 不伦,其源 出于 谢混 微伤 细密 颇 在 不伦,8,8,0
liuxie_shipin__shipin_03,liuxie_shipin__shipin_03__part01,詩品·卷中,鍾嶸,83,1217,1250,一章之中，自有玉石，然奇章秀句，往往警遒，足使叔源失步，明遠變色。,一章 之中 自有 玉石 然奇 章秀句 往往 警遒 足使 叔源 失步 明远 变色,一章 之中 自有 玉石 然奇 章秀句 往往 警遒 足使 叔源 失步 明远 变色,13,13,0
liuxie_shipin__shipin_03,liuxie_shipin__shipin_03__part01,詩品·卷中,鍾嶸,84,1250,1281,善自發詩端，而末篇多躓，此意銳而才弱也，至為後進士子之所嗟慕。,善 自发 诗端 而 末 篇 多 踬 此意锐 而 才 弱 也 至 为 后 进士 子 之 所 嗟 慕,善 自发 诗端 而 末 篇 多 踬 此意锐 而 才 弱 也 至为 后 进士 子 之 所 嗟 慕,22,21,1
liuxie_shipin__shipin_03,liuxie_shipin__shipin_03__part01,詩品·卷中,鍾嶸,85,1281,1296,朓極與餘論詩，感激頓挫過其文。,朓 极 与 余 论诗 感激 顿挫 过其文,朓 极 与 余 论诗 感激 顿挫 过其文,8,8,0
liuxie_shipin__shipin_03,liuxie_shipin__shipin_03__part01,詩品·卷中,鍾嶸,86,1298,1322,文通詩體總雜，善於摹擬，筋力於王微，成就於謝朓。,文通 诗体 总杂 善于 摹拟 筋力 于 王微 成就 于谢 朓,文通 诗体 总杂 善于 摹拟 筋力 于 王微 成就 于谢 朓,11,11,0
liuxie_shipin__shipin_03,liuxie_shipin__shipin_03__part01,詩品·卷中,鍾嶸,87,1322,1366,初，淹罷宣城郡，遂宿冶亭，夢一美丈夫，自稱郭璞，謂淹曰：“我有筆在卿處多年矣，可以見還。,初 淹罢 宣城 郡 遂 宿冶亭 梦一美 丈夫 自称 郭璞 谓 淹 曰 我 有 笔 在 卿 处 多年 矣 可以 见 还,初 淹罢 宣城 郡 遂 宿冶亭 梦一美 丈夫 自称 郭璞 谓 淹 曰 我 有 笔 在 卿 处 多年 矣 可以 见 还,24,24,0
liuxie_shipin__shipin_03,liuxie_shipin__shipin_03__part01,詩品·卷中,鍾嶸,88,1366,1380,”淹探懷中，得五色筆以授之。,淹探 怀中 得 五色 笔以 授 之,淹探 怀中 得 五色笔 以授 之,7,6,1
liuxie_shipin__shipin_03,liuxie_shipin__shipin_03__part01,詩品·卷中,鍾嶸,89,1380,1398,爾後為詩，不復成語，故世傳江淹才盡。,尔后 为 诗 不 复 成语 故世 传 江淹才尽,尔后 为 诗 不 复 成语 故 世传 江淹才尽,9,9,1
liuxie_shipin__shipin_03,liuxie_shipin__shipin_03__part01,詩品·卷中,鍾嶸,90,1400,1413,范詩清便宛轉，如流風回雪。,范诗 清 便 宛转 如 流风回雪,范诗 清 便 宛转 如 流风回雪,6,6,0
liuxie_shipin__shipin_03,liuxie_shipin__shipin_03__part01,詩品·卷中,鍾嶸,91,1413,1426,邱詩點綴映媚，似落花依草。,邱诗 点缀 映媚 似 落花 依草,邱诗 点缀 映媚 似 落花 依草,6,6,0
liuxie_shipin__shipin_03,liuxie_shipin__shipin_03__part01,詩品·卷中,鍾嶸,92,1426,1439,故當淺於江淹，而秀於任昉。,故当 浅于 江淹 而秀于 任 昉,故当 浅于 江淹 而秀于 任 昉,6,6,0
liuxie_shipin__shipin_03,liuxie_shipin__shipin_03__part01,詩品·卷中,鍾嶸,93,1441,1463,彥昇少年為詩不工，故世稱沈詩任筆，昉深恨之。,彦 升 少年 为 诗 不工 故世 称 沈诗任笔 昉 深恨 之,彦 升 少年 为 诗 不工 故世 称 沈诗任笔 昉 深恨 之,12,12,0
liuxie_shipin__shipin_03,liuxie_shipin__shipin_03__part01,詩品·卷中,鍾嶸,94,1463,1475,晚節愛好既篤，文亦遒變。,晚节 爱好 既 笃 文亦 遒变,晚节 爱好 既 笃 文亦 遒变,6,6,0
liuxie_shipin__shipin_03,liuxie_shipin__shipin_03__part01,詩品·卷中,鍾嶸,95,1475,1497,善銓事理，拓體淵雅，得國士之風，故擢居中品。,善铨 事理 拓体 渊雅 得 国士之 风 故擢 居中 品,善 铨事 理 拓体 渊雅 得 国士之 风 故擢 居中 品,10,11,1
liuxie_shipin__shipin_03,liuxie_shipin__shipin_03__part01,詩品·卷中,鍾嶸,96,1497,1515,但昉既博物，動輒用事，所以詩不得奇。,但 昉 既 博物 动辄 用事 所以 诗 不得 奇,但 昉 既 博物 动辄 用事 所以 诗 不得 奇,10,10,0
liuxie_shipin__shipin_03,liuxie_shipin__shipin_03__part01,詩品·卷中,鍾嶸,97,1515,1528,少年士子，效其如此，弊矣。,少年 士子 效其 如此 弊 矣,少年 士子 效其 如此 弊 矣,6,6,0
liuxie_shipin__shipin_03,liuxie_shipin__shipin_03__part01,詩品·卷中,鍾嶸,98,1530,1541,觀休文眾制，五言最優。,观休 文众制 五言 最优,观休文 众制 五言 最优,4,4,1
liuxie_shipin__shipin_03,liuxie_shipin__shipin_03__part01,詩品·卷中,鍾嶸,99,1541,1560,詳其文體，察其餘論，固知憲章鮑明遠也。,详其 文体 察 其余 论 固知 宪章 鲍 明远 也,详其 文体 察 其余 论 固知 宪章 鲍 明远 也,10,10,0
liuxie_shipin__shipin_03,liuxie_shipin__shipin_03__part01,詩品·卷中,鍾嶸,100,1560,1574,所以不閑於經綸，而長於清怨。,所以 不闲于 经纶 而 长于 清怨,所以 不闲 于 经纶 而 长于 清怨,6,7,1
liuxie_shipin__shipin_03,liuxie_shipin__shipin_03__part01,詩品·卷中,鍾嶸,101,1574,1590,永明相王愛文，王元長等皆宗附之。,永明 相王 爱文 王元长 等 皆 宗附 之,永明 相王 爱文 王 元长 等 皆 宗附 之,8,9,1
liuxie_shipin__shipin_03,liuxie_shipin__shipin_03__part01,詩品·卷中,鍾嶸,102,1590,1616,約於時謝朓未遒，江淹才盡，范雲名級故微，故約稱獨步。,约于 时谢 朓 未 遒 江淹才尽 范云 名级 故微 故约 称 独步,约 于时 谢 朓 未 遒 江淹才尽 范云 名级 故微 故约 称 独步,12,13,1
liuxie_shipin__shipin_03,liuxie_shipin__shipin_03__part01,詩品·卷中,鍾嶸,103,1616,1631,雖文不至其工麗，亦一時之選也。,虽文 不 至 其 工丽 亦 一时之选 也,虽文 不 至 其 工丽 亦 一时之选 也,8,8,0
liuxie_shipin__shipin_03,liuxie_shipin__shipin_03__part01,詩品·卷中,鍾嶸,104,1631,1641,見重閭裡，誦詠成音。,见重 闾里 诵咏 成音,见重 闾里 诵咏 成音,4,4,0
liuxie_shipin__shipin_03,liuxie_shipin__shipin_03__part01,詩品·卷中,鍾嶸,105,1641,1668,嶸謂約所著既多，今翦除淫雜，收其精要，允為中品之第矣。,嵘 谓 约 所 著 既 多 今翦 除 淫杂 收其 精要 允为 中品 之 第 矣,嵘 谓 约 所 著 既 多 今翦 除 淫杂 收其 精要 允为 中品 之 第 矣,17,17,0
liuxie_shipin__shipin_03,liuxie_shipin__shipin_03__part01,詩品·卷中,鍾嶸,106,1668,1681,故當詞密於范，意淺於江也。,故当 词密 于范 意浅于 江 也,故当 词密 于范 意浅于 江 也,6,6,0
liuxie_shipin__shipin_04,liuxie_shipin__shipin_04__part01,詩品·卷下,鍾嶸,0,0,11,孟堅才流，而老於掌故。,孟坚 才 流 而 老于 掌故,孟坚 才 流 而 老于 掌故,6,6,0
liuxie_shipin__shipin_04,liuxie_shipin__shipin_04__part01,詩品·卷下,鍾嶸,1,11,24,觀其《詠史》，有感歎之詞。,观其 咏史 有 感叹 之词,观其 咏史 有 感叹 之词,5,5,0
liuxie_shipin__shipin_04,liuxie_shipin__shipin_04__part01,詩品·卷下,鍾嶸,2,24,36,文勝讬詠靈芝，懷寄不淺。,文胜 讬 咏 灵芝 怀寄不浅,文胜 讬 咏 灵芝 怀寄 不浅,5,6,1
liuxie_shipin__shipin_04,liuxie_shipin__shipin_04__part01,詩品·卷下,鍾嶸,3,36,48,元叔散憤蘭蕙，指斥囊錢。,元叔散 愤兰蕙 指斥 囊 钱,元叔 散愤 兰蕙 指斥 囊 钱,5,6,1
liuxie_shipin__shipin_04,liuxie_shipin__shipin_04__part01,詩品·卷下,鍾嶸,4,48,58,苦言切句，良亦勤矣。,苦言切 句 良亦勤 矣,苦言切 句 良亦勤 矣,4,4,0
liuxie_shipin__shipin_04,liuxie_shipin__shipin_04__part01,詩品·卷下,鍾嶸,5,58,70,斯人也，而有斯困，悲夫！,斯人也 而 有斯困 悲夫,斯人也 而 有斯困 悲夫,4,4,0
liuxie_shipin__shipin_04,liuxie_shipin__shipin_04__part01,詩品·卷下,鍾嶸,6,72,84,曹公古直，甚有悲涼之句。,曹公古直 甚有 悲凉 之句,曹公古直 甚有 悲凉 之句,4,4,0
liuxie_shipin__shipin_04,liuxie_shipin__shipin_04__part01,詩品·卷下,鍾嶸,7,84,94,叡不如丕，亦稱三祖。,叡 不如 丕 亦 称三祖,叡 不如 丕 亦 称三祖,5,5,0
liuxie_shipin__shipin_04,liuxie_shipin__shipin_04__part01,詩品·卷下,鍾嶸,8,96,127,白馬與陳思答贈，偉長與公幹往復，雖曰“以莛叩鐘”，亦能閒雅矣。,白马 与 陈思答 赠 伟长 与 公干 往复 虽 曰 以莛叩钟 亦 能 闲雅 矣,白马 与 陈思 答赠 伟长 与 公干 往复 虽 曰 以莛叩钟 亦 能 闲雅 矣,15,15,1
liuxie_shipin__shipin_04,liuxie_shipin__shipin_04__part01,詩品·卷下,鍾嶸,9,129,147,元瑜、堅石七君詩，並平典，不失古體。,元瑜 坚石七君 诗 并 平典 不失 古体,元瑜 坚石七君 诗 并 平典 不失 古体,7,7,0
liuxie_shipin__shipin_04,liuxie_shipin__shipin_04__part01,詩品·卷下,鍾嶸,10,147,158,大檢似，而二嵇微優矣。,大检似 而 二 嵇微 优矣,大检似 而 二 嵇微 优矣,5,5,0
liuxie_shipin__shipin_04,liuxie_shipin__shipin_04__part01,詩品·卷下,鍾嶸,11,160,176,孟陽詩，乃遠慚厥弟，而近超兩傅。,孟阳 诗 乃远 惭厥弟 而 近超 两傅,孟阳 诗 乃远 惭厥弟 而 近超 两傅,7,7,0
liuxie_shipin__shipin_04,liuxie_shipin__shipin_04__part01,詩品·卷下,鍾嶸,12,176,187,長、虞父子，繁富可嘉。,长 虞 父子 繁富 可嘉,长 虞 父子 繁富 可嘉,5,5,0
liuxie_shipin__shipin_04,liuxie_shipin__shipin_04__part01,詩品·卷下,鍾嶸,13,187,199,孝沖雖曰後進，見重安仁。,孝冲 虽 曰 后进 见重 安仁,孝冲 虽 曰 后进 见重 安仁,6,6,0
liuxie_shipin__shipin_04,liuxie_shipin__shipin_04__part01,詩品·卷下,鍾嶸,14,199,212,熙伯《挽歌》，唯以造哀爾。,熙伯 挽歌 唯以 造哀尔,熙伯 挽歌 唯以 造哀尔,4,4,0
liuxie_shipin__shipin_04,liuxie_shipin__shipin_04__part01,詩品·卷下,鍾嶸,15,214,224,永嘉以來，清虛在俗。,永嘉 以来 清虚 在 俗,永嘉 以来 清虚 在 俗,5,5,0
liuxie_shipin__shipin_04,liuxie_shipin__shipin_04__part01,詩品·卷下,鍾嶸,16,224,236,王武子輩詩，貴道家之言。,王武子 辈 诗 贵 道家 之 言,王武子 辈 诗 贵 道家 之 言,7,7,0
liuxie_shipin__shipin_04,liuxie_shipin__shipin_04__part01,詩品·卷下,鍾嶸,17,236,246,爰洎江表，玄風尚備。,爰 洎 江表 玄 风尚 备,爰 洎 江表 玄 风尚 备,6,6,0
liuxie_shipin__shipin_04,liuxie_shipin__shipin_04__part01,詩品·卷下,鍾嶸,18,246,261,真長、仲祖、桓、庾諸公猶相襲。,真长 仲祖 桓 庾 诸公 犹 相袭,真长 仲祖 桓 庾 诸公 犹 相袭,7,7,0
liuxie_shipin__shipin_04,liuxie_shipin__shipin_04__part01,詩品·卷下,鍾嶸,19,261,274,世稱孫、許，彌善恬淡之詞。,世称 孙 许 弥善 恬淡 之词,世称 孙 许 弥善 恬淡 之词,6,6,0
liuxie_shipin__shipin_04,liuxie_shipin__shipin_04__part01,詩品·卷下,鍾嶸,20,276,301,安道詩雖嫩弱，有清上之句，裁長補短，袁彥伯之亞乎？,安道 诗 虽嫩 弱 有 清上 之句 裁长补短 袁彦伯之亚乎,安道 诗 虽嫩 弱 有 清上 之句 裁长补短 袁彦伯之亚乎,9,9,0
liuxie_shipin__shipin_04,liuxie_shipin__shipin_04__part01,詩品·卷下,鍾嶸,21,301,312,逵子顒，亦有一時之譽。,逵 子 颙 亦 有 一时 之誉,逵 子 颙 亦 有 一时 之誉,7,7,0
liuxie_shipin__shipin_04,liuxie_shipin__shipin_04__part01,詩品·卷下,鍾嶸,22,312,323,晉、宋之際，殆無詩乎！,晋 宋 之际 殆无诗乎,晋 宋 之际 殆无诗乎,4,4,0
liuxie_shipin__shipin_04,liuxie_shipin__shipin_04__part01,詩品·卷下,鍾嶸,23,323,346,義熙中，以謝益壽、殷仲文為華綺之冠，殷不競矣。,义熙 中 以谢 益寿 殷仲文 为华 绮 之冠 殷不竞 矣,义熙 中 以谢 益寿 殷仲文为 华绮 之冠 殷 不竞 矣,10,10,1
liuxie_shipin__shipin_04,liuxie_shipin__shipin_04__part01,詩品·卷下,鍾嶸,24,348,359,季友文，余常忽而不察。,季友 文 余常 忽而 不 察,季友 文 余常 忽而 不 察,6,6,0
liuxie_shipin__shipin_04,liuxie_shipin__shipin_04__part01,詩品·卷下,鍾嶸,25,359,376,今沈特進撰詩，載其數首，亦複平美。,今 沈特进 撰 诗 载其 数首 亦 复平美,今 沈 特进 撰诗 载其 数首 亦复 平美,8,8,1
liuxie_shipin__shipin_04,liuxie_shipin__shipin_04__part01,詩品·卷下,鍾嶸,26,378,384,才難，信矣！,才 难 信 矣,才难 信 矣,4,3,1
liuxie_shipin__shipin_04,liuxie_shipin__shipin_04__part01,詩品·卷下,鍾嶸,27,384,404,以康樂與羊、何若此，而□令辭，殆不足奇。,以 康乐 与 羊 何若 此 而 □ 令辞 殆 不足 奇,以 康乐 与 羊 何若 此 而 □ 令辞 殆 不足 奇,12,12,0
liuxie_shipin__shipin_04,liuxie_shipin__shipin_04__part01,詩品·卷下,鍾嶸,28,404,416,乃不稱其才，亦為鮮舉矣。,乃不称 其 才 亦 为 鲜举 矣,乃 不称 其才 亦 为 鲜举 矣,7,7,1
liuxie_shipin__shipin_04,liuxie_shipin__shipin_04__part01,詩品·卷下,鍾嶸,29,418,444,孝武詩，雕文織綵，過為精密，為二藩希慕，見稱輕巧矣。,孝武诗 雕文织彩 过 为 精密 为二藩 希慕 见称 轻巧 矣,孝武诗 雕文织彩 过为 精密 为二藩 希慕 见称 轻巧 矣,10,9,1
liuxie_shipin__shipin_04,liuxie_shipin__shipin_04__part01,詩品·卷下,鍾嶸,30,446,462,希逸詩，氣候清雅，不逮於范、袁。,希 逸诗 气 候 清雅 不 逮于 范 袁,希 逸诗 气 候 清雅 不 逮于 范 袁,9,9,0
liuxie_shipin__shipin_04,liuxie_shipin__shipin_04__part01,詩品·卷下,鍾嶸,31,462,474,然興屬閒長，良無鄙促也。,然兴属 闲长 良无鄙促 也,然兴属 闲长 良无鄙促 也,4,4,0
liuxie_shipin__shipin_04,liuxie_shipin__shipin_04__part01,詩品·卷下,鍾嶸,32,476,498,蘇、陵、任、戴，並著篇章，亦為搢紳之所嗟詠。,苏 陵 任 戴 并 著 篇章 亦 为 搢绅 之 所 嗟 咏,苏 陵 任 戴 并 著 篇章 亦 为 搢绅 之 所 嗟咏,14,13,1
liuxie_shipin__shipin_04,liuxie_shipin__shipin_04__part01,詩品·卷下,鍾嶸,33,498,510,人非文才是愈，甚可嘉焉。,人非 文才 是 愈 甚 可嘉 焉,人非 文才 是 愈 甚 可嘉 焉,7,7,0
liuxie_shipin__shipin_04,liuxie_shipin__shipin_04__part01,詩品·卷下,鍾嶸,34,512,524,惠恭本胡人，為顏師伯幹。,惠恭本 胡人 为 颜师伯干,惠恭本 胡人 为颜 师伯 干,4,5,1
liuxie_shipin__shipin_04,liuxie_shipin__shipin_04__part01,詩品·卷下,鍾嶸,35,524,534,顏為詩筆，輒偷定之。,颜为 诗笔 辄 偷定 之,颜为 诗笔 辄 偷定 之,5,5,0
liuxie_shipin__shipin_04,liuxie_shipin__shipin_04__part01,詩品·卷下,鍾嶸,36,534,550,後造《獨樂賦》，語侵給主，被斥。,后造 独乐赋 语侵 给 主 被斥,后造 独乐 赋 语侵 给 主 被斥,6,7,1
liuxie_shipin__shipin_04,liuxie_shipin__shipin_04__part01,詩品·卷下,鍾嶸,37,550,563,及大將軍修北第，差充作長。,及 大将军 修北 第 差 充作 长,及 大将军 修北 第 差 充作 长,7,7,0
liuxie_shipin__shipin_04,liuxie_shipin__shipin_04__part01,詩品·卷下,鍾嶸,38,563,583,時謝惠連兼記室參軍，惠恭時往共安陵嘲調。,时 谢惠连 兼 记室 参军 惠恭时 往 共 安陵 嘲调,时 谢惠连 兼 记室 参军 惠恭时 往 共 安陵 嘲调,10,10,0
liuxie_shipin__shipin_04,liuxie_shipin__shipin_04__part01,詩品·卷下,鍾嶸,39,583,594,末作《雙枕詩》以示謝。,末作 双枕诗 以示 谢,末作 双枕诗 以示 谢,4,4,0
liuxie_shipin__shipin_04,liuxie_shipin__shipin_04__part01,詩品·卷下,鍾嶸,40,594,607,謝曰：“君誠能，恐人未重。,谢 曰 君诚 能 恐人 未重,谢 曰 君 诚能 恐人 未重,6,6,1
liuxie_shipin__shipin_04,liuxie_shipin__shipin_04__part01,詩品·卷下,鍾嶸,41,607,616,且可以為謝法曹造。,且 可以 为 谢法 曹造,且 可以 为 谢法 曹造,5,5,0
liuxie_shipin__shipin_04,liuxie_shipin__shipin_04__part01,詩品·卷下,鍾嶸,42,616,622,”遺大將軍。,遗 大将军,遗 大将军,2,2,0
liuxie_shipin__shipin_04,liuxie_shipin__shipin_04__part01,詩品·卷下,鍾嶸,43,622,634,見之賞歎，以錦二端賜謝。,见之赏 叹 以锦 二端 赐谢,见 之 赏叹 以锦 二端 赐谢,5,6,1
liuxie_shipin__shipin_04,liuxie_shipin__shipin_04__part01,詩品·卷下,鍾嶸,44,634,654,謝辭曰：“此詩，公作長所制，請以錦賜之。,谢辞 曰 此诗 公作长 所制 请 以锦赐 之,谢辞 曰 此诗 公作长 所制 请 以锦赐 之,8,8,0
liuxie_shipin__shipin_04,liuxie_shipin__shipin_04__part01,詩品·卷下,鍾嶸,45,654,655,”,,,0,0,0
liuxie_shipin__shipin_04,liuxie_shipin__shipin_04__part01,詩品·卷下,鍾嶸,46,657,667,惠休淫靡，情過其才。,惠休 淫靡 情过 其 才,惠休 淫靡 情过 其 才,5,5,0
liuxie_shipin__shipin_04,liuxie_shipin__shipin_04__part01,詩品·卷下,鍾嶸,47,667,680,世遂匹之鮑照，恐商、周矣。,世遂匹 之 鲍照 恐商 周矣,世遂匹 之 鲍照 恐商 周矣,5,5,0
liuxie_shipin__shipin_04,liuxie_shipin__shipin_04__part01,詩品·卷下,鍾嶸,48,680,702,羊曜璠云：“是顏公忌照之文，故立休、鮑之論。,羊曜 璠 云 是 颜公忌 照之文 故立 休 鲍之论,羊曜 璠 云 是 颜公忌 照之文 故立 休 鲍之论,9,9,0
liuxie_shipin__shipin_04,liuxie_shipin__shipin_04__part01,詩品·卷下,鍾嶸,49,702,714,”庾、帛二胡，亦有清句。,庾 帛 二胡 亦 有 清句,庾 帛 二胡 亦 有 清句,6,6,0
liuxie_shipin__shipin_04,liuxie_shipin__shipin_04__part01,詩品·卷下,鍾嶸,50,714,727,《行路難》是東陽柴廓所造。,行路难 是 东阳 柴廓 所造,行路难 是 东阳 柴廓 所造,5,5,0
liuxie_shipin__shipin_04,liuxie_shipin__shipin_04__part01,詩品·卷下,鍾嶸,51,727,744,寶月嘗憩其家，會廓亡，因竊而有之。,宝月 尝憩 其家 会廓 亡 因窃 而 有 之,宝月 尝憩 其家 会廓 亡 因窃 而 有 之,9,9,0
liuxie_shipin__shipin_04,liuxie_shipin__shipin_04__part01,詩品·卷下,鍾嶸,52,744,763,廓子賚手本出都，欲訟此事，乃厚賂止之。,廓子 赉 手本 出 都 欲讼 此事 乃厚赂止 之,廓子 赉 手本 出 都 欲讼 此事 乃厚赂止 之,9,9,0
liuxie_shipin__shipin_04,liuxie_shipin__shipin_04__part01,詩品·卷下,鍾嶸,53,765,780,齊高帝詩，詞藻意深，無所云少。,齐高帝 诗 词藻 意深 无所云少,齐高帝 诗 词藻 意深 无所 云少,5,6,1
liuxie_shipin__shipin_04,liuxie_shipin__shipin_04__part01,詩品·卷下,鍾嶸,54,780,793,張景雲雖謝文體，頗有古意。,张景云 虽谢 文体 颇 有 古意,张 景云 虽谢 文体 颇 有 古意,6,7,1
liuxie_shipin__shipin_04,liuxie_shipin__shipin_04__part01,詩品·卷下,鍾嶸,55,793,812,至如王師文憲，既經國圖遠，或忽是雕蟲。,至 如 王师 文宪 既经 国图 远 或 忽 是 雕虫,至 如 王师 文宪 既经 国图 远 或 忽 是 雕虫,11,11,0
liuxie_shipin__shipin_04,liuxie_shipin__shipin_04__part01,詩品·卷下,鍾嶸,56,814,840,檀氾謝七君，並祖襲顏延，欣欣不倦，得士大夫之雅致乎！,檀泛 谢七君 并 祖袭 颜延 欣欣 不倦 得 士大夫 之 雅致 乎,檀泛 谢七君 并 祖袭 颜延 欣欣 不倦 得 士大夫 之 雅致 乎,12,12,0
liuxie_shipin__shipin_04,liuxie_shipin__shipin_04__part01,詩品·卷下,鍾嶸,57,840,878,余從祖正員嘗云：“大明、泰始中，鮑、休美文，殊已動俗，惟此諸人，傅顏氾陸體。,余 从 祖正员尝云 大明 泰始 中 鲍 休 美文 殊 已动俗 惟此 诸人 傅颜泛 陆体,余 从祖 正员 尝云 大明 泰始 中 鲍 休 美文 殊 已动俗 惟此 诸人 傅颜泛 陆体,15,16,1
liuxie_shipin__shipin_04,liuxie_shipin__shipin_04__part01,詩品·卷下,鍾嶸,58,878,892,用固執不移，顏諸暨最荷家聲。,用 固执 不 移 颜 诸暨 最 荷家声,用 固执 不 移 颜 诸暨 最荷 家声,8,8,1
liuxie_shipin__shipin_04,liuxie_shipin__shipin_04__part01,詩品·卷下,鍾嶸,59,892,893,”,,,0,0,0
liuxie_shipin__shipin_04,liuxie_shipin__shipin_04__part01,詩品·卷下,鍾嶸,60,895,907,伯成文不全佳，亦多惆悵。,伯 成文 不 全佳 亦 多 惆怅,伯 成文 不 全佳 亦 多 惆怅,7,7,0
liuxie_shipin__shipin_04,liuxie_shipin__shipin_04__part01,詩品·卷下,鍾嶸,61,907,915,吳善於風人答贈。,吴 善于 风人 答赠,吴 善于 风人 答赠,4,4,0
liuxie_shipin__shipin_04,liuxie_shipin__shipin_04__part01,詩品·卷下,鍾嶸,62,915,923,許長於短句詠物。,许 长于 短句 咏物,许 长于 短句 咏物,4,4,0
liuxie_shipin__shipin_04,liuxie_shipin__shipin_04__part01,詩品·卷下,鍾嶸,63,923,938,湯休謂遠云：“我詩可為汝詩父。,汤 休谓 远云 我 诗 可 为 汝 诗父,汤 休谓 远云 我 诗 可 为 汝 诗父,9,9,0
liuxie_shipin__shipin_04,liuxie_shipin__shipin_04__part01,詩品·卷下,鍾嶸,64,938,958,”以訪謝光祿，云：“不然爾，湯可為庶兄。,以访 谢光禄 云 不然 尔 汤可为 庶兄,以访 谢光禄 云 不然 尔 汤可为 庶兄,7,7,0
liuxie_shipin__shipin_04,liuxie_shipin__shipin_04__part01,詩品·卷下,鍾嶸,65,958,959,”,,,0,0,0
liuxie_shipin__shipin_04,liuxie_shipin__shipin_04__part01,詩品·卷下,鍾嶸,66,961,984,令暉歌詩，往往斷絕清巧，擬古尤勝，唯百原淫矣。,令晖 歌诗 往往 断绝 清巧 拟古 尤胜 唯百原 淫 矣,令晖 歌诗 往往 断绝 清巧 拟古 尤胜 唯百原 淫 矣,10,10,0
liuxie_shipin__shipin_04,liuxie_shipin__shipin_04__part01,詩品·卷下,鍾嶸,67,984,1009,照嘗答孝武云：“臣妹才自亞於左芬，臣才不及太沖爾。,照尝答 孝武云 臣妹 才 自亚于 左芬 臣 才 不及 太冲尔,照尝答 孝武云 臣妹 才 自亚于 左芬 臣 才 不及 太冲 尔,10,11,1
liuxie_shipin__shipin_04,liuxie_shipin__shipin_04__part01,詩品·卷下,鍾嶸,68,1009,1020,”蘭英綺密，甚有名篇。,兰英 绮 密 甚有 名篇,兰英 绮密 甚有 名篇,5,4,1
liuxie_shipin__shipin_04,liuxie_shipin__shipin_04__part01,詩品·卷下,鍾嶸,69,1020,1057,又善談笑，齊武謂韓云：“借使二媛生於上葉，則玉階之賦，紈素之辭，未詎多也。,又 善 谈笑 齐武谓 韩云 借使 二媛 生于 上 叶 则 玉阶之赋 纨素 之辞 未 讵 多 也,又 善 谈笑 齐武 谓 韩云 借使 二媛 生于 上叶 则 玉阶 之赋 纨素 之辞 未 讵 多 也,18,19,1
liuxie_shipin__shipin_04,liuxie_shipin__shipin_04__part01,詩品·卷下,鍾嶸,70,1057,1058,”,,,0,0,0
liuxie_shipin__shipin_04,liuxie_shipin__shipin_04__part01,詩品·卷下,鍾嶸,71,1060,1085,思光紆緩誕放，縱有乖文體，然亦捷疾豐饒，差不局促。,思光 纡 缓诞放 纵有 乖 文体 然亦捷 疾 丰饶 差 不 局促,思光 纡缓 诞放 纵有 乖 文体 然亦捷 疾 丰饶 差 不 局促,12,12,1
liuxie_shipin__shipin_04,liuxie_shipin__shipin_04__part01,詩品·卷下,鍾嶸,72,1085,1103,德璋生於封溪，而文為雕飾，青於藍矣。,德璋 生于 封溪 而文为 雕饰 青于 蓝 矣,德璋 生于 封溪 而文为 雕饰 青于蓝 矣,8,7,1
liuxie_shipin__shipin_04,liuxie_shipin__shipin_04__part01,詩品·卷下,鍾嶸,73,1105,1116,元長、士章，並有盛才。,元长 士章 并 有 盛才,元长 士章 并 有 盛才,5,5,0
liuxie_shipin__shipin_04,liuxie_shipin__shipin_04__part01,詩品·卷下,鍾嶸,74,1116,1135,詞美英淨，至於五言之作，幾乎尺有所短。,词 美英 净 至于 五言 之作 几乎 尺有所短,词 美英 净 至于 五言 之作 几乎 尺有所短,8,8,0
liuxie_shipin__shipin_04,liuxie_shipin__shipin_04__part01,詩品·卷下,鍾嶸,75,1135,1154,譬應變將略，非武侯所長，未足以貶臥龍。,譬 应变 将 略 非 武侯 所长 未 足以 贬 卧龙,譬 应变 将略 非 武侯 所长 未 足以 贬 卧龙,11,10,1
liuxie_shipin__shipin_04,liuxie_shipin__shipin_04__part01,詩品·卷下,鍾嶸,76,1156,1169,詩猗猗清潤，弟祀明靡可懷。,诗猗猗 清润 弟祀 明靡 可怀,诗猗猗 清润 弟祀 明靡 可怀,5,5,0
liuxie_shipin__shipin_04,liuxie_shipin__shipin_04__part01,詩品·卷下,鍾嶸,77,1171,1184,王巾、二卞詩，並愛奇嶄絕。,王巾 二 卞 诗 并 爱奇 崭绝,王巾 二 卞 诗 并 爱奇 崭绝,7,7,0
liuxie_shipin__shipin_04,liuxie_shipin__shipin_04__part01,詩品·卷下,鍾嶸,78,1184,1191,慕袁彥伯之風。,慕 袁彦伯之风,慕 袁彦伯之风,2,2,0
liuxie_shipin__shipin_04,liuxie_shipin__shipin_04__part01,詩品·卷下,鍾嶸,79,1191,1208,雖不宏綽，而文體剿淨，去平美遠矣。,虽不宏绰 而 文体 剿净 去 平美远 矣,虽 不 宏绰 而 文体 剿净 去 平美远 矣,7,9,1
liuxie_shipin__shipin_04,liuxie_shipin__shipin_04__part01,詩品·卷下,鍾嶸,80,1210,1221,嘏詩平平耳，多自謂能。,嘏 诗 平平 耳 多自谓 能,嘏 诗 平平 耳 多自谓 能,6,6,0
liuxie_shipin__shipin_04,liuxie_shipin__shipin_04__part01,詩品·卷下,鍾嶸,81,1221,1240,嘗語徐太尉云：“我詩有生氣，須人捉著。,尝语 徐 太尉 云 我 诗 有生 气 须 人 捉 著,尝语 徐 太尉 云 我 诗 有生 气 须 人 捉 著,12,12,0
liuxie_shipin__shipin_04,liuxie_shipin__shipin_04__part01,詩品·卷下,鍾嶸,82,1240,1247,不爾，便飛去。,不尔 便 飞去,不尔 便 飞去,3,3,0
liuxie_shipin__shipin_04,liuxie_shipin__shipin_04__part01,詩品·卷下,鍾嶸,83,1247,1248,”,,,0,0,0
liuxie_shipin__shipin_04,liuxie_shipin__shipin_04__part01,詩品·卷下,鍾嶸,84,1250,1277,欣泰、子真，並希古勝文，鄙薄俗制，賞心流亮，不失雅宗。,欣泰 子真 并 希古胜文 鄙薄 俗制 赏心 流亮 不失 雅宗,欣泰 子真 并 希古胜文 鄙薄 俗制 赏心 流亮 不失 雅宗,10,10,0
liuxie_shipin__shipin_04,liuxie_shipin__shipin_04__part01,詩品·卷下,鍾嶸,85,1279,1292,觀厥文緯，具識丈夫之情狀。,观厥 文纬 具识 丈夫 之 情状,观厥 文纬 具识 丈夫 之 情状,6,6,0
liuxie_shipin__shipin_04,liuxie_shipin__shipin_04__part01,詩品·卷下,鍾嶸,86,1292,1303,自製未優，非言之失也。,自制 未优 非言之失 也,自制 未优 非言之失 也,4,4,0
liuxie_shipin__shipin_04,liuxie_shipin__shipin_04__part01,詩品·卷下,鍾嶸,87,1305,1320,子陽詩奇句清拔，謝朓常嗟頌之。,子阳 诗奇句 清拔 谢 朓 常 嗟 颂 之,子阳 诗奇句 清拔 谢 朓 常 嗟颂 之,9,8,1
liuxie_shipin__shipin_04,liuxie_shipin__shipin_04__part01,詩品·卷下,鍾嶸,88,1320,1331,洪雖無多，亦能自迥出。,洪 虽无多 亦 能 自 迥 出,洪 虽 无多 亦 能 自 迥 出,7,8,1
liuxie_shipin__shipin_04,liuxie_shipin__shipin_04__part01,詩品·卷下,鍾嶸,89,1333,1345,行卿少年，甚擅風謠之美。,行卿 少年 甚 擅 风谣 之美,行卿 少年 甚 擅 风谣 之美,6,6,0
liuxie_shipin__shipin_04,liuxie_shipin__shipin_04__part01,詩品·卷下,鍾嶸,90,1345,1357,察最幽微，而感賞至到耳。,察 最 幽微 而 感赏 至 到 耳,察 最 幽微 而 感赏 至 到 耳,8,8,0
