method,collocate,a,b,c,d,N,R1,C1,exp_verified,ratio_verified,p_verified,passed
window5,公干,4,725,13,34290,35032,729,17,0.3537622744918931,11.307028161058662,0.0003566533792285969,True
window5,不可,4,725,34,34269,35032,729,38,0.7907627312171729,5.058407335210454,0.007835017940198998,True
window5,孔融,3,726,6,34297,35032,729,9,0.18728591002511988,16.018289894833107,0.000686433734918101,True
window5,高妙,2,727,0,34303,35032,729,2,0.04161909111669331,48.05486968449931,0.0004324555155855204,True
window5,文以,2,727,4,34299,35032,729,6,0.12485727335007993,16.018289894833103,0.0061361103014003415,True
window5,为主,2,727,3,34300,35032,729,5,0.10404772779173327,19.221947873799728,0.004147829439506976,True
window5,清浊,2,727,6,34297,35032,729,8,0.16647636446677325,12.013717421124827,0.011141763023800997,True
window5,有体,2,727,1,34302,35032,729,3,0.062428636675039964,32.036579789666206,0.001279416494810762,True
window5,力强,2,727,1,34302,35032,729,3,0.062428636675039964,32.036579789666206,0.001279416494810762,True
window5,宫商,2,727,10,34293,35032,729,12,0.24971454670015986,8.009144947416551,0.02485744571678322,True
window5,刚柔,2,727,4,34299,35032,729,6,0.12485727335007993,16.018289894833103,0.0061361103014003415,True
window5,英华,2,727,5,34298,35032,729,7,0.1456668189084266,13.729962766999803,0.008472524803156082,True
window5,以任,2,727,0,34303,35032,729,2,0.04161909111669331,48.05486968449931,0.0004324555155855204,True
window5,大略,2,727,3,34300,35032,729,5,0.10404772779173327,19.221947873799728,0.004147829439506976,True
window5,祢衡,2,727,2,34301,35032,729,4,0.08323818223338662,24.027434842249654,0.0025234909263981992,True
window5,王充,2,727,0,34303,35032,729,2,0.04161909111669331,48.05486968449931,0.0004324555155855204,True
window5,肇自血,2,727,0,34303,35032,729,2,0.04161909111669331,48.05486968449931,0.0004324555155855204,True
window5,思锐,2,727,0,34303,35032,729,2,0.04161909111669331,48.05486968449931,0.0004324555155855204,True
window5,徐干时,1,728,0,34303,35032,729,1,0.020809545558346656,48.05486968449931,0.020809545558346652,True
window5,之匹,1,728,0,34303,35032,729,1,0.020809545558346656,48.05486968449931,0.020809545558346652,True
window5,有过,1,728,0,34303,35032,729,1,0.020809545558346656,48.05486968449931,0.020809545558346652,True
window5,人者,1,728,0,34303,35032,729,1,0.020809545558346656,48.05486968449931,0.020809545558346652,True
window5,不齐,1,728,0,34303,35032,729,1,0.020809545558346656,48.05486968449931,0.020809545558346652,True
window5,巧拙,1,728,1,34302,35032,729,2,0.04161909111669331,24.027434842249654,0.041186635601107774,True
window5,有素,1,728,0,34303,35032,729,1,0.020809545558346656,48.05486968449931,0.020809545558346652,True
window5,有逸,1,728,0,34303,35032,729,1,0.020809545558346656,48.05486968449931,0.020809545558346652,True
window5,含毫,1,728,1,34302,35032,729,2,0.04161909111669331,24.027434842249654,0.041186635601107774,True
window5,寥廓,1,728,1,34302,35032,729,2,0.04161909111669331,24.027434842249654,0.041186635601107774,True
window5,优文,1,728,1,34302,35032,729,2,0.04161909111669331,24.027434842249654,0.041186635601107774,True
window5,芬馥,1,728,0,34303,35032,729,1,0.020809545558346656,48.05486968449931,0.020809545558346652,True
window5,非容,1,728,0,34303,35032,729,1,0.020809545558346656,48.05486968449931,0.020809545558346652,True
window5,所假,1,728,0,34303,35032,729,1,0.020809545558346656,48.05486968449931,0.020809545558346652,True
window5,有生,1,728,1,34302,35032,729,2,0.04161909111669331,24.027434842249654,0.041186635601107774,True
window5,之三,1,728,1,34302,35032,729,2,0.04161909111669331,24.027434842249654,0.041186635601107774,True
window5,丽辞,1,728,1,34302,35032,729,2,0.04161909111669331,24.027434842249654,0.041186635601107774,True
window5,怀灵,1,728,0,34303,35032,729,1,0.020809545558346656,48.05486968449931,0.020809545558346652,True
window5,理无,1,728,0,34303,35032,729,1,0.020809545558346656,48.05486968449931,0.020809545558346652,True
window5,发乎,1,728,1,34302,35032,729,2,0.04161909111669331,24.027434842249654,0.041186635601107774,True
window5,音累,1,728,0,34303,35032,729,1,0.020809545558346656,48.05486968449931,0.020809545558346652,True
window5,固亦多,1,728,0,34303,35032,729,1,0.020809545558346656,48.05486968449931,0.020809545558346652,True
window5,仲宣以,1,728,0,34303,35032,729,1,0.020809545558346656,48.05486968449931,0.020809545558346652,True
window5,质为体,1,728,0,34303,35032,729,1,0.020809545558346656,48.05486968449931,0.020809545558346652,True
window5,标能,1,728,0,34303,35032,729,1,0.020809545558346656,48.05486968449931,0.020809545558346652,True
window5,独映,1,728,0,34303,35032,729,1,0.020809545558346656,48.05486968449931,0.020809545558346652,True
window5,许之风,1,728,0,34303,35032,729,1,0.020809545558346656,48.05486968449931,0.020809545558346652,True
window5,大变,1,728,0,34303,35032,729,1,0.020809545558346656,48.05486968449931,0.020809545558346652,True
window5,太元,1,728,0,34303,35032,729,1,0.020809545558346656,48.05486968449931,0.020809545558346652,True
window5,延年,1,728,1,34302,35032,729,2,0.04161909111669331,24.027434842249654,0.041186635601107774,True
window5,内运,1,728,0,34303,35032,729,1,0.020809545558346656,48.05486968449931,0.020809545558346652,True
window5,放言,1,728,1,34302,35032,729,2,0.04161909111669331,24.027434842249654,0.041186635601107774,True
window5,落纸,1,728,0,34303,35032,729,1,0.020809545558346656,48.05486968449931,0.020809545558346652,True
window5,许询,1,728,1,34302,35032,729,2,0.04161909111669331,24.027434842249654,0.041186635601107774,True
window5,极其,1,728,0,34303,35032,729,1,0.020809545558346656,48.05486968449931,0.020809545558346652,True
window5,仲文玄,1,728,0,34303,35032,729,1,0.020809545558346656,48.05486968449931,0.020809545558346652,True
window5,谢混情,1,728,0,34303,35032,729,1,0.020809545558346656,48.05486968449931,0.020809545558346652,True
window5,同貌,1,728,0,34303,35032,729,1,0.020809545558346656,48.05486968449931,0.020809545558346652,True
window5,而俱动,1,728,0,34303,35032,729,1,0.020809545558346656,48.05486968449931,0.020809545558346652,True
window5,于魄,1,728,0,34303,35032,729,1,0.020809545558346656,48.05486968449931,0.020809545558346652,True
window5,芳草,1,728,0,34303,35032,729,1,0.020809545558346656,48.05486968449931,0.020809545558346652,True
window5,宁其,1,728,0,34303,35032,729,1,0.020809545558346656,48.05486968449931,0.020809545558346652,True
window5,而皆悦,1,728,0,34303,35032,729,1,0.020809545558346656,48.05486968449931,0.020809545558346652,True
window5,不其然,1,728,0,34303,35032,729,1,0.020809545558346656,48.05486968449931,0.020809545558346652,True
window5,品藻,1,728,1,34302,35032,729,2,0.04161909111669331,24.027434842249654,0.041186635601107774,True
window5,风采,1,728,1,34302,35032,729,2,0.04161909111669331,24.027434842249654,0.041186635601107774,True
window5,精理,1,728,1,34302,35032,729,2,0.04161909111669331,24.027434842249654,0.041186635601107774,True
window5,成采,1,728,0,34303,35032,729,1,0.020809545558346656,48.05486968449931,0.020809545558346652,True
window5,山海,1,728,1,34302,35032,729,2,0.04161909111669331,24.027434842249654,0.041186635601107774,True
window5,腾跃,1,728,1,34302,35032,729,2,0.04161909111669331,24.027434842249654,0.041186635601107774,True
window5,肌肤,1,728,1,34302,35032,729,2,0.04161909111669331,24.027434842249654,0.041186635601107774,True
window5,往轹,1,728,0,34303,35032,729,1,0.020809545558346656,48.05486968449931,0.020809545558346652,True
window5,辞来切,1,728,0,34303,35032,729,1,0.020809545558346656,48.05486968449931,0.020809545558346652,True
window5,惊采绝艳,1,728,0,34303,35032,729,1,0.020809545558346656,48.05486968449931,0.020809545558346652,True
window5,池苑,1,728,0,34303,35032,729,1,0.020809545558346656,48.05486968449931,0.020809545558346652,True
window5,述恩荣,1,728,0,34303,35032,729,1,0.020809545558346656,48.05486968449931,0.020809545558346652,True
window5,叙酣宴,1,728,0,34303,35032,729,1,0.020809545558346656,48.05486968449931,0.020809545558346652,True
window5,以使,1,728,0,34303,35032,729,1,0.020809545558346656,48.05486968449931,0.020809545558346652,True
window5,而志,1,728,1,34302,35032,729,2,0.04161909111669331,24.027434842249654,0.041186635601107774,True
window5,采言,1,728,0,34303,35032,729,1,0.020809545558346656,48.05486968449931,0.020809545558346652,True
window5,乐盲,1,728,0,34303,35032,729,1,0.020809545558346656,48.05486968449931,0.020809545558346652,True
window5,被律,1,728,0,34303,35032,729,1,0.020809545558346656,48.05486968449931,0.020809545558346652,True
window5,志感丝,1,728,0,34303,35032,729,1,0.020809545558346656,48.05486968449931,0.020809545558346652,True
window5,赵代之音,1,728,0,34303,35032,729,1,0.020809545558346656,48.05486968449931,0.020809545558346652,True
window5,齐楚,1,728,1,34302,35032,729,2,0.04161909111669331,24.027434842249654,0.041186635601107774,True
window5,曼声,1,728,0,34303,35032,729,1,0.020809545558346656,48.05486968449931,0.020809545558346652,True
window5,协律,1,728,0,34303,35032,729,1,0.020809545558346656,48.05486968449931,0.020809545558346652,True
window5,朱马,1,728,0,34303,35032,729,1,0.020809545558346656,48.05486968449931,0.020809545558346652,True
window5,爽才丽,1,728,0,34303,35032,729,1,0.020809545558346656,48.05486968449931,0.020809545558346652,True
window5,宰割,1,728,0,34303,35032,729,1,0.020809545558346656,48.05486968449931,0.020809545558346652,True
window5,辞调,1,728,0,34303,35032,729,1,0.020809545558346656,48.05486968449931,0.020809545558346652,True
window5,音靡,1,728,0,34303,35032,729,1,0.020809545558346656,48.05486968449931,0.020809545558346652,True
window5,节平,1,728,0,34303,35032,729,1,0.020809545558346656,48.05486968449931,0.020809545558346652,True
window5,梗概,1,728,1,34302,35032,729,2,0.04161909111669331,24.027434842249654,0.041186635601107774,True
window5,图貌,1,728,1,34302,35032,729,2,0.04161909111669331,24.027434842249654,0.041186635601107774,True
window5,臧洪,1,728,0,34303,35032,729,1,0.020809545558346656,48.05486968449931,0.020809545558346652,True
window5,歃辞,1,728,0,34303,35032,729,1,0.020809545558346656,48.05486968449931,0.020809545558346652,True
window5,截云,1,728,0,34303,35032,729,1,0.020809545558346656,48.05486968449931,0.020809545558346652,True
window5,盛于,1,728,1,34302,35032,729,2,0.04161909111669331,24.027434842249654,0.041186635601107774,True
window5,藻溢于,1,728,0,34303,35032,729,1,0.020809545558346656,48.05486968449931,0.020809545558346652,True
window5,辞盈乎,1,728,0,34303,35032,729,1,0.020809545558346656,48.05486968449931,0.020809545558346652,True
window5,以申,1,728,0,34303,35032,729,1,0.020809545558346656,48.05486968449931,0.020809545558346652,True
window5,放怀,1,728,0,34303,35032,729,1,0.020809545558346656,48.05486968449931,0.020809545558346652,True
window5,实使,1,728,0,34303,35032,729,1,0.020809545558346656,48.05486968449931,0.020809545558346652,True
window5,百氏,1,728,1,34302,35032,729,2,0.04161909111669331,24.027434842249654,0.041186635601107774,True
window5,御寇,1,728,0,34303,35032,729,1,0.020809545558346656,48.05486968449931,0.020809545558346652,True
window5,伟而,1,728,0,34303,35032,729,1,0.020809545558346656,48.05486968449931,0.020809545558346652,True
window5,采奇,1,728,0,34303,35032,729,1,0.020809545558346656,48.05486968449931,0.020809545558346652,True
window5,之华采,1,728,0,34303,35032,729,1,0.020809545558346656,48.05486968449931,0.020809545558346652,True
window5,师心,1,728,1,34302,35032,729,2,0.04161909111669331,24.027434842249654,0.041186635601107774,True
window5,邹阳,1,728,1,34302,35032,729,2,0.04161909111669331,24.027434842249654,0.041186635601107774,True
window5,封策,1,728,0,34303,35032,729,1,0.020809545558346656,48.05486968449931,0.020809545558346652,True
window5,风雨,1,728,0,34303,35032,729,1,0.020809545558346656,48.05486968449931,0.020809545558346652,True
window5,之润,1,728,0,34303,35032,729,1,0.020809545558346656,48.05486968449931,0.020809545558346652,True
window5,使声,1,728,0,34303,35032,729,1,0.020809545558346656,48.05486968449931,0.020809545558346652,True
window5,如冲,1,728,0,34303,35032,729,1,0.020809545558346656,48.05486968449931,0.020809545558346652,True
window5,风所击,1,728,0,34303,35032,729,1,0.020809545558346656,48.05486968449931,0.020809545558346652,True
window5,刚健,1,728,1,34302,35032,729,2,0.04161909111669331,24.027434842249654,0.041186635601107774,True
window5,使义,1,728,0,34303,35032,729,1,0.020809545558346656,48.05486968449931,0.020809545558346652,True
window5,必事昭而理,1,728,0,34303,35032,729,1,0.020809545558346656,48.05486968449931,0.020809545558346652,True
window5,盛而,1,728,0,34303,35032,729,1,0.020809545558346656,48.05486968449931,0.020809545558346652,True
window5,辞断,1,728,0,34303,35032,729,1,0.020809545558346656,48.05486968449931,0.020809545558346652,True
window5,此其要,1,728,0,34303,35032,729,1,0.020809545558346656,48.05486968449931,0.020809545558346652,True
window5,文自,1,728,1,34302,35032,729,2,0.04161909111669331,24.027434842249654,0.041186635601107774,True
window5,体乏,1,728,0,34303,35032,729,1,0.020809545558346656,48.05486968449931,0.020809545558346652,True
window5,弘润,1,728,0,34303,35032,729,1,0.020809545558346656,48.05486968449931,0.020809545558346652,True
window5,之荐,1,728,0,34303,35032,729,1,0.020809545558346656,48.05486968449931,0.020809545558346652,True
window5,采飞,1,728,0,34303,35032,729,1,0.020809545558346656,48.05486968449931,0.020809545558346652,True
window5,砥砺,1,728,0,34303,35032,729,1,0.020809545558346656,48.05486968449931,0.020809545558346652,True
window5,振风,1,728,0,34303,35032,729,1,0.020809545558346656,48.05486968449931,0.020809545558346652,True
window5,简上,1,728,0,34303,35032,729,1,0.020809545558346656,48.05486968449931,0.020809545558346652,True
window5,凝霜,1,728,0,34303,35032,729,1,0.020809545558346656,48.05486968449931,0.020809545558346652,True
window5,儒家,1,728,0,34303,35032,729,1,0.020809545558346656,48.05486968449931,0.020809545558346652,True
window5,不畏,1,728,0,34303,35032,729,1,0.020809545558346656,48.05486968449931,0.020809545558346652,True
window5,流墨,1,728,0,34303,35032,729,1,0.020809545558346656,48.05486968449931,0.020809545558346652,True
window5,无纵,1,728,0,34303,35032,729,1,0.020809545558346656,48.05486968449931,0.020809545558346652,True
window5,诡随,1,728,0,34303,35032,729,1,0.020809545558346656,48.05486968449931,0.020809545558346652,True
window5,声动,1,728,0,34303,35032,729,1,0.020809545558346656,48.05486968449931,0.020809545558346652,True
window5,鲁丕,1,728,0,34303,35032,729,1,0.020809545558346656,48.05486968449931,0.020809545558346652,True
window5,中策,1,728,0,34303,35032,729,1,0.020809545558346656,48.05486968449931,0.020809545558346652,True
window5,独入,1,728,0,34303,35032,729,1,0.020809545558346656,48.05486968449931,0.020809545558346652,True
window5,汉来,1,728,0,34303,35032,729,1,0.020809545558346656,48.05486968449931,0.020809545558346652,True
window5,之酬,1,728,0,34303,35032,729,1,0.020809545558346656,48.05486968449931,0.020809545558346652,True
window5,会宗,1,728,0,34303,35032,729,1,0.020809545558346656,48.05486968449931,0.020809545558346652,True
window5,子云之答,1,728,0,34303,35032,729,1,0.020809545558346656,48.05486968449931,0.020809545558346652,True
window5,含殊,1,728,0,34303,35032,729,1,0.020809545558346656,48.05486968449931,0.020809545558346652,True
window5,散郁陶,1,728,0,34303,35032,729,1,0.020809545558346656,48.05486968449931,0.020809545558346652,True
window5,故宜涤畅,1,728,0,34303,35032,729,1,0.020809545558346656,48.05486968449931,0.020809545558346652,True
window5,优柔,1,728,1,34302,35032,729,2,0.04161909111669331,24.027434842249654,0.041186635601107774,True
window5,以怿怀,1,728,0,34303,35032,729,1,0.020809545558346656,48.05486968449931,0.020809545558346652,True
window5,然才,1,728,1,34302,35032,729,2,0.04161909111669331,24.027434842249654,0.041186635601107774,True
window5,神居,1,728,0,34303,35032,729,1,0.020809545558346656,48.05486968449931,0.020809545558346652,True
window5,统其,1,728,0,34303,35032,729,1,0.020809545558346656,48.05486968449931,0.020809545558346652,True
window5,辞前,1,728,0,34303,35032,729,1,0.020809545558346656,48.05486968449931,0.020809545558346652,True
window5,谭疾,1,728,0,34303,35032,729,1,0.020809545558346656,48.05486968449931,0.020809545558346652,True
window5,感于,1,728,0,34303,35032,729,1,0.020809545558346656,48.05486968449931,0.020809545558346652,True
window5,苦思,1,728,0,34303,35032,729,1,0.020809545558346656,48.05486968449931,0.020809545558346652,True
window5,竭于,1,728,0,34303,35032,729,1,0.020809545558346656,48.05486968449931,0.020809545558346652,True
window5,研京以,1,728,0,34303,35032,729,1,0.020809545558346656,48.05486968449931,0.020809545558346652,True
window5,十年,1,728,0,34303,35032,729,1,0.020809545558346656,48.05486968449931,0.020809545558346652,True
window5,有庸俊,1,728,0,34303,35032,729,1,0.020809545558346656,48.05486968449931,0.020809545558346652,True
window5,学有,1,728,0,34303,35032,729,1,0.020809545558346656,48.05486968449931,0.020809545558346652,True
window5,风趣,1,728,0,34303,35032,729,1,0.020809545558346656,48.05486968449931,0.020809545558346652,True
window5,改其,1,728,0,34303,35032,729,1,0.020809545558346656,48.05486968449931,0.020809545558346652,True
window5,竞今,1,728,1,34302,35032,729,2,0.04161909111669331,24.027434842249654,0.041186635601107774,True
window5,功以,1,728,0,34303,35032,729,1,0.020809545558346656,48.05486968449931,0.020809545558346652,True
window5,学成,1,728,0,34303,35032,729,1,0.020809545558346656,48.05486968449931,0.020809545558346652,True
window5,以实志,1,728,0,34303,35032,729,1,0.020809545558346656,48.05486968449931,0.020809545558346652,True
window5,志以,1,728,0,34303,35032,729,1,0.020809545558346656,48.05486968449931,0.020809545558346652,True
window5,定言,1,728,0,34303,35032,729,1,0.020809545558346656,48.05486968449931,0.020809545558346652,True
window5,故言壮,1,728,0,34303,35032,729,1,0.020809545558346656,48.05486968449931,0.020809545558346652,True
window5,情骇,1,728,0,34303,35032,729,1,0.020809545558346656,48.05486968449931,0.020809545558346652,True
window5,之恒资,1,728,0,34303,35032,729,1,0.020809545558346656,48.05486968449931,0.020809545558346652,True
window5,斯乃化,1,728,0,34303,35032,729,1,0.020809545558346656,48.05486968449931,0.020809545558346652,True
window5,之树骸,1,728,0,34303,35032,729,1,0.020809545558346656,48.05486968449931,0.020809545558346652,True
window5,情之含,1,728,0,34303,35032,729,1,0.020809545558346656,48.05486968449931,0.020809545558346652,True
window5,犹形,1,728,0,34303,35032,729,1,0.020809545558346656,48.05486968449931,0.020809545558346652,True
window5,之包,1,728,0,34303,35032,729,1,0.020809545558346656,48.05486968449931,0.020809545558346652,True
window5,骏爽,1,728,0,34303,35032,729,1,0.020809545558346656,48.05486968449931,0.020809545558346652,True
window5,文风,1,728,0,34303,35032,729,1,0.020809545558346656,48.05486968449931,0.020809545558346652,True
window5,清焉,1,728,0,34303,35032,729,1,0.020809545558346656,48.05486968449931,0.020809545558346652,True
window5,以缀,1,728,0,34303,35032,729,1,0.020809545558346656,48.05486968449931,0.020809545558346652,True
window5,裁篇,1,728,0,34303,35032,729,1,0.020809545558346656,48.05486968449931,0.020809545558346652,True
window5,务盈守,1,728,0,34303,35032,729,1,0.020809545558346656,48.05486968449931,0.020809545558346652,True
window5,既实,1,728,0,34303,35032,729,1,0.020809545558346656,48.05486968449931,0.020809545558346652,True
window5,乃新,1,728,0,34303,35032,729,1,0.020809545558346656,48.05486968449931,0.020809545558346652,True
window5,坚而,1,728,1,34302,35032,729,2,0.04161909111669331,24.027434842249654,0.041186635601107774,True
window5,思不环周,1,728,0,34303,35032,729,1,0.020809545558346656,48.05486968449931,0.020809545558346652,True
window5,索莫乏,1,728,0,34303,35032,729,1,0.020809545558346656,48.05486968449931,0.020809545558346652,True
window5,无风,1,728,0,34303,35032,729,1,0.020809545558346656,48.05486968449931,0.020809545558346652,True
window5,之验,1,728,1,34302,35032,729,2,0.04161909111669331,24.027434842249654,0.041186635601107774,True
window5,赋仙,1,728,0,34303,35032,729,1,0.020809545558346656,48.05486968449931,0.020809545558346652,True
window5,文称,1,728,1,34302,35032,729,2,0.04161909111669331,24.027434842249654,0.041186635601107774,True
window5,故其论,1,728,0,34303,35032,729,1,0.020809545558346656,48.05486968449931,0.020809545558346652,True
window5,云体,1,728,0,34303,35032,729,1,0.020809545558346656,48.05486968449931,0.020809545558346652,True
window5,徐干,1,728,1,34302,35032,729,2,0.04161909111669331,24.027434842249654,0.041186635601107774,True
window5,云时,1,728,0,34303,35032,729,1,0.020809545558346656,48.05486968449931,0.020809545558346652,True
window5,卓卓,1,728,1,34302,35032,729,2,0.04161909111669331,24.027434842249654,0.041186635601107774,True
window5,信含,1,728,0,34303,35032,729,1,0.020809545558346656,48.05486968449931,0.020809545558346652,True
window5,笔墨,1,728,0,34303,35032,729,1,0.020809545558346656,48.05486968449931,0.020809545558346652,True
window5,之性,1,728,0,34303,35032,729,1,0.020809545558346656,48.05486968449931,0.020809545558346652,True
window5,并重,1,728,0,34303,35032,729,1,0.020809545558346656,48.05486968449931,0.020809545558346652,True
window5,采而翰,1,728,0,34303,35032,729,1,0.020809545558346656,48.05486968449931,0.020809545558346652,True
window5,飞戾,1,728,0,34303,35032,729,1,0.020809545558346656,48.05486968449931,0.020809545558346652,True
window5,骨劲,1,728,0,34303,35032,729,1,0.020809545558346656,48.05486968449931,0.020809545558346652,True
window5,辞共体,1,728,0,34303,35032,729,1,0.020809545558346656,48.05486968449931,0.020809545558346652,True
window5,风昧,1,728,0,34303,35032,729,1,0.020809545558346656,48.05486968449931,0.020809545558346652,True
window5,按节,1,728,0,34303,35032,729,1,0.020809545558346656,48.05486968449931,0.020809545558346652,True
window5,凭情,1,728,0,34303,35032,729,1,0.020809545558346656,48.05486968449931,0.020809545558346652,True
window5,采如,1,728,0,34303,35032,729,1,0.020809545558346656,48.05486968449931,0.020809545558346652,True
window5,宛虹,1,728,1,34302,35032,729,2,0.04161909111669331,24.027434842249654,0.041186635601107774,True
window5,之奋,1,728,0,34303,35032,729,1,0.020809545558346656,48.05486968449931,0.020809545558346652,True
window5,采为,1,728,1,34302,35032,729,2,0.04161909111669331,24.027434842249654,0.041186635601107774,True
window5,所谈,1,728,0,34303,35032,729,1,0.020809545558346656,48.05486968449931,0.020809545558346652,True
window5,声合,1,728,0,34303,35032,729,1,0.020809545558346656,48.05486968449931,0.020809545558346652,True
window5,乐歌,1,728,0,34303,35032,729,1,0.020809545558346656,48.05486968449931,0.020809545558346652,True
window5,力穷于,1,728,0,34303,35032,729,1,0.020809545558346656,48.05486968449931,0.020809545558346652,True
window5,一定,1,728,0,34303,35032,729,1,0.020809545558346656,48.05486968449931,0.020809545558346652,True
window5,故余声,1,728,0,34303,35032,729,1,0.020809545558346656,48.05486968449931,0.020809545558346652,True
window5,易遣,1,728,0,34303,35032,729,1,0.020809545558346656,48.05486968449931,0.020809545558346652,True
window5,两韵辄易,1,728,0,34303,35032,729,1,0.020809545558346656,48.05486968449931,0.020809545558346652,True
window5,无奇类,1,728,0,34303,35032,729,1,0.020809545558346656,48.05486968449931,0.020809545558346652,True
window5,文乏,1,728,0,34303,35032,729,1,0.020809545558346656,48.05486968449931,0.020809545558346652,True
window5,异采,1,728,0,34303,35032,729,1,0.020809545558346656,48.05486968449931,0.020809545558346652,True
window5,碌碌,1,728,1,34302,35032,729,2,0.04161909111669331,24.027434842249654,0.041186635601107774,True
window5,宫殿,1,728,0,34303,35032,729,1,0.020809545558346656,48.05486968449931,0.020809545558346652,True
window5,嵯峨,1,728,1,34302,35032,729,2,0.04161909111669331,24.027434842249654,0.041186635601107774,True
window5,挟声,1,728,0,34303,35032,729,1,0.020809545558346656,48.05486968449931,0.020809545558346652,True
window5,轩翥而,1,728,0,34303,35032,729,1,0.020809545558346656,48.05486968449931,0.020809545558346652,True
window5,言必,1,728,0,34303,35032,729,1,0.020809545558346656,48.05486968449931,0.020809545558346652,True
window5,鹏运,1,728,0,34303,35032,729,1,0.020809545558346656,48.05486968449931,0.020809545558346652,True
window5,靡鸿渐,1,728,0,34303,35032,729,1,0.020809545558346656,48.05486968449931,0.020809545558346652,True
window5,寒而事伤,1,728,0,34303,35032,729,1,0.020809545558346656,48.05486968449931,0.020809545558346652,True
window5,制养,1,728,0,34303,35032,729,1,0.020809545558346656,48.05486968449931,0.020809545558346652,True
window5,验己,1,728,0,34303,35032,729,1,0.020809545558346656,48.05486968449931,0.020809545558346652,True
window5,虚造,1,728,0,34303,35032,729,1,0.020809545558346656,48.05486968449931,0.020809545558346652,True
window5,钻砺,1,728,0,34303,35032,729,1,0.020809545558346656,48.05486968449931,0.020809545558346652,True
window5,过分,1,728,0,34303,35032,729,1,0.020809545558346656,48.05486968449931,0.020809545558346652,True
window5,神疲而,1,728,0,34303,35032,729,1,0.020809545558346656,48.05486968449931,0.020809545558346652,True
window5,少鉴,1,728,0,34303,35032,729,1,0.020809545558346656,48.05486968449931,0.020809545558346652,True
window5,而志盛,1,728,0,34303,35032,729,1,0.020809545558346656,48.05486968449931,0.020809545558346652,True
window5,长艾识,1,728,0,34303,35032,729,1,0.020809545558346656,48.05486968449931,0.020809545558346652,True
window5,盛者,1,728,0,34303,35032,729,1,0.020809545558346656,48.05486968449931,0.020809545558346652,True
window5,以胜劳,1,728,0,34303,35032,729,1,0.020809545558346656,48.05486968449931,0.020809545558346652,True
window5,衰者虑,1,728,0,34303,35032,729,1,0.020809545558346656,48.05486968449931,0.020809545558346652,True
window5,密以,1,728,1,34302,35032,729,2,0.04161909111669331,24.027434842249654,0.041186635601107774,True
window5,伤神,1,728,0,34303,35032,729,1,0.020809545558346656,48.05486968449931,0.020809545558346652,True
window5,斯实,1,728,0,34303,35032,729,1,0.020809545558346656,48.05486968449931,0.020809545558346652,True
window5,中人,1,728,0,34303,35032,729,1,0.020809545558346656,48.05486968449931,0.020809545558346652,True
window5,惭凫企鹤,1,728,0,34303,35032,729,1,0.020809545558346656,48.05486968449931,0.020809545558346652,True
window5,沥辞,1,728,0,34303,35032,729,1,0.020809545558346656,48.05486968449931,0.020809545558346652,True
window5,镌思,1,728,0,34303,35032,729,1,0.020809545558346656,48.05486968449931,0.020809545558346652,True
window5,内销,1,728,0,34303,35032,729,1,0.020809545558346656,48.05486968449931,0.020809545558346652,True
window5,尾闾,1,728,0,34303,35032,729,1,0.020809545558346656,48.05486968449931,0.020809545558346652,True
window5,之波,1,728,0,34303,35032,729,1,0.020809545558346656,48.05486968449931,0.020809545558346652,True
window5,神志,1,728,0,34303,35032,729,1,0.020809545558346656,48.05486968449931,0.020809545558346652,True
window5,销铄,1,728,0,34303,35032,729,1,0.020809545558346656,48.05486968449931,0.020809545558346652,True
window5,精胆,1,728,0,34303,35032,729,1,0.020809545558346656,48.05486968449931,0.020809545558346652,True
window5,蹙迫,1,728,0,34303,35032,729,1,0.020809545558346656,48.05486968449931,0.020809545558346652,True
window5,秉牍,1,728,0,34303,35032,729,1,0.020809545558346656,48.05486968449931,0.020809545558346652,True
window5,驱龄,1,728,0,34303,35032,729,1,0.020809545558346656,48.05486968449931,0.020809545558346652,True
window5,洒翰,1,728,0,34303,35032,729,1,0.020809545558346656,48.05486968449931,0.020809545558346652,True
window5,以伐性,1,728,0,34303,35032,729,1,0.020809545558346656,48.05486968449931,0.020809545558346652,True
window5,条畅,1,728,0,34303,35032,729,1,0.020809545558346656,48.05486968449931,0.020809545558346652,True
window5,烦而,1,728,0,34303,35032,729,1,0.020809545558346656,48.05486968449931,0.020809545558346652,True
window5,即舍,1,728,0,34303,35032,729,1,0.020809545558346656,48.05486968449931,0.020809545558346652,True
window5,胎息,1,728,0,34303,35032,729,1,0.020809545558346656,48.05486968449931,0.020809545558346652,True
window5,迈术,1,728,0,34303,35032,729,1,0.020809545558346656,48.05486968449931,0.020809545558346652,True
window5,斯亦卫,1,728,0,34303,35032,729,1,0.020809545558346656,48.05486968449931,0.020809545558346652,True
window5,一方,1,728,0,34303,35032,729,1,0.020809545558346656,48.05486968449931,0.020809545558346652,True
window5,元神,1,728,0,34303,35032,729,1,0.020809545558346656,48.05486968449931,0.020809545558346652,True
window5,宜宝,1,728,0,34303,35032,729,1,0.020809545558346656,48.05486968449931,0.020809545558346652,True
window5,资养,1,728,0,34303,35032,729,1,0.020809545558346656,48.05486968449931,0.020809545558346652,True
window5,义味,1,728,0,34303,35032,729,1,0.020809545558346656,48.05486968449931,0.020809545558346652,True
window5,而生,1,728,0,34303,35032,729,1,0.020809545558346656,48.05486968449931,0.020809545558346652,True
window5,丛杂,1,728,0,34303,35032,729,1,0.020809545558346656,48.05486968449931,0.020809545558346652,True
window5,视之则,1,728,0,34303,35032,729,1,0.020809545558346656,48.05486968449931,0.020809545558346652,True
window5,锦绘,1,728,0,34303,35032,729,1,0.020809545558346656,48.05486968449931,0.020809545558346652,True
window5,笔长,1,728,0,34303,35032,729,1,0.020809545558346656,48.05486968449931,0.020809545558346652,True
window5,至明,1,728,0,34303,35032,729,1,0.020809545558346656,48.05486968449931,0.020809545558346652,True
window5,帝纂,1,728,0,34303,35032,729,1,0.020809545558346656,48.05486968449931,0.020809545558346652,True
window5,制诗,1,728,0,34303,35032,729,1,0.020809545558346656,48.05486968449931,0.020809545558346652,True
window5,朝贵,1,728,0,34303,35032,729,1,0.020809545558346656,48.05486968449931,0.020809545558346652,True
window5,称盛,1,728,0,34303,35032,729,1,0.020809545558346656,48.05486968449931,0.020809545558346652,True
window5,因谈余,1,728,0,34303,35032,729,1,0.020809545558346656,48.05486968449931,0.020809545558346652,True
window5,流成,1,728,0,34303,35032,729,1,0.020809545558346656,48.05486968449931,0.020809545558346652,True
window5,盖阳,1,728,0,34303,35032,729,1,0.020809545558346656,48.05486968449931,0.020809545558346652,True
window5,萌而,1,728,0,34303,35032,729,1,0.020809545558346656,48.05486968449931,0.020809545558346652,True
window5,玄驹步,1,728,0,34303,35032,729,1,0.020809545558346656,48.05486968449931,0.020809545558346652,True
window5,阴律,1,728,0,34303,35032,729,1,0.020809545558346656,48.05486968449931,0.020809545558346652,True
window5,凝而丹,1,728,0,34303,35032,729,1,0.020809545558346656,48.05486968449931,0.020809545558346652,True
window5,动物,1,728,1,34302,35032,729,2,0.04161909111669331,24.027434842249654,0.041186635601107774,True
window5,其惠心,1,728,0,34303,35032,729,1,0.020809545558346656,48.05486968449931,0.020809545558346652,True
window5,秀其清,1,728,0,34303,35032,729,1,0.020809545558346656,48.05486968449931,0.020809545558346652,True
window5,相召,1,728,0,34303,35032,729,1,0.020809545558346656,48.05486968449931,0.020809545558346652,True
window5,获安,1,728,0,34303,35032,729,1,0.020809545558346656,48.05486968449931,0.020809545558346652,True
window5,天高,1,728,0,34303,35032,729,1,0.020809545558346656,48.05486968449931,0.020809545558346652,True
window5,阴沈之,1,728,0,34303,35032,729,1,0.020809545558346656,48.05486968449931,0.020809545558346652,True
window5,志远,1,728,0,34303,35032,729,1,0.020809545558346656,48.05486968449931,0.020809545558346652,True
window5,随物,1,728,0,34303,35032,729,1,0.020809545558346656,48.05486968449931,0.020809545558346652,True
window5,膏润于,1,728,0,34303,35032,729,1,0.020809545558346656,48.05486968449931,0.020809545558346652,True
window5,以遣论,1,728,0,34303,35032,729,1,0.020809545558346656,48.05486968449931,0.020809545558346652,True
window5,阮籍,1,728,1,34302,35032,729,2,0.04161909111669331,24.027434842249654,0.041186635601107774,True
window5,以命,1,728,0,34303,35032,729,1,0.020809545558346656,48.05486968449931,0.020809545558346652,True
window5,殊声,1,728,0,34303,35032,729,1,0.020809545558346656,48.05486968449931,0.020809545558346652,True
window5,合响,1,728,0,34303,35032,729,1,0.020809545558346656,48.05486968449931,0.020809545558346652,True
window5,方声,1,728,0,34303,35032,729,1,0.020809545558346656,48.05486968449931,0.020809545558346652,True
window5,风雷,1,728,0,34303,35032,729,1,0.020809545558346656,48.05486968449931,0.020809545558346652,True
window5,超出,1,728,0,34303,35032,729,1,0.020809545558346656,48.05486968449931,0.020809545558346652,True
window5,感人,1,728,0,34303,35032,729,1,0.020809545558346656,48.05486968449931,0.020809545558346652,True
window5,刘越,1,728,0,34303,35032,729,1,0.020809545558346656,48.05486968449931,0.020809545558346652,True
window5,石仗,1,728,0,34303,35032,729,1,0.020809545558346656,48.05486968449931,0.020809545558346652,True
window5,清刚,1,728,0,34303,35032,729,1,0.020809545558346656,48.05486968449931,0.020809545558346652,True
window5,赞成,1,728,0,34303,35032,729,1,0.020809545558346656,48.05486968449931,0.020809545558346652,True
window5,负戈外,1,728,0,34303,35032,729,1,0.020809545558346656,48.05486968449931,0.020809545558346652,True
window5,雄边,1,728,0,34303,35032,729,1,0.020809545558346656,48.05486968449931,0.020809545558346652,True
window5,奇高,1,728,0,34303,35032,729,1,0.020809545558346656,48.05486968449931,0.020809545558346652,True
window5,采华茂,1,728,0,34303,35032,729,1,0.020809545558346656,48.05486968449931,0.020809545558346652,True
window5,情兼雅怨,1,728,0,34303,35032,729,1,0.020809545558346656,48.05486968449931,0.020809545558346652,True
window5,动多振绝,1,728,0,34303,35032,729,1,0.020809545558346656,48.05486968449931,0.020809545558346652,True
window5,过其文,1,728,1,34302,35032,729,2,0.04161909111669331,24.027434842249654,0.041186635601107774,True
window5,雕润,1,728,0,34303,35032,729,1,0.020809545558346656,48.05486968449931,0.020809545558346652,True
window5,恨少,1,728,1,34302,35032,729,2,0.04161909111669331,24.027434842249654,0.041186635601107774,True
window5,少于,1,728,0,34303,35032,729,1,0.020809545558346656,48.05486968449931,0.020809545558346652,True
window5,劣于,1,728,0,34303,35032,729,1,0.020809545558346656,48.05486968449931,0.020809545558346652,True
window5,犹恨,1,728,0,34303,35032,729,1,0.020809545558346656,48.05486968449931,0.020809545558346652,True
window5,儿女情,1,728,0,34303,35032,729,1,0.020809545558346656,48.05486968449931,0.020809545558346652,True
window5,凄戾,1,728,0,34303,35032,729,1,0.020809545558346656,48.05486968449931,0.020809545558346652,True
window5,清拔,1,728,1,34302,35032,729,2,0.04161909111669331,24.027434842249654,0.041186635601107774,True
window5,调警拔,1,728,0,34303,35032,729,1,0.020809545558346656,48.05486968449931,0.020809545558346652,True
window5,许其进,1,728,0,34303,35032,729,1,0.020809545558346656,48.05486968449931,0.020809545558346652,True
window5,太尉,1,728,1,34302,35032,729,2,0.04161909111669331,24.027434842249654,0.041186635601107774,True
window5,清雅,1,728,1,34302,35032,729,2,0.04161909111669331,24.027434842249654,0.041186635601107774,True
window5,逸诗,1,728,0,34303,35032,729,1,0.020809545558346656,48.05486968449931,0.020809545558346652,True
window10,公干,5,1031,12,33984,35032,1036,17,0.5027403516784654,9.945491710197592,0.00010304654069383969,True
window10,不可,4,1032,34,33962,35032,1036,38,1.1237725508106873,3.559439138386507,0.025304355877919467,True
window10,孔融,3,1033,6,33990,35032,1036,9,0.2661566567709523,11.27155727155727,0.001895321913478666,True
window10,长于,2,1034,4,33992,35032,1036,6,0.17743777118063483,11.271557271557272,0.012108175762274713,True
window10,高妙,2,1034,0,33996,35032,1036,2,0.05914592372687828,33.81467181467181,0.0008737408446421602,True
window10,文以,2,1034,4,33992,35032,1036,6,0.17743777118063483,11.271557271557272,0.012108175762274713,True
window10,为主,2,1034,3,33993,35032,1036,5,0.1478648093171957,13.525868725868726,0.00823291337843238,True
window10,清浊,2,1034,6,33990,35032,1036,8,0.23658369490751313,8.453667953667953,0.02173097629295446,True
window10,有体,2,1034,1,33995,35032,1036,3,0.08871888559031742,22.543114543114545,0.002569641144639584,True
window10,力强,2,1034,1,33995,35032,1036,3,0.08871888559031742,22.543114543114545,0.002569641144639584,True
window10,而致,2,1034,1,33995,35032,1036,3,0.08871888559031742,22.543114543114545,0.002569641144639584,True
window10,当时,2,1034,4,33992,35032,1036,6,0.17743777118063483,11.271557271557272,0.012108175762274713,True
window10,宫商,2,1034,10,33986,35032,1036,12,0.35487554236126967,5.635778635778636,0.04738039619082966,True
window10,刚柔,2,1034,4,33992,35032,1036,6,0.17743777118063483,11.271557271557272,0.012108175762274713,True
window10,情性,2,1034,6,33990,35032,1036,8,0.23658369490751313,8.453667953667953,0.02173097629295446,True
window10,英华,2,1034,5,33991,35032,1036,7,0.207010733044074,9.661334804191947,0.01662120901591151,True
window10,耳目,2,1034,4,33992,35032,1036,6,0.17743777118063483,11.271557271557272,0.012108175762274713,True
window10,以任,2,1034,0,33996,35032,1036,2,0.05914592372687828,33.81467181467181,0.0008737408446421602,True
window10,大略,2,1034,3,33993,35032,1036,5,0.1478648093171957,13.525868725868726,0.00823291337843238,True
window10,法家,2,1034,1,33995,35032,1036,3,0.08871888559031742,22.543114543114545,0.002569641144639584,True
window10,祢衡,2,1034,2,33994,35032,1036,4,0.11829184745375657,16.907335907335906,0.005038401201952627,True
window10,关键,2,1034,1,33995,35032,1036,3,0.08871888559031742,22.543114543114545,0.002569641144639584,True
window10,王充,2,1034,0,33996,35032,1036,2,0.05914592372687828,33.81467181467181,0.0008737408446421602,True
window10,肇自血,2,1034,0,33996,35032,1036,2,0.05914592372687828,33.81467181467181,0.0008737408446421602,True
window10,思锐,2,1034,0,33996,35032,1036,2,0.05914592372687828,33.81467181467181,0.0008737408446421602,True
window10,徐干时,1,1035,0,33996,35032,1036,1,0.02957296186343914,33.81467181467181,0.029572961863439138,True
window10,之匹,1,1035,0,33996,35032,1036,1,0.02957296186343914,33.81467181467181,0.029572961863439138,True
window10,有过,1,1035,0,33996,35032,1036,1,0.02957296186343914,33.81467181467181,0.029572961863439138,True
window10,人者,1,1035,0,33996,35032,1036,1,0.02957296186343914,33.81467181467181,0.029572961863439138,True
window10,不齐,1,1035,0,33996,35032,1036,1,0.02957296186343914,33.81467181467181,0.029572961863439138,True
window10,有素,1,1035,0,33996,35032,1036,1,0.02957296186343914,33.81467181467181,0.029572961863439138,True
window10,父兄,1,1035,0,33996,35032,1036,1,0.02957296186343914,33.81467181467181,0.029572961863439138,True
window10,以移,1,1035,0,33996,35032,1036,1,0.02957296186343914,33.81467181467181,0.029572961863439138,True
window10,子弟,1,1035,0,33996,35032,1036,1,0.02957296186343914,33.81467181467181,0.029572961863439138,True
window10,有逸,1,1035,0,33996,35032,1036,1,0.02957296186343914,33.81467181467181,0.029572961863439138,True
window10,妙绝,1,1035,0,33996,35032,1036,1,0.02957296186343914,33.81467181467181,0.029572961863439138,True
window10,芬馥,1,1035,0,33996,35032,1036,1,0.02957296186343914,33.81467181467181,0.029572961863439138,True
window10,非容,1,1035,0,33996,35032,1036,1,0.02957296186343914,33.81467181467181,0.029572961863439138,True
window10,所假,1,1035,0,33996,35032,1036,1,0.02957296186343914,33.81467181467181,0.029572961863439138,True
window10,虽虞夏,1,1035,0,33996,35032,1036,1,0.02957296186343914,33.81467181467181,0.029572961863439138,True
window10,怀灵,1,1035,0,33996,35032,1036,1,0.02957296186343914,33.81467181467181,0.029572961863439138,True
window10,理无,1,1035,0,33996,35032,1036,1,0.02957296186343914,33.81467181467181,0.029572961863439138,True
window10,清辞丽曲,1,1035,0,33996,35032,1036,1,0.02957296186343914,33.81467181467181,0.029572961863439138,True
window10,音累,1,1035,0,33996,35032,1036,1,0.02957296186343914,33.81467181467181,0.029572961863439138,True
window10,固亦多,1,1035,0,33996,35032,1036,1,0.02957296186343914,33.81467181467181,0.029572961863439138,True
window10,仲宣以,1,1035,0,33996,35032,1036,1,0.02957296186343914,33.81467181467181,0.029572961863439138,True
window10,质为体,1,1035,0,33996,35032,1036,1,0.02957296186343914,33.81467181467181,0.029572961863439138,True
window10,标能,1,1035,0,33996,35032,1036,1,0.02957296186343914,33.81467181467181,0.029572961863439138,True
window10,独映,1,1035,0,33996,35032,1036,1,0.02957296186343914,33.81467181467181,0.029572961863439138,True
window10,仲文始,1,1035,0,33996,35032,1036,1,0.02957296186343914,33.81467181467181,0.029572961863439138,True
window10,革孙,1,1035,0,33996,35032,1036,1,0.02957296186343914,33.81467181467181,0.029572961863439138,True
window10,许之风,1,1035,0,33996,35032,1036,1,0.02957296186343914,33.81467181467181,0.029572961863439138,True
window10,大变,1,1035,0,33996,35032,1036,1,0.02957296186343914,33.81467181467181,0.029572961863439138,True
window10,太元,1,1035,0,33996,35032,1036,1,0.02957296186343914,33.81467181467181,0.029572961863439138,True
window10,蕴思,1,1035,0,33996,35032,1036,1,0.02957296186343914,33.81467181467181,0.029572961863439138,True
window10,内运,1,1035,0,33996,35032,1036,1,0.02957296186343914,33.81467181467181,0.029572961863439138,True
window10,落纸,1,1035,0,33996,35032,1036,1,0.02957296186343914,33.81467181467181,0.029572961863439138,True
window10,郭璞举,1,1035,0,33996,35032,1036,1,0.02957296186343914,33.81467181467181,0.029572961863439138,True
window10,其灵变,1,1035,0,33996,35032,1036,1,0.02957296186343914,33.81467181467181,0.029572961863439138,True
window10,极其,1,1035,0,33996,35032,1036,1,0.02957296186343914,33.81467181467181,0.029572961863439138,True
window10,仲文玄,1,1035,0,33996,35032,1036,1,0.02957296186343914,33.81467181467181,0.029572961863439138,True
window10,谢混情,1,1035,0,33996,35032,1036,1,0.02957296186343914,33.81467181467181,0.029572961863439138,True
window10,得名,1,1035,0,33996,35032,1036,1,0.02957296186343914,33.81467181467181,0.029572961863439138,True
window10,未盛,1,1035,0,33996,35032,1036,1,0.02957296186343914,33.81467181467181,0.029572961863439138,True
window10,蛾眉,1,1035,0,33996,35032,1036,1,0.02957296186343914,33.81467181467181,0.029572961863439138,True
window10,同貌,1,1035,0,33996,35032,1036,1,0.02957296186343914,33.81467181467181,0.029572961863439138,True
window10,而俱动,1,1035,0,33996,35032,1036,1,0.02957296186343914,33.81467181467181,0.029572961863439138,True
window10,于魄,1,1035,0,33996,35032,1036,1,0.02957296186343914,33.81467181467181,0.029572961863439138,True
window10,芳草,1,1035,0,33996,35032,1036,1,0.02957296186343914,33.81467181467181,0.029572961863439138,True
window10,宁其,1,1035,0,33996,35032,1036,1,0.02957296186343914,33.81467181467181,0.029572961863439138,True
window10,而皆悦,1,1035,0,33996,35032,1036,1,0.02957296186343914,33.81467181467181,0.029572961863439138,True
window10,不其然,1,1035,0,33996,35032,1036,1,0.02957296186343914,33.81467181467181,0.029572961863439138,True
window10,成采,1,1035,0,33996,35032,1036,1,0.02957296186343914,33.81467181467181,0.029572961863439138,True
window10,往轹,1,1035,0,33996,35032,1036,1,0.02957296186343914,33.81467181467181,0.029572961863439138,True
window10,辞来切,1,1035,0,33996,35032,1036,1,0.02957296186343914,33.81467181467181,0.029572961863439138,True
window10,惊采绝艳,1,1035,0,33996,35032,1036,1,0.02957296186343914,33.81467181467181,0.029572961863439138,True
window10,并怜,1,1035,0,33996,35032,1036,1,0.02957296186343914,33.81467181467181,0.029572961863439138,True
window10,风月,1,1035,0,33996,35032,1036,1,0.02957296186343914,33.81467181467181,0.029572961863439138,True
window10,池苑,1,1035,0,33996,35032,1036,1,0.02957296186343914,33.81467181467181,0.029572961863439138,True
window10,述恩荣,1,1035,0,33996,35032,1036,1,0.02957296186343914,33.81467181467181,0.029572961863439138,True
window10,叙酣宴,1,1035,0,33996,35032,1036,1,0.02957296186343914,33.81467181467181,0.029572961863439138,True
window10,以使,1,1035,0,33996,35032,1036,1,0.02957296186343914,33.81467181467181,0.029572961863439138,True
window10,庶妇,1,1035,0,33996,35032,1036,1,0.02957296186343914,33.81467181467181,0.029572961863439138,True
window10,诗官,1,1035,0,33996,35032,1036,1,0.02957296186343914,33.81467181467181,0.029572961863439138,True
window10,采言,1,1035,0,33996,35032,1036,1,0.02957296186343914,33.81467181467181,0.029572961863439138,True
window10,乐盲,1,1035,0,33996,35032,1036,1,0.02957296186343914,33.81467181467181,0.029572961863439138,True
window10,被律,1,1035,0,33996,35032,1036,1,0.02957296186343914,33.81467181467181,0.029572961863439138,True
window10,志感丝,1,1035,0,33996,35032,1036,1,0.02957296186343914,33.81467181467181,0.029572961863439138,True
window10,崇礼,1,1035,0,33996,35032,1036,1,0.02957296186343914,33.81467181467181,0.029572961863439138,True
window10,赵代之音,1,1035,0,33996,35032,1036,1,0.02957296186343914,33.81467181467181,0.029572961863439138,True
window10,曼声,1,1035,0,33996,35032,1036,1,0.02957296186343914,33.81467181467181,0.029572961863439138,True
window10,协律,1,1035,0,33996,35032,1036,1,0.02957296186343914,33.81467181467181,0.029572961863439138,True
window10,朱马,1,1035,0,33996,35032,1036,1,0.02957296186343914,33.81467181467181,0.029572961863439138,True
window10,以骚,1,1035,0,33996,35032,1036,1,0.02957296186343914,33.81467181467181,0.029572961863439138,True
window10,桂华,1,1035,0,33996,35032,1036,1,0.02957296186343914,33.81467181467181,0.029572961863439138,True
window10,杂曲,1,1035,0,33996,35032,1036,1,0.02957296186343914,33.81467181467181,0.029572961863439138,True
window10,爽才丽,1,1035,0,33996,35032,1036,1,0.02957296186343914,33.81467181467181,0.029572961863439138,True
window10,宰割,1,1035,0,33996,35032,1036,1,0.02957296186343914,33.81467181467181,0.029572961863439138,True
window10,辞调,1,1035,0,33996,35032,1036,1,0.02957296186343914,33.81467181467181,0.029572961863439138,True
window10,音靡,1,1035,0,33996,35032,1036,1,0.02957296186343914,33.81467181467181,0.029572961863439138,True
window10,节平,1,1035,0,33996,35032,1036,1,0.02957296186343914,33.81467181467181,0.029572961863439138,True
window10,臧洪,1,1035,0,33996,35032,1036,1,0.02957296186343914,33.81467181467181,0.029572961863439138,True
window10,歃辞,1,1035,0,33996,35032,1036,1,0.02957296186343914,33.81467181467181,0.029572961863439138,True
window10,截云,1,1035,0,33996,35032,1036,1,0.02957296186343914,33.81467181467181,0.029572961863439138,True
window10,藻溢于,1,1035,0,33996,35032,1036,1,0.02957296186343914,33.81467181467181,0.029572961863439138,True
window10,辞盈乎,1,1035,0,33996,35032,1036,1,0.02957296186343914,33.81467181467181,0.029572961863439138,True
window10,负俗,1,1035,0,33996,35032,1036,1,0.02957296186343914,33.81467181467181,0.029572961863439138,True
window10,始造,1,1035,0,33996,35032,1036,1,0.02957296186343914,33.81467181467181,0.029572961863439138,True
window10,以申,1,1035,0,33996,35032,1036,1,0.02957296186343914,33.81467181467181,0.029572961863439138,True
window10,放怀,1,1035,0,33996,35032,1036,1,0.02957296186343914,33.81467181467181,0.029572961863439138,True
window10,实使,1,1035,0,33996,35032,1036,1,0.02957296186343914,33.81467181467181,0.029572961863439138,True
window10,御寇,1,1035,0,33996,35032,1036,1,0.02957296186343914,33.81467181467181,0.029572961863439138,True
window10,伟而,1,1035,0,33996,35032,1036,1,0.02957296186343914,33.81467181467181,0.029572961863439138,True
window10,采奇,1,1035,0,33996,35032,1036,1,0.02957296186343914,33.81467181467181,0.029572961863439138,True
window10,体周,1,1035,0,33996,35032,1036,1,0.02957296186343914,33.81467181467181,0.029572961863439138,True
window10,泛采,1,1035,0,33996,35032,1036,1,0.02957296186343914,33.81467181467181,0.029572961863439138,True
window10,之华采,1,1035,0,33996,35032,1036,1,0.02957296186343914,33.81467181467181,0.029572961863439138,True
window10,封策,1,1035,0,33996,35032,1036,1,0.02957296186343914,33.81467181467181,0.029572961863439138,True
window10,风雨,1,1035,0,33996,35032,1036,1,0.02957296186343914,33.81467181467181,0.029572961863439138,True
window10,之润,1,1035,0,33996,35032,1036,1,0.02957296186343914,33.81467181467181,0.029572961863439138,True
window10,奉辞伐罪,1,1035,0,33996,35032,1036,1,0.02957296186343914,33.81467181467181,0.029572961863439138,True
window10,非唯致果,1,1035,0,33996,35032,1036,1,0.02957296186343914,33.81467181467181,0.029572961863439138,True
window10,为毅,1,1035,0,33996,35032,1036,1,0.02957296186343914,33.81467181467181,0.029572961863439138,True
window10,亦且,1,1035,0,33996,35032,1036,1,0.02957296186343914,33.81467181467181,0.029572961863439138,True
window10,厉辞,1,1035,0,33996,35032,1036,1,0.02957296186343914,33.81467181467181,0.029572961863439138,True
window10,使声,1,1035,0,33996,35032,1036,1,0.02957296186343914,33.81467181467181,0.029572961863439138,True
window10,如冲,1,1035,0,33996,35032,1036,1,0.02957296186343914,33.81467181467181,0.029572961863439138,True
window10,风所击,1,1035,0,33996,35032,1036,1,0.02957296186343914,33.81467181467181,0.029572961863439138,True
window10,奋其,1,1035,0,33996,35032,1036,1,0.02957296186343914,33.81467181467181,0.029572961863439138,True
window10,武怒,1,1035,0,33996,35032,1036,1,0.02957296186343914,33.81467181467181,0.029572961863439138,True
window10,罪人,1,1035,0,33996,35032,1036,1,0.02957296186343914,33.81467181467181,0.029572961863439138,True
window10,惩其,1,1035,0,33996,35032,1036,1,0.02957296186343914,33.81467181467181,0.029572961863439138,True
window10,辞缓,1,1035,0,33996,35032,1036,1,0.02957296186343914,33.81467181467181,0.029572961863439138,True
window10,露板,1,1035,0,33996,35032,1036,1,0.02957296186343914,33.81467181467181,0.029572961863439138,True
window10,宣众,1,1035,0,33996,35032,1036,1,0.02957296186343914,33.81467181467181,0.029572961863439138,True
window10,使义,1,1035,0,33996,35032,1036,1,0.02957296186343914,33.81467181467181,0.029572961863439138,True
window10,必事昭而理,1,1035,0,33996,35032,1036,1,0.02957296186343914,33.81467181467181,0.029572961863439138,True
window10,盛而,1,1035,0,33996,35032,1036,1,0.02957296186343914,33.81467181467181,0.029572961863439138,True
window10,辞断,1,1035,0,33996,35032,1036,1,0.02957296186343914,33.81467181467181,0.029572961863439138,True
window10,此其要,1,1035,0,33996,35032,1036,1,0.02957296186343914,33.81467181467181,0.029572961863439138,True
window10,体乏,1,1035,0,33996,35032,1036,1,0.02957296186343914,33.81467181467181,0.029572961863439138,True
window10,弘润,1,1035,0,33996,35032,1036,1,0.02957296186343914,33.81467181467181,0.029572961863439138,True
window10,之荐,1,1035,0,33996,35032,1036,1,0.02957296186343914,33.81467181467181,0.029572961863439138,True
window10,采飞,1,1035,0,33996,35032,1036,1,0.02957296186343914,33.81467181467181,0.029572961863439138,True
window10,故位,1,1035,0,33996,35032,1036,1,0.02957296186343914,33.81467181467181,0.029572961863439138,True
window10,砥砺,1,1035,0,33996,35032,1036,1,0.02957296186343914,33.81467181467181,0.029572961863439138,True
window10,振风,1,1035,0,33996,35032,1036,1,0.02957296186343914,33.81467181467181,0.029572961863439138,True
window10,简上,1,1035,0,33996,35032,1036,1,0.02957296186343914,33.81467181467181,0.029572961863439138,True
window10,凝霜,1,1035,0,33996,35032,1036,1,0.02957296186343914,33.81467181467181,0.029572961863439138,True
window10,儒家,1,1035,0,33996,35032,1036,1,0.02957296186343914,33.81467181467181,0.029572961863439138,True
window10,不畏,1,1035,0,33996,35032,1036,1,0.02957296186343914,33.81467181467181,0.029572961863439138,True
window10,流墨,1,1035,0,33996,35032,1036,1,0.02957296186343914,33.81467181467181,0.029572961863439138,True
window10,无纵,1,1035,0,33996,35032,1036,1,0.02957296186343914,33.81467181467181,0.029572961863439138,True
window10,诡随,1,1035,0,33996,35032,1036,1,0.02957296186343914,33.81467181467181,0.029572961863439138,True
window10,声动,1,1035,0,33996,35032,1036,1,0.02957296186343914,33.81467181467181,0.029572961863439138,True
window10,简外,1,1035,0,33996,35032,1036,1,0.02957296186343914,33.81467181467181,0.029572961863439138,True
window10,绝席,1,1035,0,33996,35032,1036,1,0.02957296186343914,33.81467181467181,0.029572961863439138,True
window10,之雄,1,1035,0,33996,35032,1036,1,0.02957296186343914,33.81467181467181,0.029572961863439138,True
window10,直方,1,1035,0,33996,35032,1036,1,0.02957296186343914,33.81467181467181,0.029572961863439138,True
window10,鲁丕,1,1035,0,33996,35032,1036,1,0.02957296186343914,33.81467181467181,0.029572961863439138,True
window10,中策,1,1035,0,33996,35032,1036,1,0.02957296186343914,33.81467181467181,0.029572961863439138,True
window10,独入,1,1035,0,33996,35032,1036,1,0.02957296186343914,33.81467181467181,0.029572961863439138,True
window10,汉来,1,1035,0,33996,35032,1036,1,0.02957296186343914,33.81467181467181,0.029572961863439138,True
window10,任安,1,1035,0,33996,35032,1036,1,0.02957296186343914,33.81467181467181,0.029572961863439138,True
window10,杨恽,1,1035,0,33996,35032,1036,1,0.02957296186343914,33.81467181467181,0.029572961863439138,True
window10,之酬,1,1035,0,33996,35032,1036,1,0.02957296186343914,33.81467181467181,0.029572961863439138,True
window10,会宗,1,1035,0,33996,35032,1036,1,0.02957296186343914,33.81467181467181,0.029572961863439138,True
window10,子云之答,1,1035,0,33996,35032,1036,1,0.02957296186343914,33.81467181467181,0.029572961863439138,True
window10,含殊,1,1035,0,33996,35032,1036,1,0.02957296186343914,33.81467181467181,0.029572961863439138,True
window10,书体,1,1035,0,33996,35032,1036,1,0.02957296186343914,33.81467181467181,0.029572961863439138,True
window10,尽言,1,1035,0,33996,35032,1036,1,0.02957296186343914,33.81467181467181,0.029572961863439138,True
window10,散郁陶,1,1035,0,33996,35032,1036,1,0.02957296186343914,33.81467181467181,0.029572961863439138,True
window10,故宜涤畅,1,1035,0,33996,35032,1036,1,0.02957296186343914,33.81467181467181,0.029572961863439138,True
window10,以怿怀,1,1035,0,33996,35032,1036,1,0.02957296186343914,33.81467181467181,0.029572961863439138,True
window10,神居,1,1035,0,33996,35032,1036,1,0.02957296186343914,33.81467181467181,0.029572961863439138,True
window10,统其,1,1035,0,33996,35032,1036,1,0.02957296186343914,33.81467181467181,0.029572961863439138,True
window10,辞前,1,1035,0,33996,35032,1036,1,0.02957296186343914,33.81467181467181,0.029572961863439138,True
window10,半折,1,1035,0,33996,35032,1036,1,0.02957296186343914,33.81467181467181,0.029572961863439138,True
window10,心始,1,1035,0,33996,35032,1036,1,0.02957296186343914,33.81467181467181,0.029572961863439138,True
window10,意翻,1,1035,0,33996,35032,1036,1,0.02957296186343914,33.81467181467181,0.029572961863439138,True
window10,空而易奇,1,1035,0,33996,35032,1036,1,0.02957296186343914,33.81467181467181,0.029572961863439138,True
window10,腐毫,1,1035,0,33996,35032,1036,1,0.02957296186343914,33.81467181467181,0.029572961863439138,True
window10,辍翰,1,1035,0,33996,35032,1036,1,0.02957296186343914,33.81467181467181,0.029572961863439138,True
window10,惊梦,1,1035,0,33996,35032,1036,1,0.02957296186343914,33.81467181467181,0.029572961863439138,True
window10,谭疾,1,1035,0,33996,35032,1036,1,0.02957296186343914,33.81467181467181,0.029572961863439138,True
window10,感于,1,1035,0,33996,35032,1036,1,0.02957296186343914,33.81467181467181,0.029572961863439138,True
window10,苦思,1,1035,0,33996,35032,1036,1,0.02957296186343914,33.81467181467181,0.029572961863439138,True
window10,竭于,1,1035,0,33996,35032,1036,1,0.02957296186343914,33.81467181467181,0.029572961863439138,True
window10,研京以,1,1035,0,33996,35032,1036,1,0.02957296186343914,33.81467181467181,0.029572961863439138,True
window10,十年,1,1035,0,33996,35032,1036,1,0.02957296186343914,33.81467181467181,0.029572961863439138,True
window10,一纪,1,1035,0,33996,35032,1036,1,0.02957296186343914,33.81467181467181,0.029572961863439138,True
window10,有庸俊,1,1035,0,33996,35032,1036,1,0.02957296186343914,33.81467181467181,0.029572961863439138,True
window10,学有,1,1035,0,33996,35032,1036,1,0.02957296186343914,33.81467181467181,0.029572961863439138,True
window10,习有雅,1,1035,0,33996,35032,1036,1,0.02957296186343914,33.81467181467181,0.029572961863439138,True
window10,所铄,1,1035,0,33996,35032,1036,1,0.02957296186343914,33.81467181467181,0.029572961863439138,True
window10,风趣,1,1035,0,33996,35032,1036,1,0.02957296186343914,33.81467181467181,0.029572961863439138,True
window10,改其,1,1035,0,33996,35032,1036,1,0.02957296186343914,33.81467181467181,0.029572961863439138,True
window10,功以,1,1035,0,33996,35032,1036,1,0.02957296186343914,33.81467181467181,0.029572961863439138,True
window10,学成,1,1035,0,33996,35032,1036,1,0.02957296186343914,33.81467181467181,0.029572961863439138,True
window10,以实志,1,1035,0,33996,35032,1036,1,0.02957296186343914,33.81467181467181,0.029572961863439138,True
window10,志以,1,1035,0,33996,35032,1036,1,0.02957296186343914,33.81467181467181,0.029572961863439138,True
window10,定言,1,1035,0,33996,35032,1036,1,0.02957296186343914,33.81467181467181,0.029572961863439138,True
window10,故言壮,1,1035,0,33996,35032,1036,1,0.02957296186343914,33.81467181467181,0.029572961863439138,True
window10,情骇,1,1035,0,33996,35032,1036,1,0.02957296186343914,33.81467181467181,0.029572961863439138,True
window10,之恒资,1,1035,0,33996,35032,1036,1,0.02957296186343914,33.81467181467181,0.029572961863439138,True
window10,总六义,1,1035,0,33996,35032,1036,1,0.02957296186343914,33.81467181467181,0.029572961863439138,True
window10,风冠,1,1035,0,33996,35032,1036,1,0.02957296186343914,33.81467181467181,0.029572961863439138,True
window10,其首,1,1035,0,33996,35032,1036,1,0.02957296186343914,33.81467181467181,0.029572961863439138,True
window10,斯乃化,1,1035,0,33996,35032,1036,1,0.02957296186343914,33.81467181467181,0.029572961863439138,True
window10,之待骨,1,1035,0,33996,35032,1036,1,0.02957296186343914,33.81467181467181,0.029572961863439138,True
window10,如体,1,1035,0,33996,35032,1036,1,0.02957296186343914,33.81467181467181,0.029572961863439138,True
window10,之树骸,1,1035,0,33996,35032,1036,1,0.02957296186343914,33.81467181467181,0.029572961863439138,True
window10,情之含,1,1035,0,33996,35032,1036,1,0.02957296186343914,33.81467181467181,0.029572961863439138,True
window10,犹形,1,1035,0,33996,35032,1036,1,0.02957296186343914,33.81467181467181,0.029572961863439138,True
window10,之包,1,1035,0,33996,35032,1036,1,0.02957296186343914,33.81467181467181,0.029572961863439138,True
window10,骏爽,1,1035,0,33996,35032,1036,1,0.02957296186343914,33.81467181467181,0.029572961863439138,True
window10,文风,1,1035,0,33996,35032,1036,1,0.02957296186343914,33.81467181467181,0.029572961863439138,True
window10,清焉,1,1035,0,33996,35032,1036,1,0.02957296186343914,33.81467181467181,0.029572961863439138,True
window10,以缀,1,1035,0,33996,35032,1036,1,0.02957296186343914,33.81467181467181,0.029572961863439138,True
window10,裁篇,1,1035,0,33996,35032,1036,1,0.02957296186343914,33.81467181467181,0.029572961863439138,True
window10,务盈守,1,1035,0,33996,35032,1036,1,0.02957296186343914,33.81467181467181,0.029572961863439138,True
window10,既实,1,1035,0,33996,35032,1036,1,0.02957296186343914,33.81467181467181,0.029572961863439138,True
window10,乃新,1,1035,0,33996,35032,1036,1,0.02957296186343914,33.81467181467181,0.029572961863439138,True
window10,譬征,1,1035,0,33996,35032,1036,1,0.02957296186343914,33.81467181467181,0.029572961863439138,True
window10,使翼,1,1035,0,33996,35032,1036,1,0.02957296186343914,33.81467181467181,0.029572961863439138,True
window10,思不环周,1,1035,0,33996,35032,1036,1,0.02957296186343914,33.81467181467181,0.029572961863439138,True
window10,索莫乏,1,1035,0,33996,35032,1036,1,0.02957296186343914,33.81467181467181,0.029572961863439138,True
window10,无风,1,1035,0,33996,35032,1036,1,0.02957296186343914,33.81467181467181,0.029572961863439138,True
window10,赋仙,1,1035,0,33996,35032,1036,1,0.02957296186343914,33.81467181467181,0.029572961863439138,True
window10,故其论,1,1035,0,33996,35032,1036,1,0.02957296186343914,33.81467181467181,0.029572961863439138,True
window10,云体,1,1035,0,33996,35032,1036,1,0.02957296186343914,33.81467181467181,0.029572961863439138,True
window10,云时,1,1035,0,33996,35032,1036,1,0.02957296186343914,33.81467181467181,0.029572961863439138,True
window10,信含,1,1035,0,33996,35032,1036,1,0.02957296186343914,33.81467181467181,0.029572961863439138,True
window10,笔墨,1,1035,0,33996,35032,1036,1,0.02957296186343914,33.81467181467181,0.029572961863439138,True
window10,之性,1,1035,0,33996,35032,1036,1,0.02957296186343914,33.81467181467181,0.029572961863439138,True
window10,并重,1,1035,0,33996,35032,1036,1,0.02957296186343914,33.81467181467181,0.029572961863439138,True
window10,采而翰,1,1035,0,33996,35032,1036,1,0.02957296186343914,33.81467181467181,0.029572961863439138,True
window10,飞戾,1,1035,0,33996,35032,1036,1,0.02957296186343914,33.81467181467181,0.029572961863439138,True
window10,骨劲,1,1035,0,33996,35032,1036,1,0.02957296186343914,33.81467181467181,0.029572961863439138,True
window10,辞共体,1,1035,0,33996,35032,1036,1,0.02957296186343914,33.81467181467181,0.029572961863439138,True
window10,风昧,1,1035,0,33996,35032,1036,1,0.02957296186343914,33.81467181467181,0.029572961863439138,True
window10,长辔,1,1035,0,33996,35032,1036,1,0.02957296186343914,33.81467181467181,0.029572961863439138,True
window10,远驭,1,1035,0,33996,35032,1036,1,0.02957296186343914,33.81467181467181,0.029572961863439138,True
window10,按节,1,1035,0,33996,35032,1036,1,0.02957296186343914,33.81467181467181,0.029572961863439138,True
window10,凭情,1,1035,0,33996,35032,1036,1,0.02957296186343914,33.81467181467181,0.029572961863439138,True
window10,采如,1,1035,0,33996,35032,1036,1,0.02957296186343914,33.81467181467181,0.029572961863439138,True
window10,之奋,1,1035,0,33996,35032,1036,1,0.02957296186343914,33.81467181467181,0.029572961863439138,True
window10,光若长,1,1035,0,33996,35032,1036,1,0.02957296186343914,33.81467181467181,0.029572961863439138,True
window10,振翼,1,1035,0,33996,35032,1036,1,0.02957296186343914,33.81467181467181,0.029572961863439138,True
window10,所谈,1,1035,0,33996,35032,1036,1,0.02957296186343914,33.81467181467181,0.029572961863439138,True
window10,声合,1,1035,0,33996,35032,1036,1,0.02957296186343914,33.81467181467181,0.029572961863439138,True
window10,乐歌,1,1035,0,33996,35032,1036,1,0.02957296186343914,33.81467181467181,0.029572961863439138,True
window10,力穷于,1,1035,0,33996,35032,1036,1,0.02957296186343914,33.81467181467181,0.029572961863439138,True
window10,一定,1,1035,0,33996,35032,1036,1,0.02957296186343914,33.81467181467181,0.029572961863439138,True
window10,故余声,1,1035,0,33996,35032,1036,1,0.02957296186343914,33.81467181467181,0.029572961863439138,True
window10,易遣,1,1035,0,33996,35032,1036,1,0.02957296186343914,33.81467181467181,0.029572961863439138,True
window10,改韵,1,1035,0,33996,35032,1036,1,0.02957296186343914,33.81467181467181,0.029572961863439138,True
window10,两韵辄易,1,1035,0,33996,35032,1036,1,0.02957296186343914,33.81467181467181,0.029572961863439138,True
window10,无奇类,1,1035,0,33996,35032,1036,1,0.02957296186343914,33.81467181467181,0.029572961863439138,True
window10,文乏,1,1035,0,33996,35032,1036,1,0.02957296186343914,33.81467181467181,0.029572961863439138,True
window10,异采,1,1035,0,33996,35032,1036,1,0.02957296186343914,33.81467181467181,0.029572961863439138,True
window10,昏睡,1,1035,0,33996,35032,1036,1,0.02957296186343914,33.81467181467181,0.029572961863439138,True
window10,宫殿,1,1035,0,33996,35032,1036,1,0.02957296186343914,33.81467181467181,0.029572961863439138,True
window10,揭业,1,1035,0,33996,35032,1036,1,0.02957296186343914,33.81467181467181,0.029572961863439138,True
window10,熠燿,1,1035,0,33996,35032,1036,1,0.02957296186343914,33.81467181467181,0.029572961863439138,True
window10,挟声,1,1035,0,33996,35032,1036,1,0.02957296186343914,33.81467181467181,0.029572961863439138,True
window10,轩翥而,1,1035,0,33996,35032,1036,1,0.02957296186343914,33.81467181467181,0.029572961863439138,True
window10,言必,1,1035,0,33996,35032,1036,1,0.02957296186343914,33.81467181467181,0.029572961863439138,True
window10,鹏运,1,1035,0,33996,35032,1036,1,0.02957296186343914,33.81467181467181,0.029572961863439138,True
window10,靡鸿渐,1,1035,0,33996,35032,1036,1,0.02957296186343914,33.81467181467181,0.029572961863439138,True
window10,寒而事伤,1,1035,0,33996,35032,1036,1,0.02957296186343914,33.81467181467181,0.029572961863439138,True
window10,怨曲,1,1035,0,33996,35032,1036,1,0.02957296186343914,33.81467181467181,0.029572961863439138,True
window10,制养,1,1035,0,33996,35032,1036,1,0.02957296186343914,33.81467181467181,0.029572961863439138,True
window10,验己,1,1035,0,33996,35032,1036,1,0.02957296186343914,33.81467181467181,0.029572961863439138,True
window10,虚造,1,1035,0,33996,35032,1036,1,0.02957296186343914,33.81467181467181,0.029572961863439138,True
window10,钻砺,1,1035,0,33996,35032,1036,1,0.02957296186343914,33.81467181467181,0.029572961863439138,True
window10,过分,1,1035,0,33996,35032,1036,1,0.02957296186343914,33.81467181467181,0.029572961863439138,True
window10,神疲而,1,1035,0,33996,35032,1036,1,0.02957296186343914,33.81467181467181,0.029572961863439138,True
window10,凡童,1,1035,0,33996,35032,1036,1,0.02957296186343914,33.81467181467181,0.029572961863439138,True
window10,少鉴,1,1035,0,33996,35032,1036,1,0.02957296186343914,33.81467181467181,0.029572961863439138,True
window10,而志盛,1,1035,0,33996,35032,1036,1,0.02957296186343914,33.81467181467181,0.029572961863439138,True
window10,长艾识,1,1035,0,33996,35032,1036,1,0.02957296186343914,33.81467181467181,0.029572961863439138,True
window10,盛者,1,1035,0,33996,35032,1036,1,0.02957296186343914,33.81467181467181,0.029572961863439138,True
window10,以胜劳,1,1035,0,33996,35032,1036,1,0.02957296186343914,33.81467181467181,0.029572961863439138,True
window10,衰者虑,1,1035,0,33996,35032,1036,1,0.02957296186343914,33.81467181467181,0.029572961863439138,True
window10,伤神,1,1035,0,33996,35032,1036,1,0.02957296186343914,33.81467181467181,0.029572961863439138,True
window10,斯实,1,1035,0,33996,35032,1036,1,0.02957296186343914,33.81467181467181,0.029572961863439138,True
window10,中人,1,1035,0,33996,35032,1036,1,0.02957296186343914,33.81467181467181,0.029572961863439138,True
window10,之常资,1,1035,0,33996,35032,1036,1,0.02957296186343914,33.81467181467181,0.029572961863439138,True
window10,之大较,1,1035,0,33996,35032,1036,1,0.02957296186343914,33.81467181467181,0.029572961863439138,True
window10,器分,1,1035,0,33996,35032,1036,1,0.02957296186343914,33.81467181467181,0.029572961863439138,True
window10,有限,1,1035,0,33996,35032,1036,1,0.02957296186343914,33.81467181467181,0.029572961863439138,True
window10,智用,1,1035,0,33996,35032,1036,1,0.02957296186343914,33.81467181467181,0.029572961863439138,True
window10,惭凫企鹤,1,1035,0,33996,35032,1036,1,0.02957296186343914,33.81467181467181,0.029572961863439138,True
window10,沥辞,1,1035,0,33996,35032,1036,1,0.02957296186343914,33.81467181467181,0.029572961863439138,True
window10,镌思,1,1035,0,33996,35032,1036,1,0.02957296186343914,33.81467181467181,0.029572961863439138,True
window10,内销,1,1035,0,33996,35032,1036,1,0.02957296186343914,33.81467181467181,0.029572961863439138,True
window10,尾闾,1,1035,0,33996,35032,1036,1,0.02957296186343914,33.81467181467181,0.029572961863439138,True
window10,之波,1,1035,0,33996,35032,1036,1,0.02957296186343914,33.81467181467181,0.029572961863439138,True
window10,神志,1,1035,0,33996,35032,1036,1,0.02957296186343914,33.81467181467181,0.029572961863439138,True
window10,外伤,1,1035,0,33996,35032,1036,1,0.02957296186343914,33.81467181467181,0.029572961863439138,True
window10,牛山,1,1035,0,33996,35032,1036,1,0.02957296186343914,33.81467181467181,0.029572961863439138,True
window10,销铄,1,1035,0,33996,35032,1036,1,0.02957296186343914,33.81467181467181,0.029572961863439138,True
window10,精胆,1,1035,0,33996,35032,1036,1,0.02957296186343914,33.81467181467181,0.029572961863439138,True
window10,蹙迫,1,1035,0,33996,35032,1036,1,0.02957296186343914,33.81467181467181,0.029572961863439138,True
window10,秉牍,1,1035,0,33996,35032,1036,1,0.02957296186343914,33.81467181467181,0.029572961863439138,True
window10,驱龄,1,1035,0,33996,35032,1036,1,0.02957296186343914,33.81467181467181,0.029572961863439138,True
window10,洒翰,1,1035,0,33996,35032,1036,1,0.02957296186343914,33.81467181467181,0.029572961863439138,True
window10,以伐性,1,1035,0,33996,35032,1036,1,0.02957296186343914,33.81467181467181,0.029572961863439138,True
window10,素心,1,1035,0,33996,35032,1036,1,0.02957296186343914,33.81467181467181,0.029572961863439138,True
window10,节宣,1,1035,0,33996,35032,1036,1,0.02957296186343914,33.81467181467181,0.029572961863439138,True
window10,条畅,1,1035,0,33996,35032,1036,1,0.02957296186343914,33.81467181467181,0.029572961863439138,True
window10,烦而,1,1035,0,33996,35032,1036,1,0.02957296186343914,33.81467181467181,0.029572961863439138,True
window10,即舍,1,1035,0,33996,35032,1036,1,0.02957296186343914,33.81467181467181,0.029572961863439138,True
window10,意得,1,1035,0,33996,35032,1036,1,0.02957296186343914,33.81467181467181,0.029572961863439138,True
window10,舒怀,1,1035,0,33996,35032,1036,1,0.02957296186343914,33.81467181467181,0.029572961863439138,True
window10,文勇,1,1035,0,33996,35032,1036,1,0.02957296186343914,33.81467181467181,0.029572961863439138,True
window10,使刃,1,1035,0,33996,35032,1036,1,0.02957296186343914,33.81467181467181,0.029572961863439138,True
window10,发如新,1,1035,0,33996,35032,1036,1,0.02957296186343914,33.81467181467181,0.029572961863439138,True
window10,胎息,1,1035,0,33996,35032,1036,1,0.02957296186343914,33.81467181467181,0.029572961863439138,True
window10,迈术,1,1035,0,33996,35032,1036,1,0.02957296186343914,33.81467181467181,0.029572961863439138,True
window10,斯亦卫,1,1035,0,33996,35032,1036,1,0.02957296186343914,33.81467181467181,0.029572961863439138,True
window10,一方,1,1035,0,33996,35032,1036,1,0.02957296186343914,33.81467181467181,0.029572961863439138,True
window10,元神,1,1035,0,33996,35032,1036,1,0.02957296186343914,33.81467181467181,0.029572961863439138,True
window10,宜宝,1,1035,0,33996,35032,1036,1,0.02957296186343914,33.81467181467181,0.029572961863439138,True
window10,资养,1,1035,0,33996,35032,1036,1,0.02957296186343914,33.81467181467181,0.029572961863439138,True
window10,献可替否,1,1035,0,33996,35032,1036,1,0.02957296186343914,33.81467181467181,0.029572961863439138,True
window10,以裁厥,1,1035,0,33996,35032,1036,1,0.02957296186343914,33.81467181467181,0.029572961863439138,True
window10,数逢,1,1035,0,33996,35032,1036,1,0.02957296186343914,33.81467181467181,0.029572961863439138,True
window10,机入,1,1035,0,33996,35032,1036,1,0.02957296186343914,33.81467181467181,0.029572961863439138,True
window10,其巧,1,1035,0,33996,35032,1036,1,0.02957296186343914,33.81467181467181,0.029572961863439138,True
window10,义味,1,1035,0,33996,35032,1036,1,0.02957296186343914,33.81467181467181,0.029572961863439138,True
window10,而生,1,1035,0,33996,35032,1036,1,0.02957296186343914,33.81467181467181,0.029572961863439138,True
window10,丛杂,1,1035,0,33996,35032,1036,1,0.02957296186343914,33.81467181467181,0.029572961863439138,True
window10,视之则,1,1035,0,33996,35032,1036,1,0.02957296186343914,33.81467181467181,0.029572961863439138,True
window10,锦绘,1,1035,0,33996,35032,1036,1,0.02957296186343914,33.81467181467181,0.029572961863439138,True
window10,丝簧,1,1035,0,33996,35032,1036,1,0.02957296186343914,33.81467181467181,0.029572961863439138,True
window10,味之则,1,1035,0,33996,35032,1036,1,0.02957296186343914,33.81467181467181,0.029572961863439138,True
window10,乱离,1,1035,0,33996,35032,1036,1,0.02957296186343914,33.81467181467181,0.029572961863439138,True
window10,风衰俗,1,1035,0,33996,35032,1036,1,0.02957296186343914,33.81467181467181,0.029572961863439138,True
window10,并志深,1,1035,0,33996,35032,1036,1,0.02957296186343914,33.81467181467181,0.029572961863439138,True
window10,笔长,1,1035,0,33996,35032,1036,1,0.02957296186343914,33.81467181467181,0.029572961863439138,True
window10,至明,1,1035,0,33996,35032,1036,1,0.02957296186343914,33.81467181467181,0.029572961863439138,True
window10,帝纂,1,1035,0,33996,35032,1036,1,0.02957296186343914,33.81467181467181,0.029572961863439138,True
window10,制诗,1,1035,0,33996,35032,1036,1,0.02957296186343914,33.81467181467181,0.029572961863439138,True
window10,度曲,1,1035,0,33996,35032,1036,1,0.02957296186343914,33.81467181467181,0.029572961863439138,True
window10,自中,1,1035,0,33996,35032,1036,1,0.02957296186343914,33.81467181467181,0.029572961863439138,True
window10,朝贵,1,1035,0,33996,35032,1036,1,0.02957296186343914,33.81467181467181,0.029572961863439138,True
window10,称盛,1,1035,0,33996,35032,1036,1,0.02957296186343914,33.81467181467181,0.029572961863439138,True
window10,因谈余,1,1035,0,33996,35032,1036,1,0.02957296186343914,33.81467181467181,0.029572961863439138,True
window10,流成,1,1035,0,33996,35032,1036,1,0.02957296186343914,33.81467181467181,0.029572961863439138,True
window10,盖阳,1,1035,0,33996,35032,1036,1,0.02957296186343914,33.81467181467181,0.029572961863439138,True
window10,萌而,1,1035,0,33996,35032,1036,1,0.02957296186343914,33.81467181467181,0.029572961863439138,True
window10,玄驹步,1,1035,0,33996,35032,1036,1,0.02957296186343914,33.81467181467181,0.029572961863439138,True
window10,阴律,1,1035,0,33996,35032,1036,1,0.02957296186343914,33.81467181467181,0.029572961863439138,True
window10,凝而丹,1,1035,0,33996,35032,1036,1,0.02957296186343914,33.81467181467181,0.029572961863439138,True
window10,微虫,1,1035,0,33996,35032,1036,1,0.02957296186343914,33.81467181467181,0.029572961863439138,True
window10,入感,1,1035,0,33996,35032,1036,1,0.02957296186343914,33.81467181467181,0.029572961863439138,True
window10,其惠心,1,1035,0,33996,35032,1036,1,0.02957296186343914,33.81467181467181,0.029572961863439138,True
window10,秀其清,1,1035,0,33996,35032,1036,1,0.02957296186343914,33.81467181467181,0.029572961863439138,True
window10,相召,1,1035,0,33996,35032,1036,1,0.02957296186343914,33.81467181467181,0.029572961863439138,True
window10,获安,1,1035,0,33996,35032,1036,1,0.02957296186343914,33.81467181467181,0.029572961863439138,True
window10,天高,1,1035,0,33996,35032,1036,1,0.02957296186343914,33.81467181467181,0.029572961863439138,True
window10,阴沈之,1,1035,0,33996,35032,1036,1,0.02957296186343914,33.81467181467181,0.029572961863439138,True
window10,志远,1,1035,0,33996,35032,1036,1,0.02957296186343914,33.81467181467181,0.029572961863439138,True
window10,随物,1,1035,0,33996,35032,1036,1,0.02957296186343914,33.81467181467181,0.029572961863439138,True
window10,膏润于,1,1035,0,33996,35032,1036,1,0.02957296186343914,33.81467181467181,0.029572961863439138,True
window10,有篇美,1,1035,0,33996,35032,1036,1,0.02957296186343914,33.81467181467181,0.029572961863439138,True
window10,以遣论,1,1035,0,33996,35032,1036,1,0.02957296186343914,33.81467181467181,0.029572961863439138,True
window10,以命,1,1035,0,33996,35032,1036,1,0.02957296186343914,33.81467181467181,0.029572961863439138,True
window10,殊声,1,1035,0,33996,35032,1036,1,0.02957296186343914,33.81467181467181,0.029572961863439138,True
window10,合响,1,1035,0,33996,35032,1036,1,0.02957296186343914,33.81467181467181,0.029572961863439138,True
window10,异翮,1,1035,0,33996,35032,1036,1,0.02957296186343914,33.81467181467181,0.029572961863439138,True
window10,同飞,1,1035,0,33996,35032,1036,1,0.02957296186343914,33.81467181467181,0.029572961863439138,True
window10,夫有,1,1035,0,33996,35032,1036,1,0.02957296186343914,33.81467181467181,0.029572961863439138,True
window10,肖貌,1,1035,0,33996,35032,1036,1,0.02957296186343914,33.81467181467181,0.029572961863439138,True
window10,禀性,1,1035,0,33996,35032,1036,1,0.02957296186343914,33.81467181467181,0.029572961863439138,True
window10,五才,1,1035,0,33996,35032,1036,1,0.02957296186343914,33.81467181467181,0.029572961863439138,True
window10,方声,1,1035,0,33996,35032,1036,1,0.02957296186343914,33.81467181467181,0.029572961863439138,True
window10,风雷,1,1035,0,33996,35032,1036,1,0.02957296186343914,33.81467181467181,0.029572961863439138,True
window10,超出,1,1035,0,33996,35032,1036,1,0.02957296186343914,33.81467181467181,0.029572961863439138,True
window10,已灵,1,1035,0,33996,35032,1036,1,0.02957296186343914,33.81467181467181,0.029572961863439138,True
window10,感人,1,1035,0,33996,35032,1036,1,0.02957296186343914,33.81467181467181,0.029572961863439138,True
window10,摇荡,1,1035,0,33996,35032,1036,1,0.02957296186343914,33.81467181467181,0.029572961863439138,True
window10,行诸舞,1,1035,0,33996,35032,1036,1,0.02957296186343914,33.81467181467181,0.029572961863439138,True
window10,刘越,1,1035,0,33996,35032,1036,1,0.02957296186343914,33.81467181467181,0.029572961863439138,True
window10,石仗,1,1035,0,33996,35032,1036,1,0.02957296186343914,33.81467181467181,0.029572961863439138,True
window10,清刚,1,1035,0,33996,35032,1036,1,0.02957296186343914,33.81467181467181,0.029572961863439138,True
window10,赞成,1,1035,0,33996,35032,1036,1,0.02957296186343914,33.81467181467181,0.029572961863439138,True
window10,负戈外,1,1035,0,33996,35032,1036,1,0.02957296186343914,33.81467181467181,0.029572961863439138,True
window10,雄边,1,1035,0,33996,35032,1036,1,0.02957296186343914,33.81467181467181,0.029572961863439138,True
window10,奇高,1,1035,0,33996,35032,1036,1,0.02957296186343914,33.81467181467181,0.029572961863439138,True
window10,采华茂,1,1035,0,33996,35032,1036,1,0.02957296186343914,33.81467181467181,0.029572961863439138,True
window10,情兼雅怨,1,1035,0,33996,35032,1036,1,0.02957296186343914,33.81467181467181,0.029572961863439138,True
window10,粲溢,1,1035,0,33996,35032,1036,1,0.02957296186343914,33.81467181467181,0.029572961863439138,True
window10,卓尔不群,1,1035,0,33996,35032,1036,1,0.02957296186343914,33.81467181467181,0.029572961863439138,True
window10,动多振绝,1,1035,0,33996,35032,1036,1,0.02957296186343914,33.81467181467181,0.029572961863439138,True
window10,雕润,1,1035,0,33996,35032,1036,1,0.02957296186343914,33.81467181467181,0.029572961863439138,True
window10,少于,1,1035,0,33996,35032,1036,1,0.02957296186343914,33.81467181467181,0.029572961863439138,True
window10,劣于,1,1035,0,33996,35032,1036,1,0.02957296186343914,33.81467181467181,0.029572961863439138,True
window10,疏亮,1,1035,0,33996,35032,1036,1,0.02957296186343914,33.81467181467181,0.029572961863439138,True
window10,犹恨,1,1035,0,33996,35032,1036,1,0.02957296186343914,33.81467181467181,0.029572961863439138,True
window10,儿女情,1,1035,0,33996,35032,1036,1,0.02957296186343914,33.81467181467181,0.029572961863439138,True
window10,凄戾,1,1035,0,33996,35032,1036,1,0.02957296186343914,33.81467181467181,0.029572961863439138,True
window10,调警拔,1,1035,0,33996,35032,1036,1,0.02957296186343914,33.81467181467181,0.029572961863439138,True
window10,许其进,1,1035,0,33996,35032,1036,1,0.02957296186343914,33.81467181467181,0.029572961863439138,True
window10,逮止,1,1035,0,33996,35032,1036,1,0.02957296186343914,33.81467181467181,0.029572961863439138,True
window10,逸诗,1,1035,0,33996,35032,1036,1,0.02957296186343914,33.81467181467181,0.029572961863439138,True
window10,尝语,1,1035,0,33996,35032,1036,1,0.02957296186343914,33.81467181467181,0.029572961863439138,True
sentence,公干,6,96,11,3853,3966,102,17,0.4372163388804841,13.72318339100346,2.457335803218058e-06,True
sentence,不可,4,98,31,3833,3966,102,35,0.9001512859304085,4.443697478991597,0.011707881552906522,True
sentence,若夫,4,98,31,3833,3966,102,35,0.9001512859304085,4.443697478991597,0.011707881552906522,True
sentence,孔融,3,99,6,3858,3966,102,9,0.2314674735249622,12.96078431372549,0.0012397138418449763,True
sentence,长于,2,100,4,3860,3966,102,6,0.15431164901664146,12.96078431372549,0.009184166253628202,True
sentence,高妙,2,100,0,3864,3966,102,2,0.05143721633888049,38.88235294117647,0.000655127219448541,True
sentence,文以,2,100,4,3860,3966,102,6,0.15431164901664146,12.96078431372549,0.009184166253628202,True
sentence,为主,2,100,3,3861,3966,102,5,0.12859304084720122,15.552941176470588,0.006226885794742575,True
sentence,清浊,2,100,6,3858,3966,102,8,0.20574886535552195,9.720588235294118,0.016576994667051537,True
sentence,有体,2,100,1,3863,3966,102,3,0.07715582450832073,25.92156862745098,0.0019323278127629513,True
sentence,力强,2,100,1,3863,3966,102,3,0.07715582450832073,25.92156862745098,0.0019323278127629513,True
sentence,而致,2,100,1,3863,3966,102,3,0.07715582450832073,25.92156862745098,0.0019323278127629513,True
sentence,当时,2,100,4,3860,3966,102,6,0.15431164901664146,12.96078431372549,0.009184166253628202,True
sentence,然后,2,100,11,3853,3966,102,13,0.33434190620272314,5.981900452488688,0.042481621336893434,True
sentence,慷慨,2,100,4,3860,3966,102,6,0.15431164901664146,12.96078431372549,0.009184166253628202,True
sentence,宫商,2,100,10,3854,3966,102,12,0.3086232980332829,6.480392156862745,0.03654842315360709,True
sentence,刚柔,2,100,4,3860,3966,102,6,0.15431164901664146,12.96078431372549,0.009184166253628202,True
sentence,情性,2,100,6,3858,3966,102,8,0.20574886535552195,9.720588235294118,0.016576994667051537,True
sentence,江左,2,100,3,3861,3966,102,5,0.12859304084720122,15.552941176470588,0.006226885794742575,True
sentence,体制,2,100,2,3862,3966,102,4,0.10287443267776097,19.441176470588236,0.003799786515251054,True
sentence,英华,2,100,5,3859,3966,102,7,0.1800302571860817,11.109243697478991,0.012643288244930773,True
sentence,耳目,2,100,4,3860,3966,102,6,0.15431164901664146,12.96078431372549,0.009184166253628202,True
sentence,吐纳,2,100,7,3857,3966,102,9,0.2314674735249622,8.640522875816993,0.020959074902824837,True
sentence,以任,2,100,0,3864,3966,102,2,0.05143721633888049,38.88235294117647,0.000655127219448541,True
sentence,大略,2,100,3,3861,3966,102,5,0.12859304084720122,15.552941176470588,0.006226885794742575,True
sentence,必使,2,100,4,3860,3966,102,6,0.15431164901664146,12.96078431372549,0.009184166253628202,True
sentence,刚健,2,100,0,3864,3966,102,2,0.05143721633888049,38.88235294117647,0.000655127219448541,True
sentence,法家,2,100,1,3863,3966,102,3,0.07715582450832073,25.92156862745098,0.0019323278127629513,True
sentence,祢衡,2,100,2,3862,3966,102,4,0.10287443267776097,19.441176470588236,0.003799786515251054,True
sentence,关键,2,100,1,3863,3966,102,3,0.07715582450832073,25.92156862745098,0.0019323278127629513,True
sentence,王充,2,100,0,3864,3966,102,2,0.05143721633888049,38.88235294117647,0.000655127219448541,True
sentence,肇自血,2,100,0,3864,3966,102,2,0.05143721633888049,38.88235294117647,0.000655127219448541,True
sentence,思锐,2,100,0,3864,3966,102,2,0.05143721633888049,38.88235294117647,0.000655127219448541,True
sentence,谈笑,2,100,2,3862,3966,102,4,0.10287443267776097,19.441176470588236,0.003799786515251054,True
sentence,动物,2,100,0,3864,3966,102,2,0.05143721633888049,38.88235294117647,0.000655127219448541,True
sentence,徐干时,1,101,0,3864,3966,102,1,0.025718608169440244,38.88235294117647,0.025718608169440244,True
sentence,之匹,1,101,0,3864,3966,102,1,0.025718608169440244,38.88235294117647,0.025718608169440244,True
sentence,有过,1,101,0,3864,3966,102,1,0.025718608169440244,38.88235294117647,0.025718608169440244,True
sentence,人者,1,101,0,3864,3966,102,1,0.025718608169440244,38.88235294117647,0.025718608169440244,True
sentence,不齐,1,101,0,3864,3966,102,1,0.025718608169440244,38.88235294117647,0.025718608169440244,True
sentence,有素,1,101,0,3864,3966,102,1,0.025718608169440244,38.88235294117647,0.025718608169440244,True
sentence,父兄,1,101,0,3864,3966,102,1,0.025718608169440244,38.88235294117647,0.025718608169440244,True
sentence,以移,1,101,0,3864,3966,102,1,0.025718608169440244,38.88235294117647,0.025718608169440244,True
sentence,子弟,1,101,0,3864,3966,102,1,0.025718608169440244,38.88235294117647,0.025718608169440244,True
sentence,有逸,1,101,0,3864,3966,102,1,0.025718608169440244,38.88235294117647,0.025718608169440244,True
sentence,妙绝,1,101,0,3864,3966,102,1,0.025718608169440244,38.88235294117647,0.025718608169440244,True
sentence,芬馥,1,101,0,3864,3966,102,1,0.025718608169440244,38.88235294117647,0.025718608169440244,True
sentence,非容,1,101,0,3864,3966,102,1,0.025718608169440244,38.88235294117647,0.025718608169440244,True
sentence,所假,1,101,0,3864,3966,102,1,0.025718608169440244,38.88235294117647,0.025718608169440244,True
sentence,虽虞夏,1,101,0,3864,3966,102,1,0.025718608169440244,38.88235294117647,0.025718608169440244,True
sentence,怀灵,1,101,0,3864,3966,102,1,0.025718608169440244,38.88235294117647,0.025718608169440244,True
sentence,理无,1,101,0,3864,3966,102,1,0.025718608169440244,38.88235294117647,0.025718608169440244,True
sentence,清辞丽曲,1,101,0,3864,3966,102,1,0.025718608169440244,38.88235294117647,0.025718608169440244,True
sentence,音累,1,101,0,3864,3966,102,1,0.025718608169440244,38.88235294117647,0.025718608169440244,True
sentence,固亦多,1,101,0,3864,3966,102,1,0.025718608169440244,38.88235294117647,0.025718608169440244,True
sentence,相如巧,1,101,0,3864,3966,102,1,0.025718608169440244,38.88235294117647,0.025718608169440244,True
sentence,仲宣以,1,101,0,3864,3966,102,1,0.025718608169440244,38.88235294117647,0.025718608169440244,True
sentence,质为体,1,101,0,3864,3966,102,1,0.025718608169440244,38.88235294117647,0.025718608169440244,True
sentence,标能,1,101,0,3864,3966,102,1,0.025718608169440244,38.88235294117647,0.025718608169440244,True
sentence,独映,1,101,0,3864,3966,102,1,0.025718608169440244,38.88235294117647,0.025718608169440244,True
sentence,仲文始,1,101,0,3864,3966,102,1,0.025718608169440244,38.88235294117647,0.025718608169440244,True
sentence,革孙,1,101,0,3864,3966,102,1,0.025718608169440244,38.88235294117647,0.025718608169440244,True
sentence,许之风,1,101,0,3864,3966,102,1,0.025718608169440244,38.88235294117647,0.025718608169440244,True
sentence,大变,1,101,0,3864,3966,102,1,0.025718608169440244,38.88235294117647,0.025718608169440244,True
sentence,太元,1,101,0,3864,3966,102,1,0.025718608169440244,38.88235294117647,0.025718608169440244,True
sentence,蕴思,1,101,0,3864,3966,102,1,0.025718608169440244,38.88235294117647,0.025718608169440244,True
sentence,内运,1,101,0,3864,3966,102,1,0.025718608169440244,38.88235294117647,0.025718608169440244,True
sentence,落纸,1,101,0,3864,3966,102,1,0.025718608169440244,38.88235294117647,0.025718608169440244,True
sentence,风味,1,101,0,3864,3966,102,1,0.025718608169440244,38.88235294117647,0.025718608169440244,True
sentence,郭璞举,1,101,0,3864,3966,102,1,0.025718608169440244,38.88235294117647,0.025718608169440244,True
sentence,其灵变,1,101,0,3864,3966,102,1,0.025718608169440244,38.88235294117647,0.025718608169440244,True
sentence,极其,1,101,0,3864,3966,102,1,0.025718608169440244,38.88235294117647,0.025718608169440244,True
sentence,仲文玄,1,101,0,3864,3966,102,1,0.025718608169440244,38.88235294117647,0.025718608169440244,True
sentence,谢混情,1,101,0,3864,3966,102,1,0.025718608169440244,38.88235294117647,0.025718608169440244,True
sentence,得名,1,101,0,3864,3966,102,1,0.025718608169440244,38.88235294117647,0.025718608169440244,True
sentence,未盛,1,101,0,3864,3966,102,1,0.025718608169440244,38.88235294117647,0.025718608169440244,True
sentence,蛾眉,1,101,0,3864,3966,102,1,0.025718608169440244,38.88235294117647,0.025718608169440244,True
sentence,同貌,1,101,0,3864,3966,102,1,0.025718608169440244,38.88235294117647,0.025718608169440244,True
sentence,而俱动,1,101,0,3864,3966,102,1,0.025718608169440244,38.88235294117647,0.025718608169440244,True
sentence,于魄,1,101,0,3864,3966,102,1,0.025718608169440244,38.88235294117647,0.025718608169440244,True
sentence,芳草,1,101,0,3864,3966,102,1,0.025718608169440244,38.88235294117647,0.025718608169440244,True
sentence,宁其,1,101,0,3864,3966,102,1,0.025718608169440244,38.88235294117647,0.025718608169440244,True
sentence,而皆悦,1,101,0,3864,3966,102,1,0.025718608169440244,38.88235294117647,0.025718608169440244,True
sentence,不其然,1,101,0,3864,3966,102,1,0.025718608169440244,38.88235294117647,0.025718608169440244,True
sentence,成采,1,101,0,3864,3966,102,1,0.025718608169440244,38.88235294117647,0.025718608169440244,True
sentence,往轹,1,101,0,3864,3966,102,1,0.025718608169440244,38.88235294117647,0.025718608169440244,True
sentence,辞来切,1,101,0,3864,3966,102,1,0.025718608169440244,38.88235294117647,0.025718608169440244,True
sentence,惊采绝艳,1,101,0,3864,3966,102,1,0.025718608169440244,38.88235294117647,0.025718608169440244,True
sentence,并怜,1,101,0,3864,3966,102,1,0.025718608169440244,38.88235294117647,0.025718608169440244,True
sentence,风月,1,101,0,3864,3966,102,1,0.025718608169440244,38.88235294117647,0.025718608169440244,True
sentence,池苑,1,101,0,3864,3966,102,1,0.025718608169440244,38.88235294117647,0.025718608169440244,True
sentence,述恩荣,1,101,0,3864,3966,102,1,0.025718608169440244,38.88235294117647,0.025718608169440244,True
sentence,叙酣宴,1,101,0,3864,3966,102,1,0.025718608169440244,38.88235294117647,0.025718608169440244,True
sentence,以使,1,101,0,3864,3966,102,1,0.025718608169440244,38.88235294117647,0.025718608169440244,True
sentence,庶妇,1,101,0,3864,3966,102,1,0.025718608169440244,38.88235294117647,0.025718608169440244,True
sentence,诗官,1,101,0,3864,3966,102,1,0.025718608169440244,38.88235294117647,0.025718608169440244,True
sentence,采言,1,101,0,3864,3966,102,1,0.025718608169440244,38.88235294117647,0.025718608169440244,True
sentence,乐盲,1,101,0,3864,3966,102,1,0.025718608169440244,38.88235294117647,0.025718608169440244,True
sentence,被律,1,101,0,3864,3966,102,1,0.025718608169440244,38.88235294117647,0.025718608169440244,True
sentence,志感丝,1,101,0,3864,3966,102,1,0.025718608169440244,38.88235294117647,0.025718608169440244,True
sentence,崇礼,1,101,0,3864,3966,102,1,0.025718608169440244,38.88235294117647,0.025718608169440244,True
sentence,赵代之音,1,101,0,3864,3966,102,1,0.025718608169440244,38.88235294117647,0.025718608169440244,True
sentence,曼声,1,101,0,3864,3966,102,1,0.025718608169440244,38.88235294117647,0.025718608169440244,True
sentence,协律,1,101,0,3864,3966,102,1,0.025718608169440244,38.88235294117647,0.025718608169440244,True
sentence,朱马,1,101,0,3864,3966,102,1,0.025718608169440244,38.88235294117647,0.025718608169440244,True
sentence,以骚,1,101,0,3864,3966,102,1,0.025718608169440244,38.88235294117647,0.025718608169440244,True
sentence,桂华,1,101,0,3864,3966,102,1,0.025718608169440244,38.88235294117647,0.025718608169440244,True
sentence,杂曲,1,101,0,3864,3966,102,1,0.025718608169440244,38.88235294117647,0.025718608169440244,True
sentence,赤雁,1,101,0,3864,3966,102,1,0.025718608169440244,38.88235294117647,0.025718608169440244,True
sentence,非典,1,101,0,3864,3966,102,1,0.025718608169440244,38.88235294117647,0.025718608169440244,True
sentence,河间,1,101,0,3864,3966,102,1,0.025718608169440244,38.88235294117647,0.025718608169440244,True
sentence,荐雅,1,101,0,3864,3966,102,1,0.025718608169440244,38.88235294117647,0.025718608169440244,True
sentence,罕御,1,101,0,3864,3966,102,1,0.025718608169440244,38.88235294117647,0.025718608169440244,True
sentence,黯致,1,101,0,3864,3966,102,1,0.025718608169440244,38.88235294117647,0.025718608169440244,True
sentence,讥于,1,101,0,3864,3966,102,1,0.025718608169440244,38.88235294117647,0.025718608169440244,True
sentence,天马,1,101,0,3864,3966,102,1,0.025718608169440244,38.88235294117647,0.025718608169440244,True
sentence,爽才丽,1,101,0,3864,3966,102,1,0.025718608169440244,38.88235294117647,0.025718608169440244,True
sentence,宰割,1,101,0,3864,3966,102,1,0.025718608169440244,38.88235294117647,0.025718608169440244,True
sentence,辞调,1,101,0,3864,3966,102,1,0.025718608169440244,38.88235294117647,0.025718608169440244,True
sentence,音靡,1,101,0,3864,3966,102,1,0.025718608169440244,38.88235294117647,0.025718608169440244,True
sentence,节平,1,101,0,3864,3966,102,1,0.025718608169440244,38.88235294117647,0.025718608169440244,True
sentence,臧洪,1,101,0,3864,3966,102,1,0.025718608169440244,38.88235294117647,0.025718608169440244,True
sentence,歃辞,1,101,0,3864,3966,102,1,0.025718608169440244,38.88235294117647,0.025718608169440244,True
sentence,截云,1,101,0,3864,3966,102,1,0.025718608169440244,38.88235294117647,0.025718608169440244,True
sentence,藻溢于,1,101,0,3864,3966,102,1,0.025718608169440244,38.88235294117647,0.025718608169440244,True
sentence,辞盈乎,1,101,0,3864,3966,102,1,0.025718608169440244,38.88235294117647,0.025718608169440244,True
sentence,宋玉含,1,101,0,3864,3966,102,1,0.025718608169440244,38.88235294117647,0.025718608169440244,True
sentence,负俗,1,101,0,3864,3966,102,1,0.025718608169440244,38.88235294117647,0.025718608169440244,True
sentence,始造,1,101,0,3864,3966,102,1,0.025718608169440244,38.88235294117647,0.025718608169440244,True
sentence,以申,1,101,0,3864,3966,102,1,0.025718608169440244,38.88235294117647,0.025718608169440244,True
sentence,放怀,1,101,0,3864,3966,102,1,0.025718608169440244,38.88235294117647,0.025718608169440244,True
sentence,实使,1,101,0,3864,3966,102,1,0.025718608169440244,38.88235294117647,0.025718608169440244,True
sentence,御寇,1,101,0,3864,3966,102,1,0.025718608169440244,38.88235294117647,0.025718608169440244,True
sentence,伟而,1,101,0,3864,3966,102,1,0.025718608169440244,38.88235294117647,0.025718608169440244,True
sentence,采奇,1,101,0,3864,3966,102,1,0.025718608169440244,38.88235294117647,0.025718608169440244,True
sentence,鉴远,1,101,0,3864,3966,102,1,0.025718608169440244,38.88235294117647,0.025718608169440244,True
sentence,体周,1,101,0,3864,3966,102,1,0.025718608169440244,38.88235294117647,0.025718608169440244,True
sentence,泛采,1,101,0,3864,3966,102,1,0.025718608169440244,38.88235294117647,0.025718608169440244,True
sentence,之华采,1,101,0,3864,3966,102,1,0.025718608169440244,38.88235294117647,0.025718608169440244,True
sentence,封策,1,101,0,3864,3966,102,1,0.025718608169440244,38.88235294117647,0.025718608169440244,True
sentence,风雨,1,101,0,3864,3966,102,1,0.025718608169440244,38.88235294117647,0.025718608169440244,True
sentence,之润,1,101,0,3864,3966,102,1,0.025718608169440244,38.88235294117647,0.025718608169440244,True
sentence,故分,1,101,0,3864,3966,102,1,0.025718608169440244,38.88235294117647,0.025718608169440244,True
sentence,推毂,1,101,0,3864,3966,102,1,0.025718608169440244,38.88235294117647,0.025718608169440244,True
sentence,奉辞伐罪,1,101,0,3864,3966,102,1,0.025718608169440244,38.88235294117647,0.025718608169440244,True
sentence,非唯致果,1,101,0,3864,3966,102,1,0.025718608169440244,38.88235294117647,0.025718608169440244,True
sentence,为毅,1,101,0,3864,3966,102,1,0.025718608169440244,38.88235294117647,0.025718608169440244,True
sentence,亦且,1,101,0,3864,3966,102,1,0.025718608169440244,38.88235294117647,0.025718608169440244,True
sentence,厉辞,1,101,0,3864,3966,102,1,0.025718608169440244,38.88235294117647,0.025718608169440244,True
sentence,使声,1,101,0,3864,3966,102,1,0.025718608169440244,38.88235294117647,0.025718608169440244,True
sentence,如冲,1,101,0,3864,3966,102,1,0.025718608169440244,38.88235294117647,0.025718608169440244,True
sentence,风所击,1,101,0,3864,3966,102,1,0.025718608169440244,38.88235294117647,0.025718608169440244,True
sentence,奋其,1,101,0,3864,3966,102,1,0.025718608169440244,38.88235294117647,0.025718608169440244,True
sentence,武怒,1,101,0,3864,3966,102,1,0.025718608169440244,38.88235294117647,0.025718608169440244,True
sentence,罪人,1,101,0,3864,3966,102,1,0.025718608169440244,38.88235294117647,0.025718608169440244,True
sentence,惩其,1,101,0,3864,3966,102,1,0.025718608169440244,38.88235294117647,0.025718608169440244,True
sentence,恶稔,1,101,0,3864,3966,102,1,0.025718608169440244,38.88235294117647,0.025718608169440244,True
sentence,显其贯,1,101,0,3864,3966,102,1,0.025718608169440244,38.88235294117647,0.025718608169440244,True
sentence,盈之数,1,101,0,3864,3966,102,1,0.025718608169440244,38.88235294117647,0.025718608169440244,True
sentence,奸宄,1,101,0,3864,3966,102,1,0.025718608169440244,38.88235294117647,0.025718608169440244,True
sentence,之胆,1,101,0,3864,3966,102,1,0.025718608169440244,38.88235294117647,0.025718608169440244,True
sentence,订信慎,1,101,0,3864,3966,102,1,0.025718608169440244,38.88235294117647,0.025718608169440244,True
sentence,百尺,1,101,0,3864,3966,102,1,0.025718608169440244,38.88235294117647,0.025718608169440244,True
sentence,之冲,1,101,0,3864,3966,102,1,0.025718608169440244,38.88235294117647,0.025718608169440244,True
sentence,摧折,1,101,0,3864,3966,102,1,0.025718608169440244,38.88235294117647,0.025718608169440244,True
sentence,于咫书,1,101,0,3864,3966,102,1,0.025718608169440244,38.88235294117647,0.025718608169440244,True
sentence,万雉,1,101,0,3864,3966,102,1,0.025718608169440244,38.88235294117647,0.025718608169440244,True
sentence,之城,1,101,0,3864,3966,102,1,0.025718608169440244,38.88235294117647,0.025718608169440244,True
sentence,颠坠,1,101,0,3864,3966,102,1,0.025718608169440244,38.88235294117647,0.025718608169440244,True
sentence,插羽,1,101,0,3864,3966,102,1,0.025718608169440244,38.88235294117647,0.025718608169440244,True
sentence,辞缓,1,101,0,3864,3966,102,1,0.025718608169440244,38.88235294117647,0.025718608169440244,True
sentence,露板,1,101,0,3864,3966,102,1,0.025718608169440244,38.88235294117647,0.025718608169440244,True
sentence,宣众,1,101,0,3864,3966,102,1,0.025718608169440244,38.88235294117647,0.025718608169440244,True
sentence,使义,1,101,0,3864,3966,102,1,0.025718608169440244,38.88235294117647,0.025718608169440244,True
sentence,必事昭而理,1,101,0,3864,3966,102,1,0.025718608169440244,38.88235294117647,0.025718608169440244,True
sentence,盛而,1,101,0,3864,3966,102,1,0.025718608169440244,38.88235294117647,0.025718608169440244,True
sentence,辞断,1,101,0,3864,3966,102,1,0.025718608169440244,38.88235294117647,0.025718608169440244,True
sentence,此其要,1,101,0,3864,3966,102,1,0.025718608169440244,38.88235294117647,0.025718608169440244,True
sentence,体乏,1,101,0,3864,3966,102,1,0.025718608169440244,38.88235294117647,0.025718608169440244,True
sentence,弘润,1,101,0,3864,3966,102,1,0.025718608169440244,38.88235294117647,0.025718608169440244,True
sentence,之荐,1,101,0,3864,3966,102,1,0.025718608169440244,38.88235294117647,0.025718608169440244,True
sentence,采飞,1,101,0,3864,3966,102,1,0.025718608169440244,38.88235294117647,0.025718608169440244,True
sentence,故位,1,101,0,3864,3966,102,1,0.025718608169440244,38.88235294117647,0.025718608169440244,True
sentence,砥砺,1,101,0,3864,3966,102,1,0.025718608169440244,38.88235294117647,0.025718608169440244,True
sentence,振风,1,101,0,3864,3966,102,1,0.025718608169440244,38.88235294117647,0.025718608169440244,True
sentence,简上,1,101,0,3864,3966,102,1,0.025718608169440244,38.88235294117647,0.025718608169440244,True
sentence,凝霜,1,101,0,3864,3966,102,1,0.025718608169440244,38.88235294117647,0.025718608169440244,True
sentence,理有,1,101,0,3864,3966,102,1,0.025718608169440244,38.88235294117647,0.025718608169440244,True
sentence,典刑,1,101,0,3864,3966,102,1,0.025718608169440244,38.88235294117647,0.025718608169440244,True
sentence,辞有,1,101,0,3864,3966,102,1,0.025718608169440244,38.88235294117647,0.025718608169440244,True
sentence,儒家,1,101,0,3864,3966,102,1,0.025718608169440244,38.88235294117647,0.025718608169440244,True
sentence,不畏,1,101,0,3864,3966,102,1,0.025718608169440244,38.88235294117647,0.025718608169440244,True
sentence,流墨,1,101,0,3864,3966,102,1,0.025718608169440244,38.88235294117647,0.025718608169440244,True
sentence,无纵,1,101,0,3864,3966,102,1,0.025718608169440244,38.88235294117647,0.025718608169440244,True
sentence,诡随,1,101,0,3864,3966,102,1,0.025718608169440244,38.88235294117647,0.025718608169440244,True
sentence,声动,1,101,0,3864,3966,102,1,0.025718608169440244,38.88235294117647,0.025718608169440244,True
sentence,简外,1,101,0,3864,3966,102,1,0.025718608169440244,38.88235294117647,0.025718608169440244,True
sentence,绝席,1,101,0,3864,3966,102,1,0.025718608169440244,38.88235294117647,0.025718608169440244,True
sentence,之雄,1,101,0,3864,3966,102,1,0.025718608169440244,38.88235294117647,0.025718608169440244,True
sentence,直方,1,101,0,3864,3966,102,1,0.025718608169440244,38.88235294117647,0.025718608169440244,True
sentence,鲁丕,1,101,0,3864,3966,102,1,0.025718608169440244,38.88235294117647,0.025718608169440244,True
sentence,中策,1,101,0,3864,3966,102,1,0.025718608169440244,38.88235294117647,0.025718608169440244,True
sentence,独入,1,101,0,3864,3966,102,1,0.025718608169440244,38.88235294117647,0.025718608169440244,True
sentence,汉来,1,101,0,3864,3966,102,1,0.025718608169440244,38.88235294117647,0.025718608169440244,True
sentence,观史,1,101,0,3864,3966,102,1,0.025718608169440244,38.88235294117647,0.025718608169440244,True
sentence,迁之报,1,101,0,3864,3966,102,1,0.025718608169440244,38.88235294117647,0.025718608169440244,True
sentence,任安,1,101,0,3864,3966,102,1,0.025718608169440244,38.88235294117647,0.025718608169440244,True
sentence,杨恽,1,101,0,3864,3966,102,1,0.025718608169440244,38.88235294117647,0.025718608169440244,True
sentence,之酬,1,101,0,3864,3966,102,1,0.025718608169440244,38.88235294117647,0.025718608169440244,True
sentence,会宗,1,101,0,3864,3966,102,1,0.025718608169440244,38.88235294117647,0.025718608169440244,True
sentence,子云之答,1,101,0,3864,3966,102,1,0.025718608169440244,38.88235294117647,0.025718608169440244,True
sentence,含殊,1,101,0,3864,3966,102,1,0.025718608169440244,38.88235294117647,0.025718608169440244,True
sentence,书体,1,101,0,3864,3966,102,1,0.025718608169440244,38.88235294117647,0.025718608169440244,True
sentence,尽言,1,101,0,3864,3966,102,1,0.025718608169440244,38.88235294117647,0.025718608169440244,True
sentence,散郁陶,1,101,0,3864,3966,102,1,0.025718608169440244,38.88235294117647,0.025718608169440244,True
sentence,故宜涤畅,1,101,0,3864,3966,102,1,0.025718608169440244,38.88235294117647,0.025718608169440244,True
sentence,以怿怀,1,101,0,3864,3966,102,1,0.025718608169440244,38.88235294117647,0.025718608169440244,True
sentence,神居,1,101,0,3864,3966,102,1,0.025718608169440244,38.88235294117647,0.025718608169440244,True
sentence,统其,1,101,0,3864,3966,102,1,0.025718608169440244,38.88235294117647,0.025718608169440244,True
sentence,辞前,1,101,0,3864,3966,102,1,0.025718608169440244,38.88235294117647,0.025718608169440244,True
sentence,半折,1,101,0,3864,3966,102,1,0.025718608169440244,38.88235294117647,0.025718608169440244,True
sentence,心始,1,101,0,3864,3966,102,1,0.025718608169440244,38.88235294117647,0.025718608169440244,True
sentence,意翻,1,101,0,3864,3966,102,1,0.025718608169440244,38.88235294117647,0.025718608169440244,True
sentence,空而易奇,1,101,0,3864,3966,102,1,0.025718608169440244,38.88235294117647,0.025718608169440244,True
sentence,征实,1,101,0,3864,3966,102,1,0.025718608169440244,38.88235294117647,0.025718608169440244,True
sentence,难巧,1,101,0,3864,3966,102,1,0.025718608169440244,38.88235294117647,0.025718608169440244,True
sentence,迟速,1,101,0,3864,3966,102,1,0.025718608169440244,38.88235294117647,0.025718608169440244,True
sentence,文之制体,1,101,0,3864,3966,102,1,0.025718608169440244,38.88235294117647,0.025718608169440244,True
sentence,殊功,1,101,0,3864,3966,102,1,0.025718608169440244,38.88235294117647,0.025718608169440244,True
sentence,含笔,1,101,0,3864,3966,102,1,0.025718608169440244,38.88235294117647,0.025718608169440244,True
sentence,腐毫,1,101,0,3864,3966,102,1,0.025718608169440244,38.88235294117647,0.025718608169440244,True
sentence,辍翰,1,101,0,3864,3966,102,1,0.025718608169440244,38.88235294117647,0.025718608169440244,True
sentence,惊梦,1,101,0,3864,3966,102,1,0.025718608169440244,38.88235294117647,0.025718608169440244,True
sentence,谭疾,1,101,0,3864,3966,102,1,0.025718608169440244,38.88235294117647,0.025718608169440244,True
sentence,感于,1,101,0,3864,3966,102,1,0.025718608169440244,38.88235294117647,0.025718608169440244,True
sentence,苦思,1,101,0,3864,3966,102,1,0.025718608169440244,38.88235294117647,0.025718608169440244,True
sentence,竭于,1,101,0,3864,3966,102,1,0.025718608169440244,38.88235294117647,0.025718608169440244,True
sentence,研京以,1,101,0,3864,3966,102,1,0.025718608169440244,38.88235294117647,0.025718608169440244,True
sentence,十年,1,101,0,3864,3966,102,1,0.025718608169440244,38.88235294117647,0.025718608169440244,True
sentence,一纪,1,101,0,3864,3966,102,1,0.025718608169440244,38.88235294117647,0.025718608169440244,True
sentence,巨文,1,101,0,3864,3966,102,1,0.025718608169440244,38.88235294117647,0.025718608169440244,True
sentence,思之缓,1,101,0,3864,3966,102,1,0.025718608169440244,38.88235294117647,0.025718608169440244,True
sentence,有庸俊,1,101,0,3864,3966,102,1,0.025718608169440244,38.88235294117647,0.025718608169440244,True
sentence,学有,1,101,0,3864,3966,102,1,0.025718608169440244,38.88235294117647,0.025718608169440244,True
sentence,习有雅,1,101,0,3864,3966,102,1,0.025718608169440244,38.88235294117647,0.025718608169440244,True
sentence,所铄,1,101,0,3864,3966,102,1,0.025718608169440244,38.88235294117647,0.025718608169440244,True
sentence,陶染,1,101,0,3864,3966,102,1,0.025718608169440244,38.88235294117647,0.025718608169440244,True
sentence,笔区,1,101,0,3864,3966,102,1,0.025718608169440244,38.88235294117647,0.025718608169440244,True
sentence,云谲,1,101,0,3864,3966,102,1,0.025718608169440244,38.88235294117647,0.025718608169440244,True
sentence,波诡者,1,101,0,3864,3966,102,1,0.025718608169440244,38.88235294117647,0.025718608169440244,True
sentence,风趣,1,101,0,3864,3966,102,1,0.025718608169440244,38.88235294117647,0.025718608169440244,True
sentence,改其,1,101,0,3864,3966,102,1,0.025718608169440244,38.88235294117647,0.025718608169440244,True
sentence,功以,1,101,0,3864,3966,102,1,0.025718608169440244,38.88235294117647,0.025718608169440244,True
sentence,学成,1,101,0,3864,3966,102,1,0.025718608169440244,38.88235294117647,0.025718608169440244,True
sentence,以实志,1,101,0,3864,3966,102,1,0.025718608169440244,38.88235294117647,0.025718608169440244,True
sentence,志以,1,101,0,3864,3966,102,1,0.025718608169440244,38.88235294117647,0.025718608169440244,True
sentence,定言,1,101,0,3864,3966,102,1,0.025718608169440244,38.88235294117647,0.025718608169440244,True
sentence,故言壮,1,101,0,3864,3966,102,1,0.025718608169440244,38.88235294117647,0.025718608169440244,True
sentence,情骇,1,101,0,3864,3966,102,1,0.025718608169440244,38.88235294117647,0.025718608169440244,True
sentence,之恒资,1,101,0,3864,3966,102,1,0.025718608169440244,38.88235294117647,0.025718608169440244,True
sentence,总六义,1,101,0,3864,3966,102,1,0.025718608169440244,38.88235294117647,0.025718608169440244,True
sentence,风冠,1,101,0,3864,3966,102,1,0.025718608169440244,38.88235294117647,0.025718608169440244,True
sentence,其首,1,101,0,3864,3966,102,1,0.025718608169440244,38.88235294117647,0.025718608169440244,True
sentence,斯乃化,1,101,0,3864,3966,102,1,0.025718608169440244,38.88235294117647,0.025718608169440244,True
sentence,之待骨,1,101,0,3864,3966,102,1,0.025718608169440244,38.88235294117647,0.025718608169440244,True
sentence,如体,1,101,0,3864,3966,102,1,0.025718608169440244,38.88235294117647,0.025718608169440244,True
sentence,之树骸,1,101,0,3864,3966,102,1,0.025718608169440244,38.88235294117647,0.025718608169440244,True
sentence,情之含,1,101,0,3864,3966,102,1,0.025718608169440244,38.88235294117647,0.025718608169440244,True
sentence,犹形,1,101,0,3864,3966,102,1,0.025718608169440244,38.88235294117647,0.025718608169440244,True
sentence,之包,1,101,0,3864,3966,102,1,0.025718608169440244,38.88235294117647,0.025718608169440244,True
sentence,骏爽,1,101,0,3864,3966,102,1,0.025718608169440244,38.88235294117647,0.025718608169440244,True
sentence,文风,1,101,0,3864,3966,102,1,0.025718608169440244,38.88235294117647,0.025718608169440244,True
sentence,清焉,1,101,0,3864,3966,102,1,0.025718608169440244,38.88235294117647,0.025718608169440244,True
sentence,以缀,1,101,0,3864,3966,102,1,0.025718608169440244,38.88235294117647,0.025718608169440244,True
sentence,裁篇,1,101,0,3864,3966,102,1,0.025718608169440244,38.88235294117647,0.025718608169440244,True
sentence,务盈守,1,101,0,3864,3966,102,1,0.025718608169440244,38.88235294117647,0.025718608169440244,True
sentence,既实,1,101,0,3864,3966,102,1,0.025718608169440244,38.88235294117647,0.025718608169440244,True
sentence,乃新,1,101,0,3864,3966,102,1,0.025718608169440244,38.88235294117647,0.025718608169440244,True
sentence,譬征,1,101,0,3864,3966,102,1,0.025718608169440244,38.88235294117647,0.025718608169440244,True
sentence,使翼,1,101,0,3864,3966,102,1,0.025718608169440244,38.88235294117647,0.025718608169440244,True
sentence,思不环周,1,101,0,3864,3966,102,1,0.025718608169440244,38.88235294117647,0.025718608169440244,True
sentence,索莫乏,1,101,0,3864,3966,102,1,0.025718608169440244,38.88235294117647,0.025718608169440244,True
sentence,无风,1,101,0,3864,3966,102,1,0.025718608169440244,38.88235294117647,0.025718608169440244,True
sentence,赋仙,1,101,0,3864,3966,102,1,0.025718608169440244,38.88235294117647,0.025718608169440244,True
sentence,故其论,1,101,0,3864,3966,102,1,0.025718608169440244,38.88235294117647,0.025718608169440244,True
sentence,云体,1,101,0,3864,3966,102,1,0.025718608169440244,38.88235294117647,0.025718608169440244,True
sentence,云时,1,101,0,3864,3966,102,1,0.025718608169440244,38.88235294117647,0.025718608169440244,True
sentence,信含,1,101,0,3864,3966,102,1,0.025718608169440244,38.88235294117647,0.025718608169440244,True
sentence,笔墨,1,101,0,3864,3966,102,1,0.025718608169440244,38.88235294117647,0.025718608169440244,True
sentence,之性,1,101,0,3864,3966,102,1,0.025718608169440244,38.88235294117647,0.025718608169440244,True
sentence,并重,1,101,0,3864,3966,102,1,0.025718608169440244,38.88235294117647,0.025718608169440244,True
sentence,采而翰,1,101,0,3864,3966,102,1,0.025718608169440244,38.88235294117647,0.025718608169440244,True
sentence,飞戾,1,101,0,3864,3966,102,1,0.025718608169440244,38.88235294117647,0.025718608169440244,True
sentence,骨劲,1,101,0,3864,3966,102,1,0.025718608169440244,38.88235294117647,0.025718608169440244,True
sentence,辞共体,1,101,0,3864,3966,102,1,0.025718608169440244,38.88235294117647,0.025718608169440244,True
sentence,风昧,1,101,0,3864,3966,102,1,0.025718608169440244,38.88235294117647,0.025718608169440244,True
sentence,规略,1,101,0,3864,3966,102,1,0.025718608169440244,38.88235294117647,0.025718608169440244,True
sentence,文统,1,101,0,3864,3966,102,1,0.025718608169440244,38.88235294117647,0.025718608169440244,True
sentence,宏大,1,101,0,3864,3966,102,1,0.025718608169440244,38.88235294117647,0.025718608169440244,True
sentence,博览,1,101,0,3864,3966,102,1,0.025718608169440244,38.88235294117647,0.025718608169440244,True
sentence,精阅,1,101,0,3864,3966,102,1,0.025718608169440244,38.88235294117647,0.025718608169440244,True
sentence,纲纪,1,101,0,3864,3966,102,1,0.025718608169440244,38.88235294117647,0.025718608169440244,True
sentence,摄契,1,101,0,3864,3966,102,1,0.025718608169440244,38.88235294117647,0.025718608169440244,True
sentence,拓衢,1,101,0,3864,3966,102,1,0.025718608169440244,38.88235294117647,0.025718608169440244,True
sentence,长辔,1,101,0,3864,3966,102,1,0.025718608169440244,38.88235294117647,0.025718608169440244,True
sentence,远驭,1,101,0,3864,3966,102,1,0.025718608169440244,38.88235294117647,0.025718608169440244,True
sentence,按节,1,101,0,3864,3966,102,1,0.025718608169440244,38.88235294117647,0.025718608169440244,True
sentence,凭情,1,101,0,3864,3966,102,1,0.025718608169440244,38.88235294117647,0.025718608169440244,True
sentence,采如,1,101,0,3864,3966,102,1,0.025718608169440244,38.88235294117647,0.025718608169440244,True
sentence,之奋,1,101,0,3864,3966,102,1,0.025718608169440244,38.88235294117647,0.025718608169440244,True
sentence,光若长,1,101,0,3864,3966,102,1,0.025718608169440244,38.88235294117647,0.025718608169440244,True
sentence,振翼,1,101,0,3864,3966,102,1,0.025718608169440244,38.88235294117647,0.025718608169440244,True
sentence,颖脱,1,101,0,3864,3966,102,1,0.025718608169440244,38.88235294117647,0.025718608169440244,True
sentence,所谈,1,101,0,3864,3966,102,1,0.025718608169440244,38.88235294117647,0.025718608169440244,True
sentence,声合,1,101,0,3864,3966,102,1,0.025718608169440244,38.88235294117647,0.025718608169440244,True
sentence,乐歌,1,101,0,3864,3966,102,1,0.025718608169440244,38.88235294117647,0.025718608169440244,True
sentence,力穷于,1,101,0,3864,3966,102,1,0.025718608169440244,38.88235294117647,0.025718608169440244,True
sentence,一定,1,101,0,3864,3966,102,1,0.025718608169440244,38.88235294117647,0.025718608169440244,True
sentence,故余声,1,101,0,3864,3966,102,1,0.025718608169440244,38.88235294117647,0.025718608169440244,True
sentence,易遣,1,101,0,3864,3966,102,1,0.025718608169440244,38.88235294117647,0.025718608169440244,True
sentence,改韵,1,101,0,3864,3966,102,1,0.025718608169440244,38.88235294117647,0.025718608169440244,True
sentence,两韵辄易,1,101,0,3864,3966,102,1,0.025718608169440244,38.88235294117647,0.025718608169440244,True
sentence,无奇类,1,101,0,3864,3966,102,1,0.025718608169440244,38.88235294117647,0.025718608169440244,True
sentence,文乏,1,101,0,3864,3966,102,1,0.025718608169440244,38.88235294117647,0.025718608169440244,True
sentence,异采,1,101,0,3864,3966,102,1,0.025718608169440244,38.88235294117647,0.025718608169440244,True
sentence,昏睡,1,101,0,3864,3966,102,1,0.025718608169440244,38.88235294117647,0.025718608169440244,True
sentence,宫殿,1,101,0,3864,3966,102,1,0.025718608169440244,38.88235294117647,0.025718608169440244,True
sentence,揭业,1,101,0,3864,3966,102,1,0.025718608169440244,38.88235294117647,0.025718608169440244,True
sentence,熠燿,1,101,0,3864,3966,102,1,0.025718608169440244,38.88235294117647,0.025718608169440244,True
sentence,而欲然,1,101,0,3864,3966,102,1,0.025718608169440244,38.88235294117647,0.025718608169440244,True
sentence,岌岌,1,101,0,3864,3966,102,1,0.025718608169440244,38.88235294117647,0.025718608169440244,True
sentence,其将动,1,101,0,3864,3966,102,1,0.025718608169440244,38.88235294117647,0.025718608169440244,True
sentence,挟声,1,101,0,3864,3966,102,1,0.025718608169440244,38.88235294117647,0.025718608169440244,True
sentence,轩翥而,1,101,0,3864,3966,102,1,0.025718608169440244,38.88235294117647,0.025718608169440244,True
sentence,辞入炜烨,1,101,0,3864,3966,102,1,0.025718608169440244,38.88235294117647,0.025718608169440244,True
sentence,春藻,1,101,0,3864,3966,102,1,0.025718608169440244,38.88235294117647,0.025718608169440244,True
sentence,程其艳,1,101,0,3864,3966,102,1,0.025718608169440244,38.88235294117647,0.025718608169440244,True
sentence,言必,1,101,0,3864,3966,102,1,0.025718608169440244,38.88235294117647,0.025718608169440244,True
sentence,鹏运,1,101,0,3864,3966,102,1,0.025718608169440244,38.88235294117647,0.025718608169440244,True
sentence,靡鸿渐,1,101,0,3864,3966,102,1,0.025718608169440244,38.88235294117647,0.025718608169440244,True
sentence,寒而事伤,1,101,0,3864,3966,102,1,0.025718608169440244,38.88235294117647,0.025718608169440244,True
sentence,怨曲,1,101,0,3864,3966,102,1,0.025718608169440244,38.88235294117647,0.025718608169440244,True
sentence,制养,1,101,0,3864,3966,102,1,0.025718608169440244,38.88235294117647,0.025718608169440244,True
sentence,验己,1,101,0,3864,3966,102,1,0.025718608169440244,38.88235294117647,0.025718608169440244,True
sentence,虚造,1,101,0,3864,3966,102,1,0.025718608169440244,38.88235294117647,0.025718608169440244,True
sentence,钻砺,1,101,0,3864,3966,102,1,0.025718608169440244,38.88235294117647,0.025718608169440244,True
sentence,过分,1,101,0,3864,3966,102,1,0.025718608169440244,38.88235294117647,0.025718608169440244,True
sentence,神疲而,1,101,0,3864,3966,102,1,0.025718608169440244,38.88235294117647,0.025718608169440244,True
sentence,凡童,1,101,0,3864,3966,102,1,0.025718608169440244,38.88235294117647,0.025718608169440244,True
sentence,少鉴,1,101,0,3864,3966,102,1,0.025718608169440244,38.88235294117647,0.025718608169440244,True
sentence,而志盛,1,101,0,3864,3966,102,1,0.025718608169440244,38.88235294117647,0.025718608169440244,True
sentence,长艾识,1,101,0,3864,3966,102,1,0.025718608169440244,38.88235294117647,0.025718608169440244,True
sentence,盛者,1,101,0,3864,3966,102,1,0.025718608169440244,38.88235294117647,0.025718608169440244,True
sentence,以胜劳,1,101,0,3864,3966,102,1,0.025718608169440244,38.88235294117647,0.025718608169440244,True
sentence,衰者虑,1,101,0,3864,3966,102,1,0.025718608169440244,38.88235294117647,0.025718608169440244,True
sentence,伤神,1,101,0,3864,3966,102,1,0.025718608169440244,38.88235294117647,0.025718608169440244,True
sentence,斯实,1,101,0,3864,3966,102,1,0.025718608169440244,38.88235294117647,0.025718608169440244,True
sentence,中人,1,101,0,3864,3966,102,1,0.025718608169440244,38.88235294117647,0.025718608169440244,True
sentence,之常资,1,101,0,3864,3966,102,1,0.025718608169440244,38.88235294117647,0.025718608169440244,True
sentence,之大较,1,101,0,3864,3966,102,1,0.025718608169440244,38.88235294117647,0.025718608169440244,True
sentence,器分,1,101,0,3864,3966,102,1,0.025718608169440244,38.88235294117647,0.025718608169440244,True
sentence,有限,1,101,0,3864,3966,102,1,0.025718608169440244,38.88235294117647,0.025718608169440244,True
sentence,智用,1,101,0,3864,3966,102,1,0.025718608169440244,38.88235294117647,0.025718608169440244,True
sentence,惭凫企鹤,1,101,0,3864,3966,102,1,0.025718608169440244,38.88235294117647,0.025718608169440244,True
sentence,沥辞,1,101,0,3864,3966,102,1,0.025718608169440244,38.88235294117647,0.025718608169440244,True
sentence,镌思,1,101,0,3864,3966,102,1,0.025718608169440244,38.88235294117647,0.025718608169440244,True
sentence,内销,1,101,0,3864,3966,102,1,0.025718608169440244,38.88235294117647,0.025718608169440244,True
sentence,尾闾,1,101,0,3864,3966,102,1,0.025718608169440244,38.88235294117647,0.025718608169440244,True
sentence,之波,1,101,0,3864,3966,102,1,0.025718608169440244,38.88235294117647,0.025718608169440244,True
sentence,神志,1,101,0,3864,3966,102,1,0.025718608169440244,38.88235294117647,0.025718608169440244,True
sentence,外伤,1,101,0,3864,3966,102,1,0.025718608169440244,38.88235294117647,0.025718608169440244,True
sentence,牛山,1,101,0,3864,3966,102,1,0.025718608169440244,38.88235294117647,0.025718608169440244,True
sentence,销铄,1,101,0,3864,3966,102,1,0.025718608169440244,38.88235294117647,0.025718608169440244,True
sentence,精胆,1,101,0,3864,3966,102,1,0.025718608169440244,38.88235294117647,0.025718608169440244,True
sentence,蹙迫,1,101,0,3864,3966,102,1,0.025718608169440244,38.88235294117647,0.025718608169440244,True
sentence,秉牍,1,101,0,3864,3966,102,1,0.025718608169440244,38.88235294117647,0.025718608169440244,True
sentence,驱龄,1,101,0,3864,3966,102,1,0.025718608169440244,38.88235294117647,0.025718608169440244,True
sentence,洒翰,1,101,0,3864,3966,102,1,0.025718608169440244,38.88235294117647,0.025718608169440244,True
sentence,以伐性,1,101,0,3864,3966,102,1,0.025718608169440244,38.88235294117647,0.025718608169440244,True
sentence,素心,1,101,0,3864,3966,102,1,0.025718608169440244,38.88235294117647,0.025718608169440244,True
sentence,直理,1,101,0,3864,3966,102,1,0.025718608169440244,38.88235294117647,0.025718608169440244,True
sentence,节宣,1,101,0,3864,3966,102,1,0.025718608169440244,38.88235294117647,0.025718608169440244,True
sentence,条畅,1,101,0,3864,3966,102,1,0.025718608169440244,38.88235294117647,0.025718608169440244,True
sentence,烦而,1,101,0,3864,3966,102,1,0.025718608169440244,38.88235294117647,0.025718608169440244,True
sentence,即舍,1,101,0,3864,3966,102,1,0.025718608169440244,38.88235294117647,0.025718608169440244,True
sentence,意得,1,101,0,3864,3966,102,1,0.025718608169440244,38.88235294117647,0.025718608169440244,True
sentence,舒怀,1,101,0,3864,3966,102,1,0.025718608169440244,38.88235294117647,0.025718608169440244,True
sentence,命笔,1,101,0,3864,3966,102,1,0.025718608169440244,38.88235294117647,0.025718608169440244,True
sentence,理伏,1,101,0,3864,3966,102,1,0.025718608169440244,38.88235294117647,0.025718608169440244,True
sentence,投笔,1,101,0,3864,3966,102,1,0.025718608169440244,38.88235294117647,0.025718608169440244,True
sentence,以卷,1,101,0,3864,3966,102,1,0.025718608169440244,38.88235294117647,0.025718608169440244,True
sentence,逍遥,1,101,0,3864,3966,102,1,0.025718608169440244,38.88235294117647,0.025718608169440244,True
sentence,针劳,1,101,0,3864,3966,102,1,0.025718608169440244,38.88235294117647,0.025718608169440244,True
sentence,以药,1,101,0,3864,3966,102,1,0.025718608169440244,38.88235294117647,0.025718608169440244,True
sentence,常弄,1,101,0,3864,3966,102,1,0.025718608169440244,38.88235294117647,0.025718608169440244,True
sentence,文勇,1,101,0,3864,3966,102,1,0.025718608169440244,38.88235294117647,0.025718608169440244,True
sentence,使刃,1,101,0,3864,3966,102,1,0.025718608169440244,38.88235294117647,0.025718608169440244,True
sentence,发如新,1,101,0,3864,3966,102,1,0.025718608169440244,38.88235294117647,0.025718608169440244,True
sentence,胎息,1,101,0,3864,3966,102,1,0.025718608169440244,38.88235294117647,0.025718608169440244,True
sentence,迈术,1,101,0,3864,3966,102,1,0.025718608169440244,38.88235294117647,0.025718608169440244,True
sentence,斯亦卫,1,101,0,3864,3966,102,1,0.025718608169440244,38.88235294117647,0.025718608169440244,True
sentence,一方,1,101,0,3864,3966,102,1,0.025718608169440244,38.88235294117647,0.025718608169440244,True
sentence,元神,1,101,0,3864,3966,102,1,0.025718608169440244,38.88235294117647,0.025718608169440244,True
sentence,宜宝,1,101,0,3864,3966,102,1,0.025718608169440244,38.88235294117647,0.025718608169440244,True
sentence,资养,1,101,0,3864,3966,102,1,0.025718608169440244,38.88235294117647,0.025718608169440244,True
sentence,夫才量,1,101,0,3864,3966,102,1,0.025718608169440244,38.88235294117647,0.025718608169440244,True
sentence,献可替否,1,101,0,3864,3966,102,1,0.025718608169440244,38.88235294117647,0.025718608169440244,True
sentence,以裁厥,1,101,0,3864,3966,102,1,0.025718608169440244,38.88235294117647,0.025718608169440244,True
sentence,数逢,1,101,0,3864,3966,102,1,0.025718608169440244,38.88235294117647,0.025718608169440244,True
sentence,机入,1,101,0,3864,3966,102,1,0.025718608169440244,38.88235294117647,0.025718608169440244,True
sentence,其巧,1,101,0,3864,3966,102,1,0.025718608169440244,38.88235294117647,0.025718608169440244,True
sentence,义味,1,101,0,3864,3966,102,1,0.025718608169440244,38.88235294117647,0.025718608169440244,True
sentence,而生,1,101,0,3864,3966,102,1,0.025718608169440244,38.88235294117647,0.025718608169440244,True
sentence,丛杂,1,101,0,3864,3966,102,1,0.025718608169440244,38.88235294117647,0.025718608169440244,True
sentence,视之则,1,101,0,3864,3966,102,1,0.025718608169440244,38.88235294117647,0.025718608169440244,True
sentence,锦绘,1,101,0,3864,3966,102,1,0.025718608169440244,38.88235294117647,0.025718608169440244,True
sentence,丝簧,1,101,0,3864,3966,102,1,0.025718608169440244,38.88235294117647,0.025718608169440244,True
sentence,味之则,1,101,0,3864,3966,102,1,0.025718608169440244,38.88235294117647,0.025718608169440244,True
sentence,甘腴,1,101,0,3864,3966,102,1,0.025718608169440244,38.88235294117647,0.025718608169440244,True
sentence,佩之则,1,101,0,3864,3966,102,1,0.025718608169440244,38.88235294117647,0.025718608169440244,True
sentence,于斯盛,1,101,0,3864,3966,102,1,0.025718608169440244,38.88235294117647,0.025718608169440244,True
sentence,宦于,1,101,0,3864,3966,102,1,0.025718608169440244,38.88235294117647,0.025718608169440244,True
sentence,徇质,1,101,0,3864,3966,102,1,0.025718608169440244,38.88235294117647,0.025718608169440244,True
sentence,综其,1,101,0,3864,3966,102,1,0.025718608169440244,38.88235294117647,0.025718608169440244,True
sentence,元瑜展,1,101,0,3864,3966,102,1,0.025718608169440244,38.88235294117647,0.025718608169440244,True
sentence,文蔚,1,101,0,3864,3966,102,1,0.025718608169440244,38.88235294117647,0.025718608169440244,True
sentence,休伯,1,101,0,3864,3966,102,1,0.025718608169440244,38.88235294117647,0.025718608169440244,True
sentence,德祖,1,101,0,3864,3966,102,1,0.025718608169440244,38.88235294117647,0.025718608169440244,True
sentence,之侣,1,101,0,3864,3966,102,1,0.025718608169440244,38.88235294117647,0.025718608169440244,True
sentence,俊雅,1,101,0,3864,3966,102,1,0.025718608169440244,38.88235294117647,0.025718608169440244,True
sentence,雍容,1,101,0,3864,3966,102,1,0.025718608169440244,38.88235294117647,0.025718608169440244,True
sentence,洒笔,1,101,0,3864,3966,102,1,0.025718608169440244,38.88235294117647,0.025718608169440244,True
sentence,酣歌,1,101,0,3864,3966,102,1,0.025718608169440244,38.88235294117647,0.025718608169440244,True
sentence,墨以,1,101,0,3864,3966,102,1,0.025718608169440244,38.88235294117647,0.025718608169440244,True
sentence,其时,1,101,0,3864,3966,102,1,0.025718608169440244,38.88235294117647,0.025718608169440244,True
sentence,良由世积,1,101,0,3864,3966,102,1,0.025718608169440244,38.88235294117647,0.025718608169440244,True
sentence,乱离,1,101,0,3864,3966,102,1,0.025718608169440244,38.88235294117647,0.025718608169440244,True
sentence,风衰俗,1,101,0,3864,3966,102,1,0.025718608169440244,38.88235294117647,0.025718608169440244,True
sentence,并志深,1,101,0,3864,3966,102,1,0.025718608169440244,38.88235294117647,0.025718608169440244,True
sentence,笔长,1,101,0,3864,3966,102,1,0.025718608169440244,38.88235294117647,0.025718608169440244,True
sentence,至明,1,101,0,3864,3966,102,1,0.025718608169440244,38.88235294117647,0.025718608169440244,True
sentence,帝纂,1,101,0,3864,3966,102,1,0.025718608169440244,38.88235294117647,0.025718608169440244,True
sentence,制诗,1,101,0,3864,3966,102,1,0.025718608169440244,38.88235294117647,0.025718608169440244,True
sentence,度曲,1,101,0,3864,3966,102,1,0.025718608169440244,38.88235294117647,0.025718608169440244,True
sentence,之观,1,101,0,3864,3966,102,1,0.025718608169440244,38.88235294117647,0.025718608169440244,True
sentence,何刘群,1,101,0,3864,3966,102,1,0.025718608169440244,38.88235294117647,0.025718608169440244,True
sentence,照耀,1,101,0,3864,3966,102,1,0.025718608169440244,38.88235294117647,0.025718608169440244,True
sentence,自中,1,101,0,3864,3966,102,1,0.025718608169440244,38.88235294117647,0.025718608169440244,True
sentence,朝贵,1,101,0,3864,3966,102,1,0.025718608169440244,38.88235294117647,0.025718608169440244,True
sentence,称盛,1,101,0,3864,3966,102,1,0.025718608169440244,38.88235294117647,0.025718608169440244,True
sentence,因谈余,1,101,0,3864,3966,102,1,0.025718608169440244,38.88235294117647,0.025718608169440244,True
sentence,流成,1,101,0,3864,3966,102,1,0.025718608169440244,38.88235294117647,0.025718608169440244,True
sentence,盖阳,1,101,0,3864,3966,102,1,0.025718608169440244,38.88235294117647,0.025718608169440244,True
sentence,萌而,1,101,0,3864,3966,102,1,0.025718608169440244,38.88235294117647,0.025718608169440244,True
sentence,玄驹步,1,101,0,3864,3966,102,1,0.025718608169440244,38.88235294117647,0.025718608169440244,True
sentence,阴律,1,101,0,3864,3966,102,1,0.025718608169440244,38.88235294117647,0.025718608169440244,True
sentence,凝而丹,1,101,0,3864,3966,102,1,0.025718608169440244,38.88235294117647,0.025718608169440244,True
sentence,微虫,1,101,0,3864,3966,102,1,0.025718608169440244,38.88235294117647,0.025718608169440244,True
sentence,入感,1,101,0,3864,3966,102,1,0.025718608169440244,38.88235294117647,0.025718608169440244,True
sentence,其惠心,1,101,0,3864,3966,102,1,0.025718608169440244,38.88235294117647,0.025718608169440244,True
sentence,秀其清,1,101,0,3864,3966,102,1,0.025718608169440244,38.88235294117647,0.025718608169440244,True
sentence,相召,1,101,0,3864,3966,102,1,0.025718608169440244,38.88235294117647,0.025718608169440244,True
sentence,获安,1,101,0,3864,3966,102,1,0.025718608169440244,38.88235294117647,0.025718608169440244,True
sentence,天高,1,101,0,3864,3966,102,1,0.025718608169440244,38.88235294117647,0.025718608169440244,True
sentence,阴沈之,1,101,0,3864,3966,102,1,0.025718608169440244,38.88235294117647,0.025718608169440244,True
sentence,志远,1,101,0,3864,3966,102,1,0.025718608169440244,38.88235294117647,0.025718608169440244,True
sentence,随物,1,101,0,3864,3966,102,1,0.025718608169440244,38.88235294117647,0.025718608169440244,True
sentence,膏润于,1,101,0,3864,3966,102,1,0.025718608169440244,38.88235294117647,0.025718608169440244,True
sentence,有篇美,1,101,0,3864,3966,102,1,0.025718608169440244,38.88235294117647,0.025718608169440244,True
sentence,以遣论,1,101,0,3864,3966,102,1,0.025718608169440244,38.88235294117647,0.025718608169440244,True
sentence,以命,1,101,0,3864,3966,102,1,0.025718608169440244,38.88235294117647,0.025718608169440244,True
sentence,殊声,1,101,0,3864,3966,102,1,0.025718608169440244,38.88235294117647,0.025718608169440244,True
sentence,合响,1,101,0,3864,3966,102,1,0.025718608169440244,38.88235294117647,0.025718608169440244,True
sentence,异翮,1,101,0,3864,3966,102,1,0.025718608169440244,38.88235294117647,0.025718608169440244,True
sentence,同飞,1,101,0,3864,3966,102,1,0.025718608169440244,38.88235294117647,0.025718608169440244,True
sentence,夫有,1,101,0,3864,3966,102,1,0.025718608169440244,38.88235294117647,0.025718608169440244,True
sentence,肖貌,1,101,0,3864,3966,102,1,0.025718608169440244,38.88235294117647,0.025718608169440244,True
sentence,禀性,1,101,0,3864,3966,102,1,0.025718608169440244,38.88235294117647,0.025718608169440244,True
sentence,五才,1,101,0,3864,3966,102,1,0.025718608169440244,38.88235294117647,0.025718608169440244,True
sentence,方声,1,101,0,3864,3966,102,1,0.025718608169440244,38.88235294117647,0.025718608169440244,True
sentence,风雷,1,101,0,3864,3966,102,1,0.025718608169440244,38.88235294117647,0.025718608169440244,True
sentence,超出,1,101,0,3864,3966,102,1,0.025718608169440244,38.88235294117647,0.025718608169440244,True
sentence,已灵,1,101,0,3864,3966,102,1,0.025718608169440244,38.88235294117647,0.025718608169440244,True
sentence,感人,1,101,0,3864,3966,102,1,0.025718608169440244,38.88235294117647,0.025718608169440244,True
sentence,摇荡,1,101,0,3864,3966,102,1,0.025718608169440244,38.88235294117647,0.025718608169440244,True
sentence,行诸舞,1,101,0,3864,3966,102,1,0.025718608169440244,38.88235294117647,0.025718608169440244,True
sentence,刘越,1,101,0,3864,3966,102,1,0.025718608169440244,38.88235294117647,0.025718608169440244,True
sentence,石仗,1,101,0,3864,3966,102,1,0.025718608169440244,38.88235294117647,0.025718608169440244,True
sentence,清刚,1,101,0,3864,3966,102,1,0.025718608169440244,38.88235294117647,0.025718608169440244,True
sentence,赞成,1,101,0,3864,3966,102,1,0.025718608169440244,38.88235294117647,0.025718608169440244,True
sentence,负戈外,1,101,0,3864,3966,102,1,0.025718608169440244,38.88235294117647,0.025718608169440244,True
sentence,雄边,1,101,0,3864,3966,102,1,0.025718608169440244,38.88235294117647,0.025718608169440244,True
sentence,奇高,1,101,0,3864,3966,102,1,0.025718608169440244,38.88235294117647,0.025718608169440244,True
sentence,采华茂,1,101,0,3864,3966,102,1,0.025718608169440244,38.88235294117647,0.025718608169440244,True
sentence,情兼雅怨,1,101,0,3864,3966,102,1,0.025718608169440244,38.88235294117647,0.025718608169440244,True
sentence,粲溢,1,101,0,3864,3966,102,1,0.025718608169440244,38.88235294117647,0.025718608169440244,True
sentence,卓尔不群,1,101,0,3864,3966,102,1,0.025718608169440244,38.88235294117647,0.025718608169440244,True
sentence,动多振绝,1,101,0,3864,3966,102,1,0.025718608169440244,38.88235294117647,0.025718608169440244,True
sentence,雕润,1,101,0,3864,3966,102,1,0.025718608169440244,38.88235294117647,0.025718608169440244,True
sentence,少于,1,101,0,3864,3966,102,1,0.025718608169440244,38.88235294117647,0.025718608169440244,True
sentence,劣于,1,101,0,3864,3966,102,1,0.025718608169440244,38.88235294117647,0.025718608169440244,True
sentence,虽名,1,101,0,3864,3966,102,1,0.025718608169440244,38.88235294117647,0.025718608169440244,True
sentence,疏亮,1,101,0,3864,3966,102,1,0.025718608169440244,38.88235294117647,0.025718608169440244,True
sentence,犹恨,1,101,0,3864,3966,102,1,0.025718608169440244,38.88235294117647,0.025718608169440244,True
sentence,儿女情,1,101,0,3864,3966,102,1,0.025718608169440244,38.88235294117647,0.025718608169440244,True
sentence,凄戾,1,101,0,3864,3966,102,1,0.025718608169440244,38.88235294117647,0.025718608169440244,True
sentence,调警拔,1,101,0,3864,3966,102,1,0.025718608169440244,38.88235294117647,0.025718608169440244,True
sentence,许其进,1,101,0,3864,3966,102,1,0.025718608169440244,38.88235294117647,0.025718608169440244,True
sentence,逮止,1,101,0,3864,3966,102,1,0.025718608169440244,38.88235294117647,0.025718608169440244,True
sentence,逸诗,1,101,0,3864,3966,102,1,0.025718608169440244,38.88235294117647,0.025718608169440244,True
sentence,尝语,1,101,0,3864,3966,102,1,0.025718608169440244,38.88235294117647,0.025718608169440244,True
